pair_position	i	j	locus_A	locus_B	channel	MIraw	NMI	order_distance	bp_distance	phylo_dist	n_same_contig_observations	enriched_driver_A_state	enriched_driver_B_state	HC_supported	HC_driver_counts_total	HC69_dominant_cluster	HC69_max_driver_count	HC69_fmax	Neff	order_Q99_9	high_score_Q99_9	order_filter_ge_100	HC69_recurrence_ge_2	final_355	display_channel	orientation	edge_id	order_bin	local_background_N	conditional_Q95	conditional_Q99	conditional_Q99_9	empirical_percentile	high_information_pass	HC_driver_distribution	HC_testable
2407675	767	830	group_3978	group_4615	PP	0.2689783934396009	0.5361748618799702	247.5	250613.16666666666	0.019741146	6	0	0	3	88	2	86	0.97727275	1.0467694	0.2609630808680016	True	True	True	True	PP	P_A__P_B	PP:group_3978--group_4615	165	4959.0	0.11367578113139926	0.21135906298852594	0.26096308086800163	0.9995966928816293	True	2:86;14:1;37:1	NA
2429712	775	863	group_4326	celA_1	PP	0.30626012402882163	0.5807031836296231	230.0	229372.5	0.019840457	10	0	0	3	98	2	95	0.96938777	1.0635659	0.289851304603196	True	True	True	True	PP	P_A__P_B	PP:group_4326--celA_1	163	5249.0	0.08492304095172	0.17143864771060247	0.289851304603196	0.9996189750428653	True	2:95;33:2;37:1	NA
2585415	832	1640	ponA	group_4892	PP	0.31825687502460026	0.5909527517345088	180.83333333333334	171858.5	4.3771844	6	0	1	3	106	2	96	0.9056604	1.2115592	0.3170845279151985	True	True	True	True	PP	P_A__P_B	PP:ponA--group_4892	155	6489.0	0.07478644229557524	0.17953682317087796	0.31708452791519853	0.9990753582986592	True	2:96;32:7;50:3	NA
2585426	832	1651	ponA	group_5412	PP	0.32203432719852865	0.599240361365911	179.83333333333334	170585.0	4.9692845	6	0	1	3	106	2	96	0.9056604	1.2115592	0.3100052955028014	True	True	True	True	PP	P_A__P_B	PP:ponA--group_5412	154	6972.0	0.09211054727327994	0.2198618223933002	0.3100052955028014	0.9997131382673551	True	2:96;32:7;50:3	NA
2585431	832	1656	ponA	group_3419	PP	0.32592143391520906	0.6077791664001652	167.0	159505.83333333334	5.6960597	6	0	1	3	106	2	96	0.9056604	1.2115592	0.2864702557437782	True	True	True	True	PP	P_A__P_B	PP:ponA--group_3419	152	6975.0	0.08074861224185069	0.1666841194180666	0.28647025574377827	0.9995698924731182	True	2:96;32:7;50:3	NA
2585435	832	1660	ponA	group_5411	PP	0.32592143391520906	0.6077791664001652	178.83333333333334	169671.16666666666	5.6963	6	0	1	3	106	2	96	0.9056604	1.2115592	0.3100052955028014	True	True	True	True	PP	P_A__P_B	PP:ponA--group_5411	154	6972.0	0.09211054727327994	0.2198618223933002	0.3100052955028014	1.0	True	2:96;32:7;50:3	NA
2585438	832	1663	ponA	group_5991	PP	0.32592143391520906	0.6077791664001652	174.83333333333334	166950.16666666666	5.6960597	6	0	1	3	106	2	96	0.9056604	1.2115592	0.306539247592334	True	True	True	True	PP	P_A__P_B	PP:ponA--group_5991	153	7024.0	0.08947656875874647	0.18774163590115295	0.30653924759233403	0.9997152619589977	True	2:96;32:7;50:3	NA
2755340	896	1485	group_2568	group_4891	PP	0.26752371064628805	0.4463386479611354	140.36363636363637	129195.18181818182	2.4297576	11	0	1	5	124	2	95	0.766129	1.6533333	0.2595898669752842	True	True	True	True	PP	P_A__P_B	PP:group_2568--group_4891	146	6731.0	0.0732830878400802	0.14664409309432716	0.2595898669752842	0.9991086019907889	True	2:95;11:9;20:12;32:7;36:1	NA
2783589	907	914	yjaB	group_2556	PP	0.47432760014121067	0.7590602674706194	137.6	138559.8	0.017882204	5	0	0	3	160	2	93	0.58125	1.9878863	0.2448827076162332	True	True	True	True	PP	P_A__P_B	PP:yjaB--group_2556	145	6974.0	0.07406310532732605	0.149634419516591	0.24488270761623324	1.0	True	2:93;3:65;42:2	NA
2783935	907	1260	yjaB	group_2180	PP	0.3121439259587342	0.4851194316711496	145.375	148742.375	0.6687815	8	0	1	4	155	2	96	0.61935484	1.9442421	0.3036648005762775	True	True	True	True	PP	P_A__P_B	PP:yjaB--group_2180	147	6865.0	0.0779575224623964	0.16324289686893095	0.30366480057627754	0.9995630007283322	True	2:96;3:56;42:2;50:1	NA
2801869	914	917	group_2556	mutX_1	PP	0.4437025646455418	0.70527826315717	137.8	138691.4	0.018202696	5	0	0	3	160	2	93	0.58125	1.9878863	0.2448827076162332	True	True	True	True	PP	P_A__P_B	PP:group_2556--mutX_1	145	6974.0	0.07406310532732605	0.149634419516591	0.24488270761623324	0.9998566102667049	True	2:93;3:65;42:2	NA
2830863	925	1289	group_1257	group_3703	PP	0.27457318343877674	0.42418843218159136	164.61111111111111	137456.05555555556	0.7164915	18	0	1	4	153	2	95	0.62091506	1.9246074	0.2676486562424987	True	True	True	True	PP	P_A__P_B	PP:group_1257--group_3703	151	7093.0	0.08016485582239659	0.16620799112503734	0.26764865624249873	0.9992950796559988	True	2:95;9:56;56:1;67:1	NA
3339600	1129	1148	group_1922	group_2348	PP	0.26957858237662036	0.3899660883411208	135.14285714285714	136738.7142857143	0.02383157	7	1	1	25	211	9	58	0.2748815	6.2608633	0.2448827076162332	True	True	True	True	PP	P_A__P_B	PP:group_1922--group_2348	145	6974.0	0.07406310532732605	0.149634419516591	0.24488270761623324	0.9992830513335246	True	6:10;8:44;9:58;13:37;21:10;24:8;25:1;26:7;31:7;33:2;34:4;37:1;39:4;40:5;41:1;46:2;47:1;49:1;51:1;53:2;57:1;59:1;60:1;63:1;66:1	NA
3358702	1137	1142	yxlF	group_5417	PP	0.2928027577364576	0.4234561633746656	152.0	150310.7857142857	0.023824135	14	1	1	13	215	2	94	0.4372093	3.4157245	0.2790734676864135	True	True	True	True	PP	P_A__P_B	PP:yxlF--group_5417	149	7173.0	0.08341222594638732	0.16186191601190375	0.27907346768641356	0.999721176634602	True	2:94;3:63;12:7;14:20;15:10;18:1;20:13;25:1;33:2;37:1;56:1;63:1;64:1	NA
3358705	1137	1145	yxlF	group_1482	PP	0.2791310095456147	0.4038233135364636	152.85714285714286	151256.35714285713	0.02435081	14	1	1	12	212	2	94	0.44339624	3.331653	0.2790734676864135	True	True	True	True	PP	P_A__P_B	PP:yxlF--group_1482	149	7173.0	0.08341222594638732	0.16186191601190375	0.27907346768641356	0.9990241182211069	True	2:94;3:63;12:7;14:19;15:10;18:1;20:13;25:1;33:1;37:1;56:1;63:1	NA
3631129	1254	1427	group_5619	group_4876	PP	0.2782954321045634	0.4368866450799146	159.8	147614.8	0.024170421	5	1	1	3	146	2	89	0.60958904	1.9276541	0.267453801147041	True	True	True	True	PP	P_A__P_B	PP:group_5619--group_4876	150	7224.0	0.0835690225853602	0.1891902803848992	0.267453801147041	0.9993078626799557	True	1:1;2:89;9:56	NA
3631130	1254	1428	group_5619	group_5414	PP	0.2782954321045634	0.4368866450799146	204.2	182281.06666666668	0.024200741	60	1	1	3	146	2	89	0.60958904	1.9276541	0.278252336362305	True	True	True	True	PP	P_A__P_B	PP:group_5619--group_5414	159	6011.0	0.07923949105051266	0.1890138768129557	0.27825233636230506	0.999001829978373	True	2:89;9:56;26:1	NA
3664891	1269	1289	group_5893	group_3703	PP	0.3422582617132112	0.5171977026795364	169.71428571428572	159336.7142857143	0.02114977	7	1	1	8	174	2	95	0.545977	2.4193704	0.2864702557437782	True	True	True	True	PP	P_A__P_B	PP:group_5893--group_3703	152	6975.0	0.08074861224185069	0.1666841194180666	0.28647025574377827	0.9998566308243727	True	1:1;2:95;9:58;11:8;16:3;22:1;32:7;36:1	NA
3709787	1289	1335	group_3703	group_1258	PP	0.3981742850774026	0.6115498749178944	159.92	136419.0	0.019623734	25	1	1	7	171	2	96	0.5614035	2.3420906	0.267453801147041	True	True	True	True	PP	P_A__P_B	PP:group_3703--group_1258	150	7224.0	0.0835690225853602	0.1891902803848992	0.267453801147041	1.0	True	2:96;9:56;11:9;32:7;36:1;56:1;67:1	NA
3709876	1289	1424	group_3703	group_4078	PP	0.3387584584264278	0.5335116709191781	166.81720430107526	138216.01075268816	0.021376386	93	1	1	3	152	2	95	0.625	1.8996875	0.2864702557437782	True	True	True	True	PP	P_A__P_B	PP:group_3703--group_4078	152	6975.0	0.08074861224185069	0.1666841194180666	0.28647025574377827	0.9997132616487455	True	2:95;9:56;67:1	NA
3709877	1289	1425	group_3703	group_5992	PP	0.3387584584264278	0.5335116709191781	163.5531914893617	135737.89361702127	0.021356525	94	1	1	3	152	2	95	0.625	1.8996875	0.2676486562424987	True	True	True	True	PP	P_A__P_B	PP:group_3703--group_5992	151	7093.0	0.08016485582239659	0.16620799112503734	0.26764865624249873	0.9998590159311997	True	2:95;9:56;67:1	NA
3709879	1289	1427	group_3703	group_4876	PP	0.3538578185163249	0.557994025639642	143.54545454545453	127453.18181818182	0.020888122	11	1	1	4	153	2	95	0.62091506	1.9246074	0.3036648005762775	True	True	True	True	PP	P_A__P_B	PP:group_3703--group_4876	147	6865.0	0.0779575224623964	0.16324289686893095	0.30366480057627754	1.0	True	1:1;2:95;9:56;67:1	NA
3709880	1289	1428	group_3703	group_5414	PP	0.3442394058801414	0.5428268694930564	165.83870967741936	136973.38709677418	0.021194085	93	1	1	3	152	2	95	0.625	1.8996875	0.2864702557437782	True	True	True	True	PP	P_A__P_B	PP:group_3703--group_5414	152	6975.0	0.08074861224185069	0.1666841194180666	0.28647025574377827	1.0	True	2:95;9:56;67:1	NA
3709881	1289	1429	group_3703	group_5993	PP	0.3538578185163249	0.557994025639642	164.53191489361703	136304.98936170212	0.020901576	94	1	1	4	153	2	95	0.62091506	1.9246074	0.2676486562424987	True	True	True	True	PP	P_A__P_B	PP:group_3703--group_5993	151	7093.0	0.08016485582239659	0.16620799112503734	0.26764865624249873	1.0	True	2:95;4:1;9:56;67:1	NA
3868384	1361	1784	group_1888	group_3921	PP	0.174108199911863	0.3104716089399468	575.375	588944.375	0.035226487	8	1	1	4	92	8	40	0.4347826	2.6938255	0.1495364557199526	True	True	True	True	PP	P_A__P_B	PP:group_1888--group_3921	194	339.0	0.04254342763282427	0.0911479723091607	0.1495364557199526	1.0	True	8:40;11:7;13:38;24:7	NA
3943054	1396	1449	malI	group_1366	PP	0.28356324058502247	0.4624604017396968	215.23529411764707	206172.9411764706	0.021204038	17	1	1	8	133	2	95	0.71428573	1.8772153	0.2653859311411507	True	True	True	True	PP	P_A__P_B	PP:malI--group_1366	160	5684.0	0.08298880518793039	0.1820746095221526	0.2653859311411507	0.9992962702322308	True	2:95;5:1;7:1;11:9;20:16;32:7;36:1;50:3	NA
3955825	1402	1485	group_4871	group_4891	PP	0.3090934572701458	0.5105579514583727	220.7058823529412	210698.82352941178	0.02005078	17	1	1	6	132	2	95	0.719697	1.8430294	0.3081386391361106	True	True	True	True	PP	P_A__P_B	PP:group_4871--group_4891	161	5348.0	0.09467939271767922	0.24394594674628953	0.30813863913611067	0.9990650710545999	True	2:95;11:9;20:17;32:7;36:1;50:3	NA
3957910	1403	1451	group_5423	group_3714	PP	0.2899119520854526	0.4740258049375893	231.125	219976.25	0.020923026	16	1	1	7	133	2	95	0.71428573	1.870862	0.289851304603196	True	True	True	True	PP	P_A__P_B	PP:group_5423--group_3714	163	5249.0	0.08492304095172	0.17143864771060247	0.289851304603196	0.9990474376071633	True	2:95;7:1;11:9;20:17;32:7;36:1;50:3	NA
3957914	1403	1455	group_5423	group_1989	PP	0.29357813123752385	0.4806950636691665	229.3125	219450.0625	0.020739311	16	1	1	7	133	2	95	0.71428573	1.870862	0.289851304603196	True	True	True	True	PP	P_A__P_B	PP:group_5423--group_1989	163	5249.0	0.08492304095172	0.17143864771060247	0.289851304603196	0.9992379500857306	True	2:95;7:1;11:9;20:17;32:7;36:1;50:3	NA
3957944	1403	1485	group_5423	group_4891	PP	0.3090934572701458	0.5105579514583727	223.35294117647058	212827.70588235295	0.0200286	17	1	1	6	132	2	95	0.719697	1.8430294	0.2979072339908784	True	True	True	True	PP	P_A__P_B	PP:group_5423--group_4891	162	5472.0	0.09175280636939254	0.22521672534845816	0.29790723399087843	0.9992690058479532	True	2:95;11:9;20:17;32:7;36:1;50:3	NA
3966410	1407	1485	group_4084	group_4891	PP	0.3118848368685655	0.5157864333337321	224.23529411764707	213275.35294117648	0.019842345	17	1	1	6	132	2	95	0.719697	1.8430294	0.2979072339908784	True	True	True	True	PP	P_A__P_B	PP:group_4084--group_4891	162	5472.0	0.09175280636939254	0.22521672534845816	0.29790723399087843	0.9994517543859649	True	2:95;11:9;20:17;32:7;36:1;50:3	NA
3970603	1409	1451	group_6001	group_3714	PP	0.2955769385803101	0.4844434743975848	230.125	219118.6875	0.020575669	16	1	1	7	133	2	95	0.71428573	1.870862	0.289851304603196	True	True	True	True	PP	P_A__P_B	PP:group_6001--group_3714	163	5249.0	0.08492304095172	0.17143864771060247	0.289851304603196	0.999428462564298	True	2:95;7:1;11:9;20:17;32:7;36:1;50:3	NA
3970607	1409	1455	group_6001	group_1989	PP	0.2992539267694665	0.491161115499828	228.3125	218592.5	0.020393763	16	1	1	7	133	2	95	0.71428573	1.870862	0.2979072339908784	True	True	True	True	PP	P_A__P_B	PP:group_6001--group_1989	162	5472.0	0.09175280636939254	0.22521672534845816	0.29790723399087843	0.9990862573099415	True	2:95;7:1;11:9;20:17;32:7;36:1;50:3	NA
3970637	1409	1485	group_6001	group_4891	PP	0.31471729812260174	0.5211025059600393	222.47058823529412	212056.41176470587	0.01968931	17	1	1	6	132	2	95	0.719697	1.8430294	0.2979072339908784	True	True	True	True	PP	P_A__P_B	PP:group_6001--group_4891	162	5472.0	0.09175280636939254	0.22521672534845816	0.29790723399087843	0.9996345029239766	True	2:95;11:9;20:17;32:7;36:1;50:3	NA
4286363	1564	1786	group_2056	group_6274	PP	0.29433472581271164	0.5622901650048013	209.3846153846154	214870.6923076923	0.0206156	13	1	1	3	97	9	53	0.5463917	2.0195322	0.2653859311411507	True	True	True	True	PP	P_A__P_B	PP:group_2056--group_6274	160	5684.0	0.08298880518793039	0.1820746095221526	0.2653859311411507	0.9994722026741731	True	8:43;9:53;55:1	NA
4289001	1565	2467	group_2856	group_6481	PP	0.10610218476325325	0.25564963912197197	540.8333333333334	557292.3333333334	0.053141225	6	1	1	5	40	13	36	0.9	1.2307693	0.1048173241186407	True	True	True	True	PP	P_A__P_B	PP:group_2856--group_6481	192	417.0	0.07915563685886147	0.0937302491033488	0.10481732411864078	1.0	True	4:1;13:36;17:1;19:1;45:1	NA
4329038	1586	1638	group_1962	group_2704	PP	0.3011723966275392	0.5535501631787039	400.1666666666667	391919.25	0.01686757	12	1	1	4	106	2	93	0.8773585	1.2855835	0.2972704554310693	True	True	True	True	PP	P_A__P_B	PP:group_1962--group_2704	182	1171.0	0.1653693639582281	0.2509403696505097	0.2972704554310693	0.9991460290350128	True	2:93;6:9;23:3;25:1	NA
4338742	1591	1677	group_5410	group_5361	PP	0.289551793725214	0.5367676517600615	128.57142857142858	118112.28571428571	0.015863653	7	1	1	3	103	2	95	0.9223301	1.1690358	0.2645359515253397	True	True	True	True	PP	P_A__P_B	PP:group_5410--group_5361	143	7368.0	0.07021361923706292	0.13353956028800928	0.26453595152533976	0.999728555917481	True	2:95;8:1;32:7	NA
4432136	1640	1677	group_4892	group_5361	PP	0.30868580430863385	0.5793914013455396	144.83333333333334	133550.5	0.014626516	6	1	1	3	103	2	95	0.9223301	1.1690358	0.3036648005762775	True	True	True	True	PP	P_A__P_B	PP:group_4892--group_5361	147	6865.0	0.0779575224623964	0.16324289686893095	0.30366480057627754	0.9992716678805535	True	2:95;8:1;32:7	NA
4452772	1651	1677	group_5412	group_5361	PP	0.3121412746976043	0.5871384656587271	145.83333333333334	134175.33333333334	0.014409652	6	1	1	3	103	2	95	0.9223301	1.1690358	0.3036648005762775	True	True	True	True	PP	P_A__P_B	PP:group_5412--group_5361	147	6865.0	0.0779575224623964	0.16324289686893095	0.30366480057627754	0.9994173343044428	True	2:95;8:1;32:7	NA
4469566	1660	1677	group_5411	group_5361	PP	0.3156855294827363	0.5950975458354059	146.83333333333334	135049.0	0.014225133	6	1	1	3	103	2	95	0.9223301	1.1690358	0.3036648005762775	True	True	True	True	PP	P_A__P_B	PP:group_5411--group_5361	147	6865.0	0.0779575224623964	0.16324289686893095	0.30366480057627754	0.9998543335761108	True	2:95;8:1;32:7	NA
4501263	1677	1873	group_5361	group_1656	PP	0.31468429067731357	0.6372526314260275	265.42857142857144	241272.57142857142	0.012350989	7	1	1	3	90	2	88	0.9777778	1.045701	0.2462821797544713	True	True	True	True	PP	P_A__P_B	PP:group_5361--group_1656	168	4297.0	0.08065099864178153	0.16584660997892212	0.24628217975447136	0.9995345589946474	True	2:88;18:1;35:1	NA
4512312	1683	1873	Int-Tn_2	group_1656	PP	0.31739494783736416	0.6442877906071462	260.875	238552.6875	0.012106356	16	1	1	3	90	2	88	0.9777778	1.045701	0.3173949478373641	True	True	True	True	PP	P_A__P_B	PP:Int-Tn_2--group_1656	167	4514.0	0.08760975382880715	0.20089296928701741	0.31739494783736416	0.9988923349579087	True	2:88;18:1;35:1	NA
4515987	1685	1873	group_5944	group_1656	PP	0.31739494783736416	0.6442877906071462	265.6666666666667	241947.5	0.012106356	6	1	1	3	90	2	88	0.9777778	1.045701	0.2462821797544713	True	True	True	True	PP	P_A__P_B	PP:group_5944--group_1656	168	4297.0	0.08065099864178153	0.16584660997892212	0.24628217975447136	0.9997672794973237	True	2:88;18:1;35:1	NA
4517823	1686	1873	group_5945	group_1656	PP	0.31739494783736416	0.6442877906071462	261.875	239681.5625	0.012106356	16	1	1	3	90	2	88	0.9777778	1.045701	0.3173949478373641	True	True	True	True	PP	P_A__P_B	PP:group_5945--group_1656	167	4514.0	0.08760975382880715	0.20089296928701741	0.31739494783736416	0.999113867966327	True	2:88;18:1;35:1	NA
4526988	1691	1873	group_5360	group_1656	PP	0.3201589944237661	0.6514790969196886	263.2	241765.2	0.011891488	15	1	1	3	90	2	88	0.9777778	1.045701	0.3173949478373641	True	True	True	True	PP	P_A__P_B	PP:group_5360--group_1656	167	4514.0	0.08760975382880715	0.20089296928701741	0.31739494783736416	0.9993354009747453	True	2:88;18:1;35:1	NA
4622600	1744	1873	erm	group_1656	PP	0.328772297469059	0.6810042698913339	281.6875	261943.375	0.0107044345	16	1	1	3	89	2	87	0.9775281	1.046229	0.3251225242961465	True	True	True	True	PP	P_A__P_B	PP:erm--group_1656	170	3808.0	0.08932472434969523	0.18669627857107593	0.3251225242961465	0.9994747899159664	True	2:87;18:1;35:1	NA
5025337	1987	2202	group_4509	group_6133	PP	0.08902197076532911	0.23028276782487522	597.6666666666666	626993.3333333334	0.04402451	6	1	1	8	39	13	30	0.7692308	1.6622951	0.0890063061323792	True	True	True	True	PP	P_A__P_B	PP:group_4509--group_6133	195	263.0	0.04502964869403515	0.08512564050536772	0.08900630613237921	1.0	True	13:30;15:1;16:1;26:3;33:1;34:1;39:1;63:1	NA
5026722	1988	2053	lytB_3	group_4046	PP	0.2992262744533664	0.722774925941835	102.4	103998.0	0.01068659	5	1	1	5	70	9	56	0.8	1.5302936	0.2980298401442606	True	True	True	True	PP	P_A__P_B	PP:lytB_3--group_4046	135	7097.0	0.07790778407538533	0.15807643815472677	0.29802984014426065	0.999154572354516	True	1:6;9:56;33:1;40:5;53:2	NA
5081280	2024	2053	group_5890	group_4046	PP	0.2985649738130297	0.729811036906832	102.6	105352.6	0.010203342	5	1	1	4	69	9	56	0.8115942	1.4873477	0.2980298401442606	True	True	True	True	PP	P_A__P_B	PP:group_5890--group_4046	135	7097.0	0.07790778407538533	0.15807643815472677	0.29802984014426065	0.9990136677469353	True	1:6;9:56;40:5;53:2	NA
2247689	709	2287	group_2753	group_4266	PT	0.5452835046657886	0.6333963717124956	225.6	217077.6	1.7555146	5	1	2	3	8	2	4	0.5	2.4615386	0.5413836004686878	True	True	True	True	P↔T	P_A__T_B	PT:group_2753--group_4266	163	5948.0	0.39222965366257195	0.46771821073727887	0.5413836004686878	0.9996637525218561	True	1:3;2:4;9:1	NA
2323262	736	2287	glf_2	group_4266	PT	0.6268694575724263	0.7395695833710967	134.16666666666666	122644.25	1.8933095	12	1	2	3	8	2	4	0.5	2.4615386	0.5407323985278885	True	True	True	True	P↔T	P_A__T_B	PT:glf_2--group_4266	146	7243.0	0.3985379884054626	0.4711160910096245	0.5407323985278885	1.0	True	1:3;2:4;9:1	NA
2383070	758	1056	group_3656	group_4441	PT	0.6011919136548338	0.6009458225842075	103.57142857142857	106442.57142857143	0.06061098	7	1	4	15	59	9	21	0.3559322	5.008633	0.5315847205535043	True	True	True	True	P↔T	P_A__T_B	PT:group_3656--group_4441	138	7091.0	0.3981037355735937	0.4751136246144751	0.5315847205535043	1.0	True	2:3;3:14;6:3;8:1;9:21;12:3;15:2;20:4;27:1;42:1;46:1;48:1;51:1;54:1;61:2	NA
2506617	803	1258	gpsB	group_1130	PT	0.6179271255663197	0.652523040540498	192.97058823529412	189997.88235294117	0.119551465	34	1	3	8	21	6	5	0.23809524	5.5822783	0.5413618801996942	True	True	True	True	P↔T	P_A__T_B	PT:gpsB--group_1130	158	7119.0	0.40751075935490166	0.4786089151492017	0.5413618801996942	0.9997190616659644	True	4:3;6:5;8:1;13:5;14:4;24:1;40:1;59:1	NA
2506620	803	1261	gpsB	group_2577	PT	0.5509865752942333	0.6678610538025493	184.16666666666666	177779.08333333334	0.11610002	12	1	2	16	37	8	10	0.27027026	8.398773	0.5463577586943603	True	True	True	True	P↔T	P_A__T_B	PT:gpsB--group_2577	157	7369.0	0.39746671270646744	0.47722938257552205	0.5463577586943603	0.9991857782602795	True	1:4;3:1;5:1;7:1;8:10;10:1;11:2;14:3;16:1;24:3;29:1;32:3;36:1;50:2;54:2;55:1	NA
2585033	832	1258	ponA	group_1130	PT	0.6179271255663197	0.652523040540498	190.13513513513513	186659.94594594595	0.12028751	37	1	3	8	21	6	5	0.23809524	5.5822783	0.5413618801996942	True	True	True	True	P↔T	P_A__T_B	PT:ponA--group_1130	158	7119.0	0.40751075935490166	0.4786089151492017	0.5413618801996942	0.9998595308329822	True	4:3;6:5;8:1;13:5;14:4;24:1;40:1;59:1	NA
2651979	857	1279	group_2233	group_711	PT	0.5285303455019461	0.6135060387461422	174.57142857142858	181918.0	0.15002702	7	1	2	6	18	9	10	0.5555556	2.7	0.5276160322713785	True	True	True	True	P↔T	P_A__T_B	PT:group_2233--group_711	155	7412.0	0.38892000468947596	0.4653771741862497	0.5276160322713785	0.999055585536967	True	7:1;9:10;14:4;21:1;42:1;45:1	NA
2755113	896	1258	group_2568	group_1130	PT	0.6179271255663197	0.652523040540498	169.92	160276.14	0.11124479	50	1	3	8	21	6	5	0.23809524	5.5822783	0.546038452356308	True	True	True	True	P↔T	P_A__T_B	PT:group_2568--group_1130	154	7155.0	0.4005528880979349	0.47750188380058434	0.546038452356308	0.9998602375960867	True	4:3;6:5;8:1;13:5;14:4;24:1;40:1;59:1	NA
2802210	914	1258	group_2556	group_1130	PT	0.6179271255663197	0.652523040540498	306.84615384615387	315278.46153846156	0.108859494	13	1	3	8	21	6	5	0.23809524	5.5822783	0.546391606804913	True	True	True	True	P↔T	P_A__T_B	PT:group_2556--group_1130	173	3102.0	0.4202058119151096	0.4872892599227348	0.546391606804913	1.0	True	4:3;6:5;8:1;13:5;14:4;24:1;40:1;59:1	NA
2873277	941	2287	group_2386	group_4266	PT	0.6268694575724263	0.7395695833710967	128.58333333333334	117799.33333333333	1.6539729	12	1	2	3	8	2	4	0.5	2.4615386	0.5349641700005964	True	True	True	True	P↔T	P_A__T_B	PT:group_2386--group_4266	145	7304.0	0.3878549399318433	0.47243878077081425	0.5349641700005964	0.9998630887185104	True	1:3;2:4;9:1	NA
2886167	946	2287	wfgD	group_4266	PT	0.6268694575724263	0.7395695833710967	139.9090909090909	126733.36363636363	1.9719115	11	1	2	3	8	2	4	0.5	2.4615386	0.5278959988823944	True	True	True	True	P↔T	P_A__T_B	PT:wfgD--group_4266	148	7014.0	0.3872508087143199	0.4707294104569887	0.5278959988823944	1.0	True	1:3;2:4;9:1	NA
3121978	1039	2901	group_2751	sorB	PT	0.5453052179711018	0.5076960786197134	161.59574468085106	153231.5744680851	NA	47	1	1	14	68	13	34	0.5	3.4977307	0.5235805508804294	True	True	True	True	P↔T	P_A__T_B	PT:group_2751--sorB	152	7432.0	0.3944546112106894	0.4644477840770286	0.5235805508804294	0.9993272335844995	True	9:1;13:34;16:3;17:2;21:10;22:1;24:1;27:3;31:5;49:1;50:3;53:2;62:1;63:1	NA
3122109	1039	3032	group_2751	pnp	PT	0.5580375648998278	0.3589480328373488	332.3125	336128.1875	NA	16	0	9	3	96	2	87	0.90625	1.2072308	0.5460806404260556	True	True	True	True	P↔T	P_A__T_B	PT:group_2751--pnp	176	2453.0	0.4306587226759392	0.47528611287123	0.5460806404260556	0.9995923359152059	True	2:87;11:8;36:1	NA
3169208	1058	3144	group_3600	pheS	PT	0.5275187317776148	0.3375684471569202	162.66666666666666	167889.83333333334	NA	6	1	10	5	103	2	94	0.9126214	1.1953803	0.5229541676739113	True	True	True	True	P↔T	P_A__T_B	PT:group_3600--pheS	153	7357.0	0.3875685866379974	0.461561628741317	0.5229541676739113	0.9995922250917494	True	2:94;11:6;36:1;51:1;56:1	NA
3176398	1061	2948	group_2421	folD	PT	0.5434283552432793	0.35583989304957947	149.33333333333334	148247.0	NA	6	0	2	5	162	2	93	0.5740741	2.2146835	0.5237519847899347	True	True	True	True	P↔T	P_A__T_B	PT:group_2421--folD	150	7437.0	0.3911741891394638	0.4657936908457945	0.5237519847899347	0.9997310743579401	True	1:6;2:93;9:56;40:5;53:2	NA
3183733	1064	2906	pezA	cysS	PT	0.5612804033730839	0.3492730347345289	107.0	111272.83333333333	NA	6	0	13	4	104	2	93	0.8942308	1.2406515	0.5583716907218641	True	True	True	True	P↔T	P_A__T_B	PT:pezA--cysS	139	7470.0	0.4039879220229497	0.47413304049816535	0.5583716907218641	0.9990629183400268	True	2:93;11:8;33:2;36:1	NA
3192936	1068	2287	ygaZ	group_4266	PT	0.6268694575724264	0.7395695833710968	120.06451612903226	112791.16129032258	0.20279017	31	0	2	3	8	2	4	0.5	2.4615386	0.5308723356946042	True	True	True	True	P↔T	P_A__T_B	PT:ygaZ--group_4266	143	7375.0	0.3892867715236539	0.465944154279683	0.5308723356946042	1.0	True	1:3;2:4;9:1	NA
3196008	1069	2906	pezT	cysS	PT	0.5676982906353113	0.35322010473226473	106.33333333333333	110623.83333333333	NA	6	0	13	5	105	2	93	0.8857143	1.2644799	0.5583716907218641	True	True	True	True	P↔T	P_A__T_B	PT:pezT--cysS	139	7470.0	0.4039879220229497	0.47413304049816535	0.5583716907218641	0.9997322623828648	True	2:93;11:8;33:2;36:1;63:1	NA
3211503	1076	1258	group_5169	group_1130	PT	0.5268969176510274	0.5589536886891495	308.61538461538464	317320.1538461539	0.12829179	13	1	3	8	19	6	5	0.2631579	5.084507	0.5165281309090163	True	True	True	True	P↔T	P_A__T_B	PT:group_5169--group_1130	174	2770.0	0.41357427129786367	0.4791488749926245	0.5165281309090163	1.0	True	4:1;6:5;8:1;13:5;14:4;24:1;40:1;59:1	NA
3230354	1083	3015	haeIIIM	mnmA	PT	0.5372917640681383	0.325342556621117	149.33333333333334	143088.33333333334	NA	6	1	8	4	118	2	93	0.7881356	1.5167756	0.5237519847899347	True	True	True	True	P↔T	P_A__T_B	PT:haeIIIM--mnmA	150	7437.0	0.3911741891394638	0.4657936908457945	0.5237519847899347	0.9993276858948501	True	2:93;4:23;19:1;29:1	NA
3242571	1088	3052	group_4236	fieF	PT	0.5293895617745881	0.32272570337582146	182.4	185545.6	NA	5	0	16	4	101	2	95	0.9405941	1.128554	0.5287792974125534	True	True	True	True	P↔T	P_A__T_B	PT:group_4236--fieF	156	7473.0	0.3899028010488324	0.473850126100351	0.5287792974125534	0.9990632945269637	True	2:95;11:3;50:2;52:1	NA
3243020	1088	3501	group_4236	dapB	PT	0.5336861979603601	0.31520558697716367	180.6	183244.6	NA	5	0	10	4	91	2	85	0.93406594	1.1439425	0.5287792974125534	True	True	True	True	P↔T	P_A__T_B	PT:group_4236--dapB	156	7473.0	0.3899028010488324	0.473850126100351	0.5287792974125534	0.9993309246621169	True	2:85;11:3;36:1;50:2	NA
3247413	1090	3029	celD	pyrF	PT	0.5237286705395949	0.3340372479956572	160.66666666666666	149248.33333333334	NA	6	1	5	5	122	8	44	0.36065573	3.7396984	0.5235805508804294	True	True	True	True	P↔T	P_A__T_B	PT:celD--pyrF	152	7432.0	0.3944546112106894	0.4644477840770286	0.5235805508804294	0.9990581270182992	True	8:44;13:38;14:20;15:10;21:10	NA
3279576	1104	1249	group_2522	group_4408	PT	0.5870809905801407	0.7351258474585997	136.12244897959184	153104.5306122449	0.11334905	49	0	2	7	30	9	10	0.33333334	4.245283	0.5185137616003813	True	True	True	True	P↔T	P_A__T_B	PT:group_2522--group_4408	147	7193.0	0.3914997417947871	0.46727837387359594	0.5185137616003813	1.0	True	1:2;2:1;4:9;9:10;20:4;21:3;53:1	NA
3366510	1140	1801	group_860	glf	PT	0.532078094356881	0.6201549708621072	204.08333333333334	216671.41666666666	0.3093973	12	0	2	5	10	8	6	0.6	2.5	0.5252361461537143	True	True	True	True	P↔T	P_A__T_B	PT:group_860--glf	160	6267.0	0.4018437936070797	0.4723210133605855	0.5252361461537143	0.9992021700973353	True	8:6;13:1;34:1;39:1;46:1	NA
3367657	1140	2948	group_860	folD	PT	0.5246364110720015	0.34345396636127007	164.9	167609.7	NA	10	1	2	5	162	2	93	0.5740741	2.2146835	0.5229541676739113	True	True	True	True	P↔T	P_A__T_B	PT:group_860--folD	153	7357.0	0.3875685866379974	0.461561628741317	0.5229541676739113	0.9993203751529156	True	1:6;2:93;9:56;40:5;53:2	NA
3368891	1141	1801	group_2416	glf	PT	0.532078094356881	0.6201549708621072	206.58333333333334	218474.0	0.30893955	12	0	2	5	10	8	6	0.6	2.5	0.5252361461537143	True	True	True	True	P↔T	P_A__T_B	PT:group_2416--glf	160	6267.0	0.4018437936070797	0.4723210133605855	0.5252361461537143	0.9993617360778682	True	8:6;13:1;34:1;39:1;46:1	NA
3370038	1141	2948	group_2416	folD	PT	0.5248229396336043	0.3436014454044114	164.3	167978.9	NA	10	1	2	5	162	2	93	0.5740741	2.2146835	0.5229541676739113	True	True	True	True	P↔T	P_A__T_B	PT:group_2416--folD	153	7357.0	0.3875685866379974	0.461561628741317	0.5229541676739113	0.9994563001223324	True	1:6;2:93;9:56;40:5;53:2	NA
3386856	1148	3127	group_2348	purH	PT	0.539397892194411	0.32451319370512594	294.9166666666667	303167.4166666667	NA	12	1	15	3	64	9	57	0.890625	1.2495424	0.538637613543026	True	True	True	True	P↔T	P_A__T_B	PT:group_2348--purH	172	3348.0	0.4155455576610918	0.4910481058387643	0.538637613543026	0.9991039426523297	True	9:57;40:5;53:2	NA
3386879	1148	3150	group_2348	topA	PT	0.538466863754731	0.339453160682632	124.2	124219.0	NA	5	0	13	9	126	2	96	0.7619048	1.6918159	0.5201689320844887	True	True	True	True	P↔T	P_A__T_B	PT:group_2348--topA	144	7342.0	0.38556350821089364	0.468443024335511	0.5201689320844887	1.0	True	2:96;11:8;12:6;32:7;36:1;44:2;48:1;50:3;61:2	NA
3387118	1148	3389	group_2348	amyS	PT	0.5704340720145293	0.3468317225928926	193.375	192275.0	NA	8	1	2	5	70	9	59	0.8428571	1.3920455	0.5413618801996942	True	True	True	True	P↔T	P_A__T_B	PT:group_2348--amyS	158	7119.0	0.40751075935490166	0.4786089151492017	0.5413618801996942	0.999157184997893	True	9:59;23:5;27:3;53:2;59:1	NA
3429218	1166	2928	acpA_2	rlmI	PT	0.5395323581984959	0.30911091993044315	143.35714285714286	139820.7857142857	NA	14	1	11	3	72	2	65	0.9027778	1.2186178	0.5278959988823944	True	True	True	True	P↔T	P_A__T_B	PT:acpA_2--rlmI	148	7014.0	0.3872508087143199	0.4707294104569887	0.5278959988823944	0.9997148560022812	True	2:65;40:5;53:2	NA
3429740	1166	3450	acpA_2	trpB	PT	0.5368318558150814	0.3349615324184996	217.08333333333334	220065.58333333334	NA	12	1	14	4	105	2	95	0.9047619	1.215948	0.5340649006682804	True	True	True	True	P↔T	P_A__T_B	PT:acpA_2--trpB	162	6229.0	0.3950004171278652	0.4754701501436089	0.5340649006682804	0.9990367635254455	True	2:95;23:5;34:1;40:4	NA
3466137	1182	2287	group_4466	group_4266	PT	0.6268694575724264	0.7395695833710968	276.3076923076923	295326.0	0.15638399	13	0	2	3	8	2	4	0.5	2.4615386	0.5572412141756375	True	True	True	True	P↔T	P_A__T_B	PT:group_4466--group_4266	170	4350.0	0.41698755685469835	0.48456443129473364	0.5572412141756375	0.9997701149425288	True	1:3;2:4;9:1	NA
3574989	1229	2287	group_4912	group_4266	PT	0.6268694575724264	0.7395695833710968	168.68	159155.76	0.12294042	25	0	2	3	8	2	4	0.5	2.4615386	0.546038452356308	True	True	True	True	P↔T	P_A__T_B	PT:group_4912--group_4266	154	7155.0	0.4005528880979349	0.47750188380058434	0.546038452356308	1.0	True	1:3;2:4;9:1	NA
3666550	1269	2948	group_5893	folD	PT	0.5771011743865724	0.38128071349214404	107.42857142857143	110187.85714285714	NA	7	1	2	5	163	2	93	0.5705522	2.2209313	0.5583716907218641	True	True	True	True	P↔T	P_A__T_B	PT:group_5893--folD	139	7470.0	0.4039879220229497	0.47413304049816535	0.5583716907218641	0.9998661311914324	True	1:6;2:93;9:57;40:5;53:2	NA
3862401	1358	2287	group_1322	group_4266	PT	0.6268694575724264	0.7395695833710968	131.06451612903226	123747.06451612903	0.11616103	31	0	2	3	8	2	4	0.5	2.4615386	0.5349641700005964	True	True	True	True	P↔T	P_A__T_B	PT:group_1322--group_4266	145	7304.0	0.3878549399318433	0.47243878077081425	0.5349641700005964	1.0	True	1:3;2:4;9:1	NA
3899650	1375	2901	group_4450	sorB	PT	0.5336256711601667	0.4965009125331588	181.2183908045977	161308.8735632184	NA	87	0	1	14	68	13	34	0.5	3.4977307	0.5287792974125534	True	True	True	True	P↔T	P_A__T_B	PT:group_4450--sorB	156	7473.0	0.3899028010488324	0.473850126100351	0.5287792974125534	0.9991971095945403	True	9:1;13:34;16:3;17:2;21:10;22:1;24:1;27:3;31:5;49:1;50:3;53:2;62:1;63:1	NA
4287868	1564	3291	group_2056	tcyN	PT	0.5709609547423844	0.42768575336315406	237.71428571428572	237134.0	NA	7	1	1	3	56	9	49	0.875	1.290535	0.531299325178733	True	True	True	True	P↔T	P_A__T_B	PT:group_2056--tcyN	165	5181.0	0.4055404470708287	0.47828381926891644	0.531299325178733	1.0	True	9:49;40:5;53:2	NA
4288821	1565	2287	group_2856	group_4266	PT	0.6268694575724264	0.7395695833710968	269.53846153846155	287091.6923076923	0.079943776	13	0	2	3	8	2	4	0.5	2.4615386	0.6087443308342555	True	True	True	True	P↔T	P_A__T_B	PT:group_2856--group_4266	169	4479.0	0.40207819214322427	0.4730930617839842	0.6087443308342555	0.9991069435141773	True	1:3;2:4;9:1	NA
4396817	1621	2287	group_2872	group_4266	PT	0.6268694575724264	0.7395695833710968	245.9090909090909	246876.18181818182	0.08593537	11	0	2	3	8	2	4	0.5	2.4615386	0.5193783119600369	True	True	True	True	P↔T	P_A__T_B	PT:group_2872--group_4266	166	5137.0	0.3932103505718579	0.46372119274965456	0.5193783119600369	1.0	True	1:3;2:4;9:1	NA
4534716	1695	2287	argH	group_4266	PT	0.6268694575724264	0.7395695833710968	163.79166666666666	154006.79166666666	0.06638675	24	0	2	3	8	2	4	0.5	2.4615386	0.5229541676739113	True	True	True	True	P↔T	P_A__T_B	PT:argH--group_4266	153	7357.0	0.3875685866379974	0.461561628741317	0.5229541676739113	1.0	True	1:3;2:4;9:1	NA
4545657	1701	2287	group_6020	group_4266	PT	0.6268694575724264	0.7395695833710968	207.92307692307693	224475.23076923078	0.083366744	13	0	2	3	8	2	4	0.5	2.4615386	0.5417174321406638	True	True	True	True	P↔T	P_A__T_B	PT:group_6020--group_4266	161	6396.0	0.40269179499689234	0.4716752021482288	0.5417174321406638	1.0	True	1:3;2:4;9:1	NA
4693314	1784	2287	group_3921	group_4266	PT	0.6268694575724264	0.7395695833710968	341.8333333333333	361045.0833333333	0.06723683	12	0	2	3	8	2	4	0.5	2.4615386	0.5429788119089445	True	True	True	True	P↔T	P_A__T_B	PT:group_3921--group_4266	177	2116.0	0.4323586248143557	0.4904347943867734	0.5429788119089445	1.0	True	1:3;2:4;9:1	NA
4767102	1827	2287	group_1172	group_4266	PT	0.5193783119600369	0.6033051349009347	244.9090909090909	246355.9090909091	0.07693357	11	0	2	3	8	2	4	0.5	2.4615386	0.5193783119600369	True	True	True	True	P↔T	P_A__T_B	PT:group_1172--group_4266	166	5137.0	0.3932103505718579	0.46372119274965456	0.5193783119600369	0.9988320031146584	True	1:3;2:4;9:1	NA
4822476	1860	2287	group_1186	group_4266	PT	0.6268694575724264	0.7395695833710968	161.94736842105263	172616.36842105264	0.049427133	19	0	2	3	8	2	4	0.5	2.4615386	0.5235805508804294	True	True	True	True	P↔T	P_A__T_B	PT:group_1186--group_4266	152	7432.0	0.3944546112106894	0.4644477840770286	0.5235805508804294	1.0	True	1:3;2:4;9:1	NA
4837389	1869	2287	group_5527	group_4266	PT	0.6268694575724264	0.7395695833710968	188.78571428571428	205020.35714285713	0.05374972	14	0	2	3	8	2	4	0.5	2.4615386	0.5463577586943603	True	True	True	True	P↔T	P_A__T_B	PT:group_5527--group_4266	157	7369.0	0.39746671270646744	0.47722938257552205	0.5463577586943603	0.9998642963767133	True	1:3;2:4;9:1	NA
4913952	1916	2287	group_3103	group_4266	PT	0.5193783119600369	0.6033051349009347	246.9090909090909	247468.36363636365	0.05856729	11	0	2	3	8	2	4	0.5	2.4615386	0.5193783119600369	True	True	True	True	P↔T	P_A__T_B	PT:group_3103--group_4266	166	5137.0	0.3932103505718579	0.46372119274965456	0.5193783119600369	0.9990266692622153	True	1:3;2:4;9:1	NA
5033082	1992	2287	group_5452	group_4266	PT	0.6268694575724264	0.7395695833710968	201.13333333333333	194780.06666666668	0.042270612	15	0	2	3	8	2	4	0.5	2.4615386	0.5724348833960944	True	True	True	True	P↔T	P_A__T_B	PT:group_5452--group_4266	159	6639.0	0.3978346012983011	0.4785392022326528	0.5724348833960944	0.9995481247175779	True	1:3;2:4;9:1	NA
5034611	1993	2287	group_6043	group_4266	PT	0.6268694575724264	0.7395695833710968	200.13333333333333	194069.2	0.042270612	15	0	2	3	8	2	4	0.5	2.4615386	0.5724348833960944	True	True	True	True	P↔T	P_A__T_B	PT:group_6043--group_4266	159	6639.0	0.3978346012983011	0.4785392022326528	0.5724348833960944	0.9996987498117186	True	1:3;2:4;9:1	NA
5043764	1999	2287	group_4105	group_4266	PT	0.6268694575724264	0.7395695833710968	199.13333333333333	193011.0	0.041652247	15	0	2	3	8	2	4	0.5	2.4615386	0.5724348833960944	True	True	True	True	P↔T	P_A__T_B	PT:group_4105--group_4266	159	6639.0	0.3978346012983011	0.4785392022326528	0.5724348833960944	0.9998493749058593	True	1:3;2:4;9:1	NA
5048327	2002	2287	maa	group_4266	PT	0.6268694575724264	0.7395695833710968	197.13333333333333	187995.53333333333	0.041830365	15	0	2	3	8	2	4	0.5	2.4615386	0.5724348833960944	True	True	True	True	P↔T	P_A__T_B	PT:maa--group_4266	159	6639.0	0.3978346012983011	0.4785392022326528	0.5724348833960944	1.0	True	1:3;2:4;9:1	NA
5055912	2007	2287	licC_3	group_4266	PT	0.6268694575724264	0.7395695833710968	157.14285714285714	166960.66666666666	0.04173715	21	0	2	3	8	2	4	0.5	2.4615386	0.5418130524014179	True	True	True	True	P↔T	P_A__T_B	PT:licC_3--group_4266	151	7301.0	0.3921240553854216	0.4786156708682058	0.5418130524014179	0.9998630324613067	True	1:3;2:4;9:1	NA
5103864	2039	2287	group_6045	group_4266	PT	0.6268694575724264	0.7395695833710968	192.13333333333333	183169.6	0.0421258	15	0	2	3	8	2	4	0.5	2.4615386	0.5413618801996942	True	True	True	True	P↔T	P_A__T_B	PT:group_6045--group_4266	158	7119.0	0.40751075935490166	0.4786089151492017	0.5413618801996942	1.0	True	1:3;2:4;9:1	NA
5111264	2044	2287	group_3157	group_4266	PT	0.6268694575724264	0.7395695833710968	268.6363636363636	260380.63636363635	0.044712648	11	0	2	3	8	2	4	0.5	2.4615386	0.6087443308342555	True	True	True	True	P↔T	P_A__T_B	PT:group_3157--group_4266	169	4479.0	0.40207819214322427	0.4730930617839842	0.6087443308342555	0.999330207635633	True	1:3;2:4;9:1	NA
5133314	2059	2287	group_3144	group_4266	PT	0.6268694575724264	0.7395695833710968	273.8	270496.9	0.044014253	10	0	2	3	8	2	4	0.5	2.4615386	0.5572412141756375	True	True	True	True	P↔T	P_A__T_B	PT:group_3144--group_4266	170	4350.0	0.41698755685469835	0.48456443129473364	0.5572412141756375	1.0	True	1:3;2:4;9:1	NA
5270472	2156	2287	group_3469	group_4266	PT	0.6268694575724264	0.7395695833710968	251.1	253508.7	0.034890436	10	0	2	3	8	2	4	0.5	2.4615386	0.585342065690689	True	True	True	True	P↔T	P_A__T_B	PT:group_3469--group_4266	167	4861.0	0.39145679725215143	0.46645311733563194	0.585342065690689	0.9993828430364122	True	1:3;2:4;9:1	NA
5274564	2159	2287	group_4136	group_4266	PT	0.6268694575724264	0.7395695833710968	250.1	252864.9	0.034890436	10	0	2	3	8	2	4	0.5	2.4615386	0.585342065690689	True	True	True	True	P↔T	P_A__T_B	PT:group_4136--group_4266	167	4861.0	0.39145679725215143	0.46645311733563194	0.585342065690689	0.9995885620242748	True	1:3;2:4;9:1	NA
5277287	2161	2287	group_4951	group_4266	PT	0.6268694575724264	0.7395695833710968	252.33333333333334	256151.33333333334	0.034890436	9	0	2	3	8	2	4	0.5	2.4615386	0.585342065690689	True	True	True	True	P↔T	P_A__T_B	PT:group_4951--group_4266	167	4861.0	0.39145679725215143	0.46645311733563194	0.585342065690689	0.9997942810121374	True	1:3;2:4;9:1	NA
5278647	2162	2287	group_4952	group_4266	PT	0.6268694575724264	0.7395695833710968	263.8	264342.2	0.034890436	10	0	2	3	8	2	4	0.5	2.4615386	0.6268694575724264	True	True	True	True	P↔T	P_A__T_B	PT:group_4952--group_4266	168	4612.0	0.39201979489926325	0.4617603086912223	0.6268694575724264	0.998915871639202	True	1:3;2:4;9:1	NA
5280006	2163	2287	group_5505	group_4266	PT	0.6268694575724264	0.7395695833710968	259.8	260546.8	0.034890436	10	0	2	3	8	2	4	0.5	2.4615386	0.6268694575724264	True	True	True	True	P↔T	P_A__T_B	PT:group_5505--group_4266	168	4612.0	0.39201979489926325	0.4617603086912223	0.6268694575724264	0.9991326973113617	True	1:3;2:4;9:1	NA
5281364	2164	2287	group_5506	group_4266	PT	0.6268694575724264	0.7395695833710968	260.8	261703.0	0.034890436	10	0	2	3	8	2	4	0.5	2.4615386	0.6268694575724264	True	True	True	True	P↔T	P_A__T_B	PT:group_5506--group_4266	168	4612.0	0.39201979489926325	0.4617603086912223	0.6268694575724264	0.9993495229835212	True	1:3;2:4;9:1	NA
5282721	2165	2287	group_5508	group_4266	PT	0.6268694575724264	0.7395695833710968	265.8	266457.9	0.034890436	10	0	2	3	8	2	4	0.5	2.4615386	0.6087443308342555	True	True	True	True	P↔T	P_A__T_B	PT:group_5508--group_4266	169	4479.0	0.40207819214322427	0.4730930617839842	0.6087443308342555	0.9995534717570886	True	1:3;2:4;9:1	NA
5284077	2166	2287	group_6135	group_4266	PT	0.6268694575724264	0.7395695833710968	264.8	264806.6	0.034890436	10	0	2	3	8	2	4	0.5	2.4615386	0.6087443308342555	True	True	True	True	P↔T	P_A__T_B	PT:group_6135--group_4266	169	4479.0	0.40207819214322427	0.4730930617839842	0.6087443308342555	0.9997767358785443	True	1:3;2:4;9:1	NA
5292192	2172	2287	group_5507	group_4266	PT	0.6268694575724264	0.7395695833710968	261.8	262606.1	0.034177344	10	0	2	3	8	2	4	0.5	2.4615386	0.6268694575724264	True	True	True	True	P↔T	P_A__T_B	PT:group_5507--group_4266	168	4612.0	0.39201979489926325	0.4617603086912223	0.6268694575724264	0.9995663486556808	True	1:3;2:4;9:1	NA
5306976	2183	2287	group_4501	group_4266	PT	0.6268694575724264	0.7395695833710968	262.8	263166.1	0.03345328	10	0	2	3	8	2	4	0.5	2.4615386	0.6268694575724264	True	True	True	True	P↔T	P_A__T_B	PT:group_4501--group_4266	168	4612.0	0.39201979489926325	0.4617603086912223	0.6268694575724264	0.9997831743278404	True	1:3;2:4;9:1	NA
5332227	2202	2287	group_6133	group_4266	PT	0.6268694575724264	0.7395695833710968	256.0	257795.2	0.031547032	10	0	2	3	8	2	4	0.5	2.4615386	0.585342065690689	True	True	True	True	P↔T	P_A__T_B	PT:group_6133--group_4266	167	4861.0	0.39145679725215143	0.46645311733563194	0.585342065690689	1.0	True	1:3;2:4;9:1	NA
5386764	2244	2287	bca	group_4266	PT	0.6268694575724264	0.7395695833710968	291.8	307326.0	0.027304024	5	0	2	3	8	2	4	0.5	2.4615386	0.538637613543026	True	True	True	True	P↔T	P_A__T_B	PT:bca--group_4266	172	3348.0	0.4155455576610918	0.4910481058387643	0.538637613543026	1.0	True	1:3;2:4;9:1	NA
5394411	2250	2287	group_5627	group_4266	PT	0.6268694575724264	0.7395695833710968	266.8	267191.6	0.029563747	10	0	2	3	8	2	4	0.5	2.4615386	0.6087443308342555	True	True	True	True	P↔T	P_A__T_B	PT:group_5627--group_4266	169	4479.0	0.40207819214322427	0.4730930617839842	0.6087443308342555	1.0	True	1:3;2:4;9:1	NA
5418389	2269	2287	group_3475	group_4266	PT	0.6268694575724264	0.7395695833710968	187.85714285714286	204178.42857142858	0.02666696	14	0	2	3	8	2	4	0.5	2.4615386	0.5463577586943603	True	True	True	True	P↔T	P_A__T_B	PT:group_3475--group_4266	157	7369.0	0.39746671270646744	0.47722938257552205	0.5463577586943603	1.0	True	1:3;2:4;9:1	NA
5432106	2280	2287	group_4953	group_4266	PT	0.6268694575724264	0.7395695833710968	261.27272727272725	257986.72727272726	0.026030747	11	0	2	3	8	2	4	0.5	2.4615386	0.6268694575724264	True	True	True	True	P↔T	P_A__T_B	PT:group_4953--group_4266	168	4612.0	0.39201979489926325	0.4617603086912223	0.6268694575724264	1.0	True	1:3;2:4;9:1	NA
320662	92	917	thrB_2	mutX_1	TP	0.45140401683956954	0.4962177357186143	119.14285714285714	118417.14285714286	0.027056675	7	4	1	36	97	8	14	0.14432989	16.89228	0.4511704467790327	True	True	True	True	P↔T	T_A__P_B	TP:thrB_2--mutX_1	140	10352.0	0.20911143075537533	0.3289027557887971	0.4511704467790327	0.9990340030911901	True	1:2;4:3;5:1;6:3;7:1;8:14;9:8;10:1;11:8;13:10;14:1;15:2;16:2;18:1;19:1;20:3;21:4;23:2;24:4;26:1;27:3;30:3;31:1;32:3;33:1;34:1;35:1;40:3;46:2;49:1;50:1;52:1;55:1;61:1;62:1;68:1	NA
1450335	439	758	group_1393	group_3656	TP	0.5164565558869559	0.5223086968406295	137.6	141236.6	0.022662092	5	4	1	28	76	9	17	0.2236842	8.968945	0.4671066682257567	True	True	True	True	P↔T	T_A__P_B	TP:group_1393--group_3656	145	10489.0	0.20390163535341135	0.33111220016910736	0.4671066682257567	0.9997139860806559	True	1:2;3:13;4:11;6:3;7:1;9:17;11:1;12:1;13:4;14:3;15:2;18:1;19:1;20:1;21:1;23:2;24:1;29:1;30:1;31:1;32:1;34:1;39:1;40:1;46:1;47:1;50:1;61:1	NA
1450382	439	805	group_1393	group_5291	TP	0.5092470499564825	0.514297191347669	122.0	120634.0	0.023674937	5	4	1	27	75	9	17	0.22666667	8.748056	0.4638188177778241	True	True	True	True	P↔T	T_A__P_B	TP:group_1393--group_5291	141	10327.0	0.2151252996707094	0.3408525996411131	0.4638188177778241	0.9992253316548853	True	1:2;3:13;4:11;6:3;7:1;9:17;11:1;12:1;13:4;14:3;15:2;18:1;19:1;21:1;23:2;24:1;29:1;30:1;31:1;32:1;34:1;39:1;40:1;46:1;47:1;50:1;61:1	NA
1450389	439	812	group_1393	group_2605	TP	0.5445947228446042	0.5499954028318409	103.25	97172.0	0.023796346	8	4	1	28	76	9	17	0.2236842	8.968945	0.4729031778618347	True	True	True	True	P↔T	T_A__P_B	TP:group_1393--group_2605	135	10445.0	0.19427115083720545	0.31339558513779836	0.4729031778618347	0.9997127812350407	True	1:2;3:13;4:11;6:3;7:1;9:17;11:1;12:1;13:4;14:3;15:2;18:1;19:1;20:1;21:1;23:2;24:1;29:1;30:1;31:1;32:1;34:1;39:1;40:1;46:1;47:1;50:1;61:1	NA
1451111	439	1534	group_1393	gutB	TP	0.47268415672031294	0.4765110734781797	136.11111111111111	144239.14444444445	0.073100545	90	4	0	24	72	9	17	0.2361111	8.1	0.4671066682257567	True	True	True	True	P↔T	T_A__P_B	TP:group_1393--gutB	145	10489.0	0.20390163535341135	0.33111220016910736	0.4671066682257567	0.9992372962150825	True	1:2;3:13;4:11;6:3;7:1;9:17;11:1;13:4;14:3;15:2;18:1;20:1;23:2;24:1;30:1;31:1;32:1;34:1;39:1;40:1;46:1;47:1;50:1;61:1	NA
2872674	941	1684	group_2386	group_4888	TP	0.4637428963506291	0.47166419467001186	203.03614457831324	191643.9518072289	0.054400884	83	4	0	34	66	9	19	0.28787878	9.766816	0.4495451588683012	True	True	True	True	P↔T	T_A__P_B	TP:group_2386--group_4888	158	9065.0	0.23362085440445762	0.35204446739901274	0.4495451588683012	0.9992277992277993	True	1:2;6:4;9:19;10:1;11:1;12:1;14:2;16:1;18:1;20:2;21:1;23:1;24:1;25:1;26:1;28:1;29:1;30:1;31:2;32:3;33:2;34:2;35:1;36:1;38:3;40:1;42:1;44:1;46:1;50:2;51:1;54:1;58:1;62:1	NA
2872742	941	1752	group_2386	group_4882	TP	0.5064677323814242	0.5159557114260696	200.0875	186494.65	0.05777766	80	4	0	35	69	9	19	0.2753623	10.372549	0.4495451588683012	True	True	True	True	P↔T	T_A__P_B	TP:group_2386--group_4882	158	9065.0	0.23362085440445762	0.35204446739901274	0.4495451588683012	0.999669056811914	True	1:2;6:4;9:19;10:1;11:1;12:1;14:2;16:1;18:1;20:4;21:1;23:1;24:1;25:1;26:1;28:1;29:1;30:1;31:2;32:3;33:2;34:2;35:1;36:1;38:3;40:1;42:1;44:1;46:1;50:2;51:1;53:1;54:1;58:1;62:1	NA
2872782	941	1792	group_2386	group_3724	TP	0.5064677323814242	0.5159557114260696	166.11764705882354	158397.4705882353	0.05886419	17	4	0	37	69	9	19	0.2753623	10.463737	0.4884936686160739	True	True	True	True	P↔T	T_A__P_B	TP:group_2386--group_3724	152	10786.0	0.22550428321809185	0.3493053612327472	0.48849366861607396	0.9992582977934359	True	1:1;2:1;6:4;9:19;10:1;11:1;12:1;14:2;15:1;16:1;18:1;20:4;21:1;23:1;24:1;25:1;26:1;28:1;29:1;30:1;31:1;32:3;33:2;34:2;35:1;36:1;38:3;40:1;42:1;44:1;46:1;50:2;51:1;53:1;54:1;58:1;62:1	NA
3162684	1056	1549	group_4441	group_8256	TP	0.4858538659893969	0.4857682043685985	194.97142857142856	186619.27142857143	0.07599941	70	4	0	13	56	9	21	0.375	4.5581393	0.4594130094976121	True	True	True	True	P↔T	T_A__P_B	TP:group_4441--group_8256	157	9172.0	0.22800226591397058	0.3397986272798108	0.45941300949761216	0.9992368076755342	True	2:2;3:14;6:3;8:1;9:21;12:3;15:2;20:4;42:1;46:1;48:1;51:1;61:2	NA
3162685	1056	1550	group_4441	Int-Tn_1	TP	0.5227654098814415	0.5234061459682091	193.08860759493672	185432.98734177215	0.0755054	79	4	0	13	55	9	21	0.38181818	4.4160585	0.4594130094976121	True	True	True	True	P↔T	T_A__P_B	TP:group_4441--Int-Tn_1	157	9172.0	0.22800226591397058	0.3397986272798108	0.45941300949761216	0.9997819450501526	True	3:14;6:3;8:1;9:21;12:3;15:2;20:4;27:1;42:1;46:1;48:1;51:1;61:2	NA
3162723	1056	1588	group_4441	group_3705	TP	0.5227654098814415	0.5234061459682091	188.12820512820514	181304.2435897436	0.0736823	78	4	0	13	55	9	21	0.38181818	4.4160585	0.5227654098814415	True	True	True	True	P↔T	T_A__P_B	TP:group_4441--group_3705	156	9821.0	0.2278506213944058	0.36729734267133524	0.5227654098814415	0.99887995112514	True	3:14;6:3;8:1;9:21;12:3;15:2;20:4;27:1;42:1;46:1;48:1;51:1;61:2	NA
3162725	1056	1590	group_4441	group_5408	TP	0.5227654098814415	0.5234061459682091	184.12820512820514	177526.38461538462	0.0736823	78	4	0	13	55	9	21	0.38181818	4.4160585	0.5227654098814415	True	True	True	True	P↔T	T_A__P_B	TP:group_4441--group_5408	155	9591.0	0.23574501803149556	0.38088356576024535	0.5227654098814415	0.9989573558544469	True	3:14;6:3;8:1;9:21;12:3;15:2;20:4;27:1;42:1;46:1;48:1;51:1;61:2	NA
3162745	1056	1610	group_4441	group_4837	TP	0.5403114221760668	0.5406576064510512	329.70588235294116	315937.0588235294	0.07138643	17	4	0	14	56	9	21	0.375	4.571429	0.5403114221760668	True	True	True	True	P↔T	T_A__P_B	TP:group_4441--group_4837	175	3819.0	0.3326430681026033	0.45841715009459055	0.5403114221760668	0.997643362136685	True	3:14;6:3;8:1;9:21;12:3;15:2;20:4;27:1;42:1;46:1;48:1;51:1;54:1;61:2	NA
3162748	1056	1613	group_4441	group_5357	TP	0.5403114221760668	0.5406576064510512	330.70588235294116	316415.0	0.07138191	17	4	0	14	56	9	21	0.375	4.571429	0.5403114221760668	True	True	True	True	P↔T	T_A__P_B	TP:group_4441--group_5357	175	3819.0	0.3326430681026033	0.45841715009459055	0.5403114221760668	0.9979052107881644	True	3:14;6:3;8:1;9:21;12:3;15:2;20:4;27:1;42:1;46:1;48:1;51:1;54:1;61:2	NA
3162764	1056	1629	group_4441	group_5358	TP	0.5403114221760668	0.5406576064510512	328.70588235294116	314758.64705882355	0.07011748	17	4	0	14	56	9	21	0.375	4.571429	0.5403114221760668	True	True	True	True	P↔T	T_A__P_B	TP:group_4441--group_5358	175	3819.0	0.3326430681026033	0.45841715009459055	0.5403114221760668	0.9981670594396439	True	3:14;6:3;8:1;9:21;12:3;15:2;20:4;27:1;42:1;46:1;48:1;51:1;54:1;61:2	NA
3162765	1056	1630	group_4441	group_5359	TP	0.5403114221760668	0.5406576064510512	327.70588235294116	313081.4705882353	0.07016387	17	4	0	14	56	9	21	0.375	4.571429	0.5403114221760668	True	True	True	True	P↔T	T_A__P_B	TP:group_4441--group_5359	175	3819.0	0.3326430681026033	0.45841715009459055	0.5403114221760668	0.9984289080911233	True	3:14;6:3;8:1;9:21;12:3;15:2;20:4;27:1;42:1;46:1;48:1;51:1;54:1;61:2	NA
3162768	1056	1633	group_4441	iap	TP	0.5403114221760668	0.5406576064510512	325.70588235294116	310849.64705882355	0.07011748	17	4	0	14	56	9	21	0.375	4.571429	0.5403114221760668	True	True	True	True	P↔T	T_A__P_B	TP:group_4441--iap	175	3819.0	0.3326430681026033	0.45841715009459055	0.5403114221760668	0.9986907567426028	True	3:14;6:3;8:1;9:21;12:3;15:2;20:4;27:1;42:1;46:1;48:1;51:1;54:1;61:2	NA
3162775	1056	1640	group_4441	group_4892	TP	0.5227654098814415	0.5234061459682091	192.11688311688312	184938.2857142857	0.07151357	77	4	0	13	55	9	21	0.38181818	4.4160585	0.4594130094976121	True	True	True	True	P↔T	T_A__P_B	TP:group_4441--group_4892	157	9172.0	0.22800226591397058	0.3397986272798108	0.45941300949761216	0.9998909725250763	True	3:14;6:3;8:1;9:21;12:3;15:2;20:4;27:1;42:1;46:1;48:1;51:1;61:2	NA
3162786	1056	1651	group_4441	group_5412	TP	0.5227654098814415	0.5234061459682091	191.12820512820514	183707.6794871795	0.070902005	78	4	0	13	55	9	21	0.38181818	4.4160585	0.5227654098814415	True	True	True	True	P↔T	T_A__P_B	TP:group_4441--group_5412	156	9821.0	0.2278506213944058	0.36729734267133524	0.5227654098814415	0.9989817737501273	True	3:14;6:3;8:1;9:21;12:3;15:2;20:4;27:1;42:1;46:1;48:1;51:1;61:2	NA
3162795	1056	1660	group_4441	group_5411	TP	0.5227654098814415	0.5234061459682091	190.12820512820514	182550.83333333334	0.070324495	78	4	0	13	55	9	21	0.38181818	4.4160585	0.5227654098814415	True	True	True	True	P↔T	T_A__P_B	TP:group_4441--group_5411	156	9821.0	0.2278506213944058	0.36729734267133524	0.5227654098814415	0.9990835963751146	True	3:14;6:3;8:1;9:21;12:3;15:2;20:4;27:1;42:1;46:1;48:1;51:1;61:2	NA
3162798	1056	1663	group_4441	group_5991	TP	0.5227654098814415	0.5234061459682091	186.12820512820514	179578.39743589744	0.070236206	78	4	0	13	55	9	21	0.38181818	4.4160585	0.5227654098814415	True	True	True	True	P↔T	T_A__P_B	TP:group_4441--group_5991	155	9591.0	0.23574501803149556	0.38088356576024535	0.5227654098814415	0.9990616202690021	True	3:14;6:3;8:1;9:21;12:3;15:2;20:4;27:1;42:1;46:1;48:1;51:1;61:2	NA
3162868	1056	1733	group_4441	group_3024	TP	0.5403114221760668	0.5406576064510512	326.25	311559.5	0.06667143	16	4	0	14	56	9	21	0.375	4.571429	0.5403114221760668	True	True	True	True	P↔T	T_A__P_B	TP:group_4441--group_3024	175	3819.0	0.3326430681026033	0.45841715009459055	0.5403114221760668	0.9989526053940823	True	3:14;6:3;8:1;9:21;12:3;15:2;20:4;27:1;42:1;46:1;48:1;51:1;54:1;61:2	NA
3162878	1056	1743	group_4441	group_4895	TP	0.5403114221760668	0.5406576064510512	332.70588235294116	317498.0	0.061976064	17	4	0	14	56	9	21	0.375	4.571429	0.5403114221760668	True	True	True	True	P↔T	T_A__P_B	TP:group_4441--group_4895	175	3819.0	0.3326430681026033	0.45841715009459055	0.5403114221760668	0.9992144540455616	True	3:14;6:3;8:1;9:21;12:3;15:2;20:4;27:1;42:1;46:1;48:1;51:1;54:1;61:2	NA
3162879	1056	1744	group_4441	erm	TP	0.5403114221760668	0.5406576064510512	333.70588235294116	317923.76470588235	0.06322551	17	4	0	14	56	9	21	0.375	4.571429	0.5403114221760668	True	True	True	True	P↔T	T_A__P_B	TP:group_4441--erm	175	3819.0	0.3326430681026033	0.45841715009459055	0.5403114221760668	0.9994763026970411	True	3:14;6:3;8:1;9:21;12:3;15:2;20:4;27:1;42:1;46:1;48:1;51:1;54:1;61:2	NA
3162888	1056	1753	group_4441	group_5422	TP	0.5403114221760668	0.5406576064510512	331.70588235294116	316797.4705882353	0.06267301	17	4	0	14	56	9	21	0.375	4.571429	0.5403114221760668	True	True	True	True	P↔T	T_A__P_B	TP:group_4441--group_5422	175	3819.0	0.3326430681026033	0.45841715009459055	0.5403114221760668	0.9997381513485205	True	3:14;6:3;8:1;9:21;12:3;15:2;20:4;27:1;42:1;46:1;48:1;51:1;54:1;61:2	NA
3162917	1056	1782	group_4441	tetM	TP	0.5403114221760668	0.5406576064510512	323.6470588235294	308980.5882352941	0.06182725	17	4	0	14	56	9	21	0.375	4.571429	0.5362446942321507	True	True	True	True	P↔T	T_A__P_B	TP:group_4441--tetM	174	4367.0	0.3133152048902774	0.4665206558190084	0.5362446942321507	0.9993130295397298	True	3:14;6:3;8:1;9:21;12:3;15:2;20:4;27:1;42:1;46:1;48:1;51:1;54:1;61:2	NA
3401544	1155	1225	group_2492	group_1349	TP	0.32700772164017755	0.34671749235916527	493.75	482049.0	0.06693694	8	3	0	11	27	8	8	0.2962963	5.481203	0.2988911820712692	True	True	True	True	P↔T	T_A__P_B	TP:group_2492--group_1349	189	598.0	0.18081340513226318	0.25248819492336316	0.2988911820712692	1.0	True	2:2;4:7;8:8;10:1;15:1;21:1;32:3;37:1;39:1;56:1;60:1	NA
3416177	1161	1677	phnV_2	group_5361	TP	0.5091524360174702	0.48847761779073323	205.42857142857142	176509.0	0.048395883	7	4	0	14	29	9	7	0.2413793	8.009523	0.485384688437638	True	True	True	True	P↔T	T_A__P_B	TP:phnV_2--group_5361	159	8564.0	0.2423459130179614	0.3683869752229423	0.485384688437638	0.9992993928070995	True	4:1;9:7;14:5;21:2;26:1;28:1;29:1;30:3;31:1;37:1;40:3;50:1;52:1;61:1	NA
3416183	1161	1683	phnV_2	Int-Tn_2	TP	0.5091524360174702	0.48847761779073323	216.46666666666667	189573.26666666666	0.047904596	15	4	0	14	29	9	7	0.2413793	8.009523	0.4844131039521858	True	True	True	True	P↔T	T_A__P_B	TP:phnV_2--Int-Tn_2	161	7560.0	0.23628115157323065	0.35115320246362075	0.48441310395218584	0.9993386243386243	True	4:1;9:7;14:5;21:2;26:1;28:1;29:1;30:3;31:1;37:1;40:3;50:1;52:1;61:1	NA
3416184	1161	1684	phnV_2	group_4888	TP	0.5521700017738462	0.5251133595863693	109.8	118739.2625	0.05986203	80	4	0	16	32	9	7	0.21875	9.309091	0.4813187017149842	True	True	True	True	P↔T	T_A__P_B	TP:phnV_2--group_4888	137	10349.0	0.20064857616853873	0.32538320593770226	0.48131870171498425	0.9997101169195092	True	1:2;4:1;9:7;14:5;21:2;26:1;28:1;29:1;30:3;31:1;37:1;40:3;50:1;52:1;61:1;62:1	NA
3416185	1161	1685	phnV_2	group_5944	TP	0.5091524360174702	0.48847761779073323	205.66666666666666	177734.16666666666	0.047904596	6	4	0	14	29	9	7	0.2413793	8.009523	0.485384688437638	True	True	True	True	P↔T	T_A__P_B	TP:phnV_2--group_5944	159	8564.0	0.2423459130179614	0.3683869752229423	0.485384688437638	0.9994161606725829	True	4:1;9:7;14:5;21:2;26:1;28:1;29:1;30:3;31:1;37:1;40:3;50:1;52:1;61:1	NA
3416186	1161	1686	phnV_2	group_5945	TP	0.5091524360174702	0.48847761779073323	217.46666666666667	190703.06666666668	0.047904596	15	4	0	14	29	9	7	0.2413793	8.009523	0.4844131039521858	True	True	True	True	P↔T	T_A__P_B	TP:phnV_2--group_5945	161	7560.0	0.23628115157323065	0.35115320246362075	0.48441310395218584	0.9994708994708995	True	4:1;9:7;14:5;21:2;26:1;28:1;29:1;30:3;31:1;37:1;40:3;50:1;52:1;61:1	NA
3416191	1161	1691	phnV_2	group_5360	TP	0.5091524360174702	0.48847761779073323	219.92857142857142	194154.92857142858	0.04745195	14	4	0	14	29	9	7	0.2413793	8.009523	0.4844131039521858	True	True	True	True	P↔T	T_A__P_B	TP:phnV_2--group_5360	161	7560.0	0.23628115157323065	0.35115320246362075	0.48441310395218584	0.9996031746031746	True	4:1;9:7;14:5;21:2;26:1;28:1;29:1;30:3;31:1;37:1;40:3;50:1;52:1;61:1	NA
3416233	1161	1733	phnV_2	group_3024	TP	0.5344912148368385	0.5114836566616527	232.14285714285714	208764.35714285713	0.049922157	14	4	0	15	30	9	7	0.23333333	8.490566	0.4908116321999718	True	True	True	True	P↔T	T_A__P_B	TP:phnV_2--group_3024	163	7312.0	0.25010076509932777	0.3837856937996939	0.4908116321999718	0.999589715536105	True	1:1;4:1;9:7;14:5;21:2;26:1;28:1;29:1;30:3;31:1;37:1;40:3;50:1;52:1;61:1	NA
3416244	1161	1744	phnV_2	erm	TP	0.5344912148368385	0.5114836566616527	237.33333333333334	212872.13333333333	0.045289483	15	4	0	15	30	9	7	0.23333333	8.490566	0.5097279543220731	True	True	True	True	P↔T	T_A__P_B	TP:phnV_2--erm	164	6865.0	0.2630241893124906	0.399875563537318	0.5097279543220731	1.0	True	1:1;4:1;9:7;14:5;21:2;26:1;28:1;29:1;30:3;37:1;40:3;50:1;52:1;61:1;62:1	NA
3416252	1161	1752	phnV_2	group_4882	TP	0.5521700017738462	0.5251133595863693	106.85526315789474	113418.15789473684	0.055561952	76	4	0	16	32	9	7	0.21875	9.309091	0.4813187017149842	True	True	True	True	P↔T	T_A__P_B	TP:phnV_2--group_4882	137	10349.0	0.20064857616853873	0.32538320593770226	0.48131870171498425	0.9998067446130061	True	1:2;4:1;9:7;14:5;21:2;26:1;28:1;29:1;30:3;31:1;37:1;40:3;50:1;52:1;61:1;62:1	NA
3416253	1161	1753	phnV_2	group_5422	TP	0.493825320880969	0.47147751852151626	235.33333333333334	211721.13333333333	0.04592318	15	4	0	15	30	9	7	0.23333333	8.490566	0.4908116321999718	True	True	True	True	P↔T	T_A__P_B	TP:phnV_2--group_5422	163	7312.0	0.25010076509932777	0.3837856937996939	0.4908116321999718	0.999316192560175	True	1:1;4:1;9:7;14:5;21:2;26:1;28:1;29:1;30:3;37:1;40:3;50:1;52:1;61:1;62:1	NA
3416260	1161	1760	phnV_2	group_4448	TP	0.525054028154644	0.49851430436016975	182.94444444444446	196619.29166666666	0.06174112	72	4	0	16	32	9	7	0.21875	9.309091	0.5227654098814415	True	True	True	True	P↔T	T_A__P_B	TP:phnV_2--group_4448	155	9591.0	0.23574501803149556	0.38088356576024535	0.5227654098814415	0.9992701490981128	True	1:2;2:1;4:1;9:7;14:5;21:2;26:1;28:1;29:1;30:3;31:1;40:3;50:1;52:1;61:1;62:1	NA
3416282	1161	1782	phnV_2	tetM	TP	0.5521700017738462	0.5251133595863693	227.26666666666668	203718.13333333333	0.052832417	15	4	0	16	32	9	7	0.21875	9.309091	0.460990287300509	True	True	True	True	P↔T	T_A__P_B	TP:phnV_2--tetM	162	7828.0	0.24869316427324445	0.37233550229445356	0.46099028730050906	1.0	True	1:2;4:1;9:7;14:5;21:2;26:1;28:1;29:1;30:3;31:1;37:1;40:3;50:1;52:1;61:1;62:1	NA
3416292	1161	1792	phnV_2	group_3724	TP	0.521253593161121	0.4966306866011499	238.33333333333334	214597.66666666666	0.045369342	15	4	0	16	31	9	7	0.22580644	8.981308	0.5097279543220731	True	True	True	True	P↔T	T_A__P_B	TP:phnV_2--group_3724	164	6865.0	0.2630241893124906	0.399875563537318	0.5097279543220731	0.9997086671522214	True	1:1;4:1;9:7;14:5;21:2;26:1;28:1;29:1;30:3;31:1;37:1;40:3;50:1;52:1;61:1;62:1	NA
3416406	1161	1906	phnV_2	group_624	TP	0.5885191399174267	0.5587714671377985	114.20454545454545	125818.45454545454	0.04940356	44	4	0	17	33	9	7	0.21212122	9.810811	0.4480416103913727	True	True	True	True	P↔T	T_A__P_B	TP:phnV_2--group_624	139	10221.0	0.20489226871164087	0.32643918991900917	0.44804161039137275	1.0	True	1:2;2:1;4:1;9:7;14:5;21:2;26:1;28:1;29:1;30:3;31:1;37:1;40:3;50:1;52:1;61:1;62:1	NA
3619708	1249	1356	group_4408	group_1077	TP	0.5325035048821389	0.6713042549143775	241.625	248020.25	0.067151986	8	2	0	6	28	4	9	0.32142857	4.0833335	0.5097279543220731	True	True	True	True	P↔T	T_A__P_B	TP:group_4408--group_1077	164	6865.0	0.2630241893124906	0.399875563537318	0.5097279543220731	0.9998543335761108	True	1:2;4:9;9:9;20:4;21:3;53:1	NA
3619736	1249	1384	group_4408	group_4444	TP	0.5325035048821389	0.6713042549143775	132.140350877193	148923.0	0.0617859	57	2	0	7	28	9	10	0.35714287	4.0833335	0.485564597768414	True	True	True	True	P↔T	T_A__P_B	TP:group_4408--group_4444	144	10335.0	0.2042225686961178	0.34049151864976346	0.485564597768414	1.0	True	1:1;3:1;4:8;9:10;20:4;21:3;53:1	NA
3619756	1249	1404	group_4408	group_2046	TP	0.6217438715271476	0.7798384882039797	367.8421052631579	357263.05263157893	0.052920498	19	2	0	7	30	9	10	0.33333334	4.245283	0.541388303749566	True	True	True	True	P↔T	T_A__P_B	TP:group_4408--group_2046	179	2126.0	0.3514645368032616	0.46377582596719047	0.541388303749566	1.0	True	1:2;3:1;4:9;9:10;20:4;21:3;53:1	NA
3619872	1249	1520	group_4408	phnU	TP	0.5870809905801407	0.7351258474585997	334.70588235294116	314340.1176470588	0.04933834	17	2	0	7	30	9	10	0.33333334	4.245283	0.5511309254021438	True	True	True	True	P↔T	T_A__P_B	TP:group_4408--phnU	176	3481.0	0.3306868110574498	0.43954626227847926	0.5511309254021438	0.9997127262280954	True	1:2;3:1;4:9;9:10;20:4;21:3;53:1	NA
3619902	1249	1550	group_4408	Int-Tn_1	TP	0.6217438715271476	0.7798384882039797	159.1851851851852	146308.54320987655	0.042333983	81	2	0	7	30	9	10	0.33333334	4.245283	0.5128217656534273	True	True	True	True	P↔T	T_A__P_B	TP:group_4408--Int-Tn_1	150	10867.0	0.22948210615913214	0.36890238885126486	0.5128217656534273	0.9998159565657495	True	1:2;3:1;4:9;9:10;20:4;21:3;53:1	NA
3619938	1249	1586	group_4408	group_1962	TP	0.5584889044385895	0.699323663615708	318.3	300298.55	0.048341643	20	2	0	7	30	9	10	0.33333334	4.245283	0.5362446942321507	True	True	True	True	P↔T	T_A__P_B	TP:group_4408--group_1962	174	4367.0	0.3133152048902774	0.4665206558190084	0.5362446942321507	1.0	True	1:2;3:1;4:9;9:10;20:4;21:3;53:1	NA
3619940	1249	1588	group_4408	group_3705	TP	0.6217438715271476	0.7798384882039797	154.19753086419752	142240.67901234567	0.040209256	81	2	0	7	30	9	10	0.33333334	4.245283	0.5188868186701031	True	True	True	True	P↔T	T_A__P_B	TP:group_4408--group_3705	149	10619.0	0.23329372527485046	0.39653805781618356	0.5188868186701031	0.9997174875223656	True	1:2;3:1;4:9;9:10;20:4;21:3;53:1	NA
3619942	1249	1590	group_4408	group_5408	TP	0.6217438715271476	0.7798384882039797	150.19753086419752	138424.2098765432	0.040209256	81	2	0	7	30	9	10	0.33333334	4.245283	0.4869206249272111	True	True	True	True	P↔T	T_A__P_B	TP:group_4408--group_5408	148	10641.0	0.22730636303357493	0.385790964314127	0.48692062492721117	0.999906023869937	True	1:2;3:1;4:9;9:10;20:4;21:3;53:1	NA
3619943	1249	1591	group_4408	group_5410	TP	0.6217438715271476	0.7798384882039797	153.19753086419752	141498.77777777778	0.03995833	81	2	0	7	30	9	10	0.33333334	4.245283	0.5188868186701031	True	True	True	True	P↔T	T_A__P_B	TP:group_4408--group_5410	149	10619.0	0.23329372527485046	0.39653805781618356	0.5188868186701031	0.9998116583482437	True	1:2;3:1;4:9;9:10;20:4;21:3;53:1	NA
3619950	1249	1598	group_4408	group_5409	TP	0.6217438715271476	0.7798384882039797	151.19753086419752	139070.01234567902	0.0395562	81	2	0	7	30	9	10	0.33333334	4.245283	0.4869206249272111	True	True	True	True	P↔T	T_A__P_B	TP:group_4408--group_5409	148	10641.0	0.22730636303357493	0.385790964314127	0.48692062492721117	1.0	True	1:2;3:1;4:9;9:10;20:4;21:3;53:1	NA
3619990	1249	1638	group_4408	group_2704	TP	0.5870809905801407	0.7351258474585997	130.51785714285714	146076.2857142857	0.04210609	56	2	0	7	30	9	10	0.33333334	4.245283	0.4951956694861554	True	True	True	True	P↔T	T_A__P_B	TP:group_4408--group_2704	143	10696.0	0.20891625980446152	0.33272057308449343	0.49519566948615545	1.0	True	1:2;3:1;4:9;9:10;20:4;21:3;53:1	NA
3619992	1249	1640	group_4408	group_4892	TP	0.6217438715271476	0.7798384882039797	158.175	145827.1375	0.03792892	80	2	0	7	30	9	10	0.33333334	4.245283	0.5128217656534273	True	True	True	True	P↔T	T_A__P_B	TP:group_4408--group_4892	150	10867.0	0.22948210615913214	0.36890238885126486	0.5128217656534273	0.9999079782828748	True	1:2;3:1;4:9;9:10;20:4;21:3;53:1	NA
3620003	1249	1651	group_4408	group_5412	TP	0.6217438715271476	0.7798384882039797	157.19753086419752	144614.97530864197	0.037561677	81	2	0	7	30	9	10	0.33333334	4.245283	0.5128217656534273	True	True	True	True	P↔T	T_A__P_B	TP:group_4408--group_5412	150	10867.0	0.22948210615913214	0.36890238885126486	0.5128217656534273	1.0	True	1:2;3:1;4:9;9:10;20:4;21:3;53:1	NA
3620008	1249	1656	group_4408	group_3419	TP	0.6217438715271476	0.7798384882039797	144.20987654320987	134280.72839506174	0.037159543	81	2	0	7	30	9	10	0.33333334	4.245283	0.4871561782106265	True	True	True	True	P↔T	T_A__P_B	TP:group_4408--group_3419	147	10318.0	0.2240150343862563	0.3704410052249503	0.48715617821062657	1.0	True	1:2;3:1;4:9;9:10;20:4;21:3;53:1	NA
3620012	1249	1660	group_4408	group_5411	TP	0.6217438715271476	0.7798384882039797	156.19753086419752	143473.46913580247	0.037218012	81	2	0	7	30	9	10	0.33333334	4.245283	0.5188868186701031	True	True	True	True	P↔T	T_A__P_B	TP:group_4408--group_5411	149	10619.0	0.23329372527485046	0.39653805781618356	0.5188868186701031	0.9999058291741219	True	1:2;3:1;4:9;9:10;20:4;21:3;53:1	NA
3620015	1249	1663	group_4408	group_5991	TP	0.6217438715271476	0.7798384882039797	152.19753086419752	140501.11111111112	0.037159543	81	2	0	7	30	9	10	0.33333334	4.245283	0.5188868186701031	True	True	True	True	P↔T	T_A__P_B	TP:group_4408--group_5991	149	10619.0	0.23329372527485046	0.39653805781618356	0.5188868186701031	1.0	True	1:2;3:1;4:9;9:10;20:4;21:3;53:1	NA
3620105	1249	1753	group_4408	group_5422	TP	0.5734152604727226	0.7208401980021812	305.70588235294116	286795.5294117647	0.03419028	17	2	0	6	29	9	10	0.3448276	3.985782	0.5427275615906816	True	True	True	True	P↔T	T_A__P_B	TP:group_4408--group_5422	172	4689.0	0.3362189976488277	0.45633727941803354	0.5427275615906816	0.999786734911495	True	1:2;3:1;4:9;9:10;20:4;21:3	NA
3620134	1249	1782	group_4408	tetM	TP	0.6217438715271476	0.7798384882039797	297.6470588235294	278978.64705882355	0.03468168	17	2	0	7	30	9	10	0.33333334	4.245283	0.5427275615906816	True	True	True	True	P↔T	T_A__P_B	TP:group_4408--tetM	172	4689.0	0.3362189976488277	0.45633727941803354	0.5427275615906816	1.0	True	1:2;3:1;4:9;9:10;20:4;21:3;53:1	NA
3620144	1249	1792	group_4408	group_3724	TP	0.6217438715271476	0.7798384882039797	308.70588235294116	289714.4705882353	0.03343344	17	2	0	7	30	9	10	0.33333334	4.245283	0.5462153733518725	True	True	True	True	P↔T	T_A__P_B	TP:group_4408--group_3724	173	4267.0	0.3313521235794704	0.4543886035648884	0.5462153733518725	1.0	True	1:2;3:1;4:9;9:10;20:4;21:3;53:1	NA
3620196	1249	1844	group_4408	galT_2	TP	0.6217438715271476	0.7798384882039797	383.7894736842105	372115.36842105264	0.03336129	19	2	0	7	30	9	10	0.33333334	4.245283	0.5828268911948791	True	True	True	True	P↔T	T_A__P_B	TP:group_4408--galT_2	180	2130.0	0.37164060360744455	0.48472570851415564	0.5828268911948791	1.0	True	1:2;3:1;4:9;9:10;20:4;21:3;53:1	NA
3640053	1258	1289	group_1130	group_3703	TP	0.5680084844489448	0.6009860744968017	116.21794871794872	92095.76923076923	0.087479055	78	3	0	8	20	6	5	0.25	5.4054055	0.4480416103913727	True	True	True	True	P↔T	T_A__P_B	TP:group_1130--group_3703	139	10221.0	0.20489226871164087	0.32643918991900917	0.44804161039137275	0.9999021622150475	True	4:2;6:5;8:1;13:5;14:4;24:1;40:1;59:1	NA
3640120	1258	1356	group_1130	group_1077	TP	0.5680084844489448	0.6009860744968017	341.125	340548.25	0.08223327	8	3	0	8	20	6	5	0.25	5.714286	0.5511309254021438	True	True	True	True	P↔T	T_A__P_B	TP:group_1130--group_1077	176	3481.0	0.3306868110574498	0.43954626227847926	0.5511309254021438	0.9994254524561907	True	4:3;6:5;8:1;13:4;14:4;24:1;40:1;59:1	NA
3640244	1258	1480	group_1130	pbpX_1	TP	0.6179271255663197	0.652523040540498	184.94736842105263	166520.69736842104	0.0661656	76	3	0	8	21	6	5	0.23809524	5.5822783	0.5227654098814415	True	True	True	True	P↔T	T_A__P_B	TP:group_1130--pbpX_1	155	9591.0	0.23574501803149556	0.38088356576024535	0.5227654098814415	1.0	True	4:3;6:5;8:1;13:5;14:4;24:1;40:1;59:1	NA
3640298	1258	1534	group_1130	gutB	TP	0.6179271255663197	0.652523040540498	257.4931506849315	244722.5205479452	0.062073052	73	3	0	8	21	6	5	0.23809524	5.5822783	0.5107419291721534	True	True	True	True	P↔T	T_A__P_B	TP:group_1130--gutB	167	6382.0	0.28859550233087417	0.3958517696707674	0.5107419291721534	0.9992165465371357	True	4:3;6:5;8:1;13:5;14:4;24:1;40:1;59:1	NA
3640366	1258	1602	group_1130	group_1119	TP	0.4990948580676925	0.5260105520931369	103.16216216216216	79491.06756756757	0.06135209	74	3	0	8	21	6	5	0.23809524	5.5822783	0.4729031778618347	True	True	True	True	P↔T	T_A__P_B	TP:group_1130--group_1119	135	10445.0	0.19427115083720545	0.31339558513779836	0.4729031778618347	0.9995213020584012	True	4:3;6:5;8:1;13:5;14:4;24:1;40:1;59:1	NA
3640374	1258	1610	group_1130	group_4837	TP	0.6179271255663197	0.652523040540498	156.52941176470588	151709.0	0.05403508	17	3	0	8	21	6	5	0.23809524	5.5822783	0.5128217656534273	True	True	True	True	P↔T	T_A__P_B	TP:group_1130--group_4837	150	10867.0	0.22948210615913214	0.36890238885126486	0.5128217656534273	0.999263826262998	True	4:3;6:5;8:1;13:5;14:4;24:1;40:1;59:1	NA
3640376	1258	1612	group_1130	group_5355	TP	0.6179271255663197	0.652523040540498	164.52941176470588	159243.88235294117	0.054193065	17	3	0	8	21	6	5	0.23809524	5.5822783	0.4867813349051285	True	True	True	True	P↔T	T_A__P_B	TP:group_1130--group_5355	151	10832.0	0.22913031554138144	0.3510825961738888	0.4867813349051285	0.9997230428360414	True	4:3;6:5;8:1;13:5;14:4;24:1;40:1;59:1	NA
3640377	1258	1613	group_1130	group_5357	TP	0.6179271255663197	0.652523040540498	157.52941176470588	152193.70588235295	0.054090094	17	3	0	8	21	6	5	0.23809524	5.5822783	0.5128217656534273	True	True	True	True	P↔T	T_A__P_B	TP:group_1130--group_5357	150	10867.0	0.22948210615913214	0.36890238885126486	0.5128217656534273	0.9993558479801233	True	4:3;6:5;8:1;13:5;14:4;24:1;40:1;59:1	NA
3640391	1258	1627	group_1130	group_4581	TP	0.6179271255663197	0.652523040540498	151.52941176470588	145665.82352941178	0.054445725	17	3	0	8	21	6	5	0.23809524	5.5822783	0.4869206249272111	True	True	True	True	P↔T	T_A__P_B	TP:group_1130--group_4581	148	10641.0	0.22730636303357493	0.385790964314127	0.48692062492721117	0.9998120477398741	True	4:3;6:5;8:1;13:5;14:4;24:1;40:1;59:1	NA
3640392	1258	1628	group_1130	ftsK_1	TP	0.6179271255663197	0.652523040540498	162.52941176470588	156741.41176470587	0.053127725	17	3	0	8	21	6	5	0.23809524	5.5822783	0.4867813349051285	True	True	True	True	P↔T	T_A__P_B	TP:group_1130--ftsK_1	151	10832.0	0.22913031554138144	0.3510825961738888	0.4867813349051285	0.9998153618906942	True	4:3;6:5;8:1;13:5;14:4;24:1;40:1;59:1	NA
3640393	1258	1629	group_1130	group_5358	TP	0.6179271255663197	0.652523040540498	155.52941176470588	150587.4705882353	0.05308362	17	3	0	8	21	6	5	0.23809524	5.5822783	0.5188868186701031	True	True	True	True	P↔T	T_A__P_B	TP:group_1130--group_5358	149	10619.0	0.23329372527485046	0.39653805781618356	0.5188868186701031	0.999340804218853	True	4:3;6:5;8:1;13:5;14:4;24:1;40:1;59:1	NA
3640394	1258	1630	group_1130	group_5359	TP	0.6179271255663197	0.652523040540498	154.52941176470588	148960.64705882352	0.054355428	17	3	0	8	21	6	5	0.23809524	5.5822783	0.5188868186701031	True	True	True	True	P↔T	T_A__P_B	TP:group_1130--group_5359	149	10619.0	0.23329372527485046	0.39653805781618356	0.5188868186701031	0.9994349750447311	True	4:3;6:5;8:1;13:5;14:4;24:1;40:1;59:1	NA
3640395	1258	1631	group_1130	group_5416	TP	0.5680084844489448	0.6009860744968017	229.1904761904762	229584.66666666666	0.05390792	21	3	0	8	20	6	5	0.25	5.4054055	0.4908116321999718	True	True	True	True	P↔T	T_A__P_B	TP:group_1130--group_5416	163	7312.0	0.25010076509932777	0.3837856937996939	0.4908116321999718	0.999863238512035	True	4:2;6:5;8:1;13:5;14:4;24:1;40:1;59:1	NA
3640396	1258	1632	group_1130	group_5942	TP	0.6179271255663197	0.652523040540498	163.52941176470588	157847.11764705883	0.053127725	17	3	0	8	21	6	5	0.23809524	5.5822783	0.4867813349051285	True	True	True	True	P↔T	T_A__P_B	TP:group_1130--group_5942	151	10832.0	0.22913031554138144	0.3510825961738888	0.4867813349051285	0.9999076809453471	True	4:3;6:5;8:1;13:5;14:4;24:1;40:1;59:1	NA
3640397	1258	1633	group_1130	iap	TP	0.6179271255663197	0.652523040540498	152.52941176470588	146556.5294117647	0.05308362	17	3	0	8	21	6	5	0.23809524	5.5822783	0.5188868186701031	True	True	True	True	P↔T	T_A__P_B	TP:group_1130--iap	149	10619.0	0.23329372527485046	0.39653805781618356	0.5188868186701031	0.9995291458706093	True	4:3;6:5;8:1;13:5;14:4;24:1;40:1;59:1	NA
3640441	1258	1677	group_1130	group_5361	TP	0.6179271255663197	0.652523040540498	108.5	103791.25	0.050952967	8	3	0	8	21	6	5	0.23809524	5.5822783	0.4813187017149842	True	True	True	True	P↔T	T_A__P_B	TP:group_1130--group_5361	137	10349.0	0.20064857616853873	0.32538320593770226	0.48131870171498425	0.9999033723065031	True	4:3;6:5;8:1;13:5;14:4;24:1;40:1;59:1	NA
3640447	1258	1683	group_1130	Int-Tn_2	TP	0.6179271255663197	0.652523040540498	140.05882352941177	130854.23529411765	0.050449304	17	3	0	8	21	6	5	0.23809524	5.5822783	0.4848323580993047	True	True	True	True	P↔T	T_A__P_B	TP:group_1130--Int-Tn_2	146	10299.0	0.22485448112403592	0.36155200654189734	0.48483235809930475	0.9999029031944849	True	4:3;6:5;8:1;13:5;14:4;24:1;40:1;59:1	NA
3640448	1258	1684	group_1130	group_4888	TP	0.6179271255663197	0.652523040540498	209.6164383561644	196672.15068493152	0.052563373	73	3	0	8	21	6	5	0.23809524	5.5822783	0.4908120108542949	True	True	True	True	P↔T	T_A__P_B	TP:group_1130--group_4888	160	8107.0	0.24810609129841318	0.36662452662648437	0.4908120108542949	1.0	True	4:3;6:5;8:1;13:5;14:4;24:1;40:1;59:1	NA
3640449	1258	1685	group_1130	group_5944	TP	0.6179271255663197	0.652523040540498	109.28571428571429	105604.85714285714	0.050449304	7	3	0	8	21	6	5	0.23809524	5.5822783	0.4813187017149842	True	True	True	True	P↔T	T_A__P_B	TP:group_1130--group_5944	137	10349.0	0.20064857616853873	0.32538320593770226	0.48131870171498425	1.0	True	4:3;6:5;8:1;13:5;14:4;24:1;40:1;59:1	NA
3640450	1258	1686	group_1130	group_5945	TP	0.6179271255663197	0.652523040540498	141.05882352941177	131955.76470588235	0.050449304	17	3	0	8	21	6	5	0.23809524	5.5822783	0.4848323580993047	True	True	True	True	P↔T	T_A__P_B	TP:group_1130--group_5945	146	10299.0	0.22485448112403592	0.36155200654189734	0.48483235809930475	1.0	True	4:3;6:5;8:1;13:5;14:4;24:1;40:1;59:1	NA
3640455	1258	1691	group_1130	group_5360	TP	0.6179271255663197	0.652523040540498	144.9375	136367.125	0.049946494	16	3	0	8	21	6	5	0.23809524	5.5822783	0.4871561782106265	True	True	True	True	P↔T	T_A__P_B	TP:group_1130--group_5360	147	10318.0	0.2240150343862563	0.3704410052249503	0.48715617821062657	0.9999030819926342	True	4:3;6:5;8:1;13:5;14:4;24:1;40:1;59:1	NA
3640497	1258	1733	group_1130	group_3024	TP	0.6179271255663197	0.652523040540498	158.06666666666666	151178.93333333332	0.05050319	15	3	0	8	21	6	5	0.23809524	5.5822783	0.5128217656534273	True	True	True	True	P↔T	T_A__P_B	TP:group_1130--group_3024	150	10867.0	0.22948210615913214	0.36890238885126486	0.5128217656534273	0.9994478696972485	True	4:3;6:5;8:1;13:5;14:4;24:1;40:1;59:1	NA
3640507	1258	1743	group_1130	group_4895	TP	0.6179271255663197	0.652523040540498	159.52941176470588	153323.23529411765	0.047475167	17	3	0	8	21	6	5	0.23809524	5.5822783	0.5128217656534273	True	True	True	True	P↔T	T_A__P_B	TP:group_1130--group_4895	150	10867.0	0.22948210615913214	0.36890238885126486	0.5128217656534273	0.9995398914143738	True	4:3;6:5;8:1;13:5;14:4;24:1;40:1;59:1	NA
3640508	1258	1744	group_1130	erm	TP	0.6179271255663197	0.652523040540498	160.52941176470588	153771.64705882352	0.046144463	17	3	0	8	21	6	5	0.23809524	5.5822783	0.5128217656534273	True	True	True	True	P↔T	T_A__P_B	TP:group_1130--erm	150	10867.0	0.22948210615913214	0.36890238885126486	0.5128217656534273	0.999631913131499	True	4:3;6:5;8:1;13:5;14:4;24:1;40:1;59:1	NA
3640516	1258	1752	group_1130	group_4882	TP	0.6179271255663197	0.652523040540498	206.64285714285714	191585.1	0.047263466	70	3	0	8	21	6	5	0.23809524	5.5822783	0.485384688437638	True	True	True	True	P↔T	T_A__P_B	TP:group_1130--group_4882	159	8564.0	0.2423459130179614	0.3683869752229423	0.485384688437638	1.0	True	4:3;6:5;8:1;13:5;14:4;24:1;40:1;59:1	NA
3640517	1258	1753	group_1130	group_5422	TP	0.6179271255663197	0.652523040540498	158.52941176470588	152634.23529411765	0.0468151	17	3	0	8	21	6	5	0.23809524	5.5822783	0.5128217656534273	True	True	True	True	P↔T	T_A__P_B	TP:group_1130--group_5422	150	10867.0	0.22948210615913214	0.36890238885126486	0.5128217656534273	0.9997239348486243	True	4:3;6:5;8:1;13:5;14:4;24:1;40:1;59:1	NA
3640542	1258	1778	group_1130	group_4894	TP	0.5482282396563025	0.5781689406109003	228.28571428571428	229050.14285714287	0.045836784	21	3	0	8	21	6	5	0.23809524	5.5822783	0.460990287300509	True	True	True	True	P↔T	T_A__P_B	TP:group_1130--group_4894	162	7828.0	0.24869316427324445	0.37233550229445356	0.46099028730050906	0.9998722534491569	True	4:3;6:5;8:1;13:5;14:4;24:1;40:1;59:1	NA
3640546	1258	1782	group_1130	tetM	TP	0.6179271255663197	0.652523040540498	152.75	145895.8125	0.04504597	16	3	0	8	21	6	5	0.23809524	5.5822783	0.5188868186701031	True	True	True	True	P↔T	T_A__P_B	TP:group_1130--tetM	149	10619.0	0.23329372527485046	0.39653805781618356	0.5188868186701031	0.9996233166964874	True	4:3;6:5;8:1;13:5;14:4;24:1;40:1;59:1	NA
3640556	1258	1792	group_1130	group_3724	TP	0.6179271255663197	0.652523040540498	163.8125	156699.0	0.04419799	16	3	0	8	21	6	5	0.23809524	5.5822783	0.4867813349051285	True	True	True	True	P↔T	T_A__P_B	TP:group_1130--group_3724	151	10832.0	0.22913031554138144	0.3510825961738888	0.4867813349051285	1.0	True	4:3;6:5;8:1;13:5;14:4;24:1;40:1;59:1	NA
3640561	1258	1797	group_1130	group_1754	TP	0.5482282396563025	0.5781689406109003	304.15	302880.35	0.04569672	20	3	0	8	21	6	5	0.23809524	5.5822783	0.5427275615906816	True	True	True	True	P↔T	T_A__P_B	TP:group_1130--group_1754	172	4689.0	0.3362189976488277	0.45633727941803354	0.5427275615906816	0.99914693964598	True	4:3;6:5;8:1;13:5;14:4;24:1;40:1;59:1	NA
3640608	1258	1844	group_1130	galT_2	TP	0.6179271255663197	0.652523040540498	263.5238095238095	261548.61904761905	0.0405824	21	3	0	8	21	6	5	0.23809524	5.5822783	0.5107419291721534	True	True	True	True	P↔T	T_A__P_B	TP:group_1130--galT_2	167	6382.0	0.28859550233087417	0.3958517696707674	0.5107419291721534	0.9993732372297085	True	4:3;6:5;8:1;13:5;14:4;24:1;40:1;59:1	NA
3640626	1258	1862	group_1130	group_1976	TP	0.6179271255663197	0.652523040540498	234.16666666666666	231958.5	0.03968028	12	3	0	8	21	6	5	0.23809524	5.5822783	0.4908116321999718	True	True	True	True	P↔T	T_A__P_B	TP:group_1130--group_1976	163	7312.0	0.25010076509932777	0.3837856937996939	0.4908116321999718	1.0	True	4:3;6:5;8:1;13:5;14:4;24:1;40:1;59:1	NA
3640631	1258	1867	group_1130	group_4451	TP	0.5482282396563025	0.5781689406109003	305.15	303935.2	0.041769065	20	3	0	8	21	6	5	0.23809524	5.5822783	0.5427275615906816	True	True	True	True	P↔T	T_A__P_B	TP:group_1130--group_4451	172	4689.0	0.3362189976488277	0.45633727941803354	0.5427275615906816	0.999360204734485	True	4:3;6:5;8:1;13:5;14:4;24:1;40:1;59:1	NA
3640635	1258	1871	group_1130	group_1359	TP	0.6179271255663197	0.652523040540498	264.42857142857144	262105.95238095237	0.039255075	21	3	0	8	21	6	5	0.23809524	5.5822783	0.5107419291721534	True	True	True	True	P↔T	T_A__P_B	TP:group_1130--group_1359	167	6382.0	0.28859550233087417	0.3958517696707674	0.5107419291721534	0.9995299279222815	True	4:3;6:5;8:1;13:5;14:4;24:1;40:1;59:1	NA
3640637	1258	1873	group_1130	group_1656	TP	0.5700285688575066	0.6011598636015346	159.2923076923077	142095.21538461538	0.042501807	65	3	0	8	21	6	5	0.23809524	5.5822783	0.5128217656534273	True	True	True	True	P↔T	T_A__P_B	TP:group_1130--group_1656	150	10867.0	0.22948210615913214	0.36890238885126486	0.5128217656534273	0.9991718045458728	True	4:3;6:5;8:1;13:5;14:4;24:1;40:1;59:1	NA
3640670	1258	1906	group_1130	group_624	TP	0.5700285688575066	0.6011598636015346	214.11904761904762	203631.2142857143	0.039871357	42	3	0	8	21	6	5	0.23809524	5.5822783	0.4908120108542949	True	True	True	True	P↔T	T_A__P_B	TP:group_1130--group_624	160	8107.0	0.24810609129841318	0.36662452662648437	0.4908120108542949	0.9998766498088072	True	4:3;6:5;8:1;13:5;14:4;24:1;40:1;59:1	NA
3647030	1261	1480	group_2577	pbpX_1	TP	0.5189693812811891	0.6293237222373415	153.60714285714286	137738.59523809524	0.061016206	84	2	0	16	36	8	10	0.2777778	8.307693	0.5188868186701031	True	True	True	True	P↔T	T_A__P_B	TP:group_2577--pbpX_1	149	10619.0	0.23329372527485046	0.39653805781618356	0.5188868186701031	0.9990582917412185	True	1:3;3:1;5:1;7:1;8:10;10:1;11:2;14:3;16:1;24:3;29:1;32:3;36:1;50:2;54:2;55:1	NA
3647188	1261	1638	group_2577	group_2704	TP	0.5509865752942332	0.6678610538025491	294.3191489361702	296817.21276595746	0.048705112	47	2	0	16	37	8	10	0.27027026	8.398773	0.5373939396899984	True	True	True	True	P↔T	T_A__P_B	TP:group_2577--group_2704	171	4936.0	0.3232153444496031	0.45119838305172694	0.5373939396899984	0.9997974068071313	True	1:4;3:1;5:1;7:1;8:10;10:1;11:2;14:3;16:1;24:3;29:1;32:3;36:1;50:2;54:2;55:1	NA
3647234	1261	1684	group_2577	group_4888	TP	0.5509865752942332	0.6678610538025491	179.1153846153846	168675.71794871794	0.050667748	78	2	0	16	37	8	10	0.27027026	8.398773	0.5509865752942332	True	True	True	True	P↔T	T_A__P_B	TP:group_2577--group_4888	154	10147.0	0.23925083268906638	0.3677343582400997	0.5509865752942332	0.9989159357445551	True	1:4;3:1;5:1;7:1;8:10;10:1;11:2;14:3;16:1;24:3;29:1;32:3;36:1;50:2;54:2;55:1	NA
3647293	1261	1743	group_2577	group_4895	TP	0.5871834925859922	0.7117360090389239	186.73333333333332	177903.6	0.04723281	15	2	0	17	38	8	10	0.2631579	8.804878	0.5227654098814415	True	True	True	True	P↔T	T_A__P_B	TP:group_2577--group_4895	156	9821.0	0.2278506213944058	0.36729734267133524	0.5227654098814415	0.9995927095000509	True	1:4;2:1;3:1;5:1;7:1;8:10;10:1;11:2;14:3;16:1;24:3;29:1;32:3;36:1;50:2;54:2;55:1	NA
3647294	1261	1744	group_2577	erm	TP	0.5871834925859922	0.7117360090389239	187.73333333333332	178336.46666666667	0.046998926	15	2	0	17	38	8	10	0.2631579	8.804878	0.5227654098814415	True	True	True	True	P↔T	T_A__P_B	TP:group_2577--erm	156	9821.0	0.2278506213944058	0.36729734267133524	0.5227654098814415	0.9996945321250382	True	1:4;2:1;3:1;5:1;7:1;8:10;10:1;11:2;14:3;16:1;24:3;29:1;32:3;36:1;50:2;54:2;55:1	NA
3647302	1261	1752	group_2577	group_4882	TP	0.5509865752942332	0.6678610538025491	176.16	163606.65333333332	0.045526527	75	2	0	16	37	8	10	0.27027026	8.398773	0.5509865752942332	True	True	True	True	P↔T	T_A__P_B	TP:group_2577--group_4882	154	10147.0	0.23925083268906638	0.3677343582400997	0.5509865752942332	0.9990144870405046	True	1:4;3:1;5:1;7:1;8:10;10:1;11:2;14:3;16:1;24:3;29:1;32:3;36:1;50:2;54:2;55:1	NA
3647303	1261	1753	group_2577	group_5422	TP	0.5871834925859922	0.7117360090389239	185.73333333333332	177223.0	0.046577234	15	2	0	17	38	8	10	0.2631579	8.804878	0.5227654098814415	True	True	True	True	P↔T	T_A__P_B	TP:group_2577--group_5422	155	9591.0	0.23574501803149556	0.38088356576024535	0.5227654098814415	0.9998957355854446	True	1:4;2:1;3:1;5:1;7:1;8:10;10:1;11:2;14:3;16:1;24:3;29:1;32:3;36:1;50:2;54:2;55:1	NA
3647342	1261	1792	group_2577	group_3724	TP	0.5871834925859922	0.7117360090389239	188.73333333333332	180138.33333333334	0.04280527	15	2	0	17	38	8	10	0.2631579	8.804878	0.5227654098814415	True	True	True	True	P↔T	T_A__P_B	TP:group_2577--group_3724	156	9821.0	0.2278506213944058	0.36729734267133524	0.5227654098814415	0.9997963547500255	True	1:4;2:1;3:1;5:1;7:1;8:10;10:1;11:2;14:3;16:1;24:3;29:1;32:3;36:1;50:2;54:2;55:1	NA
3647417	1261	1867	group_2577	group_4451	TP	0.5509865752942332	0.6678610538025491	323.42105263157896	320842.36842105264	0.04126045	19	2	0	16	37	8	10	0.27027026	8.398773	0.5362446942321507	True	True	True	True	P↔T	T_A__P_B	TP:group_2577--group_4451	174	4367.0	0.3133152048902774	0.4665206558190084	0.5362446942321507	0.9995420196931531	True	1:4;3:1;5:1;7:1;8:10;10:1;11:2;14:3;16:1;24:3;29:1;32:3;36:1;50:2;54:2;55:1	NA
3647456	1261	1906	group_2577	group_624	TP	0.5509865752942332	0.6678610538025491	183.5	175034.29545454544	0.04036126	44	2	0	16	37	8	10	0.27027026	8.398773	0.5227654098814415	True	True	True	True	P↔T	T_A__P_B	TP:group_2577--group_624	155	9591.0	0.23574501803149556	0.38088356576024535	0.5227654098814415	0.9995829423417788	True	1:4;3:1;5:1;7:1;8:10;10:1;11:2;14:3;16:1;24:3;29:1;32:3;36:1;50:2;54:2;55:1	NA
3687368	1279	1291	group_711	group_5093	TP	0.5927701462228009	0.6848990596563721	208.4	211795.65	0.08513436	20	2	0	6	19	9	10	0.5263158	2.7984495	0.485384688437638	True	True	True	True	P↔T	T_A__P_B	TP:group_711--group_5093	159	8564.0	0.2423459130179614	0.3683869752229423	0.485384688437638	0.9998832321345166	True	7:1;9:10;14:5;21:1;42:1;45:1	NA
3687461	1279	1384	group_711	group_4444	TP	0.5927701462228009	0.6848990596563721	378.0769230769231	382680.23076923075	0.07065392	13	2	0	6	19	9	10	0.5263158	2.7984495	0.5828268911948791	True	True	True	True	P↔T	T_A__P_B	TP:group_711--group_4444	180	2130.0	0.37164060360744455	0.48472570851415564	0.5828268911948791	0.9995305164319249	True	7:1;9:10;14:5;21:1;42:1;45:1	NA
3687562	1279	1485	group_711	group_4891	TP	0.5927701462228009	0.6848990596563721	255.0	253269.47368421053	0.06070121	19	2	0	6	19	9	10	0.5263158	2.7984495	0.5927701462228009	True	True	True	True	P↔T	T_A__P_B	TP:group_711--group_4891	166	6567.0	0.27769632731709515	0.4251110879808286	0.5927701462228009	0.9986295111923252	True	7:1;9:10;14:5;21:1;42:1;45:1	NA
3687591	1279	1514	group_711	group_5990	TP	0.5927701462228009	0.6848990596563721	256.3333333333333	255932.55555555556	0.063284695	18	2	0	6	19	9	10	0.5263158	2.7984495	0.5927701462228009	True	True	True	True	P↔T	T_A__P_B	TP:group_711--group_5990	166	6567.0	0.27769632731709515	0.4251110879808286	0.5927701462228009	0.9987817877265114	True	7:1;9:10;14:5;21:1;42:1;45:1	NA
3687627	1279	1550	group_711	Int-Tn_1	TP	0.5927701462228009	0.6848990596563721	248.3684210526316	247746.68421052632	0.05568436	19	2	0	6	19	9	10	0.5263158	2.7984495	0.5234061453017568	True	True	True	True	P↔T	T_A__P_B	TP:group_711--Int-Tn_1	165	6896.0	0.2614019625823992	0.40428941286859854	0.5234061453017568	0.9995649651972158	True	7:1;9:10;14:5;21:1;42:1;45:1	NA
3687665	1279	1588	group_711	group_3705	TP	0.5927701462228009	0.6848990596563721	250.78947368421052	249567.63157894736	0.05302236	19	2	0	6	19	9	10	0.5263158	2.7984495	0.5927701462228009	True	True	True	True	P↔T	T_A__P_B	TP:group_711--group_3705	166	6567.0	0.27769632731709515	0.4251110879808286	0.5927701462228009	0.9989340642606974	True	7:1;9:10;14:5;21:1;42:1;45:1	NA
3687667	1279	1590	group_711	group_5408	TP	0.5927701462228009	0.6848990596563721	252.68421052631578	252601.68421052632	0.05302236	19	2	0	6	19	9	10	0.5263158	2.7984495	0.5927701462228009	True	True	True	True	P↔T	T_A__P_B	TP:group_711--group_5408	166	6567.0	0.27769632731709515	0.4251110879808286	0.5927701462228009	0.9990863407948835	True	7:1;9:10;14:5;21:1;42:1;45:1	NA
3687717	1279	1640	group_711	group_4892	TP	0.5927701462228009	0.6848990596563721	248.89473684210526	247877.26315789475	0.050145257	19	2	0	6	19	9	10	0.5263158	2.7984495	0.5234061453017568	True	True	True	True	P↔T	T_A__P_B	TP:group_711--group_4892	165	6896.0	0.2614019625823992	0.40428941286859854	0.5234061453017568	0.9997099767981439	True	7:1;9:10;14:5;21:1;42:1;45:1	NA
3687728	1279	1651	group_711	group_5412	TP	0.5927701462228009	0.6848990596563721	249.3684210526316	247840.0	0.04967355	19	2	0	6	19	9	10	0.5263158	2.7984495	0.5234061453017568	True	True	True	True	P↔T	T_A__P_B	TP:group_711--group_5412	165	6896.0	0.2614019625823992	0.40428941286859854	0.5234061453017568	0.9998549883990719	True	7:1;9:10;14:5;21:1;42:1;45:1	NA
3687733	1279	1656	group_711	group_3419	TP	0.5927701462228009	0.6848990596563721	255.47368421052633	253413.36842105264	0.049163647	19	2	0	6	19	9	10	0.5263158	2.7984495	0.5927701462228009	True	True	True	True	P↔T	T_A__P_B	TP:group_711--group_3419	166	6567.0	0.27769632731709515	0.4251110879808286	0.5927701462228009	0.9992386173290696	True	7:1;9:10;14:5;21:1;42:1;45:1	NA
3687737	1279	1660	group_711	group_5411	TP	0.5927701462228009	0.6848990596563721	249.8421052631579	248432.2105263158	0.04923576	19	2	0	6	19	9	10	0.5263158	2.7984495	0.5927701462228009	True	True	True	True	P↔T	T_A__P_B	TP:group_711--group_5411	166	6567.0	0.27769632731709515	0.4251110879808286	0.5927701462228009	0.9993908938632556	True	7:1;9:10;14:5;21:1;42:1;45:1	NA
3687740	1279	1663	group_711	group_5991	TP	0.5927701462228009	0.6848990596563721	251.73684210526315	250566.36842105264	0.049163647	19	2	0	6	19	9	10	0.5263158	2.7984495	0.5927701462228009	True	True	True	True	P↔T	T_A__P_B	TP:group_711--group_5991	166	6567.0	0.27769632731709515	0.4251110879808286	0.5927701462228009	0.9995431703974418	True	7:1;9:10;14:5;21:1;42:1;45:1	NA
3687761	1279	1684	group_711	group_4888	TP	0.5927701462228009	0.6848990596563721	344.8888888888889	338281.5	0.05360476	18	2	0	6	19	9	10	0.5263158	2.7984495	0.5573425727256055	True	True	True	True	P↔T	T_A__P_B	TP:group_711--group_4888	177	2932.0	0.3287921109198606	0.47649639354599094	0.5573425727256055	1.0	True	7:1;9:10;14:5;21:1;42:1;45:1	NA
3687794	1279	1717	group_711	sarA_2	TP	0.5927701462228009	0.6848990596563721	180.625	179617.375	0.040709913	8	2	0	6	19	9	10	0.5263158	2.7984495	0.5509865752942332	True	True	True	True	P↔T	T_A__P_B	TP:group_711--sarA_2	154	10147.0	0.23925083268906638	0.3677343582400997	0.5509865752942332	1.0	True	7:1;9:10;14:5;21:1;42:1;45:1	NA
3687829	1279	1752	group_711	group_4882	TP	0.5927701462228009	0.6848990596563721	343.22222222222223	337564.22222222225	0.047269687	18	2	0	6	19	9	10	0.5263158	2.7984495	0.5511309254021438	True	True	True	True	P↔T	T_A__P_B	TP:group_711--group_4882	176	3481.0	0.3306868110574498	0.43954626227847926	0.5511309254021438	1.0	True	7:1;9:10;14:5;21:1;42:1;45:1	NA
3687913	1279	1836	group_711	group_5418	TP	0.5927701462228009	0.6848990596563721	190.625	200597.75	0.040751588	8	2	0	6	19	9	10	0.5263158	2.7984495	0.5227654098814415	True	True	True	True	P↔T	T_A__P_B	TP:group_711--group_5418	156	9821.0	0.2278506213944058	0.36729734267133524	0.5227654098814415	0.9998981773750127	True	7:1;9:10;14:5;21:1;42:1;45:1	NA
3687914	1279	1837	group_711	group_5996	TP	0.5927701462228009	0.6848990596563721	175.5	181429.0	0.040751588	12	2	0	6	19	9	10	0.5263158	2.7984495	0.4822446250268134	True	True	True	True	P↔T	T_A__P_B	TP:group_711--group_5996	153	10364.0	0.22839731187146514	0.356249497460672	0.4822446250268134	1.0	True	7:1;9:10;14:5;21:1;42:1;45:1	NA
3687915	1279	1838	group_711	group_5997	TP	0.5927701462228009	0.6848990596563721	187.0	195118.8	0.040751588	10	2	0	6	19	9	10	0.5263158	2.7984495	0.5227654098814415	True	True	True	True	P↔T	T_A__P_B	TP:group_711--group_5997	156	9821.0	0.2278506213944058	0.36729734267133524	0.5227654098814415	1.0	True	7:1;9:10;14:5;21:1;42:1;45:1	NA
3687983	1279	1906	group_711	group_624	TP	0.6211568901452116	0.7136063831990954	371.8	361985.8	0.043933824	15	2	0	7	20	9	10	0.5	3.0769231	0.541388303749566	True	True	True	True	P↔T	T_A__P_B	TP:group_711--group_624	179	2126.0	0.3514645368032616	0.46377582596719047	0.541388303749566	0.9995296331138288	True	2:1;7:1;9:10;14:5;21:1;42:1;45:1	NA
3703336	1286	1586	group_1314	group_1962	TP	0.4926694889079126	0.46651162377792127	208.94117647058823	197406.88235294117	0.06950251	17	4	0	14	23	14	4	0.17391305	10.372549	0.485384688437638	True	True	True	True	P↔T	T_A__P_B	TP:group_1314--group_1962	159	8564.0	0.2423459130179614	0.3683869752229423	0.485384688437638	0.999182624941616	True	2:1;4:3;7:1;8:1;11:2;14:4;21:1;26:1;30:1;32:3;34:2;36:1;46:1;68:1	NA
3703434	1286	1684	group_1314	group_4888	TP	0.4934832004174444	0.46913059293227705	202.43939393939394	191019.65151515152	0.06855034	66	4	0	13	22	14	4	0.18181819	9.68	0.4495451588683012	True	True	True	True	P↔T	T_A__P_B	TP:group_1314--group_4888	158	9065.0	0.23362085440445762	0.35204446739901274	0.4495451588683012	0.9994484280198566	True	4:3;7:1;8:1;11:2;14:4;21:1;26:1;30:1;32:3;34:2;36:1;46:1;68:1	NA
3703502	1286	1752	group_1314	group_4882	TP	0.4934832004174444	0.46913059293227705	199.46031746031747	186118.17460317462	0.060248587	63	4	0	13	22	14	4	0.18181819	9.68	0.4495451588683012	True	True	True	True	P↔T	T_A__P_B	TP:group_1314--group_4882	158	9065.0	0.23362085440445762	0.35204446739901274	0.4495451588683012	0.9995587424158853	True	4:3;7:1;8:1;11:2;14:4;21:1;26:1;30:1;32:3;34:2;36:1;46:1;68:1	NA
3703656	1286	1906	group_1314	group_624	TP	0.5316744131592044	0.5027280526344434	206.90243902439025	197200.36585365853	0.054438796	41	4	0	14	24	14	4	0.16666667	10.666667	0.485384688437638	True	True	True	True	P↔T	T_A__P_B	TP:group_1314--group_624	159	8564.0	0.2423459130179614	0.3683869752229423	0.485384688437638	0.9996496964035497	True	2:2;4:3;7:1;8:1;11:2;14:4;21:1;26:1;30:1;32:3;34:2;36:1;46:1;68:1	NA
3765308	1314	1356	group_1296	group_1077	TP	0.4825864171766016	0.5138257290639273	109.91666666666667	106985.58333333333	0.05542774	12	3	0	8	19	13	8	0.42105263	4.05618	0.4813187017149842	True	True	True	True	P↔T	T_A__P_B	TP:group_1296--group_1077	137	10349.0	0.20064857616853873	0.32538320593770226	0.48131870171498425	0.9992269784520244	True	8:1;13:8;14:4;31:2;32:1;36:1;52:1;58:1	NA
3765380	1314	1428	group_1296	group_5414	TP	0.4825864171766016	0.5138257290639273	137.58823529411765	134403.88235294117	0.054435525	17	3	0	8	19	13	8	0.42105263	4.05618	0.4671066682257567	True	True	True	True	P↔T	T_A__P_B	TP:group_1296--group_5414	145	10489.0	0.20390163535341135	0.33111220016910736	0.4671066682257567	0.9995233101344265	True	8:1;13:8;14:4;31:2;32:1;36:1;52:1;58:1	NA
3765381	1314	1429	group_1296	group_5993	TP	0.4825864171766016	0.5138257290639273	138.35294117647058	135240.9411764706	0.05442503	17	3	0	8	19	13	8	0.42105263	4.05618	0.4671066682257567	True	True	True	True	P↔T	T_A__P_B	TP:group_1296--group_5993	145	10489.0	0.20390163535341135	0.33111220016910736	0.4671066682257567	0.9996186481075412	True	8:1;13:8;14:4;31:2;32:1;36:1;52:1;58:1	NA
3765789	1314	1837	group_1296	group_5996	TP	0.4825864171766016	0.5138257290639273	120.22222222222223	117486.11111111111	0.028092004	9	3	0	8	19	13	8	0.42105263	4.05618	0.4638188177778241	True	True	True	True	P↔T	T_A__P_B	TP:group_1296--group_5996	141	10327.0	0.2151252996707094	0.3408525996411131	0.4638188177778241	0.9991284981117459	True	8:1;13:8;14:4;31:2;32:1;36:1;52:1;58:1	NA
3765790	1314	1838	group_1296	group_5997	TP	0.4825864171766016	0.5138257290639273	119.85714285714286	117903.57142857143	0.028092004	7	3	0	8	19	13	8	0.42105263	4.05618	0.4511704467790327	True	True	True	True	P↔T	T_A__P_B	TP:group_1296--group_5997	140	10352.0	0.20911143075537533	0.3289027557887971	0.4511704467790327	0.999420401854714	True	8:1;13:8;14:4;31:2;32:1;36:1;52:1;58:1	NA
4722280	1801	1860	glf	group_1186	TP	0.44167257289575557	0.5220293093205427	103.77777777777777	109998.61111111111	0.08250621	18	2	0	4	9	8	6	0.6666667	2.0769231	0.4397637997091607	True	True	True	True	P↔T	T_A__P_B	TP:glf--group_1186	136	10419.0	0.19238775690224888	0.306910351125285	0.43976379970916074	0.9991361934926577	True	8:6;34:1;39:1;46:1	NA
4722689	1801	2269	glf	group_3475	TP	0.5320780943568809	0.620154970862107	138.0	151005.53846153847	0.06325873	13	2	0	5	10	8	6	0.6	2.5	0.4671066682257567	True	True	True	True	P↔T	T_A__P_B	TP:glf--group_3475	145	10489.0	0.20390163535341135	0.33111220016910736	0.4671066682257567	0.9998093240537707	True	8:6;13:1;34:1;39:1;46:1	NA
4723066	1801	2646	glf	group_437	TP	0.5863592742291206	0.671235843173375	173.0909090909091	182185.18181818182	0.054256093	11	2	0	5	11	8	6	0.54545456	2.8139534	0.4822446250268134	True	True	True	True	P↔T	T_A__P_B	TP:glf--group_437	153	10364.0	0.22839731187146514	0.356249497460672	0.4822446250268134	0.9999035121574682	True	8:6;13:2;34:1;39:1;46:1	NA
5440789	2287	2304	group_4266	group_3153	TP	0.5452835046657886	0.6333963717124956	121.60714285714286	115089.25	0.030736733	28	2	0	3	8	2	4	0.5	2.4615386	0.4638188177778241	True	True	True	True	P↔T	T_A__P_B	TP:group_4266--group_3153	141	10327.0	0.2151252996707094	0.3408525996411131	0.4638188177778241	0.9999031664568606	True	1:3;2:4;9:1	NA
5440798	2287	2313	group_4266	group_5503	TP	0.6268694575724263	0.7395695833710967	257.75	259331.5	0.024535201	8	2	0	3	8	2	4	0.5	2.4615386	0.5107419291721534	True	True	True	True	P↔T	T_A__P_B	TP:group_4266--group_5503	167	6382.0	0.28859550233087417	0.3958517696707674	0.5107419291721534	0.9996866186148543	True	1:3;2:4;9:1	NA
5440803	2287	2318	group_4266	group_6036	TP	0.5452835046657886	0.6333963717124956	122.60714285714286	116279.5	0.030957311	28	2	0	3	8	2	4	0.5	2.4615386	0.4638188177778241	True	True	True	True	P↔T	T_A__P_B	TP:group_4266--group_6036	141	10327.0	0.2151252996707094	0.3408525996411131	0.4638188177778241	1.0	True	1:3;2:4;9:1	NA
5440804	2287	2319	group_4266	group_6134	TP	0.6268694575724263	0.7395695833710967	257.8	258997.6	0.024535201	10	2	0	3	8	2	4	0.5	2.4615386	0.5107419291721534	True	True	True	True	P↔T	T_A__P_B	TP:group_4266--group_6134	167	6382.0	0.28859550233087417	0.3958517696707674	0.5107419291721534	0.9998433093074272	True	1:3;2:4;9:1	NA
5440819	2287	2334	group_4266	group_6148	TP	0.6268694575724263	0.7395695833710967	275.1818181818182	262511.36363636365	0.023352707	11	2	0	3	8	2	4	0.5	2.4615386	0.5289453394573007	True	True	True	True	P↔T	T_A__P_B	TP:group_4266--group_6148	169	5474.0	0.30550744334912777	0.4273537436110101	0.5289453394573007	0.9994519546949214	True	1:3;2:4;9:1	NA
5440849	2287	2364	group_4266	group_5626	TP	0.6268694575724263	0.7395695833710967	258.8	259712.7	0.022322446	10	2	0	3	8	2	4	0.5	2.4615386	0.5107419291721534	True	True	True	True	P↔T	T_A__P_B	TP:group_4266--group_5626	167	6382.0	0.28859550233087417	0.3958517696707674	0.5107419291721534	1.0	True	1:3;2:4;9:1	NA
5440851	2287	2366	group_4266	group_6468	TP	0.6268694575724263	0.7395695833710967	269.8	268817.2	0.022533495	10	2	0	3	8	2	4	0.5	2.4615386	0.6268694575724263	True	True	True	True	P↔T	T_A__P_B	TP:group_4266--group_6468	168	6112.0	0.3082069094408026	0.423623407996715	0.6268694575724263	0.9988547120418848	True	1:3;2:4;9:1	NA
5440852	2287	2367	group_4266	group_6480	TP	0.6268694575724263	0.7395695833710967	272.8	270231.7	0.022234285	10	2	0	3	8	2	4	0.5	2.4615386	0.5289453394573007	True	True	True	True	P↔T	T_A__P_B	TP:group_4266--group_6480	169	5474.0	0.30550744334912777	0.4273537436110101	0.5289453394573007	0.999634636463281	True	1:3;2:4;9:1	NA
5440866	2287	2381	group_4266	group_6132	TP	0.6268694575724263	0.7395695833710967	255.0	257352.4	0.021191798	10	2	0	3	8	2	4	0.5	2.4615386	0.5927701462228009	True	True	True	True	P↔T	T_A__P_B	TP:group_4266--group_6132	166	6567.0	0.27769632731709515	0.4251110879808286	0.5927701462228009	0.9996954469316278	True	1:3;2:4;9:1	NA
5440884	2287	2399	group_4266	group_4531	TP	0.6268694575724263	0.7395695833710967	268.8	268571.7	0.020378504	10	2	0	3	8	2	4	0.5	2.4615386	0.6268694575724263	True	True	True	True	P↔T	T_A__P_B	TP:group_4266--group_4531	168	6112.0	0.3082069094408026	0.423623407996715	0.6268694575724263	0.9990183246073299	True	1:3;2:4;9:1	NA
5440888	2287	2403	group_4266	group_5501	TP	0.6268694575724263	0.7395695833710967	253.0	256204.0	0.020445295	10	2	0	3	8	2	4	0.5	2.4615386	0.5927701462228009	True	True	True	True	P↔T	T_A__P_B	TP:group_4266--group_5501	166	6567.0	0.27769632731709515	0.4251110879808286	0.5927701462228009	0.999847723465814	True	1:3;2:4;9:1	NA
5440889	2287	2404	group_4266	group_5502	TP	0.6268694575724263	0.7395695833710967	254.0	256818.4	0.020445295	10	2	0	3	8	2	4	0.5	2.4615386	0.5927701462228009	True	True	True	True	P↔T	T_A__P_B	TP:group_4266--group_5502	166	6567.0	0.27769632731709515	0.4251110879808286	0.5927701462228009	1.0	True	1:3;2:4;9:1	NA
5440949	2287	2464	group_4266	group_6467	TP	0.6268694575724263	0.7395695833710967	267.8	268134.7	0.017951513	10	2	0	3	8	2	4	0.5	2.4615386	0.6268694575724263	True	True	True	True	P↔T	T_A__P_B	TP:group_4266--group_6467	168	6112.0	0.3082069094408026	0.423623407996715	0.6268694575724263	0.9991819371727748	True	1:3;2:4;9:1	NA
5440950	2287	2465	group_4266	group_6478	TP	0.6268694575724263	0.7395695833710967	271.90909090909093	261687.27272727274	0.018364722	11	2	0	3	8	2	4	0.5	2.4615386	0.6268694575724263	True	True	True	True	P↔T	T_A__P_B	TP:group_4266--group_6478	168	6112.0	0.3082069094408026	0.423623407996715	0.6268694575724263	0.9993455497382199	True	1:3;2:4;9:1	NA
5440951	2287	2466	group_4266	group_6479	TP	0.6268694575724263	0.7395695833710967	271.09090909090907	261267.0	0.018364722	11	2	0	3	8	2	4	0.5	2.4615386	0.6268694575724263	True	True	True	True	P↔T	T_A__P_B	TP:group_4266--group_6479	168	6112.0	0.3082069094408026	0.423623407996715	0.6268694575724263	0.9995091623036649	True	1:3;2:4;9:1	NA
5440952	2287	2467	group_4266	group_6481	TP	0.6268694575724263	0.7395695833710967	271.8	269781.8	0.018538084	10	2	0	3	8	2	4	0.5	2.4615386	0.6268694575724263	True	True	True	True	P↔T	T_A__P_B	TP:group_4266--group_6481	168	6112.0	0.3082069094408026	0.423623407996715	0.6268694575724263	0.99967277486911	True	1:3;2:4;9:1	NA
5440959	2287	2474	group_4266	group_6482	TP	0.6268694575724263	0.7395695833710967	270.8	269444.6	0.01782415	10	2	0	3	8	2	4	0.5	2.4615386	0.6268694575724263	True	True	True	True	P↔T	T_A__P_B	TP:group_4266--group_6482	168	6112.0	0.3082069094408026	0.423623407996715	0.6268694575724263	0.9998363874345549	True	1:3;2:4;9:1	NA
5440982	2287	2497	group_4266	group_6477	TP	0.5452835046657886	0.6333963717124956	272.72727272727275	261753.63636363635	0.021330524	11	2	0	3	8	2	4	0.5	2.4615386	0.5289453394573007	True	True	True	True	P↔T	T_A__P_B	TP:group_4266--group_6477	169	5474.0	0.30550744334912777	0.4273537436110101	0.5289453394573007	0.9990865911582024	True	1:3;2:4;9:1	NA
5441020	2287	2535	group_4266	group_6476	TP	0.6268694575724263	0.7395695833710967	273.54545454545456	262086.0909090909	0.015333277	11	2	0	3	8	2	4	0.5	2.4615386	0.5289453394573007	True	True	True	True	P↔T	T_A__P_B	TP:group_4266--group_6476	169	5474.0	0.30550744334912777	0.4273537436110101	0.5289453394573007	0.9998173182316404	True	1:3;2:4;9:1	NA
5441025	2287	2540	group_4266	group_2868	TP	0.6268694575724263	0.7395695833710967	274.4	261061.3	0.015833227	10	2	0	3	8	2	4	0.5	2.4615386	0.5289453394573007	True	True	True	True	P↔T	T_A__P_B	TP:group_4266--group_2868	169	5474.0	0.30550744334912777	0.4273537436110101	0.5289453394573007	1.0	True	1:3;2:4;9:1	NA
5441027	2287	2542	group_4266	group_3051	TP	0.6268694575724263	0.7395695833710967	267.8181818181818	260123.63636363635	0.014562462	11	2	0	3	8	2	4	0.5	2.4615386	0.6268694575724263	True	True	True	True	P↔T	T_A__P_B	TP:group_4266--group_3051	168	6112.0	0.3082069094408026	0.423623407996715	0.6268694575724263	1.0	True	1:3;2:4;9:1	NA
5441131	2287	2646	group_4266	group_437	TP	0.5452835046657886	0.6333963717124956	231.16666666666666	243688.5	0.019974174	12	2	0	3	8	2	4	0.5	2.4615386	0.4908116321999718	True	True	True	True	P↔T	T_A__P_B	TP:group_4266--group_437	163	7312.0	0.25010076509932777	0.3837856937996939	0.4908116321999718	0.99972647702407	True	1:3;2:4;9:1	NA
6040353	2950	3179	gyrB	aguA	TT	2.160210467076942	0.7982993337075359	120.28571428571429	118613.0	NA	7	17	19	3	7	16	3	0.42857143	2.5789473	2.132712508408717	True	True	True	True	TT	T_A__T_B	TT:gyrB--aguA	31	2556.0	1.8366031751124232	2.0056483404426575	2.1327125084087175	0.9996087636932708	True	7:1;16:3;27:3	NA
