pair_position	i	j	locus_A	locus_B	channel	MIraw	NMI	order_distance	bp_distance	phylo_dist	n_same_contig_observations	enriched_driver_A_state	enriched_driver_B_state	HC_supported	HC_driver_counts_total	HC69_dominant_cluster	HC69_max_driver_count	HC69_fmax	Neff	order_Q99_9	high_score_Q99_9	order_filter_ge_100	HC69_recurrence_ge_2	final_355	display_channel	orientation	edge_id	order_bin	local_background_N	conditional_Q95	conditional_Q99	conditional_Q99_9	empirical_percentile	high_information_pass
2181170	686	720	group_4679	group_1401	PP	0.2811630423910214	0.749026770502676	43.178378378378376	40156.37837837838	0.018487709	185	0	0	1	60	3	60	1.0	1.0	0.2659290406641235	True	False	False	False	PP	P_A__P_B	PP:group_4679--group_1401	106	3143.0	0.08397341647291079	0.171673473592248	0.26592904066412354	0.9993636652879414	True
2192477	690	693	group_4886	group_3324	PP	0.29718764210027515	0.8232714219948952	104.66666666666667	104179.5	0.018234726	6	0	0	1	59	3	59	1.0	1.0	0.2766426328587189	True	True	False	False	PP	P_A__P_B	PP:group_4886--group_3324	136	6916.0	0.07787244335288054	0.17361808860938566	0.27664263285871893	0.9992770387507229	True
2192478	690	694	group_4886	nhaK	PP	0.2922389139318454	0.805378613781097	104.0	103692.0	0.01826757	6	0	0	1	59	3	59	1.0	1.0	0.2766426328587189	True	True	False	False	PP	P_A__P_B	PP:group_4886--nhaK	136	6916.0	0.07787244335288054	0.17361808860938566	0.27664263285871893	0.9991324465008675	True
2192504	690	720	group_4886	group_1401	PP	0.2615223947713088	0.6931779033317624	46.6	46269.8	0.018617164	5	0	0	1	59	3	59	1.0	1.0	0.2593400283675842	True	False	False	False	PP	P_A__P_B	PP:group_4886--group_1401	108	3452.0	0.08354527901370616	0.1907953385699126	0.25934002836758424	0.9994206257242179	True
2200978	693	704	group_3324	group_4212	PP	0.326721326299779	0.8911964505162159	209.125	210259.1875	0.01808196	16	0	0	1	62	3	62	1.0	1.0	0.278252336362305	True	True	False	False	PP	P_A__P_B	PP:group_3324--group_4212	159	6011.0	0.07923949105051266	0.1890138768129557	0.27825233636230506	0.9995009149891865	True
2200994	693	720	group_3324	group_1401	PP	0.31207542387618215	0.8230435314161075	373.22222222222223	380475.6111111111	0.018295554	18	0	0	1	63	3	63	1.0	1.0	0.298143584873909	True	True	False	False	PP	P_A__P_B	PP:group_3324--group_1401	179	1704.0	0.16492037586924513	0.23773508614418243	0.298143584873909	1.0	True
2200998	693	724	group_3324	group_4872	PP	0.27436470776775296	0.717061470404806	60.2	59085.2	0.018568538	5	0	0	1	61	3	61	1.0	1.0	0.2535931698755568	True	False	False	False	PP	P_A__P_B	PP:group_3324--group_4872	117	4845.0	0.08281772613056415	0.15386230158619865	0.25359316987555686	0.9997936016511868	True
2201011	693	737	group_3324	group_3337	PP	0.27975014616386695	0.7067007982491563	142.4	142805.55	0.018718561	20	0	0	1	63	3	63	1.0	1.0	0.2595898669752842	True	True	False	False	PP	P_A__P_B	PP:group_3324--group_3337	146	6731.0	0.0732830878400802	0.14664409309432716	0.2595898669752842	0.9997028673302629	True
2201014	693	740	group_3324	group_1669	PP	0.25910907688481777	0.6493579607143464	51.7038626609442	61219.48497854077	0.018862091	233	0	0	1	62	3	62	1.0	1.0	0.2549995425510029	True	False	False	False	PP	P_A__P_B	PP:group_3324--group_1669	112	4095.0	0.0774980588563095	0.1616340210365595	0.25499954255100293	0.9992673992673993	True
2201015	693	741	group_3324	leuD	PP	0.2744186812965633	0.6877256382178779	138.23809523809524	137998.57142857142	0.018801242	21	0	0	1	63	3	63	1.0	1.0	0.2448827076162332	True	True	False	False	PP	P_A__P_B	PP:group_3324--leuD	145	6974.0	0.07406310532732605	0.149634419516591	0.24488270761623324	0.9995698308001147	True
2202193	693	1919	group_3324	group_6019	PP	0.26691479649515576	0.6612051914493617	91.57142857142857	85401.14285714286	1.5308806	7	0	1	1	63	3	63	1.0	1.0	0.2593337248185822	True	False	False	False	PP	P_A__P_B	PP:group_3324--group_6019	131	6572.0	0.08650168058338166	0.16448916293992996	0.2593337248185822	0.9992391965916008	True
2202277	693	2003	group_3324	ltrA_2	PP	0.2853852280862481	0.7268553679835392	50.833333333333336	61798.5	2.8965576	6	0	1	1	63	3	63	1.0	1.0	0.2752244419830781	True	False	False	False	PP	P_A__P_B	PP:group_3324--ltrA_2	111	4115.0	0.08227540053023023	0.18257667556306872	0.27522444198307816	0.9992709599027947	True
2203806	694	704	nhaK	group_4212	PP	0.31968323903664714	0.8675610182231276	208.5	210058.3125	0.018114533	16	0	0	1	62	3	62	1.0	1.0	0.278252336362305	True	True	False	False	PP	P_A__P_B	PP:nhaK--group_4212	159	6011.0	0.07923949105051266	0.1890138768129557	0.27825233636230506	0.9993345533189153	True
2203822	694	720	nhaK	group_1401	PP	0.30246546945697417	0.7937732681287364	372.44444444444446	379758.5	0.018329564	18	0	0	1	63	3	63	1.0	1.0	0.298143584873909	True	True	False	False	PP	P_A__P_B	PP:nhaK--group_1401	179	1704.0	0.16492037586924513	0.23773508614418243	0.298143584873909	0.9994131455399061	True
2203826	694	724	nhaK	group_4872	PP	0.2683469774638026	0.6979134351748454	59.2	58195.2	0.018603787	5	0	0	1	61	3	61	1.0	1.0	0.2535931698755568	True	False	False	False	PP	P_A__P_B	PP:nhaK--group_4872	117	4845.0	0.08281772613056415	0.15386230158619865	0.25359316987555686	0.9993808049535604	True
2203839	694	737	nhaK	group_3337	PP	0.2701812155084189	0.6793098576915915	141.7	142001.3	0.018755177	20	0	0	1	63	3	63	1.0	1.0	0.2595898669752842	True	True	False	False	PP	P_A__P_B	PP:nhaK--group_3337	146	6731.0	0.0732830878400802	0.14664409309432716	0.2595898669752842	0.999405734660526	True
2203840	694	738	nhaK	group_5196	PP	0.2701812155084189	0.6793098576915915	55.2	59993.0	0.018726097	5	0	0	1	63	3	63	1.0	1.0	0.2369103607376388	True	False	False	False	PP	P_A__P_B	PP:nhaK--group_5196	114	4430.0	0.08388703680780522	0.16338338307013026	0.23691036073763888	0.999548532731377	True
2203843	694	741	nhaK	leuD	PP	0.26485806435041903	0.6606607637497602	137.61904761904762	136953.0	0.0188384	21	0	0	1	63	3	63	1.0	1.0	0.2448827076162332	True	True	False	False	PP	P_A__P_B	PP:nhaK--leuD	145	6974.0	0.07406310532732605	0.149634419516591	0.24488270761623324	0.9991396616002294	True
2205105	694	2003	nhaK	ltrA_2	PP	0.27580802046732245	0.699123817049825	49.833333333333336	59922.833333333336	2.8892958	6	0	1	1	63	3	63	1.0	1.0	0.2752244419830781	True	False	False	False	PP	P_A__P_B	PP:nhaK--ltrA_2	111	4115.0	0.08227540053023023	0.18257667556306872	0.27522444198307816	0.9990279465370595	True
2212281	697	701	group_4291	pulA	PP	0.2773211816764669	0.7525982515539266	132.01260504201682	114542.5	0.018383902	238	0	0	1	59	3	59	1.0	1.0	0.2733852714492829	True	True	False	False	PP	P_A__P_B	PP:group_4291--pulA	144	6933.0	0.07489760409001708	0.1464357387484686	0.27338527144928293	0.9991345737775854	True
2212284	697	704	group_4291	group_4212	PP	0.31968323903664714	0.8675610182231276	105.6	97456.1	0.018133093	10	0	0	1	62	3	62	1.0	1.0	0.2766426328587189	True	True	False	False	PP	P_A__P_B	PP:group_4291--group_4212	136	6916.0	0.07787244335288054	0.17361808860938566	0.27664263285871893	0.9994216310005783	True
2212300	697	720	group_4291	group_1401	PP	0.30246546945697417	0.7937732681287364	42.19892473118279	39351.04301075269	0.018348347	186	0	0	1	63	3	63	1.0	1.0	0.2517105871120749	True	False	False	False	PP	P_A__P_B	PP:group_4291--group_1401	105	3214.0	0.08696719623740717	0.17516274278110347	0.2517105871120749	0.9996888612321095	True
2213536	697	1956	group_4291	group_2003	PP	0.2674840806623246	0.6698480470679845	158.84615384615384	145609.38461538462	2.12321	13	0	1	1	63	3	63	1.0	1.0	0.267453801147041	True	True	False	False	PP	P_A__P_B	PP:group_4291--group_2003	150	7224.0	0.0835690225853602	0.1891902803848992	0.267453801147041	0.999031007751938	True
2223574	701	704	pulA	group_4212	PP	0.28550022697818467	0.7709062378223533	150.16666666666666	141364.16666666666	0.018336311	6	0	0	1	60	3	60	1.0	1.0	0.2811976723722856	True	True	False	False	PP	P_A__P_B	PP:pulA--group_4212	148	6921.0	0.08708641753572753	0.17756413864598863	0.28119767237228566	0.9994220488368732	True
2223582	701	712	pulA	group_5400	PP	0.27244638774548047	0.72493471686335	126.8	126326.2	0.018477507	5	0	0	1	60	3	60	1.0	1.0	0.2658051865081152	True	True	False	False	PP	P_A__P_B	PP:pulA--group_5400	142	7138.0	0.07577719986338895	0.14992535278963684	0.26580518650811524	0.9992995236760998	True
2232039	704	712	group_4212	group_5400	PP	0.3127413511697299	0.8321529411264899	146.66666666666666	140548.83333333334	0.01822358	6	0	0	1	63	3	63	1.0	1.0	0.3036648005762775	True	True	False	False	PP	P_A__P_B	PP:group_4212--group_5400	147	6865.0	0.0779575224623964	0.16324289686893095	0.30366480057627754	0.9997086671522214	True
2232047	704	720	group_4212	group_1401	PP	0.3099496522494679	0.8094660229077	148.75	141653.0	0.018300526	8	0	0	1	64	3	64	1.0	1.0	0.2811976723722856	True	True	False	False	PP	P_A__P_B	PP:group_4212--group_1401	148	6921.0	0.08708641753572753	0.17756413864598863	0.28119767237228566	0.9997110244184366	True
2232053	704	726	group_4212	smc_1	PP	0.2949239581372496	0.7567002236541186	122.0	120937.75	0.018456524	8	0	0	1	64	3	64	1.0	1.0	0.2702659479976715	True	True	False	False	PP	P_A__P_B	PP:group_4212--smc_1	141	7040.0	0.0729130353892996	0.15081812249817886	0.2702659479976715	0.9995738636363637	True
2232064	704	737	group_4212	group_3337	PP	0.2762081696502682	0.6912330778157405	126.07826086956521	122020.61739130435	0.018725226	115	0	0	1	64	3	64	1.0	1.0	0.2658051865081152	True	True	False	False	PP	P_A__P_B	PP:group_4212--group_3337	142	7138.0	0.07577719986338895	0.14992535278963684	0.26580518650811524	0.9994396189408798	True
2232068	704	741	group_4212	leuD	PP	0.2706927399172112	0.6720988019636122	130.30701754385964	126307.15789473684	0.01880834	114	0	0	1	64	3	64	1.0	1.0	0.2645359515253397	True	True	False	False	PP	P_A__P_B	PP:group_4212--leuD	143	7368.0	0.07021361923706292	0.13353956028800928	0.26453595152533976	0.999457111834962	True
2233248	704	1921	group_4212	group_1907	PP	0.26546332314920384	0.6540532036332626	128.125	125249.25	1.8001192	8	0	1	1	64	3	64	1.0	1.0	0.2645359515253397	True	True	False	False	PP	P_A__P_B	PP:group_4212--group_1907	143	7368.0	0.07021361923706292	0.13353956028800928	0.26453595152533976	0.9990499457111836	True
2233285	704	1958	group_4212	group_3338	PP	0.273412428240717	0.6815220092827887	122.25	117544.125	2.3569524	8	0	1	1	64	3	64	1.0	1.0	0.2702659479976715	True	True	False	False	PP	P_A__P_B	PP:group_4212--group_3338	141	7040.0	0.0729130353892996	0.15081812249817886	0.2702659479976715	0.9991477272727273	True
2254555	712	720	group_5400	group_1401	PP	0.29123356130811306	0.749858613814823	45.8	45470.4	0.018442819	5	0	0	1	64	3	64	1.0	1.0	0.2593400283675842	True	False	False	False	PP	P_A__P_B	PP:group_5400--group_1401	108	3452.0	0.08354527901370616	0.1907953385699126	0.25934002836758424	1.0	True
2254589	712	754	group_5400	group_4227	PP	0.24804694307784822	0.5942220316012433	87.25	85177.91666666667	0.019139802	12	0	0	2	65	3	64	0.9846154	1.0312424	0.2469365771186938	True	False	True	False	PP	P_A__P_B	PP:group_5400--group_4227	130	6583.0	0.08462552464636489	0.1577604359626178	0.24693657711869388	0.9990885614461492	True
2268621	717	751	group_4887	group_4700	PP	0.2641928993270819	0.6320549205302378	58.6	56181.13333333333	0.01897415	15	0	0	2	67	3	61	0.9104478	1.1948363	0.2385371002933225	True	False	True	False	PP	P_A__P_B	PP:group_4887--group_4700	116	4792.0	0.08494251143913445	0.16418313018136568	0.2385371002933225	0.9993739565943238	True
2325551	737	1791	group_3337	group_2540	PP	0.2637535692253158	0.5772656848824441	45.92857142857143	43453.642857142855	1.5506934	14	0	1	4	76	3	64	0.84210527	1.3758932	0.2593400283675842	True	False	True	False	PP	P_A__P_B	PP:group_3337--group_2540	108	3452.0	0.08354527901370616	0.1907953385699126	0.25934002836758424	0.9997103128621089	True
2327295	738	751	group_5196	group_4700	PP	0.29236090957956307	0.6672117574081653	64.16666666666667	63514.333333333336	0.01877576	6	0	0	5	75	3	64	0.85333335	1.3550951	0.2894223531617752	True	False	True	False	PP	P_A__P_B	PP:group_5196--group_4700	119	5351.0	0.08031013093772828	0.15829308367613715	0.2894223531617752	0.9990655952158475	True
2327298	738	754	group_5196	group_4227	PP	0.2749379499659885	0.6231636088264227	67.88888888888889	67128.77777777778	0.018968668	9	0	0	4	74	3	64	0.8648649	1.3195181	0.2720403611952977	True	False	True	False	PP	P_A__P_B	PP:group_5196--group_4227	121	5451.0	0.08636611697155608	0.1695028481589953	0.2720403611952977	0.9990827371124564	True
2338424	742	754	rsmD	group_4227	PP	0.26674493219245476	0.600280948540382	66.0909090909091	65500.454545454544	0.0190611	11	0	0	4	74	3	64	0.8648649	1.3195181	0.265992662730285	True	False	True	False	PP	P_A__P_B	PP:rsmD--group_4227	120	5199.0	0.07823192864161735	0.15261927437662484	0.265992662730285	0.9990382765916522	True
2363399	751	754	group_4700	group_4227	PP	0.2616550556059054	0.5807477038273903	62.54545454545455	62678.181818181816	0.019168	11	0	0	4	75	3	65	0.8666667	1.3145595	0.244734752119587	True	False	True	False	PP	P_A__P_B	PP:group_4700--group_4227	118	5032.0	0.08497000090468089	0.1542736589052418	0.24473475211958706	0.9996025437201908	True
2380047	757	797	yecS_2	group_2587	PP	0.28254983195411987	0.5886204536108562	52.7037037037037	48893.40740740741	0.019604653	27	0	0	4	84	9	56	0.6666667	1.9943471	0.2799575366451974	True	False	True	False	PP	P_A__P_B	PP:yecS_2--group_2587	113	4481.0	0.0813746063748727	0.1610754525431704	0.27995753664519746	0.9991073421111359	True
2382781	758	767	group_3656	group_3978	PP	0.36248772914627064	0.783980112789054	134.625	138370.375	0.01835082	8	0	0	1	87	2	87	1.0	1.0	0.2733852714492829	True	True	False	False	PP	P_A__P_B	PP:group_3656--group_3978	144	6933.0	0.07489760409001708	0.1464357387484686	0.27338527144928293	1.0	True
2382817	758	803	group_3656	gpsB	PP	0.3114746808004788	0.6471529839951119	94.0	100215.05555555556	0.01899454	18	0	0	1	87	2	87	1.0	1.0	0.2686713440007028	True	False	False	False	PP	P_A__P_B	PP:group_3656--gpsB	132	6761.0	0.08881890147032896	0.16757640231088694	0.2686713440007028	0.9995562786570034	True
2382818	758	804	group_3656	hemH	PP	0.3456701817670018	0.7163129824591623	86.22222222222223	90342.11111111111	0.018701771	9	0	0	1	90	2	90	1.0	1.0	0.2521948316684195	True	False	False	False	PP	P_A__P_B	PP:group_3656--hemH	129	6557.0	0.08291591421847903	0.15929966177065996	0.2521948316684195	1.0	True
2382819	758	805	group_3656	group_5291	PP	0.3456701817670018	0.7163129824591623	132.125	136643.75	0.018687367	8	0	0	1	90	2	90	1.0	1.0	0.2733852714492829	True	True	False	False	PP	P_A__P_B	PP:group_3656--group_5291	144	6933.0	0.07489760409001708	0.1464357387484686	0.27338527144928293	0.9998557622962643	True
2382846	758	832	group_3656	ponA	PP	0.32450345141111026	0.651468029580577	94.0625	100103.125	0.019212905	16	0	0	1	91	2	91	1.0	1.0	0.2686713440007028	True	False	False	False	PP	P_A__P_B	PP:group_3656--ponA	132	6761.0	0.08881890147032896	0.16757640231088694	0.2686713440007028	0.9998520928856678	True
2382868	758	854	group_3656	group_3998	PP	0.29695172037072004	0.5811535070310243	47.09090909090909	45453.72727272727	0.019876618	11	0	0	1	91	2	91	1.0	1.0	0.2772034218704573	True	False	False	False	PP	P_A__P_B	PP:group_3656--group_3998	109	3633.0	0.08386571459862842	0.19168911567205585	0.2772034218704573	0.9994494907789705	True
2382871	758	857	group_3656	group_2233	PP	0.2887747971782051	0.5607773335000571	169.0	170313.8	0.020124687	5	0	0	1	91	2	91	1.0	1.0	0.2864702557437782	True	True	False	False	PP	P_A__P_B	PP:group_3656--group_2233	152	6975.0	0.08074861224185069	0.1666841194180666	0.28647025574377827	0.9991397849462366	True
2382874	758	860	group_3656	group_3847	PP	0.2745399328485708	0.5331343766370963	80.5	78751.0	0.020211896	6	0	0	1	90	2	90	1.0	1.0	0.2682754231004438	True	False	False	False	PP	P_A__P_B	PP:group_3656--group_3847	127	6278.0	0.07982891017179763	0.16889230837703867	0.26827542310044383	0.9993628544122332	True
2382891	758	877	group_3656	dps	PP	0.2700330803381421	0.5150501098093709	128.42857142857142	130683.42857142857	0.020532697	7	0	0	1	91	2	91	1.0	1.0	0.2645359515253397	True	True	False	False	PP	P_A__P_B	PP:group_3656--dps	143	7368.0	0.07021361923706292	0.13353956028800928	0.26453595152533976	0.9993213897937026	True
2383499	758	1485	group_3656	group_4891	PP	0.27542458481857246	0.5280590751870073	142.875	149988.875	0.4399475	8	0	1	1	91	2	91	1.0	1.0	0.2595898669752842	True	True	False	False	PP	P_A__P_B	PP:group_3656--group_4891	146	6731.0	0.0732830878400802	0.14664409309432716	0.2595898669752842	0.9995543009953944	True
2391133	761	833	bbmA	group_3719	PP	0.2507003497754708	0.501815352984689	96.81818181818181	97683.72727272728	0.020068856	11	0	0	3	85	3	65	0.7647059	1.5751035	0.2380514954329472	True	False	True	False	PP	P_A__P_B	PP:bbmA--group_3719	133	6715.0	0.08639452999293078	0.15560490261497725	0.23805149543294724	0.9995532390171258	True
2407615	767	770	group_3978	galE	PP	0.3571299113872174	0.7581721336291408	241.6	240207.22222222222	0.01841422	45	0	0	1	89	2	89	1.0	1.0	0.2766250829955313	True	True	False	False	PP	P_A__P_B	PP:group_3978--galE	164	4910.0	0.11128019493820808	0.21860279272641442	0.27662508299553135	0.9995926680244399	True
2407620	767	775	group_3978	group_4326	PP	0.37357107487164287	0.78839745256618	260.84615384615387	249217.5	0.018323563	26	0	0	2	91	2	90	0.989011	1.0222194	0.3173949478373641	True	True	True	True	PP	P_A__P_B	PP:group_3978--group_4326	167	4514.0	0.08760975382880715	0.20089296928701741	0.31739494783736416	0.9995569339831635	True
2407649	767	804	group_3978	hemH	PP	0.331016325066228	0.6777589633356366	71.54545454545455	70396.36363636363	0.018801482	11	0	0	1	91	2	91	1.0	1.0	0.265788113307212	True	False	False	False	PP	P_A__P_B	PP:group_3978--hemH	123	5718.0	0.07881086730462827	0.14771315661643272	0.265788113307212	0.9998251136761105	True
2407657	767	812	group_3978	group_2605	PP	0.3246316804859508	0.6612940926247411	211.86666666666667	198727.6	0.018870343	30	0	0	1	91	2	91	1.0	1.0	0.2653859311411507	True	True	False	False	PP	P_A__P_B	PP:group_3978--group_2605	160	5684.0	0.08298880518793039	0.1820746095221526	0.2653859311411507	0.9996481351161154	True
2407663	767	818	group_3978	group_2606	PP	0.3046688940652106	0.61601229430747	251.25925925925927	240026.7037037037	0.01913485	27	0	0	1	90	2	90	1.0	1.0	0.2946815627543256	True	True	False	False	PP	P_A__P_B	PP:group_3978--group_2606	166	4560.0	0.09393288886775424	0.1920536312331571	0.2946815627543256	0.9993421052631579	True
2407675	767	830	group_3978	group_4615	PP	0.2689783934396009	0.5361748618799702	247.5	250613.16666666666	0.019741146	6	0	0	3	88	2	86	0.97727275	1.0467694	0.2609630808680016	True	True	True	True	PP	P_A__P_B	PP:group_3978--group_4615	165	4959.0	0.11367578113139926	0.21135906298852594	0.26096308086800163	0.9995966928816293	True
2407677	767	832	group_3978	ponA	PP	0.29400983519882584	0.5834214331717499	142.77777777777777	142907.33333333334	0.019418573	18	0	0	1	91	2	91	1.0	1.0	0.2595898669752842	True	True	False	False	PP	P_A__P_B	PP:group_3978--ponA	146	6731.0	0.0732830878400802	0.14664409309432716	0.2595898669752842	0.9998514336651315	True
2408302	767	1457	group_3978	group_1619	PP	0.23657577292983153	0.44479577148735633	44.0	42691.625	0.37319884	8	0	1	3	91	2	89	0.978022	1.0451849	0.2346661469685884	True	False	True	False	PP	P_A__P_B	PP:group_3978--group_1619	107	3490.0	0.08444460438359784	0.17893419530770518	0.2346661469685884	0.9991404011461318	True
2408428	767	1583	group_3978	levS	PP	0.2797152950916447	0.5478788150663281	30.48	26839.44	0.8300856	25	0	1	1	91	2	91	1.0	1.0	0.2785721973743825	True	False	False	False	PP	P_A__P_B	PP:group_3978--levS	94	2125.0	0.09537235066243323	0.20518431039649454	0.27857219737438255	0.9990588235294118	True
2408562	767	1717	group_3978	sarA_2	PP	0.3027609434663474	0.6167420970500551	50.583333333333336	45326.833333333336	2.0225224	12	0	1	1	89	2	89	1.0	1.0	0.2752244419830781	True	False	False	False	PP	P_A__P_B	PP:group_3978--sarA_2	111	4115.0	0.08227540053023023	0.18257667556306872	0.27522444198307816	0.9997569866342649	True
2415879	770	775	galE	group_4326	PP	0.36254782885430836	0.7605710319573503	281.125	280084.125	0.018382	8	0	0	1	91	2	91	1.0	1.0	0.3251225242961465	True	True	False	False	PP	P_A__P_B	PP:galE--group_4326	170	3808.0	0.08932472434969523	0.18669627857107593	0.3251225242961465	1.0	True
2415908	770	804	galE	hemH	PP	0.33119874029553564	0.6742085544393491	207.33333333333334	205998.33333333334	0.018775675	6	0	0	1	92	2	92	1.0	1.0	0.278252336362305	True	True	False	False	PP	P_A__P_B	PP:galE--hemH	159	6011.0	0.07923949105051266	0.1890138768129557	0.27825233636230506	0.9996672766594576	True
2415909	770	805	galE	group_5291	PP	0.3200901364897739	0.6515951963479535	236.84444444444443	236077.64444444445	0.018851511	45	0	0	1	91	2	91	1.0	1.0	0.2766250829955313	True	True	False	False	PP	P_A__P_B	PP:galE--group_5291	164	4910.0	0.11128019493820808	0.21860279272641442	0.27662508299553135	0.9993890020366599	True
2415916	770	812	galE	group_2605	PP	0.34803304159885173	0.704882568601976	222.72727272727272	220215.9090909091	0.01866323	11	0	0	2	94	2	92	0.9787234	1.0434577	0.2979072339908784	True	True	True	True	PP	P_A__P_B	PP:galE--group_2605	162	5472.0	0.09175280636939254	0.22521672534845816	0.29790723399087843	0.9998172514619883	True
2415961	770	857	galE	group_2233	PP	0.2667807930571957	0.5094866885453857	249.2941176470588	248779.0	0.020231752	34	0	0	2	93	2	92	0.9892473	1.0217366	0.2609630808680016	True	True	True	True	PP	P_A__P_B	PP:galE--group_2233	165	4959.0	0.11367578113139926	0.21135906298852594	0.26096308086800163	0.999395039322444	True
2416735	770	1631	galE	group_5416	PP	0.29325439092211325	0.5786584264228063	73.125	69966.0	1.1947265	8	0	1	1	92	2	92	1.0	1.0	0.2543383434051827	True	False	False	False	PP	P_A__P_B	PP:galE--group_5416	124	5751.0	0.08200965924227863	0.15907877557731867	0.2543383434051827	0.9998261171970092	True
2429652	775	803	group_4326	gpsB	PP	0.2838392235818811	0.5760105898862236	90.21428571428571	89953.71428571429	0.019256588	14	0	0	1	88	2	88	1.0	1.0	0.2593337248185822	True	False	False	False	PP	P_A__P_B	PP:group_4326--gpsB	131	6572.0	0.08650168058338166	0.16448916293992996	0.2593337248185822	0.9993913572732805	True
2429653	775	804	group_4326	hemH	PP	0.34315617633162787	0.6945973879495243	83.80952380952381	82848.66666666667	0.018681755	21	0	0	1	94	2	94	1.0	1.0	0.2599490658246042	True	False	False	False	PP	P_A__P_B	PP:group_4326--hemH	128	6256.0	0.08003720678707987	0.16222670365935535	0.25994906582460425	0.9998401534526854	True
2429654	775	805	group_4326	group_5291	PP	0.34315617633162787	0.6945973879495243	213.47368421052633	207864.63157894736	0.01866788	19	0	0	2	94	2	93	0.9893617	1.0215029	0.2653859311411507	True	True	True	True	PP	P_A__P_B	PP:group_4326--group_5291	160	5684.0	0.08298880518793039	0.1820746095221526	0.2653859311411507	0.9998240675580577	True
2429661	775	812	group_4326	group_2605	PP	0.37310086936065456	0.7513992670550761	40.49201277955272	41764.64856230032	0.018483447	313	0	0	2	97	2	95	0.97938144	1.0420866	0.3123441486238509	True	False	True	False	PP	P_A__P_B	PP:group_4326--group_2605	104	3087.0	0.08621464999400252	0.1579166577233605	0.31234414862385096	0.9996760609005507	True
2429689	775	840	group_4326	bcgIB	PP	0.2756014460746076	0.5373153629182627	92.17647058823529	91000.58823529411	0.019736098	17	0	0	1	92	2	92	1.0	1.0	0.2686713440007028	True	False	False	False	PP	P_A__P_B	PP:group_4326--bcgIB	132	6761.0	0.08881890147032896	0.16757640231088694	0.2686713440007028	0.9991125573140068	True
2429712	775	863	group_4326	celA_1	PP	0.30626012402882163	0.5807031836296231	230.0	229372.5	0.019840457	10	0	0	3	98	2	95	0.96938777	1.0635659	0.289851304603196	True	True	True	True	PP	P_A__P_B	PP:group_4326--celA_1	163	5249.0	0.08492304095172	0.17143864771060247	0.289851304603196	0.9996189750428653	True
2430560	775	1711	group_4326	group_5399	PP	0.3564885238095232	0.7161593690625256	324.7	304116.0	3.8353572	10	0	1	2	96	2	95	0.9895833	1.0210503	0.3271787341539895	True	True	True	True	PP	P_A__P_B	PP:group_4326--group_5399	175	2726.0	0.1327882248154605	0.2682520213804329	0.3271787341539895	0.9996331621423331	True
2430593	775	1744	group_4326	erm	PP	0.33531052068131373	0.6804641316846864	112.2	112281.4	4.1442103	5	0	1	1	93	2	93	1.0	1.0	0.3343558960177353	True	True	False	False	PP	P_A__P_B	PP:group_4326--erm	138	6960.0	0.08032580193964121	0.17405424144485696	0.3343558960177353	0.9992816091954023	True
2506164	803	805	gpsB	group_5291	PP	0.32896730914730987	0.6484290434065659	130.66666666666666	131254.86666666667	0.01891959	15	0	0	2	97	2	88	0.9072165	1.2024281	0.2645359515253397	True	True	True	True	PP	P_A__P_B	PP:gpsB--group_5291	143	7368.0	0.07021361923706292	0.13353956028800928	0.26453595152533976	1.0	True
2506171	803	812	gpsB	group_2605	PP	0.24075820427940384	0.47222765178632287	95.72727272727273	94834.63636363637	0.019882267	11	0	0	1	88	2	88	1.0	1.0	0.2380514954329472	True	False	False	False	PP	P_A__P_B	PP:gpsB--group_2605	133	6715.0	0.08639452999293078	0.15560490261497725	0.23805149543294724	0.9992553983618764	True
2506255	803	896	gpsB	group_2568	PP	0.3020709110422043	0.5402858187909482	31.37037037037037	34587.9012345679	0.020486936	81	0	0	4	108	2	88	0.8148148	1.4742163	0.2907771233226867	True	False	True	False	PP	P_A__P_B	PP:gpsB--group_2568	95	2275.0	0.09484783234699957	0.19436394709880914	0.2907771233226867	0.9991208791208791	True
2507079	803	1720	gpsB	group_1728	PP	0.28641780618539714	0.5631630694332778	77.0	81847.2	3.1747	5	0	1	3	93	2	76	0.8172043	1.4607329	0.2848708139310162	True	False	True	False	PP	P_A__P_B	PP:gpsB--group_1728	125	6084.0	0.08375438396848825	0.16600928574104484	0.2848708139310162	0.9991781722550953	True
2508882	804	805	hemH	group_5291	PP	0.2955829275199695	0.5811715485915911	99.75	99200.5	0.019181203	12	0	0	1	94	2	94	1.0	1.0	0.2631934544667579	True	False	False	False	PP	P_A__P_B	PP:hemH--group_5291	134	6943.0	0.08427328456888496	0.16086113929376944	0.26319345446675796	0.9997119400835374	True
2508889	804	812	hemH	group_2605	PP	0.3173202154322994	0.6208528304185188	93.45	92636.05	0.018990027	20	0	0	3	97	2	95	0.97938144	1.0423175	0.2686713440007028	True	False	True	False	PP	P_A__P_B	PP:hemH--group_2605	132	6761.0	0.08881890147032896	0.16757640231088694	0.2686713440007028	0.9997041857713356	True
2508895	804	818	hemH	group_2606	PP	0.36991647771644054	0.718587759564509	83.15789473684211	82512.68421052632	0.018607723	19	0	0	2	103	2	94	0.9126214	1.18975	0.2599490658246042	True	False	True	False	PP	P_A__P_B	PP:hemH--group_2606	128	6256.0	0.08003720678707987	0.16222670365935535	0.25994906582460425	1.0	True
2511626	805	832	group_5291	ponA	PP	0.273006729758288	0.5208651871219463	129.94117647058823	130666.29411764706	0.0196479	17	0	0	2	96	2	94	0.9791667	1.042534	0.2645359515253397	True	True	True	True	PP	P_A__P_B	PP:group_5291--ponA	143	7368.0	0.07021361923706292	0.13353956028800928	0.26453595152533976	0.9995928338762216	True
2512511	805	1717	group_5291	sarA_2	PP	0.2622966254585796	0.5131964318861021	51.81818181818182	46953.181818181816	2.3606975	11	0	1	1	91	2	91	1.0	1.0	0.2549995425510029	True	False	False	False	PP	P_A__P_B	PP:group_5291--sarA_2	112	4095.0	0.0774980588563095	0.1616340210365595	0.25499954255100293	0.9995115995115995	True
2530603	812	818	group_2605	group_2606	PP	0.2721761355898587	0.5261598226619201	38.488958990536275	39606.45110410095	0.019536542	317	0	0	1	94	2	94	1.0	1.0	0.2721761355898587	True	False	False	False	PP	P_A__P_B	PP:group_2605--group_2606	102	3001.0	0.0984932987290724	0.18507835253096813	0.2721761355898587	0.9990003332222592	True
2530617	812	832	group_2605	ponA	PP	0.2657548567088867	0.5046174287542076	128.83333333333334	125638.83333333333	0.019747	12	0	0	1	96	2	96	1.0	1.0	0.2645359515253397	True	True	False	False	PP	P_A__P_B	PP:group_2605--ponA	143	7368.0	0.07021361923706292	0.13353956028800928	0.26453595152533976	0.999185667752443	True
2531395	812	1610	group_2605	group_4837	PP	0.2521948316684195	0.4768418456253084	86.2	82188.2	1.2415004	5	0	1	1	95	2	95	1.0	1.0	0.2521948316684195	True	False	False	False	PP	P_A__P_B	PP:group_2605--group_4837	129	6557.0	0.08291591421847903	0.15929966177065996	0.2521948316684195	0.9989324386152204	True
2531397	812	1612	group_2605	group_5355	PP	0.2521948316684195	0.4768418456253084	88.4	84669.6	1.2424703	5	0	1	1	95	2	95	1.0	1.0	0.2469365771186938	True	False	False	False	PP	P_A__P_B	PP:group_2605--group_5355	130	6583.0	0.08462552464636489	0.1577604359626178	0.24693657711869388	0.999240467871791	True
2531398	812	1613	group_2605	group_5357	PP	0.2521948316684195	0.4768418456253084	86.4	82889.6	1.2414365	5	0	1	1	95	2	95	1.0	1.0	0.2521948316684195	True	False	False	False	PP	P_A__P_B	PP:group_2605--group_5357	129	6557.0	0.08291591421847903	0.15929966177065996	0.2521948316684195	0.9990849473844746	True
2531415	812	1630	group_2605	group_5359	PP	0.2574788223352723	0.48890282907534083	86.0	82005.6	1.4104959	5	0	1	1	95	2	95	1.0	1.0	0.2521948316684195	True	False	False	False	PP	P_A__P_B	PP:group_2605--group_5359	129	6557.0	0.08291591421847903	0.15929966177065996	0.2521948316684195	0.9992374561537288	True
2531418	812	1633	group_2605	iap	PP	0.2574788223352723	0.48890282907534083	85.6	82206.0	1.4095392	5	0	1	1	95	2	95	1.0	1.0	0.2521948316684195	True	False	False	False	PP	P_A__P_B	PP:group_2605--iap	129	6557.0	0.08291591421847903	0.15929966177065996	0.2521948316684195	0.999389964922983	True
2531529	812	1744	group_2605	erm	PP	0.29227821462139203	0.5732799651503557	89.2	86005.6	4.590802	5	0	1	1	94	2	94	1.0	1.0	0.2469365771186938	True	False	False	False	PP	P_A__P_B	PP:group_2605--erm	130	6583.0	0.08462552464636489	0.1577604359626178	0.24693657711869388	0.9996961871487164	True
2546864	818	840	group_2606	bcgIB	PP	0.2804928828302075	0.5255927823747486	93.0	91494.86666666667	0.019788286	15	0	0	2	100	2	91	0.91	1.1958861	0.2686713440007028	True	False	True	False	PP	P_A__P_B	PP:group_2606--bcgIB	132	6761.0	0.08881890147032896	0.16757640231088694	0.2686713440007028	0.9994083715426711	True
2585355	832	1580	ponA	group_13	PP	0.2691044077589288	0.4926082313194872	71.16666666666667	74250.66666666667	1.6764282	6	0	1	4	103	2	87	0.8446602	1.3826405	0.265788113307212	True	False	True	False	PP	P_A__P_B	PP:ponA--group_13	123	5718.0	0.07881086730462827	0.14771315661643272	0.265788113307212	0.9991255683805527	True
2585415	832	1640	ponA	group_4892	PP	0.31825687502460026	0.5909527517345088	180.83333333333334	171858.5	4.3771844	6	0	1	3	106	2	96	0.9056604	1.2115592	0.3170845279151985	True	True	True	True	PP	P_A__P_B	PP:ponA--group_4892	155	6489.0	0.07478644229557524	0.17953682317087796	0.31708452791519853	0.9990753582986592	True
2585426	832	1651	ponA	group_5412	PP	0.32203432719852865	0.599240361365911	179.83333333333334	170585.0	4.9692845	6	0	1	3	106	2	96	0.9056604	1.2115592	0.3100052955028014	True	True	True	True	PP	P_A__P_B	PP:ponA--group_5412	154	6972.0	0.09211054727327994	0.2198618223933002	0.3100052955028014	0.9997131382673551	True
2585431	832	1656	ponA	group_3419	PP	0.32592143391520906	0.6077791664001652	167.0	159505.83333333334	5.6960597	6	0	1	3	106	2	96	0.9056604	1.2115592	0.2864702557437782	True	True	True	True	PP	P_A__P_B	PP:ponA--group_3419	152	6975.0	0.08074861224185069	0.1666841194180666	0.28647025574377827	0.9995698924731182	True
2585435	832	1660	ponA	group_5411	PP	0.32592143391520906	0.6077791664001652	178.83333333333334	169671.16666666666	5.6963	6	0	1	3	106	2	96	0.9056604	1.2115592	0.3100052955028014	True	True	True	True	PP	P_A__P_B	PP:ponA--group_5411	154	6972.0	0.09211054727327994	0.2198618223933002	0.3100052955028014	1.0	True
2585438	832	1663	ponA	group_5991	PP	0.32592143391520906	0.6077791664001652	174.83333333333334	166950.16666666666	5.6960597	6	0	1	3	106	2	96	0.9056604	1.2115592	0.306539247592334	True	True	True	True	PP	P_A__P_B	PP:ponA--group_5991	153	7024.0	0.08947656875874647	0.18774163590115295	0.30653924759233403	0.9997152619589977	True
2585495	832	1720	ponA	group_1728	PP	0.26932660953197773	0.5126136137683461	81.16666666666667	85898.83333333333	4.524498	6	0	1	4	96	2	82	0.8541667	1.351716	0.2682754231004438	True	False	True	False	PP	P_A__P_B	PP:ponA--group_1728	127	6278.0	0.07982891017179763	0.16889230837703867	0.26827542310044383	0.9990442816183498	True
2640888	853	854	corA	group_3998	PP	0.2803377428742999	0.49671735576620163	58.2	48471.8	0.020327363	5	0	0	7	111	2	88	0.7927928	1.5645714	0.2385371002933225	True	False	True	False	PP	P_A__P_B	PP:corA--group_3998	116	4792.0	0.08494251143913445	0.16418313018136568	0.2385371002933225	0.9995826377295493	True
2643559	854	857	group_3998	group_2233	PP	0.3146672947390313	0.5526440488311938	89.9090909090909	87809.54545454546	0.019910878	11	0	0	9	117	2	93	0.7948718	1.5607114	0.2593337248185822	True	False	True	False	PP	P_A__P_B	PP:group_3998--group_2233	131	6572.0	0.08650168058338166	0.16448916293992996	0.2593337248185822	0.9995435179549604	True
2643602	854	900	group_3998	group_789	PP	0.2740788720839985	0.4648976001674771	77.83333333333333	74671.0	0.020943543	6	0	0	8	120	2	94	0.78333336	1.6021361	0.2692663994287119	True	False	True	False	PP	P_A__P_B	PP:group_3998--group_789	126	6233.0	0.08333171660465429	0.1654947717006076	0.26926639942871194	0.9991978180651372	True
2670816	864	1489	sstT	group_3758	PP	0.47754134643335583	0.8219119124365097	2.6666666666666665	1564.8333333333333	19.609442	6	0	1	35	137	9	59	0.43065694	4.543452	0.4761577791006502	True	False	True	False	PP	P_A__P_B	PP:sstT--group_3758	20	86.0	0.3303572273358221	0.46370567310629884	0.4761577791006502	1.0	True
2694674	873	1470	group_1973	group_5415	PP	0.2863379286534108	0.48587413841651794	42.0625	40246.0625	1.6721274	16	0	1	3	122	2	93	0.76229507	1.6302301	0.2517105871120749	True	False	True	False	PP	P_A__P_B	PP:group_1973--group_5415	105	3214.0	0.08696719623740717	0.17516274278110347	0.2517105871120749	0.9993777224642191	True
2755340	896	1485	group_2568	group_4891	PP	0.26752371064628805	0.4463386479611354	140.36363636363637	129195.18181818182	2.4297576	11	0	1	5	124	2	95	0.766129	1.6533333	0.2595898669752842	True	True	True	True	PP	P_A__P_B	PP:group_2568--group_4891	146	6731.0	0.0732830878400802	0.14664409309432716	0.2595898669752842	0.9991086019907889	True
2783589	907	914	yjaB	group_2556	PP	0.47432760014121067	0.7590602674706194	137.6	138559.8	0.017882204	5	0	0	3	160	2	93	0.58125	1.9878863	0.2448827076162332	True	True	True	True	PP	P_A__P_B	PP:yjaB--group_2556	145	6974.0	0.07406310532732605	0.149634419516591	0.24488270761623324	1.0	True
2783739	907	1064	yjaB	pezA	PP	0.28006897892086197	0.4262561358408791	94.17647058823529	95174.41176470589	0.022425296	17	0	0	4	164	2	96	0.58536583	2.0002975	0.2686713440007028	True	False	True	False	PP	P_A__P_B	PP:yjaB--pezA	132	6761.0	0.08881890147032896	0.16757640231088694	0.2686713440007028	0.999260464428339	True
2783744	907	1069	yjaB	pezT	PP	0.2761819933276267	0.42020555786777636	85.4	86186.33333333333	0.022609293	15	0	0	4	164	2	96	0.58536583	2.0002975	0.2521948316684195	True	False	True	False	PP	P_A__P_B	PP:yjaB--pezT	129	6557.0	0.08291591421847903	0.15929966177065996	0.2521948316684195	0.9998474912307458	True
2783828	907	1153	yjaB	group_2817	PP	0.2763444566304689	0.421202389772818	71.5	69499.35714285714	0.26811257	14	0	1	3	162	2	96	0.5925926	1.952388	0.265788113307212	True	False	True	False	PP	P_A__P_B	PP:yjaB--group_2817	123	5718.0	0.07881086730462827	0.14771315661643272	0.265788113307212	0.9994753410283316	True
2783935	907	1260	yjaB	group_2180	PP	0.3121439259587342	0.4851194316711496	145.375	148742.375	0.6687815	8	0	1	4	155	2	96	0.61935484	1.9442421	0.3036648005762775	True	True	True	True	PP	P_A__P_B	PP:yjaB--group_2180	147	6865.0	0.0779575224623964	0.16324289686893095	0.30366480057627754	0.9995630007283322	True
2801869	914	917	group_2556	mutX_1	PP	0.4437025646455418	0.70527826315717	137.8	138691.4	0.018202696	5	0	0	3	160	2	93	0.58125	1.9878863	0.2448827076162332	True	True	True	True	PP	P_A__P_B	PP:group_2556--mutX_1	145	6974.0	0.07406310532732605	0.149634419516591	0.24488270761623324	0.9998566102667049	True
2802001	914	1049	group_2556	group_2818	PP	0.2452537884605807	0.3725927542105966	44.375	41746.0	0.022874387	8	0	0	4	160	2	93	0.58125	1.9881951	0.2346661469685884	True	False	True	False	PP	P_A__P_B	PP:group_2556--group_2818	107	3490.0	0.08444460438359784	0.17893419530770518	0.2346661469685884	0.9997134670487106	True
2830863	925	1289	group_1257	group_3703	PP	0.27457318343877674	0.42418843218159136	164.61111111111111	137456.05555555556	0.7164915	18	0	1	4	153	2	95	0.62091506	1.9246074	0.2676486562424987	True	True	True	True	PP	P_A__P_B	PP:group_1257--group_3703	151	7093.0	0.08016485582239659	0.16620799112503734	0.26764865624249873	0.9992950796559988	True
2897901	951	1156	group_1844	pepE	PP	0.25998728142251604	0.38877484056032746	46.142857142857146	45030.42857142857	0.34598607	7	0	1	13	172	2	94	0.54651165	2.5810504	0.2593400283675842	True	False	True	False	PP	P_A__P_B	PP:group_1844--pepE	108	3452.0	0.08354527901370616	0.1907953385699126	0.25934002836758424	0.9991309385863267	True
2897937	951	1192	group_1844	group_3418	PP	0.31121232442415525	0.4683988571480888	49.0	46627.0	0.6135769	5	0	1	12	173	2	94	0.5433526	2.6045601	0.2286320323377872	True	False	True	False	PP	P_A__P_B	PP:group_1844--group_3418	110	3787.0	0.07980269895130161	0.16511189475170804	0.22863203233778726	0.9997359387377872	True
3135016	1045	1062	group_3708	group_3737	PP	0.6100588527316089	0.8843802511562056	4.076923076923077	3227.675213675214	0.017999679	234	0	0	27	241	2	88	0.36514524	4.9603724	0.5931257007205942	True	False	True	False	PP	P_A__P_B	PP:group_3708--group_3737	32	190.0	0.31341716866971076	0.5176688902362497	0.5931257007205942	1.0	True
3135020	1045	1066	group_3708	licR_1	PP	0.609979379437205	0.883819650016073	2.1012145748987856	1285.0728744939272	0.018069524	247	0	0	28	242	2	88	0.36363637	5.0011954	0.6071639368382112	True	False	True	False	PP	P_A__P_B	PP:group_3708--licR_1	15	111.0	0.3406918494267248	0.5768285247137394	0.6071639368382112	1.0	True
3145014	1049	1162	group_2818	group_2236	PP	0.2549941843192261	0.37067846374632074	61.333333333333336	61081.333333333336	0.024220088	6	1	1	39	217	9	56	0.2580645	7.9421487	0.244734752119587	True	False	True	False	PP	P_A__P_B	PP:group_2818--group_2236	118	5032.0	0.08497000090468089	0.1542736589052418	0.24473475211958706	0.9994038155802861	True
3159726	1055	1057	ybiT_1	group_1581	PP	0.6682672753516778	0.9680374949884316	4.985185185185185	3821.1481481481483	0.01749091	270	0	0	25	246	2	93	0.37804878	4.397326	0.6524699009194509	True	False	True	False	PP	P_A__P_B	PP:ybiT_1--group_1581	37	991.0	0.45577424971172353	0.5728709692013529	0.6524699009194509	1.0	True
3169589	1059	1062	group_5451	group_3737	PP	0.637897686450552	0.9234948986188121	3.1024590163934427	2228.3893442622953	0.01774399	244	0	0	28	246	2	89	0.36178863	5.07259	0.6351555877840879	True	False	True	False	PP	P_A__P_B	PP:group_5451--group_3737	24	201.0	0.4122937613586227	0.6179386658854067	0.6351555877840879	1.0	True
3169593	1059	1066	group_5451	licR_1	PP	0.6521475046851444	0.9436496897528829	1.1245136186770428	272.0933852140078	0.017686717	257	0	0	29	248	2	89	0.35887095	5.105761	0.6342126648881893	True	False	True	False	PP	P_A__P_B	PP:group_5451--licR_1	2	63.0	0.29972458902491966	0.47279910671558734	0.6342126648881893	1.0	True
3174689	1061	1239	group_2421	group_1959	PP	0.2973490079480111	0.43802185292606666	66.4	67180.4	0.024555316	5	1	1	28	201	3	62	0.3084577	6.0562134	0.265992662730285	True	False	True	False	PP	P_A__P_B	PP:group_2421--group_1959	120	5199.0	0.07823192864161735	0.15261927437662484	0.265992662730285	0.9992306212733217	True
3176994	1062	1084	group_3737	group_3096	PP	0.6307638705707823	0.9120545973996174	5.995670995670996	5028.636363636364	0.017830173	231	0	0	28	249	2	91	0.36546186	4.9980655	0.5727036041774128	True	False	True	False	PP	P_A__P_B	PP:group_3737--group_3096	43	580.0	0.31298829365431274	0.4794427081694648	0.5727036041774128	1.0	True
3181896	1064	1069	pezA	pezT	PP	0.6694918720688483	0.9680876300344707	1.0	93.39920948616601	0.016534545	253	0	0	20	251	2	96	0.38247013	4.1543684	0.6681542074864046	True	False	True	False	PP	P_A__P_B	PP:pezA--pezT	0	2266.0	0.5124481607062477	0.631316892917911	0.6681542074864046	0.999558693733451	True
3196657	1070	1103	group_2640	group_1424	PP	0.5729296139351235	0.8274212584660494	4.694835680751174	3533.657276995305	0.018314539	213	0	0	36	253	3	65	0.256917	6.665521	0.5627020575488594	True	False	True	False	PP	P_A__P_B	PP:group_2640--group_1424	35	196.0	0.36267273512458137	0.4723602476060008	0.5627020575488594	1.0	True
3199088	1071	1083	group_3436	haeIIIM	PP	0.6698835323364845	0.9681036292774493	1.0043290043290043	112.16450216450217	0.017480658	231	0	0	34	253	9	59	0.23320158	8.418914	0.6681542074864046	True	False	True	False	PP	P_A__P_B	PP:group_3436--haeIIIM	0	2266.0	0.5124481607062477	0.631316892917911	0.6681542074864046	1.0	True
3238324	1087	1239	group_861	group_1959	PP	0.298300692440146	0.43891536847960655	66.0	66977.2	0.02433897	5	1	1	28	199	3	61	0.30653265	6.131135	0.265992662730285	True	False	True	False	PP	P_A__P_B	PP:group_861--group_1959	120	5199.0	0.07823192864161735	0.15261927437662484	0.265992662730285	0.9994229659549914	True
3253064	1093	1390	group_1188	group_5615	PP	0.26289912658713704	0.3982843806143468	1.8104575163398693	866.9673202614379	0.028738784	153	1	1	36	168	3	62	0.3690476	6.0906343	0.2622768730732445	True	False	True	False	PP	P_A__P_B	PP:group_1188--group_5615	11	68.0	0.2290992384378958	0.2566765914482114	0.26227687307324454	1.0	True
3282171	1105	1427	group_2632	group_4876	PP	0.25308602962129634	0.3887553850663295	95.375	89632.0	0.028194603	8	1	1	6	157	2	94	0.5987261	2.055625	0.2380514954329472	True	False	True	False	PP	P_A__P_B	PP:group_2632--group_4876	133	6715.0	0.08639452999293078	0.15560490261497725	0.23805149543294724	0.9998510796723753	True
3282172	1105	1428	group_2632	group_5414	PP	0.24361946867387432	0.3742141772727752	97.375	91076.625	0.028593643	8	1	1	5	156	2	94	0.6025641	2.0296915	0.2380514954329472	True	False	True	False	PP	P_A__P_B	PP:group_2632--group_5414	133	6715.0	0.08639452999293078	0.15560490261497725	0.23805149543294724	0.9994043186895011	True
3303585	1114	1133	manP	group_1051	PP	0.5733457967939	0.8282530576323153	7.9	5941.4	0.018035172	40	1	1	26	249	2	95	0.3815261	4.432759	0.559324306333479	True	False	True	False	PP	P_A__P_B	PP:manP--group_1051	51	907.0	0.31821245243477025	0.42960542082105974	0.559324306333479	1.0	True
3303591	1114	1139	manP	alsE	PP	0.6123375567690592	0.8847105031388046	2.0384615384615383	1027.5641025641025	0.017694207	156	1	1	27	251	2	95	0.37848607	4.462775	0.6116513491547376	True	False	True	False	PP	P_A__P_B	PP:manP--alsE	14	239.0	0.4348262997683426	0.5947325782140344	0.6116513491547376	1.0	True
3303608	1114	1156	manP	pepE	PP	0.2748842381490821	0.3979632400176372	69.2	68630.6	0.024022516	5	1	1	21	211	2	95	0.45023698	3.2805984	0.2745365386787682	True	False	True	False	PP	P_A__P_B	PP:manP--pepE	122	5565.0	0.08009735203520425	0.15930835240814906	0.2745365386787682	0.9991015274034142	True
3320402	1121	1122	ptsN	group_4884	PP	0.5992735096463044	0.8656290578624227	12.125	9863.15	0.017720217	40	1	1	27	251	2	95	0.37848607	4.462775	0.5170614913430391	True	False	True	False	PP	P_A__P_B	PP:ptsN--group_4884	64	910.0	0.17232564107783171	0.3244016000679727	0.5170614913430391	1.0	True
3322813	1122	1133	group_4884	group_1051	PP	0.6612062303393216	0.9554519072896919	1.5104602510460252	658.4476987447699	0.01720461	239	1	1	30	253	2	95	0.37549406	4.5750127	0.6463081540363298	True	False	True	False	PP	P_A__P_B	PP:group_4884--group_1051	7	33.0	0.1912869937155468	0.5122254673094042	0.6463081540363298	1.0	True
3322823	1122	1143	group_4884	tkt_3	PP	0.6378423696546103	0.922125880534652	5.240963855421687	4031.5662650602408	0.017397802	83	1	1	27	250	2	95	0.38	4.433253	0.6123302214664892	True	False	True	False	PP	P_A__P_B	PP:group_4884--tkt_3	39	187.0	0.3370615864379095	0.4988416150856903	0.6123302214664892	1.0	True
3339600	1129	1148	group_1922	group_2348	PP	0.26957858237662036	0.3899660883411208	135.14285714285714	136738.7142857143	0.02383157	7	1	1	25	211	9	58	0.2748815	6.2608633	0.2448827076162332	True	True	True	True	PP	P_A__P_B	PP:group_1922--group_2348	145	6974.0	0.07406310532732605	0.149634419516591	0.24488270761623324	0.9992830513335246	True
3346758	1132	1133	mngA	group_1051	PP	0.6064624714009293	0.8765597953809768	8.930232558139535	6925.720930232558	0.01762942	43	1	1	26	249	2	95	0.3815261	4.432759	0.5227370644695469	True	False	True	False	PP	P_A__P_B	PP:mngA--group_1051	55	825.0	0.22437772421005392	0.4083483655942093	0.5227370644695469	1.0	True
3346768	1132	1143	mngA	tkt_3	PP	0.6525935730126082	0.9436814327035207	4.00709219858156	2954.503546099291	0.017265268	141	1	1	27	250	2	95	0.38	4.433253	0.6337220710776296	True	False	True	False	PP	P_A__P_B	PP:mngA--tkt_3	31	966.0	0.4230461588976818	0.5743754050770661	0.6337220710776296	1.0	True
3349153	1133	1139	group_1051	alsE	PP	0.621980723506864	0.8992448208297663	5.2025316455696204	3971.6202531645567	0.017485013	79	1	1	26	249	2	95	0.3815261	4.432759	0.6019386419856635	True	False	True	False	PP	P_A__P_B	PP:group_1051--alsE	38	248.0	0.3540963022147852	0.5103176924584517	0.6019386419856635	1.0	True
3349157	1133	1143	group_1051	tkt_3	PP	0.6228542364624001	0.9008003757421748	3.6951219512195124	2617.1341463414633	0.017455507	82	1	1	26	248	2	95	0.3830645	4.4032073	0.6084495076812001	True	False	True	False	PP	P_A__P_B	PP:group_1051--tkt_3	29	181.0	0.28668350844300283	0.4854203170829934	0.6084495076812001	1.0	True
3358702	1137	1142	yxlF	group_5417	PP	0.2928027577364576	0.4234561633746656	152.0	150310.7857142857	0.023824135	14	1	1	13	215	2	94	0.4372093	3.4157245	0.2790734676864135	True	True	True	True	PP	P_A__P_B	PP:yxlF--group_5417	149	7173.0	0.08341222594638732	0.16186191601190375	0.27907346768641356	0.999721176634602	True
3358705	1137	1145	yxlF	group_1482	PP	0.2791310095456147	0.4038233135364636	152.85714285714286	151256.35714285713	0.02435081	14	1	1	12	212	2	94	0.44339624	3.331653	0.2790734676864135	True	True	True	True	PP	P_A__P_B	PP:yxlF--group_1482	149	7173.0	0.08341222594638732	0.16186191601190375	0.27907346768641356	0.9990241182211069	True
3363470	1139	1143	alsE	tkt_3	PP	0.669275016245698	0.9680787641598403	1.0338983050847457	180.52966101694915	0.017123133	236	1	1	27	250	2	95	0.38	4.433253	0.6681542074864046	True	False	True	False	PP	P_A__P_B	PP:alsE--tkt_3	0	2266.0	0.5124481607062477	0.631316892917911	0.6681542074864046	0.999117387466902	True
3363483	1139	1156	alsE	pepE	PP	0.28933688713255373	0.4192299525898304	52.333333333333336	52444.0	0.023505758	6	1	1	20	210	2	95	0.45238096	3.2498157	0.2549995425510029	True	False	True	False	PP	P_A__P_B	PP:alsE--pepE	112	4095.0	0.0774980588563095	0.1616340210365595	0.25499954255100293	1.0	True
3363519	1139	1192	alsE	group_3418	PP	0.37185683477801557	0.5421876821257362	32.8	31948.0	0.021290736	5	1	1	18	211	2	95	0.45023698	3.2772176	0.2744459099899397	True	False	True	False	PP	P_A__P_B	PP:alsE--group_3418	97	2384.0	0.10018118888175667	0.1916397277587569	0.27444590998993973	1.0	True
3373005	1143	1156	tkt_3	pepE	PP	0.28876437369875896	0.4185366892193617	55.6	56689.6	0.023499994	5	1	1	20	209	2	95	0.45454547	3.223452	0.2369103607376388	True	False	True	False	PP	P_A__P_B	PP:tkt_3--pepE	114	4430.0	0.08388703680780522	0.16338338307013026	0.23691036073763888	1.0	True
3467393	1183	1204	mtlD	mtlR	PP	0.6132639941670297	0.9010526397702862	1.9170984455958548	929.4974093264249	0.01692489	193	1	1	42	221	8	45	0.20361991	10.354251	0.6073960180190991	True	False	True	False	PP	P_A__P_B	PP:mtlD--mtlR	12	105.0	0.4137220590624062	0.5542808074412893	0.6073960180190991	1.0	True
3467500	1183	1311	mtlD	lytA_3	PP	0.4308630667266432	0.6454609788995848	14.752475247524753	13884.801980198019	0.020041307	101	1	1	30	189	8	43	0.22751322	7.859406	0.4294145089452588	True	False	True	False	PP	P_A__P_B	PP:mtlD--lytA_3	70	1033.0	0.17656379723776322	0.3101934176029112	0.4294145089452588	1.0	True
3467526	1183	1337	mtlD	group_2000	PP	0.240431991677676	0.36269917620194303	96.61290322580645	103609.83870967742	0.026066506	31	1	1	25	162	8	41	0.25308642	6.834375	0.2380514954329472	True	False	True	False	PP	P_A__P_B	PP:mtlD--group_2000	133	6715.0	0.08639452999293078	0.15560490261497725	0.23805149543294724	0.9991064780342517	True
3472175	1185	1311	mtlF	lytA_3	PP	0.43745232871653167	0.6558735161298385	17.71875	17034.9375	0.019802844	96	1	1	30	189	8	43	0.22751322	7.859406	0.4373807914560165	True	False	True	False	PP	P_A__P_B	PP:mtlF--lytA_3	76	1115.0	0.16407519598709824	0.32611755809878334	0.4373807914560165	0.9991031390134529	True
3516388	1204	1311	mtlR	lytA_3	PP	0.4125756159999569	0.62027347269374	16.15841584158416	15443.18811881188	0.020159723	101	1	1	30	185	8	43	0.23243243	7.776642	0.4091103206409456	True	False	True	False	PP	P_A__P_B	PP:mtlR--lytA_3	73	1216.0	0.1630746548919306	0.28863760726984994	0.4091103206409456	0.9991776315789473	True
3535185	1212	1600	hsdS	hsdS_1	PP	0.11015241981727644	0.1797728217613246	1.4	384.4	25.612276	5	0	1	35	122	2	24	0.19672132	12.003226	0.1100057486442821	True	False	True	False	PP	P_A__P_B	PP:hsdS--hsdS_1	6	25.0	0.10020641538734767	0.10868570808733305	0.1100057486442821	1.0	True
3551083	1219	1356	group_3354	group_1077	PP	0.2927976879863317	0.4468234020235874	77.8	79549.0	0.023938527	5	1	1	3	162	2	94	0.5802469	2.0079572	0.2692663994287119	True	False	True	False	PP	P_A__P_B	PP:group_3354--group_1077	126	6233.0	0.08333171660465429	0.1654947717006076	0.26926639942871194	1.0	True
3617331	1248	1252	bglK_3	ntpD	PP	0.6650455492294949	0.9999999999999997	8.625806451612902	7370.316129032258	0.017402835	155	1	1	34	204	13	38	0.18627451	12.24	0.5641392194319106	True	False	True	False	PP	P_A__P_B	PP:bglK_3--ntpD	54	699.0	0.28524151176945656	0.41459237154151063	0.5641392194319106	1.0	True
3617334	1248	1255	bglK_3	nanA_3	PP	0.6650455492294949	0.9999999999999997	4.7784810126582276	3737.2025316455697	0.017402835	158	1	1	34	204	13	38	0.18627451	12.24	0.6601679608317227	True	False	True	False	PP	P_A__P_B	PP:bglK_3--nanA_3	36	384.0	0.435995382489425	0.6500985405434865	0.6601679608317227	1.0	True
3617335	1248	1256	bglK_3	ntpK	PP	0.6650455492294949	0.9999999999999997	2.942857142857143	2039.8285714285714	0.017402835	175	1	1	34	204	13	38	0.18627451	12.24	0.6523103314807417	True	False	True	False	PP	P_A__P_B	PP:bglK_3--ntpK	23	1256.0	0.4564289888528172	0.612154916478691	0.6523103314807417	1.0	True
3617336	1248	1257	bglK_3	ntpA	PP	0.6650455492294949	0.9999999999999997	6.703703703703703	5562.067901234568	0.017402835	162	1	1	34	204	13	38	0.18627451	12.24	0.6587670868793596	True	False	True	False	PP	P_A__P_B	PP:bglK_3--ntpA	46	494.0	0.39036755827369174	0.6297000083507391	0.6587670868793596	1.0	True
3624147	1251	1252	group_4933	ntpD	PP	0.6650455492294949	0.9999999999999997	7.654761904761905	6330.113095238095	0.017402835	168	1	1	34	204	13	38	0.18627451	12.24	0.6650455492294949	True	False	True	False	PP	P_A__P_B	PP:group_4933--ntpD	50	524.0	0.3273921505672686	0.6158799726723082	0.6650455492294949	0.9980916030534351	True
3624150	1251	1255	group_4933	nanA_3	PP	0.6650455492294949	0.9999999999999997	5.697530864197531	4619.456790123457	0.017402835	162	1	1	34	204	13	38	0.18627451	12.24	0.6650455492294949	True	False	True	False	PP	P_A__P_B	PP:group_4933--nanA_3	41	366.0	0.3560696139658262	0.6397553136324479	0.6650455492294949	0.994535519125683	True
3624151	1251	1256	group_4933	ntpK	PP	0.6650455492294949	0.9999999999999997	1.9680851063829787	1014.6276595744681	0.017402835	188	1	1	34	204	13	38	0.18627451	12.24	0.6627953527012798	True	False	True	False	PP	P_A__P_B	PP:group_4933--ntpK	13	1485.0	0.4857072774403386	0.6249572117946857	0.6627953527012798	0.9993265993265993	True
3624152	1251	1257	group_4933	ntpA	PP	0.6650455492294949	0.9999999999999997	5.742690058479532	4565.444444444444	0.017402835	171	1	1	34	204	13	38	0.18627451	12.24	0.6650455492294949	True	False	True	False	PP	P_A__P_B	PP:group_4933--ntpA	41	366.0	0.3560696139658262	0.6397553136324479	0.6650455492294949	0.9972677595628415	True
3624162	1251	1267	group_4933	atpE_1	PP	0.6523103314807417	0.981520748956804	2.9392265193370166	1872.2651933701657	0.017497895	181	1	1	34	203	13	38	0.18719211	12.166814	0.6523103314807417	True	False	True	False	PP	P_A__P_B	PP:group_4933--atpE_1	23	1256.0	0.4564289888528172	0.612154916478691	0.6523103314807417	0.9984076433121019	True
3626420	1252	1255	ntpD	nanA_3	PP	0.6650455492294949	0.9999999999999997	13.338235294117647	11621.375	0.017402835	136	1	1	34	204	13	38	0.18627451	12.24	0.6163355410043516	True	False	True	False	PP	P_A__P_B	PP:ntpD--nanA_3	67	765.0	0.19798857308776596	0.368144324721815	0.6163355410043516	1.0	True
3626421	1252	1256	ntpD	ntpK	PP	0.6650455492294949	0.9999999999999997	5.739644970414201	4714.579881656805	0.017402835	169	1	1	34	204	13	38	0.18627451	12.24	0.6650455492294949	True	False	True	False	PP	P_A__P_B	PP:ntpD--ntpK	41	366.0	0.3560696139658262	0.6397553136324479	0.6650455492294949	1.0	True
3626422	1252	1257	ntpD	ntpA	PP	0.6650455492294949	0.9999999999999997	1.977142857142857	1028.4342857142858	0.017402835	175	1	1	34	204	13	38	0.18627451	12.24	0.6627953527012798	True	False	True	False	PP	P_A__P_B	PP:ntpD--ntpA	13	1485.0	0.4857072774403386	0.6249572117946857	0.6627953527012798	1.0	True
3626429	1252	1264	ntpD	nanB_2	PP	0.6303589822682216	0.9484909107342874	10.452229299363058	8996.15923566879	0.017679922	157	1	1	33	202	13	38	0.18811882	12.015312	0.6248801035279423	True	False	True	False	PP	P_A__P_B	PP:ntpD--nanB_2	59	545.0	0.2383674578801787	0.4465296043034231	0.6248801035279423	1.0	True
3626435	1252	1270	ntpD	ntpG	PP	0.6523103314807417	0.981520748956804	2.9186046511627906	1950.5174418604652	0.01748462	172	1	1	34	203	13	38	0.18719211	12.188406	0.6523103314807417	True	False	True	False	PP	P_A__P_B	PP:ntpD--ntpG	23	1256.0	0.4564289888528172	0.612154916478691	0.6523103314807417	0.9992038216560509	True
3626460	1252	1295	ntpD	rpiR	PP	0.6012889939609836	0.9086891619529558	15.23134328358209	13523.388059701492	0.018057315	134	1	1	32	197	13	38	0.1928934	11.512608	0.4753709661554589	True	False	True	False	PP	P_A__P_B	PP:ntpD--rpiR	71	1079.0	0.16265916954325232	0.314212930683921	0.47537096615545893	1.0	True
3626464	1252	1299	ntpD	nanE_2	PP	0.5941590241960715	0.8986018777082817	14.24822695035461	12576.553191489362	0.01815466	141	1	1	32	196	13	38	0.19387755	11.426532	0.5889794064875663	True	False	True	False	PP	P_A__P_B	PP:ntpD--nanE_2	69	936.0	0.1776159627643874	0.3674588888529133	0.5889794064875663	1.0	True
3631129	1254	1427	group_5619	group_4876	PP	0.2782954321045634	0.4368866450799146	159.8	147614.8	0.024170421	5	1	1	3	146	2	89	0.60958904	1.9276541	0.267453801147041	True	True	True	True	PP	P_A__P_B	PP:group_5619--group_4876	150	7224.0	0.0835690225853602	0.1891902803848992	0.267453801147041	0.9993078626799557	True
3631130	1254	1428	group_5619	group_5414	PP	0.2782954321045634	0.4368866450799146	204.2	182281.06666666668	0.024200741	60	1	1	3	146	2	89	0.60958904	1.9276541	0.278252336362305	True	True	True	True	PP	P_A__P_B	PP:group_5619--group_5414	159	6011.0	0.07923949105051266	0.1890138768129557	0.27825233636230506	0.999001829978373	True
3633225	1255	1256	nanA_3	ntpK	PP	0.6650455492294949	0.9999999999999997	7.628205128205129	6427.910256410257	0.017402835	156	1	1	34	204	13	38	0.18627451	12.24	0.6650455492294949	True	False	True	False	PP	P_A__P_B	PP:nanA_3--ntpK	50	524.0	0.3273921505672686	0.6158799726723082	0.6650455492294949	1.0	True
3633226	1255	1257	nanA_3	ntpA	PP	0.6650455492294949	0.9999999999999997	11.418439716312056	9765.99290780142	0.017402835	141	1	1	34	204	13	38	0.18627451	12.24	0.6454305637777881	True	False	True	False	PP	P_A__P_B	PP:nanA_3--ntpA	62	613.0	0.21416869286852908	0.4717863614090828	0.6454305637777881	1.0	True
3633234	1255	1265	nanA_3	ntpC	PP	0.6523103314807417	0.981520748956804	9.539007092198581	7940.404255319149	0.01748462	141	1	1	34	203	13	38	0.18719211	12.188406	0.6457973580153471	True	False	True	False	PP	P_A__P_B	PP:nanA_3--ntpC	57	643.0	0.25618311779060104	0.5184582857127242	0.6457973580153471	1.0	True
3633236	1255	1267	nanA_3	atpE_1	PP	0.6523103314807417	0.981520748956804	8.593333333333334	7268.56	0.017497895	150	1	1	34	203	13	38	0.18719211	12.166814	0.6423005162398322	True	False	True	False	PP	P_A__P_B	PP:nanA_3--atpE_1	53	457.0	0.2260736405707707	0.585412587363868	0.6423005162398322	1.0	True
3633239	1255	1270	nanA_3	ntpG	PP	0.6523103314807417	0.981520748956804	10.460992907801419	9021.354609929078	0.01748462	141	1	1	34	203	13	38	0.18719211	12.188406	0.6097647398944943	True	False	True	False	PP	P_A__P_B	PP:nanA_3--ntpG	60	669.0	0.23214536576393224	0.46209964739470144	0.6097647398944943	1.0	True
3633240	1255	1271	nanA_3	ntpB	PP	0.6523103314807417	0.981520748956804	12.354166666666666	10697.479166666666	0.017505253	144	1	1	34	203	13	38	0.18719211	12.282862	0.6089876075536621	True	False	True	False	PP	P_A__P_B	PP:nanA_3--ntpB	65	746.0	0.21371542905348684	0.4608167722391908	0.6089876075536621	1.0	True
3635492	1256	1257	ntpK	ntpA	PP	0.6650455492294949	0.9999999999999997	3.8265895953757227	2825.0520231213873	0.017402835	173	1	1	34	204	13	38	0.18627451	12.24	0.6585251177421333	True	False	True	False	PP	P_A__P_B	PP:ntpK--ntpA	30	513.0	0.43738514299636194	0.6421655129988194	0.6585251177421333	1.0	True
3635505	1256	1270	ntpK	ntpG	PP	0.6523103314807417	0.981520748956804	2.902857142857143	1939.8057142857142	0.01748462	175	1	1	34	203	13	38	0.18719211	12.188406	0.6523103314807417	True	False	True	False	PP	P_A__P_B	PP:ntpK--ntpG	22	264.0	0.35755337096505746	0.6337723641447783	0.6523103314807417	0.9962121212121212	True
3637767	1257	1267	ntpA	atpE_1	PP	0.6523103314807417	0.981520748956804	2.8700564971751414	1960.9661016949153	0.017497895	177	1	1	34	203	13	38	0.18719211	12.166814	0.6523103314807417	True	False	True	False	PP	P_A__P_B	PP:ntpA--atpE_1	22	264.0	0.35755337096505746	0.6337723641447783	0.6523103314807417	1.0	True
3653598	1264	1271	nanB_2	ntpB	PP	0.6202383169627044	0.9339005735226562	9.49390243902439	8125.451219512195	0.017785694	164	1	1	33	201	13	38	0.18905473	12.056401	0.5477563666075941	True	False	True	False	PP	P_A__P_B	PP:nanB_2--ntpB	56	460.0	0.2312769700790641	0.440536321615584	0.5477563666075941	1.0	True
3655860	1265	1276	ntpC	iolX_2	PP	0.6294487908372723	0.9484279573430346	5.793333333333333	4435.706666666667	0.017675867	150	1	1	33	201	13	38	0.18905473	11.963577	0.6267873302532709	True	False	True	False	PP	P_A__P_B	PP:ntpC--iolX_2	42	822.0	0.38221032997921145	0.5173177720210398	0.6267873302532709	1.0	True
3664891	1269	1289	group_5893	group_3703	PP	0.3422582617132112	0.5171977026795364	169.71428571428572	159336.7142857143	0.02114977	7	1	1	8	174	2	95	0.545977	2.4193704	0.2864702557437782	True	True	True	True	PP	P_A__P_B	PP:group_5893--group_3703	152	6975.0	0.08074861224185069	0.1666841194180666	0.28647025574377827	0.9998566308243727	True
3676142	1274	1290	cpsD	mnaA	PP	0.5418888852518972	0.8194375692819005	6.920454545454546	6011.454545454545	0.018082209	176	1	1	14	193	2	90	0.46632123	3.3841193	0.5212131361378542	True	False	True	False	PP	P_A__P_B	PP:cpsD--mnaA	47	931.0	0.30877865797177084	0.44813215111601834	0.5212131361378542	1.0	True
3709787	1289	1335	group_3703	group_1258	PP	0.3981742850774026	0.6115498749178944	159.92	136419.0	0.019623734	25	1	1	7	171	2	96	0.5614035	2.3420906	0.267453801147041	True	True	True	True	PP	P_A__P_B	PP:group_3703--group_1258	150	7224.0	0.0835690225853602	0.1891902803848992	0.267453801147041	1.0	True
3709876	1289	1424	group_3703	group_4078	PP	0.3387584584264278	0.5335116709191781	166.81720430107526	138216.01075268816	0.021376386	93	1	1	3	152	2	95	0.625	1.8996875	0.2864702557437782	True	True	True	True	PP	P_A__P_B	PP:group_3703--group_4078	152	6975.0	0.08074861224185069	0.1666841194180666	0.28647025574377827	0.9997132616487455	True
3709877	1289	1425	group_3703	group_5992	PP	0.3387584584264278	0.5335116709191781	163.5531914893617	135737.89361702127	0.021356525	94	1	1	3	152	2	95	0.625	1.8996875	0.2676486562424987	True	True	True	True	PP	P_A__P_B	PP:group_3703--group_5992	151	7093.0	0.08016485582239659	0.16620799112503734	0.26764865624249873	0.9998590159311997	True
3709879	1289	1427	group_3703	group_4876	PP	0.3538578185163249	0.557994025639642	143.54545454545453	127453.18181818182	0.020888122	11	1	1	4	153	2	95	0.62091506	1.9246074	0.3036648005762775	True	True	True	True	PP	P_A__P_B	PP:group_3703--group_4876	147	6865.0	0.0779575224623964	0.16324289686893095	0.30366480057627754	1.0	True
3709880	1289	1428	group_3703	group_5414	PP	0.3442394058801414	0.5428268694930564	165.83870967741936	136973.38709677418	0.021194085	93	1	1	3	152	2	95	0.625	1.8996875	0.2864702557437782	True	True	True	True	PP	P_A__P_B	PP:group_3703--group_5414	152	6975.0	0.08074861224185069	0.1666841194180666	0.28647025574377827	1.0	True
3709881	1289	1429	group_3703	group_5993	PP	0.3538578185163249	0.557994025639642	164.53191489361703	136304.98936170212	0.020901576	94	1	1	4	153	2	95	0.62091506	1.9246074	0.2676486562424987	True	True	True	True	PP	P_A__P_B	PP:group_3703--group_5993	151	7093.0	0.08016485582239659	0.16620799112503734	0.26764865624249873	1.0	True
3749937	1307	1462	group_436	group_222	PP	0.36313606089613054	0.5819334553907946	1.2262773722627738	359.86131386861314	0.023938693	137	1	1	33	147	3	48	0.3265306	6.0614305	0.3630438500334787	True	False	True	False	PP	P_A__P_B	PP:group_436--group_222	3	37.0	0.3569942384183863	0.3622139522696126	0.3630438500334787	1.0	True
3752311	1308	1622	ftsH4	group_5979	PP	0.3062941664550321	0.5121268173625099	80.83333333333333	77611.5	0.023767557	6	1	1	3	124	2	94	0.7580645	1.646958	0.2682754231004438	True	False	True	False	PP	P_A__P_B	PP:ftsH4--group_5979	127	6278.0	0.07982891017179763	0.16889230837703867	0.26827542310044383	1.0	True
3774357	1318	1583	manR	levS	PP	0.28750854855296193	0.47854331317633464	67.38095238095238	66115.33333333333	0.022177318	21	1	1	5	125	2	95	0.76	1.6788439	0.2720403611952977	True	False	True	False	PP	P_A__P_B	PP:manR--levS	121	5451.0	0.08636611697155608	0.1695028481589953	0.2720403611952977	0.9992661896899652	True
3780754	1321	1374	group_2409	group_3102	PP	0.5415765831140797	0.8487178652241627	8.106060606060606	6403.772727272727	0.017419137	132	1	1	15	173	9	58	0.33526012	4.7894063	0.5368635408752609	True	False	True	False	PP	P_A__P_B	PP:group_2409--group_3102	52	426.0	0.27618075508499107	0.4246055371353715	0.5368635408752609	1.0	True
3782913	1322	1333	group_2805	group_4818	PP	0.5123559361834598	0.7940936505963943	6.3565891472868215	6871.217054263566	0.018360524	129	1	1	26	177	3	64	0.36158192	5.2050176	0.50870913546931	True	False	True	False	PP	P_A__P_B	PP:group_2805--group_4818	44	265.0	0.2985636102427746	0.41988487073593167	0.50870913546931	1.0	True
3811740	1335	1651	group_1258	group_5412	PP	0.2521573690881449	0.42813527141305424	95.47058823529412	88300.35294117648	0.024386093	17	1	1	5	115	2	96	0.8347826	1.4142872	0.2380514954329472	True	False	True	False	PP	P_A__P_B	PP:group_1258--group_5412	133	6715.0	0.08639452999293078	0.15560490261497725	0.23805149543294724	0.9997021593447506	True
3811749	1335	1660	group_1258	group_5411	PP	0.2576042130086358	0.4382424604869683	96.0	88823.05555555556	0.024154218	18	1	1	5	115	2	96	0.8347826	1.4142872	0.2380514954329472	True	False	True	False	PP	P_A__P_B	PP:group_1258--group_5411	133	6715.0	0.08639452999293078	0.15560490261497725	0.23805149543294724	1.0	True
3868384	1361	1784	group_1888	group_3921	PP	0.174108199911863	0.3104716089399468	575.375	588944.375	0.035226487	8	1	1	4	92	8	40	0.4347826	2.6938255	0.1495364557199526	True	True	True	True	PP	P_A__P_B	PP:group_1888--group_3921	194	339.0	0.04254342763282427	0.0911479723091607	0.1495364557199526	1.0	True
3874442	1364	1365	group_3452	group_4475	PP	0.6094543314988002	0.9614565714169379	1.0846153846153845	124.97692307692307	0.016272688	130	1	1	16	175	9	58	0.33142856	4.957908	0.602714224422055	True	False	True	False	PP	P_A__P_B	PP:group_3452--group_4475	1	99.0	0.4528348441850135	0.5420532607313472	0.602714224422055	1.0	True
3874451	1364	1374	group_3452	group_3102	PP	0.6013803160783964	0.9517677561062486	3.4411764705882355	2304.551470588235	0.01634381	136	1	1	15	173	9	58	0.33526012	4.7894063	0.5907431648720303	True	False	True	False	PP	P_A__P_B	PP:group_3452--group_3102	27	113.0	0.3091854265173666	0.49796821231446203	0.5907431648720303	1.0	True
3876608	1365	1374	group_4475	group_3102	PP	0.5811926938052763	0.9198180440217193	2.5405405405405403	1610.054054054054	0.016538644	148	1	1	15	172	9	58	0.3372093	4.8025975	0.5686624702605243	True	False	True	False	PP	P_A__P_B	PP:group_4475--group_3102	19	70.0	0.26134469397884685	0.4558904583577614	0.5686624702605243	1.0	True
3878764	1366	1374	group_5459	group_3102	PP	0.6013803160783964	0.9517677561062486	4.402985074626866	3111.1567164179105	0.01634381	134	1	1	15	173	9	58	0.33526012	4.7894063	0.5853133567496299	True	False	True	False	PP	P_A__P_B	PP:group_5459--group_3102	34	145.0	0.3348017267233222	0.4845721214767566	0.5853133567496299	1.0	True
3891679	1372	1374	thiF	group_3102	PP	0.5616710459127972	0.8908193905362572	1.5695364238410596	660.2450331125827	0.016731545	151	1	1	14	170	9	58	0.34117648	4.63141	0.5546193046357442	True	False	True	False	PP	P_A__P_B	PP:thiF--group_3102	8	34.0	0.2715775178820053	0.4911536331422701	0.5546193046357442	1.0	True
3891758	1372	1453	thiF	group_4111	PP	0.47899656406429747	0.7787303866245714	3.519083969465649	2446.5267175572517	0.018119097	131	1	1	11	153	9	58	0.37908497	3.8356545	0.4772627807950751	True	False	True	False	PP	P_A__P_B	PP:thiF--group_4111	28	105.0	0.31803331672675345	0.46076397266380764	0.4772627807950751	1.0	True
3898531	1375	1782	group_4450	tetM	PP	0.2683564593728578	0.48027495754627797	139.88235294117646	136050.82352941178	0.022253778	17	1	1	2	102	2	95	0.9313725	1.1465726	0.2595898669752842	True	True	True	True	PP	P_A__P_B	PP:group_4450--tetM	146	6731.0	0.0732830878400802	0.14664409309432716	0.2595898669752842	0.9992571683256574	True
3913150	1382	1400	group_3712	group_1727	PP	0.5958719677925561	0.9513953163155929	2.4135802469135803	1858.6172839506173	0.015668375	162	1	1	13	169	2	92	0.5443787	2.9966426	0.5796983790242493	True	False	True	False	PP	P_A__P_B	PP:group_3712--group_1727	18	59.0	0.21053669160477673	0.4341360801094872	0.5796983790242493	1.0	True
3917889	1384	1862	group_4444	group_1976	PP	0.22703783370258684	0.4162556757359755	479.6666666666667	479018.5	0.024908554	6	1	1	1	92	2	92	1.0	1.0	0.1851301016995838	True	True	False	False	PP	P_A__P_B	PP:group_4444--group_1976	188	665.0	0.10883763416894081	0.13044584891278072	0.18513010169958385	1.0	True
3917894	1384	1867	group_4444	group_4451	PP	0.22703783370258684	0.4162556757359755	463.2857142857143	464394.28571428574	0.025036568	14	1	1	1	92	2	92	1.0	1.0	0.223710650607123	True	True	False	False	PP	P_A__P_B	PP:group_4444--group_4451	187	724.0	0.09281187499872048	0.1825657995071111	0.22371065060712306	1.0	True
3928484	1389	1782	yihX	tetM	PP	0.2717236040047649	0.4875169796126332	34.94047619047619	32759.404761904763	0.021391975	84	1	1	2	102	2	95	0.9313725	1.1465726	0.2381993042458423	True	False	True	False	PP	P_A__P_B	PP:yihX--tetM	99	2688.0	0.09713201003014564	0.18239041544844253	0.23819930424584237	1.0	True
3943054	1396	1449	malI	group_1366	PP	0.28356324058502247	0.4624604017396968	215.23529411764707	206172.9411764706	0.021204038	17	1	1	8	133	2	95	0.71428573	1.8772153	0.2653859311411507	True	True	True	True	PP	P_A__P_B	PP:malI--group_1366	160	5684.0	0.08298880518793039	0.1820746095221526	0.2653859311411507	0.9992962702322308	True
3951783	1400	1684	group_1727	group_4888	PP	0.2649278979470401	0.4607621519450978	73.23913043478261	76567.35869565218	0.02270477	92	1	1	3	111	2	92	0.8288288	1.4252169	0.2543383434051827	True	False	True	False	PP	P_A__P_B	PP:group_1727--group_4888	124	5751.0	0.08200965924227863	0.15907877557731867	0.2543383434051827	0.9993044687880369	True
3953700	1401	1480	group_3058	pbpX_1	PP	0.2693733395209093	0.44494859780579293	99.05952380952381	107042.42857142857	0.022803893	84	1	1	7	127	2	92	0.72440946	1.8338829	0.2631934544667579	True	False	True	False	PP	P_A__P_B	PP:group_3058--pbpX_1	134	6943.0	0.08427328456888496	0.16086113929376944	0.26319345446675796	0.9991358202506121	True
3955825	1402	1485	group_4871	group_4891	PP	0.3090934572701458	0.5105579514583727	220.7058823529412	210698.82352941178	0.02005078	17	1	1	6	132	2	95	0.719697	1.8430294	0.3081386391361106	True	True	True	True	PP	P_A__P_B	PP:group_4871--group_4891	161	5348.0	0.09467939271767922	0.24394594674628953	0.30813863913611067	0.9990650710545999	True
3955970	1402	1630	group_4871	group_5359	PP	0.24496109617628015	0.4209421823178081	32.05434782608695	29109.239130434784	0.022502102	92	1	1	6	112	2	95	0.84821427	1.3745342	0.2428275612576834	True	False	True	False	PP	P_A__P_B	PP:group_4871--group_5359	96	2316.0	0.08991051757070907	0.16770209182476695	0.24282756125768348	0.9995682210708118	True
3956122	1402	1782	group_4871	tetM	PP	0.2751555179035276	0.49494048809222535	35.94047619047619	33513.67857142857	0.02100809	84	1	1	2	102	2	95	0.9313725	1.1465726	0.2353118340355593	True	False	True	False	PP	P_A__P_B	PP:group_4871--tetM	100	2712.0	0.09025914777697222	0.17791503238936485	0.23531183403555933	1.0	True
3957910	1403	1451	group_5423	group_3714	PP	0.2899119520854526	0.4740258049375893	231.125	219976.25	0.020923026	16	1	1	7	133	2	95	0.71428573	1.870862	0.289851304603196	True	True	True	True	PP	P_A__P_B	PP:group_5423--group_3714	163	5249.0	0.08492304095172	0.17143864771060247	0.289851304603196	0.9990474376071633	True
3957914	1403	1455	group_5423	group_1989	PP	0.29357813123752385	0.4806950636691665	229.3125	219450.0625	0.020739311	16	1	1	7	133	2	95	0.71428573	1.870862	0.289851304603196	True	True	True	True	PP	P_A__P_B	PP:group_5423--group_1989	163	5249.0	0.08492304095172	0.17143864771060247	0.289851304603196	0.9992379500857306	True
3957944	1403	1485	group_5423	group_4891	PP	0.3090934572701458	0.5105579514583727	223.35294117647058	212827.70588235295	0.0200286	17	1	1	6	132	2	95	0.719697	1.8430294	0.2979072339908784	True	True	True	True	PP	P_A__P_B	PP:group_5423--group_4891	162	5472.0	0.09175280636939254	0.22521672534845816	0.29790723399087843	0.9992690058479532	True
3958241	1403	1782	group_5423	tetM	PP	0.2751555179035276	0.49494048809222535	38.95238095238095	36177.78571428572	0.020978684	84	1	1	2	102	2	95	0.9313725	1.1465726	0.2721761355898587	True	False	True	False	PP	P_A__P_B	PP:group_5423--tetM	102	3001.0	0.0984932987290724	0.18507835253096813	0.2721761355898587	0.9993335554815062	True
3966410	1407	1485	group_4084	group_4891	PP	0.3118848368685655	0.5157864333337321	224.23529411764707	213275.35294117648	0.019842345	17	1	1	6	132	2	95	0.719697	1.8430294	0.2979072339908784	True	True	True	True	PP	P_A__P_B	PP:group_4084--group_4891	162	5472.0	0.09175280636939254	0.22521672534845816	0.29790723399087843	0.9994517543859649	True
3966555	1407	1630	group_4084	group_5359	PP	0.23925637496327218	0.41165204011484674	36.06521739130435	32561.293478260868	0.022665245	92	1	1	5	111	2	95	0.8558559	1.3502465	0.2353118340355593	True	False	True	False	PP	P_A__P_B	PP:group_4084--group_5359	100	2712.0	0.09025914777697222	0.17791503238936485	0.23531183403555933	0.9992625368731564	True
3966678	1407	1753	group_4084	group_5422	PP	0.24405371957142022	0.4333959316531144	32.064516129032256	28754.860215053763	0.02225364	93	1	1	3	103	2	95	0.9223301	1.1690358	0.2428275612576834	True	False	True	False	PP	P_A__P_B	PP:group_4084--group_5422	96	2316.0	0.08991051757070907	0.16770209182476695	0.24282756125768348	0.9991364421416234	True
3966707	1407	1782	group_4084	tetM	PP	0.27689660733573973	0.4987227148880828	39.95238095238095	37043.09523809524	0.02074897	84	1	1	2	102	2	95	0.9313725	1.1465726	0.2766257081082586	True	False	True	False	PP	P_A__P_B	PP:group_4084--tetM	103	3015.0	0.09523694371913159	0.18492284961968944	0.2766257081082586	0.9990049751243781	True
3968723	1408	1684	group_5405	group_4888	PP	0.2581703519441877	0.4495763418150571	74.75555555555556	78015.6	0.023033371	90	1	1	3	110	2	91	0.8272727	1.429922	0.2543383434051827	True	False	True	False	PP	P_A__P_B	PP:group_5405--group_4888	124	5751.0	0.08200965924227863	0.15907877557731867	0.2543383434051827	0.9991305859850461	True
3970603	1409	1451	group_6001	group_3714	PP	0.2955769385803101	0.4844434743975848	230.125	219118.6875	0.020575669	16	1	1	7	133	2	95	0.71428573	1.870862	0.289851304603196	True	True	True	True	PP	P_A__P_B	PP:group_6001--group_3714	163	5249.0	0.08492304095172	0.17143864771060247	0.289851304603196	0.999428462564298	True
3970607	1409	1455	group_6001	group_1989	PP	0.2992539267694665	0.491161115499828	228.3125	218592.5	0.020393763	16	1	1	7	133	2	95	0.71428573	1.870862	0.2979072339908784	True	True	True	True	PP	P_A__P_B	PP:group_6001--group_1989	162	5472.0	0.09175280636939254	0.22521672534845816	0.29790723399087843	0.9990862573099415	True
3970637	1409	1485	group_6001	group_4891	PP	0.31471729812260174	0.5211025059600393	222.47058823529412	212056.41176470587	0.01968931	17	1	1	6	132	2	95	0.719697	1.8430294	0.2979072339908784	True	True	True	True	PP	P_A__P_B	PP:group_6001--group_4891	162	5472.0	0.09175280636939254	0.22521672534845816	0.29790723399087843	0.9996345029239766	True
3970934	1409	1782	group_6001	tetM	PP	0.27865492463091146	0.5025532727617013	37.95238095238095	35185.22619047619	0.020559255	84	1	1	2	102	2	95	0.9313725	1.1465726	0.2721761355898587	True	False	True	False	PP	P_A__P_B	PP:group_6001--tetM	102	3001.0	0.0984932987290724	0.18507835253096813	0.2721761355898587	0.9996667777407531	True
4002370	1424	1643	group_4078	group_948	PP	0.26808818876999624	0.4670685250244106	156.78378378378378	127871.25675675676	0.02250437	74	1	1	2	112	2	82	0.73214287	1.6453305	0.267453801147041	True	True	True	True	PP	P_A__P_B	PP:group_4078--group_948	150	7224.0	0.0835690225853602	0.1891902803848992	0.267453801147041	0.9991694352159468	True
4010976	1428	1867	group_5414	group_4451	PP	0.24675735954728964	0.46064084762518037	265.57142857142856	265959.61904761905	0.02300464	21	1	1	2	92	2	91	0.98913044	1.0219754	0.2462821797544713	True	True	True	True	PP	P_A__P_B	PP:group_5414--group_4451	168	4297.0	0.08065099864178153	0.16584660997892212	0.24628217975447136	0.9990691179892949	True
4013069	1429	1867	group_5993	group_4451	PP	0.24675735954728964	0.46064084762518037	266.0952380952381	267367.04761904763	0.02298509	21	1	1	2	92	2	91	0.98913044	1.0219754	0.2462821797544713	True	True	True	True	PP	P_A__P_B	PP:group_5993--group_4451	168	4297.0	0.08065099864178153	0.16584660997892212	0.24628217975447136	0.9993018384919712	True
4019097	1432	1622	group_4778	group_5979	PP	0.2407084363401386	0.4188908456452957	54.2	56305.8	0.022563234	5	1	1	3	109	2	92	0.8440367	1.3794265	0.2369103607376388	True	False	True	False	PP	P_A__P_B	PP:group_4778--group_5979	114	4430.0	0.08388703680780522	0.16338338307013026	0.23691036073763888	0.9990970654627539	True
4037689	1441	1449	group_3071	group_1366	PP	0.4709906476542979	0.7818858652930615	7.114285714285714	5410.0142857142855	0.015299974	140	1	1	14	147	2	96	0.6530612	2.2404354	0.4571092427311405	True	False	True	False	PP	P_A__P_B	PP:group_3071--group_1366	48	353.0	0.2731005232263747	0.36836556915590335	0.45710924273114056	1.0	True
4037842	1441	1602	group_3071	group_1119	PP	0.29357176031054444	0.5103711875313923	57.06666666666667	39107.68571428571	0.019431587	105	1	1	9	116	2	89	0.76724136	1.6665841	0.2578329163913837	True	False	True	False	PP	P_A__P_B	PP:group_3071--group_1119	115	4764.0	0.0786246834765852	0.18000833504611846	0.2578329163913837	0.9997900923593619	True
4054454	1449	1602	group_1366	group_1119	PP	0.2986400243830306	0.5206979988256981	64.04854368932038	44942.038834951454	0.018987594	103	1	1	9	116	2	89	0.76724136	1.6665841	0.2894223531617752	True	False	True	False	PP	P_A__P_B	PP:group_1366--group_1119	119	5351.0	0.08031013093772828	0.15829308367613715	0.2894223531617752	0.999252476172678	True
4054612	1449	1760	group_1366	group_4448	PP	0.2628153978177852	0.47827143759799706	243.32432432432432	239754.5945945946	0.019926205	74	1	1	2	101	2	89	0.8811881	1.2648481	0.2609630808680016	True	True	True	True	PP	P_A__P_B	PP:group_1366--group_4448	165	4959.0	0.11367578113139926	0.21135906298852594	0.26096308086800163	0.9991933857632587	True
4058597	1451	1602	group_3714	group_1119	PP	0.2839094671162611	0.4957490335096493	55.04761904761905	37585.171428571426	0.019544864	105	1	1	8	114	2	89	0.78070176	1.6104089	0.2369103607376388	True	False	True	False	PP	P_A__P_B	PP:group_3714--group_1119	114	4430.0	0.08388703680780522	0.16338338307013026	0.23691036073763888	0.9997742663656884	True
4066871	1455	1602	group_1989	group_1119	PP	0.2864273932318451	0.5008966517310153	58.06666666666667	39937.34285714286	0.019350287	105	1	1	8	114	2	89	0.78070176	1.6104089	0.2385371002933225	True	False	True	False	PP	P_A__P_B	PP:group_1989--group_1119	116	4792.0	0.08494251143913445	0.16418313018136568	0.2385371002933225	0.9997913188647746	True
4071237	1457	1837	group_1619	group_5996	PP	0.2602095519626405	0.4879213571597956	89.4	91345.8	0.018690499	5	1	1	1	94	2	94	1.0	1.0	0.2469365771186938	True	False	False	False	PP	P_A__P_B	PP:group_1619--group_5996	130	6583.0	0.08462552464636489	0.1577604359626178	0.24693657711869388	0.9995442807230746	True
4071238	1457	1838	group_1619	group_5997	PP	0.2602095519626405	0.4879213571597956	90.0	91836.2	0.018690499	5	1	1	1	94	2	94	1.0	1.0	0.2593337248185822	True	False	False	False	PP	P_A__P_B	PP:group_1619--group_5997	131	6572.0	0.08650168058338166	0.16448916293992996	0.2593337248185822	0.9990870359099209	True
4097776	1470	1622	group_5415	group_5979	PP	0.41571318083193026	0.7332035534478601	93.8	91102.4	0.015855595	5	1	1	3	124	2	94	0.7580645	1.646958	0.2686713440007028	True	False	True	False	PP	P_A__P_B	PP:group_5415--group_5979	132	6761.0	0.08881890147032896	0.16757640231088694	0.2686713440007028	1.0	True
4097990	1470	1836	group_5415	group_5418	PP	0.2894325226446623	0.5445149579071864	193.0	201047.33333333334	0.017852524	9	1	1	1	96	2	96	1.0	1.0	0.2893381220454996	True	True	False	False	PP	P_A__P_B	PP:group_5415--group_5418	157	6321.0	0.08501534501267864	0.23699808305306264	0.28933812204549963	0.9990507831039392	True
4097998	1470	1844	group_5415	galT_2	PP	0.26004923302949545	0.4905527446231971	36.61363636363637	34128.829545454544	0.019047106	88	1	1	1	93	2	93	1.0	1.0	0.2353118340355593	True	False	False	False	PP	P_A__P_B	PP:group_5415--galT_2	100	2712.0	0.09025914777697222	0.17791503238936485	0.23531183403555933	0.9996312684365781	True
4098025	1470	1871	group_5415	group_1359	PP	0.2738545558185344	0.5208728863069391	37.575	34767.75	0.018654628	80	1	1	1	92	2	92	1.0	1.0	0.2678663091716968	True	False	False	False	PP	P_A__P_B	PP:group_5415--group_1359	101	2941.0	0.09362006170387319	0.1813368570349488	0.2678663091716968	0.9993199591975519	True
4118303	1480	1684	pbpX_1	group_4888	PP	0.36094335519741017	0.6489526778977784	28.838709677419356	33055.30107526882	0.016596422	93	1	1	4	115	2	95	0.82608694	1.4385946	0.3024815088294924	True	False	True	False	PP	P_A__P_B	PP:pbpX_1--group_4888	92	1861.0	0.10669566468055	0.2003968026089909	0.3024815088294924	1.0	True
4118371	1480	1752	pbpX_1	group_4882	PP	0.34674517564452767	0.6361588754370301	25.942528735632184	28228.701149425287	0.01649564	87	1	1	3	108	2	96	0.8888889	1.2515022	0.3188705254371379	True	False	True	False	PP	P_A__P_B	PP:pbpX_1--group_4882	89	1883.0	0.11817104469754514	0.2275649106093808	0.31887052543713795	1.0	True
4126325	1484	1548	secA_2	group_4134	PP	0.49233343426414516	0.8547310718828901	16.22222222222222	16405.74074074074	0.015638188	27	1	1	36	135	9	56	0.4148148	4.9537916	0.4091103206409456	True	False	True	False	PP	P_A__P_B	PP:secA_2--group_4134	73	1216.0	0.1630746548919306	0.28863760726984994	0.4091103206409456	1.0	True
4126548	1484	1771	secA_2	group_2170	PP	0.2360544964576407	0.4372730504987935	49.2	52396.8	0.0240223	15	1	1	11	95	9	56	0.58947366	2.4345832	0.2286320323377872	True	False	True	False	PP	P_A__P_B	PP:secA_2--group_2170	110	3787.0	0.07980269895130161	0.16511189475170804	0.22863203233778726	0.9994718774755743	True
4128416	1485	1602	group_4891	group_1119	PP	0.28515508295573266	0.5033665691932717	54.03846153846154	36928.355769230766	0.018954778	104	1	1	7	112	2	89	0.79464287	1.5551698	0.2799575366451974	True	False	True	False	PP	P_A__P_B	PP:group_4891--group_1119	113	4481.0	0.0813746063748727	0.1610754525431704	0.27995753664519746	0.999330506583352	True
4128454	1485	1640	group_4891	group_4892	PP	0.3858644010655119	0.6865709512377159	12.99099099099099	10252.549549549549	0.015033748	111	1	1	7	120	2	96	0.8	1.5378044	0.3854328067761134	True	False	True	False	PP	P_A__P_B	PP:group_4891--group_4892	66	1126.0	0.18757469951131894	0.3376699496107802	0.3854328067761134	0.9991119005328597	True
4128720	1485	1906	group_4891	group_624	PP	0.2676698088725082	0.5161489065973427	164.75555555555556	159947.15555555557	0.018044008	45	1	1	1	89	2	89	1.0	1.0	0.2676486562424987	True	True	False	False	PP	P_A__P_B	PP:group_4891--group_624	151	7093.0	0.08016485582239659	0.16620799112503734	0.26764865624249873	0.9990131115183984	True
4134467	1488	1548	gtf1	group_4134	PP	0.47469439742819663	0.8241082625985562	17.22222222222222	17290.185185185186	0.015930977	27	1	1	35	134	9	56	0.41791046	4.882001	0.3502765726058677	True	False	True	False	PP	P_A__P_B	PP:gtf1--group_4134	75	1297.0	0.13939775365855664	0.2711636499890806	0.35027657260586775	1.0	True
4136500	1489	1548	group_3758	group_4134	PP	0.4794426464905917	0.8336825667955352	20.22222222222222	20507.51851851852	0.015760038	27	1	1	36	134	9	56	0.41791046	4.892643	0.4247373481225359	True	False	True	False	PP	P_A__P_B	PP:group_3758--group_4134	81	1356.0	0.13346081846444133	0.2426383155788962	0.42473734812253594	1.0	True
4150703	1496	1548	group_6086	group_4134	PP	0.48434846998175035	0.8435750014022078	19.22222222222222	19412.0	0.015589535	27	1	1	36	134	9	56	0.41791046	4.892643	0.4598991381010047	True	False	True	False	PP	P_A__P_B	PP:group_6086--group_4134	79	1324.0	0.1342183587382541	0.23637947511779228	0.45989913810100475	1.0	True
4187054	1514	1602	group_5990	group_1119	PP	0.27116914320964375	0.481852172568553	56.04	38288.34	0.019522773	100	1	1	8	109	2	88	0.80733943	1.5144678	0.2578329163913837	True	False	True	False	PP	P_A__P_B	PP:group_5990--group_1119	115	4764.0	0.0786246834765852	0.18000833504611846	0.2578329163913837	0.9993702770780857	True
4187212	1514	1760	group_5990	group_4448	PP	0.27873211037100987	0.5173804144350816	235.32432432432432	233059.37837837837	0.018236373	74	1	1	2	100	2	87	0.87	1.2923236	0.2766250829955313	True	True	True	True	PP	P_A__P_B	PP:group_5990--group_4448	164	4910.0	0.11128019493820808	0.21860279272641442	0.27662508299553135	0.9991853360488798	True
4199112	1520	1633	phnU	iap	PP	0.24016115349606618	0.4307822862254954	35.05681818181818	32121.636363636364	0.020553533	88	1	1	5	103	2	93	0.9029126	1.2206881	0.2381993042458423	True	False	True	False	PP	P_A__P_B	PP:phnU--iap	99	2688.0	0.09713201003014564	0.18239041544844253	0.23819930424584237	0.9992559523809523	True
4199315	1520	1836	phnU	group_5418	PP	0.2707472929104265	0.5174985006751456	136.0	134298.4	0.01714918	5	1	1	1	93	2	93	1.0	1.0	0.2448827076162332	True	True	False	False	PP	P_A__P_B	PP:phnU--group_5418	145	6974.0	0.07406310532732605	0.149634419516591	0.24488270761623324	0.9994264410668197	True
4199316	1520	1837	phnU	group_5996	PP	0.2707472929104265	0.5174985006751456	121.33333333333333	118340.11111111111	0.01714918	9	1	1	1	93	2	93	1.0	1.0	0.2702659479976715	True	True	False	False	PP	P_A__P_B	PP:phnU--group_5996	141	7040.0	0.0729130353892996	0.15081812249817886	0.2702659479976715	0.9990056818181818	True
4199317	1520	1838	phnU	group_5997	PP	0.2707472929104265	0.5174985006751456	123.57142857142857	121271.14285714286	0.01714918	7	1	1	1	93	2	93	1.0	1.0	0.2658051865081152	True	True	False	False	PP	P_A__P_B	PP:phnU--group_5997	142	7138.0	0.07577719986338895	0.14992535278963684	0.26580518650811524	0.9991594284113197	True
4227308	1534	1906	gutB	group_624	PP	0.28439809761403145	0.5576525703753418	43.35849056603774	41347.018867924526	0.016158756	53	1	1	1	89	2	89	1.0	1.0	0.2659290406641235	True	False	False	False	PP	P_A__P_B	PP:gutB--group_624	106	3143.0	0.08397341647291079	0.171673473592248	0.26592904066412354	1.0	True
4238947	1540	1638	group_6012	group_2704	PP	0.33125714657143146	0.5996502753753287	36.8	32062.8	0.015709233	5	1	1	4	112	2	95	0.84821427	1.3691334	0.2678663091716968	True	False	True	False	PP	P_A__P_B	PP:group_6012--group_2704	101	2941.0	0.09362006170387319	0.1813368570349488	0.2678663091716968	1.0	True
4258676	1550	1602	Int-Tn_1	group_1119	PP	0.3206766541616419	0.577934346717938	68.03883495145631	48027.53398058253	0.01631415	103	1	1	7	112	2	89	0.79464287	1.5551698	0.2720403611952977	True	False	True	False	PP	P_A__P_B	PP:Int-Tn_1--group_1119	121	5451.0	0.08636611697155608	0.1695028481589953	0.2720403611952977	0.9994496422674739	True
4258856	1550	1782	Int-Tn_1	tetM	PP	0.3497463288004821	0.6655195983761828	181.4	171340.8	0.013542987	15	1	1	2	102	2	95	0.9313725	1.1465726	0.3170845279151985	True	True	True	True	PP	P_A__P_B	PP:Int-Tn_1--tetM	155	6489.0	0.07478644229557524	0.17953682317087796	0.31708452791519853	0.9992294652488827	True
4258947	1550	1873	Int-Tn_1	group_1656	PP	0.2662518693743794	0.5206069086352224	123.97222222222223	110495.26388888889	0.015824743	72	1	1	1	89	2	89	1.0	1.0	0.2658051865081152	True	True	False	False	PP	P_A__P_B	PP:Int-Tn_1--group_1656	142	7138.0	0.07577719986338895	0.14992535278963684	0.26580518650811524	0.9990193331465397	True
4286363	1564	1786	group_2056	group_6274	PP	0.29433472581271164	0.5622901650048013	209.3846153846154	214870.6923076923	0.0206156	13	1	1	3	97	9	53	0.5463917	2.0195322	0.2653859311411507	True	True	True	True	PP	P_A__P_B	PP:group_2056--group_6274	160	5684.0	0.08298880518793039	0.1820746095221526	0.2653859311411507	0.9994722026741731	True
4289001	1565	2467	group_2856	group_6481	PP	0.10610218476325325	0.25564963912197197	540.8333333333334	557292.3333333334	0.053141225	6	1	1	5	40	13	36	0.9	1.2307693	0.1048173241186407	True	True	True	True	PP	P_A__P_B	PP:group_2856--group_6481	192	417.0	0.07915563685886147	0.0937302491033488	0.10481732411864078	1.0	True
4289069	1565	2535	group_2856	group_6476	PP	0.10515091002878288	0.259304579450143	560.8333333333334	565553.5	0.05562043	6	1	1	2	37	13	36	0.972973	1.0555127	0.1045425349620959	True	True	True	True	PP	P_A__P_B	PP:group_2856--group_6476	193	358.0	0.0551687441946803	0.09689936808753581	0.10454253496209596	1.0	True
4295927	1569	1575	dnaC_2	group_3053	PP	0.5225352792021941	0.9396828672299053	4.265486725663717	2800.83185840708	0.01693212	113	1	1	29	129	13	36	0.27906978	6.965676	0.5200723826142443	True	False	True	False	PP	P_A__P_B	PP:dnaC_2--group_3053	33	149.0	0.3841657517603242	0.502365227356054	0.5200723826142443	1.0	True
4295973	1569	1621	dnaC_2	group_2872	PP	0.35953936882025983	0.6542636078164208	29.026315789473685	22477.71052631579	0.020958943	38	1	1	26	114	13	36	0.31578946	6.095685	0.3582892287093561	True	False	True	False	PP	P_A__P_B	PP:dnaC_2--group_2872	93	2076.0	0.10491090305707407	0.2058731547188625	0.35828922870935614	0.9990366088631984	True
4295986	1569	1634	dnaC_2	group_776	PP	0.4651834000195691	0.8482429292450077	5.555555555555555	4256.9	0.018051568	90	1	1	24	122	13	36	0.29508197	6.1200657	0.4614380125332502	True	False	True	False	PP	P_A__P_B	PP:dnaC_2--group_776	40	195.0	0.2768085991169146	0.41262735417835184	0.4614380125332502	1.0	True
4307685	1575	1636	group_3053	group_1743	PP	0.4630434701076712	0.8477284480124125	1.7027027027027026	659.1171171171171	0.017896922	111	1	1	26	121	13	36	0.29752067	6.216985	0.4626952553248367	True	False	True	False	PP	P_A__P_B	PP:group_3053--group_1743	10	30.0	0.43528723095139865	0.4595613222793265	0.46269525532483674	1.0	True
4307730	1575	1681	group_3053	group_3470	PP	0.42948255268771757	0.7947587737000154	6.433333333333334	4397.8	0.01868544	90	1	1	24	116	13	36	0.31034482	6.3833017	0.4178019475350266	True	False	True	False	PP	P_A__P_B	PP:group_3053--group_3470	45	288.0	0.24234584284176566	0.358044938368655	0.4178019475350266	1.0	True
4317453	1580	1684	group_13	group_4888	PP	0.29039150776705047	0.5384329557562835	78.85714285714286	83019.08333333333	0.017950393	84	1	1	3	103	2	87	0.8446602	1.3783293	0.2692663994287119	True	False	True	False	PP	P_A__P_B	PP:group_13--group_4888	126	6233.0	0.08333171660465429	0.1654947717006076	0.26926639942871194	0.9998395636130274	True
4317521	1580	1752	group_13	group_4882	PP	0.27357603313175993	0.5179459665147108	81.88888888888889	88856.90123456791	0.01768153	81	1	1	3	97	2	87	0.8969072	1.2320282	0.2599490658246042	True	False	True	False	PP	P_A__P_B	PP:group_13--group_4882	128	6256.0	0.08003720678707987	0.16222670365935535	0.25994906582460425	0.9993606138107417	True
4323211	1583	1622	levS	group_5979	PP	0.27397723662336154	0.500497776406428	60.87692307692308	62424.63076923077	0.018396081	65	1	1	2	104	2	94	0.90384614	1.210385	0.2535931698755568	True	False	True	False	PP	P_A__P_B	PP:levS--group_5979	117	4845.0	0.08281772613056415	0.15386230158619865	0.25359316987555686	0.9995872033023736	True
4323345	1583	1756	levS	group_244	PP	0.37455876098585683	0.7108674804376081	63.875	65093.859375	0.013761413	64	1	1	4	106	2	91	0.8584906	1.3404915	0.2894223531617752	True	False	True	False	PP	P_A__P_B	PP:levS--group_244	119	5351.0	0.08031013093772828	0.15829308367613715	0.2894223531617752	1.0	True
4329038	1586	1638	group_1962	group_2704	PP	0.3011723966275392	0.5535501631787039	400.1666666666667	391919.25	0.01686757	12	1	1	4	106	2	93	0.8773585	1.2855835	0.2972704554310693	True	True	True	True	PP	P_A__P_B	PP:group_1962--group_2704	182	1171.0	0.1653693639582281	0.2509403696505097	0.2972704554310693	0.9991460290350128	True
4329182	1586	1782	group_1962	tetM	PP	0.26620168537921574	0.5127051076853888	60.795918367346935	57101.102040816324	0.016551793	49	1	1	1	93	2	93	1.0	1.0	0.2535931698755568	True	False	False	False	PP	P_A__P_B	PP:group_1962--tetM	117	4845.0	0.08281772613056415	0.15386230158619865	0.25359316987555686	0.9991744066047472	True
4329238	1586	1838	group_1962	group_5997	PP	0.30866420360803054	0.6041655294179876	132.33333333333334	131111.83333333334	0.014492992	6	1	1	1	94	2	94	1.0	1.0	0.2733852714492829	True	True	False	False	PP	P_A__P_B	PP:group_1962--group_5997	144	6933.0	0.07489760409001708	0.1464357387484686	0.27338527144928293	0.9995672868887927	True
4332871	1588	1602	group_3705	group_1119	PP	0.342019346339527	0.6234933206177159	63.06730769230769	44315.61538461538	0.015223417	104	1	1	7	112	2	89	0.79464287	1.5551698	0.2894223531617752	True	False	True	False	PP	P_A__P_B	PP:group_3705--group_1119	119	5351.0	0.08031013093772828	0.15829308367613715	0.2894223531617752	0.999626238086339	True
4332925	1588	1656	group_3705	group_3419	PP	0.47677626103519016	0.8800259013059806	10.017857142857142	7547.133928571428	0.011490407	112	1	1	7	120	2	96	0.8	1.5378044	0.4566060298227141	True	False	True	False	PP	P_A__P_B	PP:group_3705--group_3419	58	919.0	0.23198164407377977	0.3702271431008927	0.4566060298227141	1.0	True
4332954	1588	1685	group_3705	group_5944	PP	0.2845767087596579	0.5287062097478756	149.4	139233.4	0.015987767	5	1	1	2	102	2	95	0.9313725	1.1465726	0.2811976723722856	True	True	True	True	PP	P_A__P_B	PP:group_3705--group_5944	148	6921.0	0.08708641753572753	0.17756413864598863	0.28119767237228566	0.99913307325531	True
4333051	1588	1782	group_3705	tetM	PP	0.3667081649628014	0.7062808371725056	185.06666666666666	174433.26666666666	0.012429254	15	1	1	2	102	2	95	0.9313725	1.1465726	0.3170845279151985	True	True	True	True	PP	P_A__P_B	PP:group_3705--tetM	155	6489.0	0.07478644229557524	0.17953682317087796	0.31708452791519853	0.9993835721991062	True
4333061	1588	1792	group_3705	group_3724	PP	0.2896534511005442	0.5593353910846629	196.06666666666666	185091.46666666667	0.014296214	15	1	1	1	95	2	95	1.0	1.0	0.2893381220454996	True	True	False	False	PP	P_A__P_B	PP:group_3705--group_3724	157	6321.0	0.08501534501267864	0.23699808305306264	0.28933812204549963	0.9992089859199493	True
4336736	1590	1602	group_5408	group_1119	PP	0.342019346339527	0.6234933206177159	59.06730769230769	40558.057692307695	0.015223417	104	1	1	7	112	2	89	0.79464287	1.5551698	0.2385371002933225	True	False	True	False	PP	P_A__P_B	PP:group_5408--group_1119	116	4792.0	0.08494251143913445	0.16418313018136568	0.2385371002933225	1.0	True
4336811	1590	1677	group_5408	group_5361	PP	0.2809038431212101	0.5207361843720424	152.83333333333334	139992.66666666666	0.016237447	6	1	1	2	102	2	95	0.9313725	1.1465726	0.2790734676864135	True	True	True	True	PP	P_A__P_B	PP:group_5408--group_5361	149	7173.0	0.08341222594638732	0.16186191601190375	0.27907346768641356	0.999163529903806	True
4336819	1590	1685	group_5408	group_5944	PP	0.2845767087596579	0.5287062097478756	153.4	141128.4	0.015987767	5	1	1	2	102	2	95	0.9313725	1.1465726	0.2790734676864135	True	True	True	True	PP	P_A__P_B	PP:group_5408--group_5944	149	7173.0	0.08341222594638732	0.16186191601190375	0.27907346768641356	0.9994423532692039	True
4336926	1590	1792	group_5408	group_3724	PP	0.2896534511005442	0.5593353910846629	199.0	188772.73333333334	0.014296214	15	1	1	1	95	2	95	1.0	1.0	0.2891375207722786	True	True	False	False	PP	P_A__P_B	PP:group_5408--group_3724	158	6219.0	0.07233978097571946	0.2059138638563704	0.28913752077227867	0.9995176073323685	True
4337005	1590	1871	group_5408	group_1359	PP	0.31707718750769737	0.6277359716514022	297.45	293275.35	0.013166618	20	1	1	1	92	2	92	1.0	1.0	0.2894330772506382	True	True	False	False	PP	P_A__P_B	PP:group_5408--group_1359	172	3223.0	0.1254302256115865	0.19309289533961863	0.2894330772506382	0.9993794601303134	True
4337040	1590	1906	group_5408	group_624	PP	0.3031972899964653	0.6056100009418159	169.73333333333332	162773.6888888889	0.013593505	45	1	1	1	89	2	89	1.0	1.0	0.2864702557437782	True	True	False	False	PP	P_A__P_B	PP:group_5408--group_624	152	6975.0	0.08074861224185069	0.1666841194180666	0.28647025574377827	0.999426523297491	True
4338667	1591	1602	group_5410	group_1119	PP	0.36235610071980034	0.660566751272589	62.06730769230769	43569.153846153844	0.014639191	104	1	1	8	114	2	89	0.78070176	1.6104089	0.244734752119587	True	False	True	False	PP	P_A__P_B	PP:group_5410--group_1119	118	5032.0	0.08497000090468089	0.1542736589052418	0.24473475211958706	0.9998012718600954	True
4338742	1591	1677	group_5410	group_5361	PP	0.289551793725214	0.5367676517600615	128.57142857142858	118112.28571428571	0.015863653	7	1	1	3	103	2	95	0.9223301	1.1690358	0.2645359515253397	True	True	True	True	PP	P_A__P_B	PP:group_5410--group_5361	143	7368.0	0.07021361923706292	0.13353956028800928	0.26453595152533976	0.999728555917481	True
4338750	1591	1685	group_5410	group_5944	PP	0.2845767087596579	0.5287062097478756	150.4	139479.4	0.015927896	5	1	1	2	102	2	95	0.9313725	1.1465726	0.2811976723722856	True	True	True	True	PP	P_A__P_B	PP:group_5410--group_5944	148	6921.0	0.08708641753572753	0.17756413864598863	0.28119767237228566	0.9992775610460916	True
4338847	1591	1782	group_5410	tetM	PP	0.3667081649628014	0.7062808371725056	185.8	174799.53333333333	0.012401631	15	1	1	2	102	2	95	0.9313725	1.1465726	0.3170845279151985	True	True	True	True	PP	P_A__P_B	PP:group_5410--tetM	155	6489.0	0.07478644229557524	0.17953682317087796	0.31708452791519853	0.9995376791493297	True
4338857	1591	1792	group_5410	group_3724	PP	0.2896534511005442	0.5593353910846629	196.8	185457.73333333334	0.014264643	15	1	1	1	95	2	95	1.0	1.0	0.2893381220454996	True	True	False	False	PP	P_A__P_B	PP:group_5410--group_3724	157	6321.0	0.08501534501267864	0.23699808305306264	0.28933812204549963	0.9993671887359595	True
4348320	1596	1615	secY2	gtf2_3	PP	0.5248996508691327	0.9607165640583639	3.319327731092437	2673.6974789915967	0.014202192	119	1	1	29	125	9	59	0.472	3.8762093	0.5119930542023476	True	False	True	False	PP	P_A__P_B	PP:secY2--gtf2_3	26	97.0	0.3159468065048298	0.3958336842012862	0.5119930542023476	1.0	True
4352156	1598	1602	group_5409	group_1119	PP	0.36650532923961476	0.6694556229828593	60.06730769230769	41295.221153846156	0.014441995	104	1	1	8	114	2	89	0.78070176	1.6104089	0.2535931698755568	True	False	True	False	PP	P_A__P_B	PP:group_5409--group_1119	117	4845.0	0.08281772613056415	0.15386230158619865	0.25359316987555686	1.0	True
4352231	1598	1677	group_5409	group_5361	PP	0.28384268854035216	0.5272452923128746	151.83333333333334	139625.5	0.015945362	6	1	1	2	102	2	95	0.9313725	1.1465726	0.2790734676864135	True	True	True	True	PP	P_A__P_B	PP:group_5409--group_5361	149	7173.0	0.08341222594638732	0.16186191601190375	0.27907346768641356	0.9993029415865049	True
4352239	1598	1685	group_5409	group_5944	PP	0.2875203435936784	0.5352546994953555	152.4	140926.4	0.015695473	5	1	1	2	102	2	95	0.9313725	1.1465726	0.2790734676864135	True	True	True	True	PP	P_A__P_B	PP:group_5409--group_5944	149	7173.0	0.08341222594638732	0.16186191601190375	0.27907346768641356	0.999581764951903	True
4352306	1598	1752	group_5409	group_4882	PP	0.2700020677201316	0.5132802149717411	163.32051282051282	152725.2435897436	0.015732093	78	1	1	1	96	2	96	1.0	1.0	0.2676486562424987	True	True	False	False	PP	P_A__P_B	PP:group_5409--group_4882	151	7093.0	0.08016485582239659	0.16620799112503734	0.26764865624249873	0.9991540955871987	True
4352336	1598	1782	group_5409	tetM	PP	0.3697222088478507	0.7135779538610892	187.26666666666668	176694.86666666667	0.0121936	15	1	1	2	102	2	95	0.9313725	1.1465726	0.3681338077204296	True	True	True	True	PP	P_A__P_B	PP:group_5409--tetM	156	6528.0	0.08221860760714088	0.24131709557293915	0.3681338077204296	0.9990808823529411	True
4352346	1598	1792	group_5409	group_3724	PP	0.29218536681697876	0.5654099941666191	198.26666666666668	187353.06666666668	0.014028137	15	1	1	1	95	2	95	1.0	1.0	0.2891375207722786	True	True	False	False	PP	P_A__P_B	PP:group_5409--group_3724	158	6219.0	0.07233978097571946	0.2059138638563704	0.28913752077227867	0.9996784048882457	True
4359880	1602	1640	group_1119	group_4892	PP	0.3671593416017014	0.6775491478486727	67.03921568627452	47429.23529411765	0.014066157	102	1	1	7	112	2	89	0.79464287	1.5551698	0.2720403611952977	True	False	True	False	PP	P_A__P_B	PP:group_1119--group_4892	121	5451.0	0.08636611697155608	0.1695028481589953	0.2720403611952977	1.0	True
4359891	1602	1651	group_1119	group_5412	PP	0.3718682423157178	0.6876912966461863	66.03921568627452	46302.166666666664	0.013871535	102	1	1	7	112	2	89	0.79464287	1.5551698	0.265992662730285	True	False	True	False	PP	P_A__P_B	PP:group_1119--group_5412	120	5199.0	0.07823192864161735	0.15261927437662484	0.265992662730285	1.0	True
4359896	1602	1656	group_1119	group_3419	PP	0.37677032893395107	0.6982474294774454	53.03883495145631	35796.74757281553	0.013667201	103	1	1	7	112	2	89	0.79464287	1.5551698	0.2799575366451974	True	False	True	False	PP	P_A__P_B	PP:group_1119--group_3419	113	4481.0	0.0813746063748727	0.1610754525431704	0.27995753664519746	1.0	True
4359900	1602	1660	group_1119	group_5411	PP	0.3657388767260635	0.6778034545780549	65.05882352941177	45263.42156862745	0.0139625305	102	1	1	6	111	2	89	0.8018018	1.5277123	0.265992662730285	True	False	True	False	PP	P_A__P_B	PP:group_1119--group_5411	120	5199.0	0.07823192864161735	0.15261927437662484	0.265992662730285	0.9998076553183305	True
4359903	1602	1663	group_1119	group_5991	PP	0.37677032893395107	0.6982474294774454	61.06730769230769	42617.88461538462	0.013667201	104	1	1	7	112	2	89	0.79464287	1.5551698	0.244734752119587	True	False	True	False	PP	P_A__P_B	PP:group_1119--group_5991	118	5032.0	0.08497000090468089	0.1542736589052418	0.24473475211958706	1.0	True
4360113	1602	1873	group_1119	group_1656	PP	0.26297915384605686	0.5228927153798562	56.01298701298701	61931.545454545456	0.015906023	77	1	1	1	87	2	87	1.0	1.0	0.2578329163913837	True	False	False	False	PP	P_A__P_B	PP:group_1119--group_1656	115	4764.0	0.0786246834765852	0.18000833504611846	0.2578329163913837	0.9991603694374476	True
4375247	1610	1683	group_4837	Int-Tn_2	PP	0.47009501626459715	0.878739583914881	16.295652173913044	17572.61739130435	0.0119029675	115	1	1	11	117	2	95	0.8119658	1.5008223	0.4679850510287045	True	False	True	False	PP	P_A__P_B	PP:group_4837--Int-Tn_2	74	1038.0	0.17437530657332434	0.3346345698108784	0.4679850510287045	0.9990366088631984	True
4375250	1610	1686	group_4837	group_5945	PP	0.47009501626459715	0.878739583914881	15.295652173913043	16597.46956521739	0.0119029675	115	1	1	11	117	2	95	0.8119658	1.5008223	0.4622840918979423	True	False	True	False	PP	P_A__P_B	PP:group_4837--group_5945	72	1002.0	0.17201459246214293	0.31793116800629356	0.4622840918979423	1.0	True
4375400	1610	1836	group_4837	group_5418	PP	0.3289224460739118	0.6479858829242858	105.0	105693.6	0.012686065	5	1	1	1	95	2	95	1.0	1.0	0.2766426328587189	True	True	False	False	PP	P_A__P_B	PP:group_4837--group_5418	136	6916.0	0.07787244335288054	0.17361808860938566	0.27664263285871893	0.9995662232504338	True
4379018	1612	1633	group_5355	iap	PP	0.5204806068260747	0.9604331176825605	11.660714285714286	11056.660714285714	0.011676958	112	1	1	12	123	2	95	0.7723577	1.6521786	0.5162963281415467	True	False	True	False	PP	P_A__P_B	PP:group_5355--iap	63	870.0	0.21720253917265164	0.3463107979417354	0.5162963281415467	1.0	True
4379062	1612	1677	group_5355	group_5361	PP	0.4593327676526043	0.8567243846447335	22.21212121212121	22983.08080808081	0.012106493	99	1	1	11	117	2	95	0.8119658	1.5008223	0.4289391324800509	True	False	True	False	PP	P_A__P_B	PP:group_5355--group_5361	84	1506.0	0.13253962731508406	0.22572975863860717	0.42893913248005094	0.99933598937583	True
4379068	1612	1683	group_5355	Int-Tn_2	PP	0.47009501626459715	0.878739583914881	24.19090909090909	25345.645454545454	0.011920606	110	1	1	11	117	2	95	0.8119658	1.5008223	0.3350766352484956	True	False	True	False	PP	P_A__P_B	PP:group_5355--Int-Tn_2	87	1688.0	0.12647384326035038	0.2172185074406145	0.3350766352484956	1.0	True
4379070	1612	1685	group_5355	group_5944	PP	0.47009501626459715	0.878739583914881	21.214285714285715	22072.79591836735	0.011920606	98	1	1	11	117	2	95	0.8119658	1.5008223	0.4586323828750342	True	False	True	False	PP	P_A__P_B	PP:group_5355--group_5944	82	1453.0	0.13066712301453048	0.27691512648143	0.4586323828750342	1.0	True
4379071	1612	1686	group_5355	group_5945	PP	0.47009501626459715	0.878739583914881	23.19090909090909	24375.627272727274	0.011920606	110	1	1	11	117	2	95	0.8119658	1.5008223	0.4366729651150672	True	False	True	False	PP	P_A__P_B	PP:group_5355--group_5945	85	1553.0	0.13760207766774785	0.2355050347717994	0.4366729651150672	1.0	True
4379076	1612	1691	group_5355	group_5360	PP	0.46280139184013896	0.8670427503209206	20.425925925925927	21604.212962962964	0.011966166	108	1	1	11	116	2	95	0.8189655	1.4773825	0.4247373481225359	True	False	True	False	PP	P_A__P_B	PP:group_5355--group_5360	81	1356.0	0.13346081846444133	0.2426383155788962	0.42473734812253594	0.9992625368731564	True
4379223	1612	1838	group_5355	group_5997	PP	0.3289224460739118	0.6479858829242858	113.42857142857143	112140.14285714286	0.012705738	7	1	1	1	95	2	95	1.0	1.0	0.3115003575532605	True	True	False	False	PP	P_A__P_B	PP:group_5355--group_5997	139	6861.0	0.07809943713238143	0.17094738819314798	0.31150035755326055	0.9991254919108001	True
4380971	1613	1677	group_5357	group_5361	PP	0.4776188457240788	0.8908306581061513	15.209523809523809	16300.657142857142	0.011880559	105	1	1	12	118	2	95	0.80508476	1.5264196	0.4753709661554589	True	False	True	False	PP	P_A__P_B	PP:group_5357--group_5361	71	1079.0	0.16265916954325232	0.314212930683921	0.47537096615545893	0.9990732159406858	True
4380977	1613	1683	group_5357	Int-Tn_2	PP	0.47009501626459715	0.878739583914881	17.295652173913044	18672.095652173914	0.011901055	115	1	1	11	117	2	95	0.8119658	1.5008223	0.4373807914560165	True	False	True	False	PP	P_A__P_B	PP:group_5357--Int-Tn_2	76	1115.0	0.16407519598709824	0.32611755809878334	0.4373807914560165	1.0	True
4380980	1613	1686	group_5357	group_5945	PP	0.47009501626459715	0.878739583914881	16.295652173913044	17696.94782608696	0.011901055	115	1	1	11	117	2	95	0.8119658	1.5008223	0.4679850510287045	True	False	True	False	PP	P_A__P_B	PP:group_5357--group_5945	74	1038.0	0.17437530657332434	0.3346345698108784	0.4679850510287045	1.0	True
4380985	1613	1691	group_5357	group_5360	PP	0.46280139184013896	0.8670427503209206	13.495575221238939	14917.345132743363	0.01194644	113	1	1	11	116	2	95	0.8189655	1.4773825	0.4586530383309244	True	False	True	False	PP	P_A__P_B	PP:group_5357--group_5360	68	1012.0	0.19163632670931563	0.3424389456070118	0.45865303833092447	1.0	True
4381130	1613	1836	group_5357	group_5418	PP	0.3289224460739118	0.6479858829242858	106.0	106356.8	0.01268241	5	1	1	1	95	2	95	1.0	1.0	0.2766426328587189	True	True	False	False	PP	P_A__P_B	PP:group_5357--group_5418	136	6916.0	0.07787244335288054	0.17361808860938566	0.27664263285871893	0.9997108155002892	True
4384756	1615	1647	gtf2_3	epsJ_2	PP	0.4663813922139225	0.8642393981087665	2.3391304347826085	1596.7304347826087	0.014933647	115	1	1	28	119	9	57	0.4789916	3.7813084	0.4641246117651716	True	False	True	False	PP	P_A__P_B	PP:gtf2_3--epsJ_2	17	61.0	0.3128329957342699	0.44381358772641416	0.4641246117651716	1.0	True
4396166	1621	1636	group_2872	group_1743	PP	0.3054715780678091	0.5660304238257063	31.47222222222222	23510.833333333332	0.022992458	36	1	1	22	105	13	36	0.34285715	5.2475014	0.2907771233226867	True	False	True	False	PP	P_A__P_B	PP:group_2872--group_1743	95	2275.0	0.09484783234699957	0.19436394709880914	0.2907771233226867	0.9995604395604396	True
4398054	1622	1624	group_5979	group_151	PP	0.3397304194298363	0.6281904739265921	63.2	57599.3	0.01560279	10	1	1	2	109	2	92	0.8440367	1.3573632	0.2894223531617752	True	False	True	False	PP	P_A__P_B	PP:group_5979--group_151	119	5351.0	0.08031013093772828	0.15829308367613715	0.2894223531617752	0.9994393571295085	True
4398061	1622	1631	group_5979	group_5416	PP	0.2930558746532917	0.5418852662484172	80.16666666666667	77171.66666666667	0.017004613	6	1	1	2	104	2	94	0.90384614	1.210385	0.2682754231004438	True	False	True	False	PP	P_A__P_B	PP:group_5979--group_5416	127	6278.0	0.07982891017179763	0.16889230837703867	0.26827542310044383	0.9996814272061166	True
4398083	1622	1653	group_5979	group_108	PP	0.3523120442232514	0.6556174409078891	63.8	58125.9	0.015014185	10	1	1	2	109	2	92	0.8440367	1.3573632	0.2894223531617752	True	False	True	False	PP	P_A__P_B	PP:group_5979--group_108	119	5351.0	0.08031013093772828	0.15829308367613715	0.2894223531617752	0.9998131190431695	True
4398141	1622	1711	group_5979	group_5399	PP	0.24356443715412524	0.46041761700994915	35.3859649122807	35467.68421052631	0.018510437	57	1	1	1	94	2	94	1.0	1.0	0.2381993042458423	True	False	False	False	PP	P_A__P_B	PP:group_5979--group_5399	99	2688.0	0.09713201003014564	0.18239041544844253	0.23819930424584237	0.9996279761904762	True
4398208	1622	1778	group_5979	group_4894	PP	0.27175914184728894	0.5265066623765722	79.5	76611.16666666667	0.01599567	6	1	1	1	93	2	93	1.0	1.0	0.2692663994287119	True	False	False	False	PP	P_A__P_B	PP:group_5979--group_4894	126	6233.0	0.08333171660465429	0.1654947717006076	0.26926639942871194	0.9990373816781646	True
4398212	1622	1782	group_5979	tetM	PP	0.2853929780121225	0.554366406524241	77.44444444444444	75071.55555555556	0.015160663	9	1	1	1	94	2	94	1.0	1.0	0.2692663994287119	True	False	False	False	PP	P_A__P_B	PP:group_5979--tetM	126	6233.0	0.08333171660465429	0.1654947717006076	0.26926639942871194	0.9993582544521097	True
4398222	1622	1792	group_5979	group_3724	PP	0.29013830797470913	0.5650738047287077	76.27272727272727	71220.09090909091	0.014903846	11	1	1	1	94	2	94	1.0	1.0	0.2848708139310162	True	False	False	False	PP	P_A__P_B	PP:group_5979--group_3724	125	6084.0	0.08375438396848825	0.16600928574104484	0.2848708139310162	0.9993425378040762	True
4398256	1622	1826	group_5979	group_765	PP	0.31217732499284456	0.6146337281396326	56.0	56944.4	0.013769911	5	1	1	1	94	2	94	1.0	1.0	0.2578329163913837	True	False	False	False	PP	P_A__P_B	PP:group_5979--group_765	115	4764.0	0.0786246834765852	0.18000833504611846	0.2578329163913837	1.0	True
4398265	1622	1835	group_5979	group_3979	PP	0.2859496921897846	0.5645683509296952	40.17741935483871	42180.72580645161	0.015066813	62	1	1	2	91	2	89	0.978022	1.0449212	0.2766257081082586	True	False	True	False	PP	P_A__P_B	PP:group_5979--group_3979	103	3015.0	0.09523694371913159	0.18492284961968944	0.2766257081082586	0.9993366500829187	True
4398297	1622	1867	group_5979	group_4451	PP	0.2927966609848249	0.5830570636365703	135.0	129387.0	0.014490447	5	1	1	1	90	2	90	1.0	1.0	0.2448827076162332	True	True	False	False	PP	P_A__P_B	PP:group_5979--group_4451	145	6974.0	0.07406310532732605	0.149634419516591	0.24488270761623324	0.9997132205334098	True
4402009	1624	1782	group_151	tetM	PP	0.27865214455715887	0.542457622139652	32.98780487804878	31029.231707317074	0.015161173	82	1	1	1	93	2	93	1.0	1.0	0.2744459099899397	True	False	False	False	PP	P_A__P_B	PP:group_151--tetM	97	2384.0	0.10018118888175667	0.1916397277587569	0.27444590998993973	0.9991610738255033	True
4402063	1624	1836	group_151	group_5418	PP	0.30985412049851757	0.6131257959181541	132.0	130613.8	0.013506031	5	1	1	1	93	2	93	1.0	1.0	0.2733852714492829	True	True	False	False	PP	P_A__P_B	PP:group_151--group_5418	144	6933.0	0.07489760409001708	0.1464357387484686	0.27338527144928293	0.9997115245925284	True
4402064	1624	1837	group_151	group_5996	PP	0.30985412049851757	0.6131257959181541	124.75	122206.625	0.013506031	8	1	1	1	93	2	93	1.0	1.0	0.2658051865081152	True	True	False	False	PP	P_A__P_B	PP:group_151--group_5996	142	7138.0	0.07577719986338895	0.14992535278963684	0.26580518650811524	0.9995797142056598	True
4402065	1624	1838	group_151	group_5997	PP	0.30985412049851757	0.6131257959181541	127.0	125002.16666666667	0.013506031	6	1	1	1	93	2	93	1.0	1.0	0.2658051865081152	True	True	False	False	PP	P_A__P_B	PP:group_151--group_5997	142	7138.0	0.07577719986338895	0.14992535278963684	0.26580518650811524	0.9997198094704399	True
4407606	1627	1691	group_4581	group_5360	PP	0.45481339465137666	0.855667547425132	7.542056074766355	7894.411214953271	0.011905564	107	1	1	11	115	2	94	0.8173913	1.4827895	0.4335822575956082	True	False	True	False	PP	P_A__P_B	PP:group_4581--group_5360	49	333.0	0.22826485236311073	0.37938508348221855	0.4335822575956082	1.0	True
4407751	1627	1836	group_4581	group_5418	PP	0.32157053145281367	0.6363097180170417	100.0	101017.0	0.0126613015	5	1	1	1	94	2	94	1.0	1.0	0.2631934544667579	True	True	False	False	PP	P_A__P_B	PP:group_4581--group_5418	134	6943.0	0.08427328456888496	0.16086113929376944	0.26319345446675796	0.9998559700417687	True
4407753	1627	1838	group_4581	group_5997	PP	0.32157053145281367	0.6363097180170417	107.85714285714286	107229.14285714286	0.0126613015	7	1	1	1	94	2	94	1.0	1.0	0.3183537144739995	True	True	False	False	PP	P_A__P_B	PP:group_4581--group_5997	137	7175.0	0.0753858933488012	0.16623554823323006	0.31835371447399957	0.9990243902439024	True
4409465	1628	1656	ftsK_1	group_3419	PP	0.28913752077227867	0.5391844262556353	198.9375	187491.75	0.015556089	16	1	1	2	102	2	95	0.9313725	1.1465726	0.2891375207722786	True	True	True	True	PP	P_A__P_B	PP:ftsK_1--group_3419	158	6219.0	0.07233978097571946	0.2059138638563704	0.28913752077227867	0.9988744171088599	True
4409472	1628	1663	ftsK_1	group_5991	PP	0.28913752077227867	0.5391844262556353	198.53333333333333	187810.8	0.015556089	15	1	1	2	102	2	95	0.9313725	1.1465726	0.2891375207722786	True	True	True	True	PP	P_A__P_B	PP:ftsK_1--group_5991	158	6219.0	0.07233978097571946	0.2059138638563704	0.28913752077227867	0.9990352146647371	True
4409486	1628	1677	ftsK_1	group_5361	PP	0.45415480070168834	0.8506197195181732	20.058823529411764	21005.71568627451	0.011962861	102	1	1	10	116	2	95	0.8189655	1.4754386	0.4036940662159525	True	False	True	False	PP	P_A__P_B	PP:ftsK_1--group_5361	80	1476.0	0.13707698991528344	0.25479888528223504	0.4036940662159525	0.9993224932249323	True
4409492	1628	1683	ftsK_1	Int-Tn_2	PP	0.4623255710910056	0.8678493243273804	22.053097345132745	23244.433628318584	0.011776439	113	1	1	10	116	2	95	0.8189655	1.4754386	0.4289391324800509	True	False	True	False	PP	P_A__P_B	PP:ftsK_1--Int-Tn_2	84	1506.0	0.13253962731508406	0.22572975863860717	0.42893913248005094	1.0	True
4409494	1628	1685	ftsK_1	group_5944	PP	0.4623255710910056	0.8678493243273804	19.059405940594058	20091.811881188118	0.011776439	101	1	1	10	116	2	95	0.8189655	1.4754386	0.4598991381010047	True	False	True	False	PP	P_A__P_B	PP:ftsK_1--group_5944	79	1324.0	0.1342183587382541	0.23637947511779228	0.45989913810100475	0.9992447129909365	True
4409495	1628	1686	ftsK_1	group_5945	PP	0.4623255710910056	0.8678493243273804	21.053097345132745	22266.53982300885	0.011776439	113	1	1	10	116	2	95	0.8189655	1.4754386	0.4586323828750342	True	False	True	False	PP	P_A__P_B	PP:ftsK_1--group_5945	82	1453.0	0.13066712301453048	0.27691512648143	0.4586323828750342	0.9993117687543015	True
4409500	1628	1691	ftsK_1	group_5360	PP	0.45481339465137666	0.855667547425132	18.27927927927928	19493.774774774774	0.011821085	111	1	1	10	115	2	95	0.82608694	1.4521797	0.3523421064655079	True	False	True	False	PP	P_A__P_B	PP:ftsK_1--group_5360	77	1318.0	0.13477249283808507	0.23705765791990202	0.35234210646550795	1.0	True
4409553	1628	1744	ftsK_1	erm	PP	0.407512052813491	0.7793722710490066	2.2149532710280373	1309.392523364486	0.01215624	107	1	1	8	108	2	94	0.8703704	1.311446	0.403745662999947	True	False	True	False	PP	P_A__P_B	PP:ftsK_1--erm	16	75.0	0.27564793185003555	0.36984815467805043	0.403745662999947	1.0	True
4409645	1628	1836	ftsK_1	group_5418	PP	0.3343558960177353	0.6616088388173695	111.0	111247.4	0.012255996	5	1	1	1	95	2	95	1.0	1.0	0.3343558960177353	True	True	False	False	PP	P_A__P_B	PP:ftsK_1--group_5418	138	6960.0	0.08032580193964121	0.17405424144485696	0.3343558960177353	0.9987068965517242	True
4409646	1628	1837	ftsK_1	group_5996	PP	0.3343558960177353	0.6616088388173695	118.33333333333333	116555.77777777778	0.012255996	9	1	1	1	95	2	95	1.0	1.0	0.3343558960177353	True	True	False	False	PP	P_A__P_B	PP:ftsK_1--group_5996	140	6849.0	0.08093896070683802	0.19017536277534852	0.3343558960177353	0.9986859395532195	True
4409647	1628	1838	ftsK_1	group_5997	PP	0.3343558960177353	0.6616088388173695	112.57142857142857	111141.71428571429	0.012255996	7	1	1	1	95	2	95	1.0	1.0	0.3343558960177353	True	True	False	False	PP	P_A__P_B	PP:ftsK_1--group_5997	138	6960.0	0.08032580193964121	0.17405424144485696	0.3343558960177353	0.9988505747126437	True
4411385	1629	1683	group_5358	Int-Tn_2	PP	0.4623255710910056	0.8678493243273804	15.300884955752212	16458.58407079646	0.011776661	113	1	1	11	116	2	95	0.8189655	1.4773825	0.4622840918979423	True	False	True	False	PP	P_A__P_B	PP:group_5358--Int-Tn_2	72	1002.0	0.17201459246214293	0.31793116800629356	0.4622840918979423	0.999001996007984	True
4411538	1629	1836	group_5358	group_5418	PP	0.3343558960177353	0.6616088388173695	104.0	104813.2	0.012253308	5	1	1	1	95	2	95	1.0	1.0	0.2766426328587189	True	True	False	False	PP	P_A__P_B	PP:group_5358--group_5418	136	6916.0	0.07787244335288054	0.17361808860938566	0.27664263285871893	0.9998554077501446	True
4411539	1629	1837	group_5358	group_5996	PP	0.3343558960177353	0.6616088388173695	117.55555555555556	115534.44444444444	0.012253308	9	1	1	1	95	2	95	1.0	1.0	0.3343558960177353	True	True	False	False	PP	P_A__P_B	PP:group_5358--group_5996	140	6849.0	0.08093896070683802	0.19017536277534852	0.3343558960177353	0.9988319462695284	True
4411540	1629	1838	group_5358	group_5997	PP	0.3343558960177353	0.6616088388173695	109.57142857142857	108388.14285714286	0.012253308	7	1	1	1	95	2	95	1.0	1.0	0.3183537144739995	True	True	False	False	PP	P_A__P_B	PP:group_5358--group_5997	137	7175.0	0.0753858933488012	0.16623554823323006	0.31835371447399957	0.9991637630662021	True
4413430	1630	1836	group_5359	group_5418	PP	0.3343558960177353	0.6616088388173695	103.0	103514.0	0.01224632	5	1	1	1	95	2	95	1.0	1.0	0.2980298401442606	True	True	False	False	PP	P_A__P_B	PP:group_5359--group_5418	135	7097.0	0.07790778407538533	0.15807643815472677	0.29802984014426065	0.9992954769620966	True
4413431	1630	1837	group_5359	group_5996	PP	0.3343558960177353	0.6616088388173695	117.44444444444444	115287.0	0.01224632	9	1	1	1	95	2	95	1.0	1.0	0.3343558960177353	True	True	False	False	PP	P_A__P_B	PP:group_5359--group_5996	140	6849.0	0.08093896070683802	0.19017536277534852	0.3343558960177353	0.9989779529858374	True
4413432	1630	1838	group_5359	group_5997	PP	0.3343558960177353	0.6616088388173695	109.14285714285714	107802.0	0.01224632	7	1	1	1	95	2	95	1.0	1.0	0.3183537144739995	True	True	False	False	PP	P_A__P_B	PP:group_5359--group_5997	137	7175.0	0.0753858933488012	0.16623554823323006	0.31835371447399957	0.9993031358885017	True
4415241	1631	1756	group_5416	group_244	PP	0.3235539316569457	0.6218576365216968	77.16666666666667	74720.83333333333	0.014255118	6	1	1	3	100	2	91	0.91	1.1981788	0.2848708139310162	True	False	True	False	PP	P_A__P_B	PP:group_5416--group_244	125	6084.0	0.08375438396848825	0.16600928574104484	0.2848708139310162	1.0	True
4415282	1631	1797	group_5416	group_1754	PP	0.2783476853241621	0.5447557100786409	68.75	65198.36363636364	0.014987841	88	1	1	1	92	2	92	1.0	1.0	0.2745365386787682	True	False	False	False	PP	P_A__P_B	PP:group_5416--group_1754	122	5565.0	0.08009735203520425	0.15930835240814906	0.2745365386787682	0.9992812219227314	True
4415322	1631	1837	group_5416	group_5996	PP	0.3498284923804685	0.6922253364923343	172.78571428571428	177870.2142857143	0.012070836	14	1	1	1	96	2	96	1.0	1.0	0.306539247592334	True	True	False	False	PP	P_A__P_B	PP:group_5416--group_5996	153	7024.0	0.08947656875874647	0.18774163590115295	0.30653924759233403	0.9998576309794989	True
4415329	1631	1844	group_5416	galT_2	PP	0.31655582694695855	0.6281608032308457	38.57303370786517	35770.47191011236	0.012986336	89	1	1	1	93	2	93	1.0	1.0	0.2721761355898587	True	False	False	False	PP	P_A__P_B	PP:group_5416--galT_2	102	3001.0	0.0984932987290724	0.18507835253096813	0.2721761355898587	1.0	True
4415347	1631	1862	group_5416	group_1976	PP	0.3192377080609524	0.6371370391308291	40.25423728813559	37145.38983050847	0.012844548	59	1	1	1	92	2	92	1.0	1.0	0.3123441486238509	True	False	False	False	PP	P_A__P_B	PP:group_5416--group_1976	104	3087.0	0.08621464999400252	0.1579166577233605	0.31234414862385096	0.9990281827016521	True
4415352	1631	1867	group_5416	group_4451	PP	0.3192377080609524	0.6371370391308291	69.75	66068.64772727272	0.012939943	88	1	1	1	92	2	92	1.0	1.0	0.2745365386787682	True	False	False	False	PP	P_A__P_B	PP:group_5416--group_4451	122	5565.0	0.08009735203520425	0.15930835240814906	0.2745365386787682	0.9996406109613657	True
4415356	1631	1871	group_5416	group_1359	PP	0.32945194336073713	0.6594487937377256	39.53086419753087	36416.58024691358	0.012602648	81	1	1	1	92	2	92	1.0	1.0	0.2766257081082586	True	False	False	False	PP	P_A__P_B	PP:group_5416--group_1359	103	3015.0	0.09523694371913159	0.18492284961968944	0.2766257081082586	0.9996683250414594	True
4417031	1632	1656	group_5942	group_3419	PP	0.28913752077227867	0.5391844262556353	199.8125	188537.3125	0.015556089	16	1	1	2	102	2	95	0.9313725	1.1465726	0.2891375207722786	True	True	True	True	PP	P_A__P_B	PP:group_5942--group_3419	158	6219.0	0.07233978097571946	0.2059138638563704	0.28913752077227867	0.9991960122206143	True
4417038	1632	1663	group_5942	group_5991	PP	0.28913752077227867	0.5391844262556353	199.53333333333333	188942.86666666667	0.015556089	15	1	1	2	102	2	95	0.9313725	1.1465726	0.2891375207722786	True	True	True	True	PP	P_A__P_B	PP:group_5942--group_5991	158	6219.0	0.07233978097571946	0.2059138638563704	0.28913752077227867	0.9993568097764914	True
4417058	1632	1683	group_5942	Int-Tn_2	PP	0.4623255710910056	0.8678493243273804	23.035714285714285	24168.25	0.011776439	112	1	1	10	116	2	95	0.8189655	1.4754386	0.4366729651150672	True	False	True	False	PP	P_A__P_B	PP:group_5942--Int-Tn_2	85	1553.0	0.13760207766774785	0.2355050347717994	0.4366729651150672	0.9993560849967804	True
4417060	1632	1685	group_5942	group_5944	PP	0.4623255710910056	0.8678493243273804	20.04	21002.59	0.011776439	100	1	1	10	116	2	95	0.8189655	1.4754386	0.4036940662159525	True	False	True	False	PP	P_A__P_B	PP:group_5942--group_5944	80	1476.0	0.13707698991528344	0.25479888528223504	0.4036940662159525	1.0	True
4417061	1632	1686	group_5942	group_5945	PP	0.4623255710910056	0.8678493243273804	22.035714285714285	23187.526785714286	0.011776439	112	1	1	10	116	2	95	0.8189655	1.4754386	0.3495970455227149	True	False	True	False	PP	P_A__P_B	PP:group_5942--group_5945	83	1569.0	0.13338698229112897	0.22712310553868403	0.3495970455227149	1.0	True
4417211	1632	1836	group_5942	group_5418	PP	0.3343558960177353	0.6616088388173695	112.0	112116.8	0.012255996	5	1	1	1	95	2	95	1.0	1.0	0.3343558960177353	True	True	False	False	PP	P_A__P_B	PP:group_5942--group_5418	138	6960.0	0.08032580193964121	0.17405424144485696	0.3343558960177353	0.9989942528735632	True
4417212	1632	1837	group_5942	group_5996	PP	0.3343558960177353	0.6616088388173695	118.44444444444444	116862.22222222222	0.012255996	9	1	1	1	95	2	95	1.0	1.0	0.3343558960177353	True	True	False	False	PP	P_A__P_B	PP:group_5942--group_5996	140	6849.0	0.08093896070683802	0.19017536277534852	0.3343558960177353	0.9991239597021463	True
4417213	1632	1838	group_5942	group_5997	PP	0.3343558960177353	0.6616088388173695	113.0	111652.42857142857	0.012255996	7	1	1	1	95	2	95	1.0	1.0	0.3343558960177353	True	True	False	False	PP	P_A__P_B	PP:group_5942--group_5997	138	6960.0	0.08032580193964121	0.17405424144485696	0.3343558960177353	0.9991379310344828	True
4419100	1633	1836	iap	group_5418	PP	0.3343558960177353	0.6616088388173695	101.0	101833.8	0.012253308	5	1	1	1	95	2	95	1.0	1.0	0.2980298401442606	True	True	False	False	PP	P_A__P_B	PP:iap--group_5418	135	7097.0	0.07790778407538533	0.15807643815472677	0.29802984014426065	0.9994363815696773	True
4419101	1633	1837	iap	group_5996	PP	0.3343558960177353	0.6616088388173695	117.22222222222223	115544.33333333333	0.012253308	9	1	1	1	95	2	95	1.0	1.0	0.3343558960177353	True	True	False	False	PP	P_A__P_B	PP:iap--group_5996	140	6849.0	0.08093896070683802	0.19017536277534852	0.3343558960177353	0.9992699664184552	True
4419102	1633	1838	iap	group_5997	PP	0.3343558960177353	0.6616088388173695	108.28571428571429	107589.71428571429	0.012253308	7	1	1	1	95	2	95	1.0	1.0	0.3183537144739995	True	True	False	False	PP	P_A__P_B	PP:iap--group_5997	137	7175.0	0.0753858933488012	0.16623554823323006	0.31835371447399957	0.9994425087108014	True
4420818	1634	1666	group_776	group_4159	PP	0.4619106927515058	0.8632470074480235	1.6388888888888888	707.9907407407408	0.017814443	108	1	1	24	117	13	36	0.30769232	6.3463144	0.4590910463965826	True	False	True	False	PP	P_A__P_B	PP:group_776--group_4159	9	42.0	0.2943151773854802	0.43371422920227143	0.4590910463965826	1.0	True
4428476	1638	1782	group_2704	tetM	PP	0.2907316261926216	0.5672257920150778	348.75	345156.25	0.013810018	12	1	1	1	94	2	94	1.0	1.0	0.290221471054108	True	True	False	False	PP	P_A__P_B	PP:group_2704--tetM	177	2052.0	0.14649294766732016	0.20020777450795496	0.290221471054108	0.9990253411306043	True
4428567	1638	1873	group_2704	group_1656	PP	0.28213437408396397	0.566020814027135	163.70833333333334	180577.8125	0.013758995	48	1	1	1	88	2	88	1.0	1.0	0.2676486562424987	True	True	False	False	PP	P_A__P_B	PP:group_2704--group_1656	151	7093.0	0.08016485582239659	0.16620799112503734	0.26764865624249873	0.9994360637247991	True
4432136	1640	1677	group_4892	group_5361	PP	0.30868580430863385	0.5793914013455396	144.83333333333334	133550.5	0.014626516	6	1	1	3	103	2	95	0.9223301	1.1690358	0.3036648005762775	True	True	True	True	PP	P_A__P_B	PP:group_4892--group_5361	147	6865.0	0.0779575224623964	0.16324289686893095	0.30366480057627754	0.9992716678805535	True
4432237	1640	1778	group_4892	group_4894	PP	0.3056050329286899	0.5946826804415709	253.55	251821.7	0.013397982	20	1	1	2	96	2	95	0.9895833	1.0210503	0.2946815627543256	True	True	True	True	PP	P_A__P_B	PP:group_4892--group_4894	166	4560.0	0.09393288886775424	0.1920536312331571	0.2946815627543256	0.999561403508772	True
4432241	1640	1782	group_4892	tetM	PP	0.3857595541140654	0.752628021503108	182.13333333333333	171806.06666666668	0.011255026	15	1	1	2	102	2	95	0.9313725	1.1465726	0.3170845279151985	True	True	True	True	PP	P_A__P_B	PP:group_4892--tetM	155	6489.0	0.07478644229557524	0.17953682317087796	0.31708452791519853	0.9996917860995531	True
4432251	1640	1792	group_4892	group_3724	PP	0.3055401158934018	0.5977002963000961	193.13333333333333	182464.26666666666	0.012961946	15	1	1	1	95	2	95	1.0	1.0	0.2893381220454996	True	True	False	False	PP	P_A__P_B	PP:group_4892--group_3724	157	6321.0	0.08501534501267864	0.23699808305306264	0.28933812204549963	0.9995253915519696	True
4432321	1640	1862	group_4892	group_1976	PP	0.3218369463975632	0.6437823644757198	274.27272727272725	268816.36363636365	0.0120804515	11	1	1	1	92	2	92	1.0	1.0	0.3205238054578492	True	True	False	False	PP	P_A__P_B	PP:group_4892--group_1976	169	3783.0	0.08427079071304637	0.17947006613657207	0.32052380545784925	0.9992069785884219	True
4432326	1640	1867	group_4892	group_4451	PP	0.3218369463975632	0.6437823644757198	323.55	319661.75	0.012184484	20	1	1	1	92	2	92	1.0	1.0	0.3216034386049561	True	True	False	False	PP	P_A__P_B	PP:group_4892--group_4451	174	3061.0	0.14981143661780202	0.26081323244417676	0.32160343860495616	0.9990199281280627	True
4432330	1640	1871	group_4892	group_1359	PP	0.3320557380502037	0.6661735556462994	293.45	288402.6	0.011840734	20	1	1	1	92	2	92	1.0	1.0	0.3284033120333542	True	True	False	False	PP	P_A__P_B	PP:group_4892--group_1359	171	3496.0	0.103522379503101	0.22505235952534586	0.3284033120333542	0.9991418764302059	True
4432332	1640	1873	group_4892	group_1656	PP	0.29287340031927367	0.5875655562844531	122.95774647887323	109979.11267605633	0.013068854	71	1	1	1	89	2	89	1.0	1.0	0.2702659479976715	True	True	False	False	PP	P_A__P_B	PP:group_4892--group_1656	141	7040.0	0.0729130353892996	0.15081812249817886	0.2702659479976715	0.9994318181818181	True
4432365	1640	1906	group_4892	group_624	PP	0.31719570133277847	0.6421125339505861	177.6590909090909	171985.6590909091	0.012217163	44	1	1	1	89	2	89	1.0	1.0	0.3100052955028014	True	True	False	False	PP	P_A__P_B	PP:group_4892--group_624	154	6972.0	0.09211054727327994	0.2198618223933002	0.3100052955028014	0.9992828456683879	True
4439828	1644	1851	group_1067	group_1856	PP	0.2738467962786834	0.5474499519814122	85.57142857142857	84592.28571428571	0.021339258	7	1	1	9	88	9	54	0.6136364	2.3480897	0.2521948316684195	True	False	True	False	PP	P_A__P_B	PP:group_1067--group_1856	129	6557.0	0.08291591421847903	0.15929966177065996	0.2521948316684195	0.9995424736922373	True
4445425	1647	1820	epsJ_2	gtf2_2	PP	0.3091147010059453	0.6127098808612108	1.2555555555555555	369.23333333333335	0.018562267	90	1	1	22	93	9	54	0.58064514	2.7999353	0.3088527486648899	True	False	True	False	PP	P_A__P_B	PP:epsJ_2--gtf2_2	4	38.0	0.14904615915906438	0.3064951775953911	0.3088527486648899	1.0	True
4447330	1648	1851	group_3273	group_1856	PP	0.2738467962786834	0.5474499519814122	86.28571428571429	85829.14285714286	0.021407511	7	1	1	9	88	9	54	0.6136364	2.3480897	0.2521948316684195	True	False	True	False	PP	P_A__P_B	PP:group_3273--group_1856	129	6557.0	0.08291591421847903	0.15929966177065996	0.2521948316684195	0.9996949824614916	True
4452751	1651	1656	group_5412	group_3419	PP	0.5219704285090978	0.9775263240292612	12.99090909090909	9779.436363636363	0.010355128	110	1	1	7	120	2	96	0.8	1.5378044	0.3854328067761134	True	False	True	False	PP	P_A__P_B	PP:group_5412--group_3419	66	1126.0	0.18757469951131894	0.3376699496107802	0.3854328067761134	1.0	True
4452772	1651	1677	group_5412	group_5361	PP	0.3121412746976043	0.5871384656587271	145.83333333333334	134175.33333333334	0.014409652	6	1	1	3	103	2	95	0.9223301	1.1690358	0.3036648005762775	True	True	True	True	PP	P_A__P_B	PP:group_5412--group_5361	147	6865.0	0.0779575224623964	0.16324289686893095	0.30366480057627754	0.9994173343044428	True
4452778	1651	1683	group_5412	Int-Tn_2	PP	0.3065651309215198	0.5779378111175413	172.2	157353.33333333334	0.014456206	15	1	1	2	102	2	95	0.9313725	1.1465726	0.306539247592334	True	True	True	True	PP	P_A__P_B	PP:group_5412--Int-Tn_2	153	7024.0	0.08947656875874647	0.18774163590115295	0.30653924759233403	0.9990034168564921	True
4452780	1651	1685	group_5412	group_5944	PP	0.3065651309215198	0.5779378111175413	146.4	136008.4	0.014456206	5	1	1	2	102	2	95	0.9313725	1.1465726	0.3036648005762775	True	True	True	True	PP	P_A__P_B	PP:group_5412--group_5944	147	6865.0	0.0779575224623964	0.16324289686893095	0.30366480057627754	0.9991260014566642	True
4452781	1651	1686	group_5412	group_5945	PP	0.3065651309215198	0.5779378111175413	173.2	158470.86666666667	0.014456206	15	1	1	2	102	2	95	0.9313725	1.1465726	0.306539247592334	True	True	True	True	PP	P_A__P_B	PP:group_5412--group_5945	153	7024.0	0.08947656875874647	0.18774163590115295	0.30653924759233403	0.9991457858769932	True
4452873	1651	1778	group_5412	group_4894	PP	0.3084967590197977	0.6016496806244216	254.05	251827.0	0.013172839	20	1	1	2	96	2	95	0.9895833	1.0210503	0.2946815627543256	True	True	True	True	PP	P_A__P_B	PP:group_5412--group_4894	166	4560.0	0.09393288886775424	0.1920536312331571	0.2946815627543256	0.9997807017543859	True
4452877	1651	1782	group_5412	tetM	PP	0.3891857836521444	0.76101199580009	182.86666666666667	172036.93333333332	0.011056202	15	1	1	2	102	2	95	0.9313725	1.1465726	0.3170845279151985	True	True	True	True	PP	P_A__P_B	PP:group_5412--tetM	155	6489.0	0.07478644229557524	0.17953682317087796	0.31708452791519853	0.9998458930497766	True
4452887	1651	1792	group_5412	group_3724	PP	0.30836441132902803	0.6045787865658299	193.86666666666667	182695.13333333333	0.012735676	15	1	1	1	95	2	95	1.0	1.0	0.2893381220454996	True	True	False	False	PP	P_A__P_B	PP:group_5412--group_3724	157	6321.0	0.08501534501267864	0.23699808305306264	0.28933812204549963	0.9996835943679797	True
4452957	1651	1862	group_5412	group_1976	PP	0.32448327949334144	0.6505653157405155	274.90909090909093	269035.1818181818	0.011854365	11	1	1	1	92	2	92	1.0	1.0	0.3205238054578492	True	True	False	False	PP	P_A__P_B	PP:group_5412--group_1976	169	3783.0	0.08427079071304637	0.17947006613657207	0.32052380545784925	0.9994713190589479	True
4452962	1651	1867	group_5412	group_4451	PP	0.32448327949334144	0.6505653157405155	324.05	319667.05	0.011958324	20	1	1	1	92	2	92	1.0	1.0	0.3216034386049561	True	True	False	False	PP	P_A__P_B	PP:group_5412--group_4451	174	3061.0	0.14981143661780202	0.26081323244417676	0.32160343860495616	0.9993466187520418	True
4452966	1651	1871	group_5412	group_1359	PP	0.33470661643970695	0.6730371381643752	293.95	288407.9	0.0116162915	20	1	1	1	92	2	92	1.0	1.0	0.3284033120333542	True	True	False	False	PP	P_A__P_B	PP:group_5412--group_1359	171	3496.0	0.103522379503101	0.22505235952534586	0.3284033120333542	0.9994279176201373	True
4452968	1651	1873	group_5412	group_1656	PP	0.2953292270896226	0.5938560161463132	121.98611111111111	108827.90277777778	0.012829746	72	1	1	1	89	2	89	1.0	1.0	0.2702659479976715	True	True	False	False	PP	P_A__P_B	PP:group_5412--group_1656	141	7040.0	0.0729130353892996	0.15081812249817886	0.2702659479976715	0.9997159090909091	True
4453001	1651	1906	group_5412	group_624	PP	0.31966519721564174	0.6486143842411723	176.73333333333332	170757.0888888889	0.011984193	45	1	1	1	89	2	89	1.0	1.0	0.3100052955028014	True	True	False	False	PP	P_A__P_B	PP:group_5412--group_624	154	6972.0	0.09211054727327994	0.2198618223933002	0.3100052955028014	0.9994262765347103	True
4454643	1652	1678	group_6081	group_6080	PP	0.5018192707581595	0.9439232186014663	3.1752577319587627	2174.2061855670104	0.015508147	97	1	1	12	118	8	45	0.38135594	4.5178456	0.4919170128739689	True	False	True	False	PP	P_A__P_B	PP:group_6081--group_6080	25	106.0	0.3122871685873285	0.4049671948313668	0.4919170128739689	1.0	True
4456616	1653	1782	group_108	tetM	PP	0.28667679073091956	0.561834756242223	31.98780487804878	30213.036585365855	0.014467422	82	1	1	1	93	2	93	1.0	1.0	0.2428275612576834	True	False	False	False	PP	P_A__P_B	PP:group_108--tetM	96	2316.0	0.08991051757070907	0.16770209182476695	0.24282756125768348	1.0	True
4456670	1653	1836	group_108	group_5418	PP	0.31796169073173997	0.6334726199275778	131.0	129904.4	0.012843443	5	1	1	1	93	2	93	1.0	1.0	0.2645359515253397	True	True	False	False	PP	P_A__P_B	PP:group_108--group_5418	143	7368.0	0.07021361923706292	0.13353956028800928	0.26453595152533976	0.9998642779587406	True
4456671	1653	1837	group_108	group_5996	PP	0.31796169073173997	0.6334726199275778	124.5	121988.125	0.012843443	8	1	1	1	93	2	93	1.0	1.0	0.2658051865081152	True	True	False	False	PP	P_A__P_B	PP:group_108--group_5996	142	7138.0	0.07577719986338895	0.14992535278963684	0.26580518650811524	0.9998599047352199	True
4456672	1653	1838	group_108	group_5997	PP	0.31796169073173997	0.6334726199275778	126.33333333333333	124586.83333333333	0.012843443	6	1	1	1	93	2	93	1.0	1.0	0.2658051865081152	True	True	False	False	PP	P_A__P_B	PP:group_108--group_5997	142	7138.0	0.07577719986338895	0.14992535278963684	0.26580518650811524	1.0	True
4462112	1656	1677	group_3419	group_5361	PP	0.30629445319804066	0.5773944649912106	156.0	142591.57142857142	0.014462569	7	1	1	2	102	2	95	0.9313725	1.1465726	0.2790734676864135	True	True	True	True	PP	P_A__P_B	PP:group_3419--group_5361	149	7173.0	0.08341222594638732	0.16186191601190375	0.27907346768641356	0.999860588317301	True
4462118	1656	1683	group_3419	Int-Tn_2	PP	0.3100052955028014	0.5856979806063782	179.1875	164203.375	0.014223782	16	1	1	2	102	2	95	0.9313725	1.1465726	0.3100052955028014	True	True	True	True	PP	P_A__P_B	PP:group_3419--Int-Tn_2	154	6972.0	0.09211054727327994	0.2198618223933002	0.3100052955028014	0.9987091222030982	True
4462120	1656	1685	group_3419	group_5944	PP	0.3100052955028014	0.5856979806063782	155.83333333333334	143014.66666666666	0.014223782	6	1	1	2	102	2	95	0.9313725	1.1465726	0.2790734676864135	True	True	True	True	PP	P_A__P_B	PP:group_3419--group_5944	149	7173.0	0.08341222594638732	0.16186191601190375	0.27907346768641356	1.0	True
4462121	1656	1686	group_3419	group_5945	PP	0.3100052955028014	0.5856979806063782	180.0625	165201.875	0.014223782	16	1	1	2	102	2	95	0.9313725	1.1465726	0.3100052955028014	True	True	True	True	PP	P_A__P_B	PP:group_3419--group_5945	154	6972.0	0.09211054727327994	0.2198618223933002	0.3100052955028014	0.9988525530694206	True
4462187	1656	1752	group_3419	group_4882	PP	0.2893368153532141	0.5583937932465471	156.33333333333334	148056.7564102564	0.0141337635	78	1	1	1	96	2	96	1.0	1.0	0.267453801147041	True	True	False	False	PP	P_A__P_B	PP:group_3419--group_4882	150	7224.0	0.0835690225853602	0.1891902803848992	0.267453801147041	0.9995847176079734	True
4462217	1656	1782	group_3419	tetM	PP	0.3926951430553817	0.7696115873681337	188.4375	177189.0	0.010848171	16	1	1	2	102	2	95	0.9313725	1.1465726	0.3681338077204296	True	True	True	True	PP	P_A__P_B	PP:group_3419--tetM	156	6528.0	0.08221860760714088	0.24131709557293915	0.3681338077204296	0.999234068627451	True
4462227	1656	1792	group_3419	group_3724	PP	0.31124534003220183	0.6116115251984702	198.0625	186464.875	0.01249917	16	1	1	1	95	2	95	1.0	1.0	0.2891375207722786	True	True	False	False	PP	P_A__P_B	PP:group_3419--group_3724	158	6219.0	0.07233978097571946	0.2059138638563704	0.28913752077227867	0.9998392024441228	True
4462279	1656	1844	group_3419	galT_2	PP	0.3246770996323243	0.6486961654338662	299.4	293543.0	0.011767918	20	1	1	1	93	2	93	1.0	1.0	0.2894330772506382	True	True	False	False	PP	P_A__P_B	PP:group_3419--galT_2	172	3223.0	0.1254302256115865	0.19309289533961863	0.2894330772506382	0.9996897300651567	True
4462297	1656	1862	group_3419	group_1976	PP	0.3271787341539895	0.6574913988731942	283.09090909090907	274808.2727272727	0.011618059	11	1	1	1	92	2	92	1.0	1.0	0.3251225242961465	True	True	False	False	PP	P_A__P_B	PP:group_3419--group_1976	170	3808.0	0.08932472434969523	0.18669627857107593	0.3251225242961465	0.9992121848739496	True
4462302	1656	1867	group_3419	group_4451	PP	0.3271787341539895	0.6574913988731942	330.5	325427.65	0.011721573	20	1	1	1	92	2	92	1.0	1.0	0.3271787341539895	True	True	False	False	PP	P_A__P_B	PP:group_3419--group_4451	175	2726.0	0.1327882248154605	0.2682520213804329	0.3271787341539895	0.9985326485693323	True
4462306	1656	1871	group_3419	group_1359	PP	0.3374066053885051	0.6800450793388443	300.4	294168.5	0.011381629	20	1	1	1	92	2	92	1.0	1.0	0.2894330772506382	True	True	False	False	PP	P_A__P_B	PP:group_3419--group_1359	172	3223.0	0.1254302256115865	0.19309289533961863	0.2894330772506382	1.0	True
4462341	1656	1906	group_3419	group_624	PP	0.3221777465280171	0.6552473965997023	163.75555555555556	158859.35555555555	0.011740655	45	1	1	1	89	2	89	1.0	1.0	0.2676486562424987	True	True	False	False	PP	P_A__P_B	PP:group_3419--group_624	151	7093.0	0.08016485582239659	0.16620799112503734	0.26764865624249873	0.9997180318623996	True
4469566	1660	1677	group_5411	group_5361	PP	0.3156855294827363	0.5950975458354059	146.83333333333334	135049.0	0.014225133	6	1	1	3	103	2	95	0.9223301	1.1690358	0.3036648005762775	True	True	True	True	PP	P_A__P_B	PP:group_5411--group_5361	147	6865.0	0.0779575224623964	0.16324289686893095	0.30366480057627754	0.9998543335761108	True
4469572	1660	1683	group_5411	Int-Tn_2	PP	0.3100052955028014	0.5856979806063782	172.93333333333334	158015.13333333333	0.014269606	15	1	1	2	102	2	95	0.9313725	1.1465726	0.306539247592334	True	True	True	True	PP	P_A__P_B	PP:group_5411--Int-Tn_2	153	7024.0	0.08947656875874647	0.18774163590115295	0.30653924759233403	0.9992881548974943	True
4469574	1660	1685	group_5411	group_5944	PP	0.3100052955028014	0.5856979806063782	147.4	136692.4	0.014269606	5	1	1	2	102	2	95	0.9313725	1.1465726	0.2811976723722856	True	True	True	True	PP	P_A__P_B	PP:group_5411--group_5944	148	6921.0	0.08708641753572753	0.17756413864598863	0.28119767237228566	0.9998555122092183	True
4469575	1660	1686	group_5411	group_5945	PP	0.3100052955028014	0.5856979806063782	173.93333333333334	159132.66666666666	0.014269606	15	1	1	2	102	2	95	0.9313725	1.1465726	0.306539247592334	True	True	True	True	PP	P_A__P_B	PP:group_5411--group_5945	153	7024.0	0.08947656875874647	0.18774163590115295	0.30653924759233403	0.9994305239179955	True
4469641	1660	1752	group_5411	group_4882	PP	0.2893368153532141	0.5583937932465471	168.32051282051282	157135.10256410256	0.014172965	78	1	1	1	96	2	96	1.0	1.0	0.2864702557437782	True	True	False	False	PP	P_A__P_B	PP:group_5411--group_4882	152	6975.0	0.08074861224185069	0.1666841194180666	0.28647025574377827	0.9992831541218637	True
4469667	1660	1778	group_5411	group_4894	PP	0.31144801294501295	0.6087761125348091	254.55	252453.9	0.012979772	20	1	1	2	96	2	95	0.9895833	1.0210503	0.2946815627543256	True	True	True	True	PP	P_A__P_B	PP:group_5411--group_4894	166	4560.0	0.09393288886775424	0.1920536312331571	0.2946815627543256	1.0	True
4469671	1660	1782	group_5411	tetM	PP	0.3926951430553817	0.7696115873681337	183.6	172698.73333333334	0.010891487	15	1	1	2	102	2	95	0.9313725	1.1465726	0.3170845279151985	True	True	True	True	PP	P_A__P_B	PP:group_5411--tetM	155	6489.0	0.07478644229557524	0.17953682317087796	0.31708452791519853	1.0	True
4469681	1660	1792	group_5411	group_3724	PP	0.31124534003220183	0.6116115251984702	194.6	183356.93333333332	0.012543529	15	1	1	1	95	2	95	1.0	1.0	0.2893381220454996	True	True	False	False	PP	P_A__P_B	PP:group_5411--group_3724	157	6321.0	0.08501534501267864	0.23699808305306264	0.28933812204549963	0.9998417971839899	True
4469751	1660	1862	group_5411	group_1976	PP	0.3271787341539895	0.6574913988731942	275.54545454545456	269912.0909090909	0.011663319	11	1	1	1	92	2	92	1.0	1.0	0.3205238054578492	True	True	False	False	PP	P_A__P_B	PP:group_5411--group_1976	169	3783.0	0.08427079071304637	0.17947006613657207	0.32052380545784925	0.999735659529474	True
4469756	1660	1867	group_5411	group_4451	PP	0.3271787341539895	0.6574913988731942	324.55	320293.95	0.011766945	20	1	1	1	92	2	92	1.0	1.0	0.3271787341539895	True	True	False	False	PP	P_A__P_B	PP:group_5411--group_4451	175	2726.0	0.1327882248154605	0.2682520213804329	0.3271787341539895	0.9988994864269992	True
4469760	1660	1871	group_5411	group_1359	PP	0.3374066053885051	0.6800450793388443	294.45	289034.8	0.011426794	20	1	1	1	92	2	92	1.0	1.0	0.3284033120333542	True	True	False	False	PP	P_A__P_B	PP:group_5411--group_1359	171	3496.0	0.103522379503101	0.22505235952534586	0.3284033120333542	0.9997139588100686	True
4469762	1660	1873	group_5411	group_1656	PP	0.2978281404672676	0.6002744409232705	120.98611111111111	107681.41666666667	0.012626792	72	1	1	1	89	2	89	1.0	1.0	0.2702659479976715	True	True	False	False	PP	P_A__P_B	PP:group_5411--group_1656	141	7040.0	0.0729130353892996	0.15081812249817886	0.2702659479976715	0.9998579545454546	True
4469795	1660	1906	group_5411	group_624	PP	0.3221777465280171	0.6552473965997023	175.73333333333332	169560.97777777776	0.01178736	45	1	1	1	89	2	89	1.0	1.0	0.3100052955028014	True	True	False	False	PP	P_A__P_B	PP:group_5411--group_624	154	6972.0	0.09211054727327994	0.2198618223933002	0.3100052955028014	0.9998565691336776	True
4475146	1663	1677	group_5991	group_5361	PP	0.30629445319804066	0.5773944649912106	150.83333333333334	138780.66666666666	0.014462569	6	1	1	2	102	2	95	0.9313725	1.1465726	0.2811976723722856	True	True	True	True	PP	P_A__P_B	PP:group_5991--group_5361	148	6921.0	0.08708641753572753	0.17756413864598863	0.28119767237228566	0.9995665366276549	True
4475152	1663	1683	group_5991	Int-Tn_2	PP	0.3100052955028014	0.5856979806063782	175.86666666666667	161278.53333333333	0.014223782	15	1	1	2	102	2	95	0.9313725	1.1465726	0.3100052955028014	True	True	True	True	PP	P_A__P_B	PP:group_5991--Int-Tn_2	154	6972.0	0.09211054727327994	0.2198618223933002	0.3100052955028014	0.998995983935743	True
4475154	1663	1685	group_5991	group_5944	PP	0.3100052955028014	0.5856979806063782	151.4	140477.4	0.014223782	5	1	1	2	102	2	95	0.9313725	1.1465726	0.2811976723722856	True	True	True	True	PP	P_A__P_B	PP:group_5991--group_5944	148	6921.0	0.08708641753572753	0.17756413864598863	0.28119767237228566	1.0	True
4475155	1663	1686	group_5991	group_5945	PP	0.3100052955028014	0.5856979806063782	176.86666666666667	162396.06666666668	0.014223782	15	1	1	2	102	2	95	0.9313725	1.1465726	0.3100052955028014	True	True	True	True	PP	P_A__P_B	PP:group_5991--group_5945	154	6972.0	0.09211054727327994	0.2198618223933002	0.3100052955028014	0.9991394148020654	True
4475221	1663	1752	group_5991	group_4882	PP	0.2893368153532141	0.5583937932465471	164.32051282051282	154189.07692307694	0.0141337635	78	1	1	1	96	2	96	1.0	1.0	0.2676486562424987	True	True	False	False	PP	P_A__P_B	PP:group_5991--group_4882	151	7093.0	0.08016485582239659	0.16620799112503734	0.26764865624249873	0.9995770477935993	True
4475247	1663	1778	group_5991	group_4894	PP	0.3014219073789309	0.589178448344668	256.55	254633.85	0.013212884	20	1	1	1	95	2	95	1.0	1.0	0.2946815627543256	True	True	False	False	PP	P_A__P_B	PP:group_5991--group_4894	166	4560.0	0.09393288886775424	0.1920536312331571	0.2946815627543256	0.9991228070175439	True
4475251	1663	1782	group_5991	tetM	PP	0.3926951430553817	0.7696115873681337	186.53333333333333	175962.13333333333	0.010848171	15	1	1	2	102	2	95	0.9313725	1.1465726	0.3681338077204296	True	True	True	True	PP	P_A__P_B	PP:group_5991--tetM	156	6528.0	0.08221860760714088	0.24131709557293915	0.3681338077204296	0.9993872549019608	True
4475261	1663	1792	group_5991	group_3724	PP	0.31124534003220183	0.6116115251984702	197.53333333333333	186620.33333333334	0.01249917	15	1	1	1	95	2	95	1.0	1.0	0.2891375207722786	True	True	False	False	PP	P_A__P_B	PP:group_5991--group_3724	158	6219.0	0.07233978097571946	0.2059138638563704	0.28913752077227867	1.0	True
4475331	1663	1862	group_5991	group_1976	PP	0.3271787341539895	0.6574913988731942	278.09090909090907	272045.0909090909	0.011618059	11	1	1	1	92	2	92	1.0	1.0	0.3205238054578492	True	True	False	False	PP	P_A__P_B	PP:group_5991--group_1976	169	3783.0	0.08427079071304637	0.17947006613657207	0.32052380545784925	1.0	True
4475336	1663	1867	group_5991	group_4451	PP	0.3271787341539895	0.6574913988731942	326.55	322473.9	0.011721573	20	1	1	1	92	2	92	1.0	1.0	0.3271787341539895	True	True	False	False	PP	P_A__P_B	PP:group_5991--group_4451	175	2726.0	0.1327882248154605	0.2682520213804329	0.3271787341539895	0.9992663242846662	True
4475340	1663	1871	group_5991	group_1359	PP	0.3374066053885051	0.6800450793388443	296.45	291214.75	0.011381629	20	1	1	1	92	2	92	1.0	1.0	0.3284033120333542	True	True	False	False	PP	P_A__P_B	PP:group_5991--group_1359	171	3496.0	0.103522379503101	0.22505235952534586	0.3284033120333542	1.0	True
4475375	1663	1906	group_5991	group_624	PP	0.3221777465280171	0.6552473965997023	171.73333333333332	166011.44444444444	0.011740655	45	1	1	1	89	2	89	1.0	1.0	0.306539247592334	True	True	False	False	PP	P_A__P_B	PP:group_5991--group_624	153	7024.0	0.08947656875874647	0.18774163590115295	0.30653924759233403	0.9995728929384966	True
4482575	1667	1680	group_4456	group_2656	PP	0.4692721236471429	0.8885583954692754	2.744186046511628	1777.7209302325582	0.014930813	86	1	1	16	115	2	74	0.6434783	2.2664952	0.4619695376359116	True	False	True	False	PP	P_A__P_B	PP:group_4456--group_2656	21	92.0	0.33150806222755963	0.3962462635348256	0.46196953763591164	1.0	True
4486349	1669	1747	group_4490	group_6084	PP	0.4242337343946748	0.818551025328951	11.107142857142858	9220.67857142857	0.016698124	56	1	1	9	108	8	45	0.41666666	3.8067884	0.4046175373064679	True	False	True	False	PP	P_A__P_B	PP:group_4490--group_6084	61	960.0	0.20538325326567056	0.345871999691091	0.40461753730646793	1.0	True
4501226	1677	1836	group_5361	group_5418	PP	0.3488885252574457	0.6983425341298639	89.6	87875.4	0.011203881	5	1	1	1	95	2	95	1.0	1.0	0.2593337248185822	True	False	False	False	PP	P_A__P_B	PP:group_5361--group_5418	131	6572.0	0.08650168058338166	0.16448916293992996	0.2593337248185822	0.9996956786366403	True
4501227	1677	1837	group_5361	group_5996	PP	0.3488885252574457	0.6983425341298639	115.11111111111111	115284.44444444444	0.011203881	9	1	1	1	95	2	95	1.0	1.0	0.3115003575532605	True	True	False	False	PP	P_A__P_B	PP:group_5361--group_5996	139	6861.0	0.07809943713238143	0.17094738819314798	0.31150035755326055	0.9992712432590002	True
4501228	1677	1838	group_5361	group_5997	PP	0.3488885252574457	0.6983425341298639	103.0	101754.71428571429	0.011203881	7	1	1	1	95	2	95	1.0	1.0	0.2980298401442606	True	True	False	False	PP	P_A__P_B	PP:group_5361--group_5997	135	7097.0	0.07790778407538533	0.15807643815472677	0.29802984014426065	0.999577286177258	True
4501263	1677	1873	group_5361	group_1656	PP	0.31468429067731357	0.6372526314260275	265.42857142857144	241272.57142857142	0.012350989	7	1	1	3	90	2	88	0.9777778	1.045701	0.2462821797544713	True	True	True	True	PP	P_A__P_B	PP:group_5361--group_1656	168	4297.0	0.08065099864178153	0.16584660997892212	0.24628217975447136	0.9995345589946474	True
4512172	1683	1733	Int-Tn_2	group_3024	PP	0.4589726847536398	0.8874470615068982	13.523364485981308	14449.96261682243	0.010862128	107	1	1	8	110	2	93	0.8454546	1.3863428	0.4586530383309244	True	False	True	False	PP	P_A__P_B	PP:Int-Tn_2--group_3024	68	1012.0	0.19163632670931563	0.3424389456070118	0.45865303833092447	0.9990118577075099	True
4512275	1683	1836	Int-Tn_2	group_5418	PP	0.35197953363694856	0.7062044509085305	87.6	86092.0	0.010974925	5	1	1	1	95	2	95	1.0	1.0	0.2469365771186938	True	False	False	False	PP	P_A__P_B	PP:Int-Tn_2--group_5418	130	6583.0	0.08462552464636489	0.1577604359626178	0.24693657711869388	0.9998480935743582	True
4512276	1683	1837	Int-Tn_2	group_5996	PP	0.35197953363694856	0.7062044509085305	114.88888888888889	114705.0	0.010974925	9	1	1	1	95	2	95	1.0	1.0	0.3115003575532605	True	True	False	False	PP	P_A__P_B	PP:Int-Tn_2--group_5996	139	6861.0	0.07809943713238143	0.17094738819314798	0.31150035755326055	0.9995627459554001	True
4512277	1683	1838	Int-Tn_2	group_5997	PP	0.35197953363694856	0.7062044509085305	102.14285714285714	100849.57142857143	0.010974925	7	1	1	1	95	2	95	1.0	1.0	0.2980298401442606	True	True	False	False	PP	P_A__P_B	PP:Int-Tn_2--group_5997	135	7097.0	0.07790778407538533	0.15807643815472677	0.29802984014426065	0.9997181907848387	True
4512312	1683	1873	Int-Tn_2	group_1656	PP	0.31739494783736416	0.6442877906071462	260.875	238552.6875	0.012106356	16	1	1	3	90	2	88	0.9777778	1.045701	0.3173949478373641	True	True	True	True	PP	P_A__P_B	PP:Int-Tn_2--group_1656	167	4514.0	0.08760975382880715	0.20089296928701741	0.31739494783736416	0.9988923349579087	True
4513997	1684	1720	group_4888	group_1728	PP	0.31516945288786785	0.6079174890905963	75.86585365853658	79313.5731707317	0.015868334	82	1	1	3	99	2	82	0.82828283	1.4268452	0.2848708139310162	True	False	True	False	PP	P_A__P_B	PP:group_4888--group_1728	125	6084.0	0.08375438396848825	0.16600928574104484	0.2848708139310162	0.9998356344510191	True
4514037	1684	1760	group_4888	group_4448	PP	0.3068464727277135	0.5992589086978053	72.34482758620689	75659.2183908046	0.014560484	87	1	1	2	96	2	89	0.9270833	1.1563363	0.265788113307212	True	False	True	False	PP	P_A__P_B	PP:group_4888--group_4448	123	5718.0	0.07881086730462827	0.14771315661643272	0.265788113307212	0.9996502273522211	True
4514055	1684	1778	group_4888	group_4894	PP	0.32069027081227497	0.6311895739940322	353.5263157894737	345908.2105263158	0.013202013	19	1	1	2	96	2	94	0.9791667	1.042534	0.290221471054108	True	True	True	True	PP	P_A__P_B	PP:group_4888--group_4894	177	2052.0	0.14649294766732016	0.20020777450795496	0.290221471054108	0.9995126705653021	True
4514057	1684	1780	group_4888	group_15	PP	0.2856596520264951	0.563734884516221	77.90243902439025	82062.21951219512	0.015367489	82	1	1	2	92	2	85	0.92391306	1.1635964	0.2692663994287119	True	False	True	False	PP	P_A__P_B	PP:group_4888--group_15	126	6233.0	0.08333171660465429	0.1654947717006076	0.26926639942871194	0.9995186908390823	True
4514059	1684	1782	group_4888	tetM	PP	0.3050264039729409	0.6019541905838882	308.8235294117647	292384.17647058825	0.01330258	17	1	1	1	94	2	94	1.0	1.0	0.2925372418577882	True	True	False	False	PP	P_A__P_B	PP:group_4888--tetM	173	3200.0	0.14684271125802742	0.2248956273860025	0.29253724185778823	0.999375	True
4514150	1684	1873	group_4888	group_1656	PP	0.2945370941152211	0.5978880726122425	49.85333333333333	54280.08	0.013216292	75	1	1	1	88	2	88	1.0	1.0	0.2752244419830781	True	False	False	False	PP	P_A__P_B	PP:group_4888--group_1656	111	4115.0	0.08227540053023023	0.18257667556306872	0.27522444198307816	0.9995139732685298	True
4515858	1685	1744	group_5944	erm	PP	0.3555787334806994	0.6892203383872229	17.244444444444444	18543.444444444445	0.012480368	90	1	1	8	102	2	94	0.92156863	1.1761248	0.3502765726058677	True	False	True	False	PP	P_A__P_B	PP:group_5944--erm	75	1297.0	0.13939775365855664	0.2711636499890806	0.35027657260586775	0.9992289899768697	True
4515950	1685	1836	group_5944	group_5418	PP	0.35197953363694856	0.7062044509085305	90.6	88288.4	0.010974925	5	1	1	1	95	2	95	1.0	1.0	0.2593337248185822	True	False	False	False	PP	P_A__P_B	PP:group_5944--group_5418	131	6572.0	0.08650168058338166	0.16448916293992996	0.2593337248185822	0.9998478393183201	True
4515951	1685	1837	group_5944	group_5996	PP	0.35197953363694856	0.7062044509085305	115.22222222222223	115290.22222222222	0.010974925	9	1	1	1	95	2	95	1.0	1.0	0.3115003575532605	True	True	False	False	PP	P_A__P_B	PP:group_5944--group_5996	139	6861.0	0.07809943713238143	0.17094738819314798	0.31150035755326055	0.9997084973036	True
4515952	1685	1838	group_5944	group_5997	PP	0.35197953363694856	0.7062044509085305	103.42857142857143	101862.71428571429	0.010974925	7	1	1	1	95	2	95	1.0	1.0	0.2980298401442606	True	True	False	False	PP	P_A__P_B	PP:group_5944--group_5997	135	7097.0	0.07790778407538533	0.15807643815472677	0.29802984014426065	0.9998590953924194	True
4515987	1685	1873	group_5944	group_1656	PP	0.31739494783736416	0.6442877906071462	265.6666666666667	241947.5	0.012106356	6	1	1	3	90	2	88	0.9777778	1.045701	0.2462821797544713	True	True	True	True	PP	P_A__P_B	PP:group_5944--group_1656	168	4297.0	0.08065099864178153	0.16584660997892212	0.24628217975447136	0.9997672794973237	True
4517786	1686	1836	group_5945	group_5418	PP	0.35197953363694856	0.7062044509085305	88.6	87213.8	0.010974925	5	1	1	1	95	2	95	1.0	1.0	0.2469365771186938	True	False	False	False	PP	P_A__P_B	PP:group_5945--group_5418	130	6583.0	0.08462552464636489	0.1577604359626178	0.24693657711869388	1.0	True
4517787	1686	1837	group_5945	group_5996	PP	0.35197953363694856	0.7062044509085305	115.0	115127.77777777778	0.010974925	9	1	1	1	95	2	95	1.0	1.0	0.3115003575532605	True	True	False	False	PP	P_A__P_B	PP:group_5945--group_5996	139	6861.0	0.07809943713238143	0.17094738819314798	0.31150035755326055	0.9998542486518001	True
4517788	1686	1838	group_5945	group_5997	PP	0.35197953363694856	0.7062044509085305	102.57142857142857	101496.28571428571	0.010974925	7	1	1	1	95	2	95	1.0	1.0	0.2980298401442606	True	True	False	False	PP	P_A__P_B	PP:group_5945--group_5997	135	7097.0	0.07790778407538533	0.15807643815472677	0.29802984014426065	1.0	True
4517823	1686	1873	group_5945	group_1656	PP	0.31739494783736416	0.6442877906071462	261.875	239681.5625	0.012106356	16	1	1	3	90	2	88	0.9777778	1.045701	0.3173949478373641	True	True	True	True	PP	P_A__P_B	PP:group_5945--group_1656	167	4514.0	0.08760975382880715	0.20089296928701741	0.31739494783736416	0.999113867966327	True
4519595	1687	1810	group_909	group_2265	PP	0.32583586511338636	0.6500737902485568	25.857142857142858	20003.285714285714	0.012714456	7	1	1	1	94	2	94	1.0	1.0	0.3188705254371379	True	False	False	False	PP	P_A__P_B	PP:group_909--group_2265	89	1883.0	0.11817104469754514	0.2275649106093808	0.31887052543713795	0.9994689325544344	True
4526832	1691	1717	group_5360	sarA_2	PP	0.26068843952369136	0.5027806434883517	82.75	82326.625	0.015436215	16	1	1	2	93	2	92	0.9892473	1.0217366	0.2599490658246042	True	False	True	False	PP	P_A__P_B	PP:group_5360--sarA_2	128	6256.0	0.08003720678707987	0.16222670365935535	0.25994906582460425	0.9990409207161125	True
4526867	1691	1752	group_5360	group_4882	PP	0.29231127850240024	0.5693194620217701	297.4375	278236.75	0.013954779	16	1	1	1	95	2	95	1.0	1.0	0.2894330772506382	True	True	False	False	PP	P_A__P_B	PP:group_5360--group_4882	172	3223.0	0.1254302256115865	0.19309289533961863	0.2894330772506382	0.99906919019547	True
4526951	1691	1836	group_5360	group_5418	PP	0.35513969719027216	0.7142576410152947	91.6	89612.6	0.010774779	5	1	1	1	95	2	95	1.0	1.0	0.2593337248185822	True	False	False	False	PP	P_A__P_B	PP:group_5360--group_5418	131	6572.0	0.08650168058338166	0.16448916293992996	0.2593337248185822	1.0	True
4526952	1691	1837	group_5360	group_5996	PP	0.35513969719027216	0.7142576410152947	115.33333333333333	115738.0	0.010774779	9	1	1	1	95	2	95	1.0	1.0	0.3115003575532605	True	True	False	False	PP	P_A__P_B	PP:group_5360--group_5996	139	6861.0	0.07809943713238143	0.17094738819314798	0.31150035755326055	1.0	True
4526953	1691	1838	group_5360	group_5997	PP	0.35513969719027216	0.7142576410152947	103.85714285714286	102580.71428571429	0.010774779	7	1	1	1	95	2	95	1.0	1.0	0.2766426328587189	True	True	False	False	PP	P_A__P_B	PP:group_5360--group_5997	136	6916.0	0.07787244335288054	0.17361808860938566	0.27664263285871893	1.0	True
4526988	1691	1873	group_5360	group_1656	PP	0.3201589944237661	0.6514790969196886	263.2	241765.2	0.011891488	15	1	1	3	90	2	88	0.9777778	1.045701	0.3173949478373641	True	True	True	True	PP	P_A__P_B	PP:group_5360--group_1656	167	4514.0	0.08760975382880715	0.20089296928701741	0.31739494783736416	0.9993354009747453	True
4563242	1711	1717	group_5399	sarA_2	PP	0.26982864038400917	0.5240959557472159	42.84782608695652	45696.80434782609	0.015083022	46	1	1	1	93	2	93	1.0	1.0	0.2659290406641235	True	False	False	False	PP	P_A__P_B	PP:group_5399--sarA_2	106	3143.0	0.08397341647291079	0.171673473592248	0.26592904066412354	0.9990454979319122	True
4574103	1717	1733	sarA_2	group_3024	PP	0.2622966254585796	0.5131964318861021	82.5	78808.1875	0.014749299	16	1	1	2	91	2	90	0.989011	1.0222194	0.2599490658246042	True	False	True	False	PP	P_A__P_B	PP:sarA_2--group_3024	128	6256.0	0.08003720678707987	0.16222670365935535	0.25994906582460425	0.9992007672634271	True
4574113	1717	1743	sarA_2	group_4895	PP	0.2742144747702964	0.5378494074341897	81.8125	78134.75	0.014242742	16	1	1	1	92	2	92	1.0	1.0	0.2682754231004438	True	False	False	False	PP	P_A__P_B	PP:sarA_2--group_4895	127	6278.0	0.07982891017179763	0.16889230837703867	0.26827542310044383	0.9992035680152915	True
4574123	1717	1753	sarA_2	group_5422	PP	0.2776515445132218	0.5459611157992702	81.9375	78052.9375	0.013921355	16	1	1	1	92	2	92	1.0	1.0	0.2599490658246042	True	False	False	False	PP	P_A__P_B	PP:sarA_2--group_5422	128	6256.0	0.08003720678707987	0.16222670365935535	0.25994906582460425	0.9995204603580563	True
4574126	1717	1756	sarA_2	group_244	PP	0.2903515097366603	0.5723860772350726	81.04545454545455	84463.13636363637	0.013880363	22	1	1	2	93	2	88	0.94623655	1.1132706	0.2682754231004438	True	False	True	False	PP	P_A__P_B	PP:sarA_2--group_244	127	6278.0	0.07982891017179763	0.16889230837703867	0.26827542310044383	0.9995221408091749	True
4574152	1717	1782	sarA_2	tetM	PP	0.3006869779804907	0.6005961515251731	83.16666666666667	82027.25	0.012125017	12	1	1	1	92	2	92	1.0	1.0	0.2599490658246042	True	False	False	False	PP	P_A__P_B	PP:sarA_2--tetM	128	6256.0	0.08003720678707987	0.16222670365935535	0.25994906582460425	0.9996803069053708	True
4574162	1717	1792	sarA_2	group_3724	PP	0.30503506576587114	0.6109373061547654	81.5625	77750.125	0.012014023	16	1	1	1	92	2	92	1.0	1.0	0.2682754231004438	True	False	False	False	PP	P_A__P_B	PP:sarA_2--group_3724	127	6278.0	0.07982891017179763	0.16889230837703867	0.26827542310044383	0.9998407136030583	True
4574196	1717	1826	sarA_2	group_765	PP	0.33603370867441634	0.6805799317763747	72.57142857142857	76189.42857142857	0.010666491	7	1	1	1	93	2	93	1.0	1.0	0.265788113307212	True	False	False	False	PP	P_A__P_B	PP:sarA_2--group_765	123	5718.0	0.07881086730462827	0.14771315661643272	0.265788113307212	1.0	True
4574205	1717	1835	sarA_2	group_3979	PP	0.29782755352501605	0.6049337821670535	36.86363636363637	38728.72727272727	0.012173348	44	1	1	1	89	2	89	1.0	1.0	0.2678663091716968	True	False	False	False	PP	P_A__P_B	PP:sarA_2--group_3979	101	2941.0	0.09362006170387319	0.1813368570349488	0.2678663091716968	0.999659979598776	True
4574206	1717	1836	sarA_2	group_5418	PP	0.34216816208145323	0.6949964097519166	142.4	143832.4	0.010419262	5	1	1	1	93	2	93	1.0	1.0	0.2595898669752842	True	True	False	False	PP	P_A__P_B	PP:sarA_2--group_5418	146	6731.0	0.0732830878400802	0.14664409309432716	0.2595898669752842	1.0	True
4574207	1717	1837	sarA_2	group_5996	PP	0.34216816208145323	0.6949964097519166	158.6	159883.6	0.010419262	5	1	1	1	93	2	93	1.0	1.0	0.267453801147041	True	True	False	False	PP	P_A__P_B	PP:sarA_2--group_5996	150	7224.0	0.0835690225853602	0.1891902803848992	0.267453801147041	0.9997231450719822	True
4574208	1717	1838	sarA_2	group_5997	PP	0.34216816208145323	0.6949964097519166	159.2	159952.4	0.010419262	5	1	1	1	93	2	93	1.0	1.0	0.267453801147041	True	True	False	False	PP	P_A__P_B	PP:sarA_2--group_5997	150	7224.0	0.0835690225853602	0.1891902803848992	0.267453801147041	0.9998615725359912	True
4579531	1720	1752	group_1728	group_4882	PP	0.2899812070433461	0.5716075900093105	78.92405063291139	85211.21518987342	0.0155487405	79	1	1	3	93	2	82	0.8817204	1.2702305	0.2692663994287119	True	False	True	False	PP	P_A__P_B	PP:group_1728--group_4882	126	6233.0	0.08333171660465429	0.1654947717006076	0.26926639942871194	0.9996791272260549	True
4586814	1724	1837	group_3083	group_5996	PP	0.24490647687650177	0.4987063991633191	61.68421052631579	64289.21052631579	0.014898789	38	1	1	1	83	2	83	1.0	1.0	0.244734752119587	True	False	False	False	PP	P_A__P_B	PP:group_3083--group_5996	118	5032.0	0.08497000090468089	0.1542736589052418	0.24473475211958706	0.999006359300477	True
4586815	1724	1838	group_3083	group_5997	PP	0.24490647687650177	0.4987063991633191	61.041666666666664	63805.854166666664	0.014898789	48	1	1	1	83	2	83	1.0	1.0	0.244734752119587	True	False	False	False	PP	P_A__P_B	PP:group_3083--group_5997	118	5032.0	0.08497000090468089	0.1542736589052418	0.24473475211958706	0.9992050874403816	True
4602866	1733	1752	group_3024	group_4882	PP	0.29336488812604533	0.5797150110640111	309.375	293416.75	0.013302241	16	1	1	1	93	2	93	1.0	1.0	0.2925372418577882	True	True	False	False	PP	P_A__P_B	PP:group_3024--group_4882	173	3200.0	0.14684271125802742	0.2248956273860025	0.29253724185778823	0.9990625	True
4602951	1733	1837	group_3024	group_5996	PP	0.3489567100785167	0.7124102733139693	122.125	119909.625	0.010136066	8	1	1	1	93	2	93	1.0	1.0	0.2702659479976715	True	True	False	False	PP	P_A__P_B	PP:group_3024--group_5996	141	7040.0	0.0729130353892996	0.15081812249817886	0.2702659479976715	1.0	True
4602952	1733	1838	group_3024	group_5997	PP	0.3489567100785167	0.7124102733139693	113.5	112660.16666666667	0.010136066	6	1	1	1	93	2	93	1.0	1.0	0.3115003575532605	True	True	False	False	PP	P_A__P_B	PP:group_3024--group_5997	139	6861.0	0.07809943713238143	0.17094738819314798	0.31150035755326055	0.9994169946072001	True
4620785	1743	1836	group_4895	group_5418	PP	0.3795867888728645	0.7769553340950934	108.0	108740.0	0.009448582	5	1	1	1	95	2	95	1.0	1.0	0.3183537144739995	True	True	False	False	PP	P_A__P_B	PP:group_4895--group_5418	137	7175.0	0.0753858933488012	0.16623554823323006	0.31835371447399957	0.9997212543554007	True
4620786	1743	1837	group_4895	group_5996	PP	0.3795867888728645	0.7769553340950934	118.0	116271.66666666667	0.009448582	9	1	1	1	95	2	95	1.0	1.0	0.3343558960177353	True	True	False	False	PP	P_A__P_B	PP:group_4895--group_5996	140	6849.0	0.08093896070683802	0.19017536277534852	0.3343558960177353	0.9995619798510732	True
4620787	1743	1838	group_4895	group_5997	PP	0.3795867888728645	0.7769553340950934	111.28571428571429	110455.28571428571	0.009448582	7	1	1	1	95	2	95	1.0	1.0	0.3343558960177353	True	True	False	False	PP	P_A__P_B	PP:group_4895--group_5997	138	6960.0	0.08032580193964121	0.17405424144485696	0.3343558960177353	0.9995689655172414	True
4620855	1743	1906	group_4895	group_624	PP	0.3373267143508931	0.7052454336022191	338.6666666666667	320068.22222222225	0.010173902	9	1	1	1	88	2	88	1.0	1.0	0.3373267143508931	True	True	False	False	PP	P_A__P_B	PP:group_4895--group_624	176	2369.0	0.10554857123789718	0.20648801413880324	0.3373267143508931	0.9987336428872943	True
4622563	1744	1836	erm	group_5418	PP	0.36547273702378946	0.7480660571463468	109.0	109656.8	0.009654336	5	1	1	1	94	2	94	1.0	1.0	0.3183537144739995	True	True	False	False	PP	P_A__P_B	PP:erm--group_5418	137	7175.0	0.0753858933488012	0.16623554823323006	0.31835371447399957	0.999581881533101	True
4622564	1744	1837	erm	group_5996	PP	0.36547273702378946	0.7480660571463468	118.11111111111111	116308.55555555556	0.009654336	9	1	1	1	94	2	94	1.0	1.0	0.3343558960177353	True	True	False	False	PP	P_A__P_B	PP:erm--group_5996	140	6849.0	0.08093896070683802	0.19017536277534852	0.3343558960177353	0.9994159731347642	True
4622565	1744	1838	erm	group_5997	PP	0.36547273702378946	0.7480660571463468	111.71428571428571	110746.42857142857	0.009654336	7	1	1	1	94	2	94	1.0	1.0	0.3343558960177353	True	True	False	False	PP	P_A__P_B	PP:erm--group_5997	138	6960.0	0.08032580193964121	0.17405424144485696	0.3343558960177353	0.9994252873563219	True
4622600	1744	1873	erm	group_1656	PP	0.328772297469059	0.6810042698913339	281.6875	261943.375	0.0107044345	16	1	1	3	89	2	87	0.9775281	1.046229	0.3251225242961465	True	True	True	True	PP	P_A__P_B	PP:erm--group_1656	170	3808.0	0.08932472434969523	0.18669627857107593	0.3251225242961465	0.9994747899159664	True
4622633	1744	1906	erm	group_624	PP	0.3373267143508931	0.7052454336022191	339.6666666666667	320646.44444444444	0.0101757785	9	1	1	1	88	2	88	1.0	1.0	0.3373267143508931	True	True	False	False	PP	P_A__P_B	PP:erm--group_624	176	2369.0	0.10554857123789718	0.20648801413880324	0.3373267143508931	0.9991557619248628	True
4636668	1752	1753	group_4882	group_5422	PP	0.32022388354563086	0.6359933270807065	314.5882352941176	298140.1176470588	0.012175178	17	1	1	1	95	2	95	1.0	1.0	0.2925372418577882	True	True	False	False	PP	P_A__P_B	PP:group_4882--group_5422	173	3200.0	0.14684271125802742	0.2248956273860025	0.29253724185778823	0.9996875	True
4636693	1752	1778	group_4882	group_4894	PP	0.34162881801506906	0.6874651423982848	351.7894736842105	345084.4210526316	0.011068683	19	1	1	1	95	2	95	1.0	1.0	0.290221471054108	True	True	False	False	PP	P_A__P_B	PP:group_4882--group_4894	177	2052.0	0.14649294766732016	0.20020777450795496	0.290221471054108	1.0	True
4636697	1752	1782	group_4882	tetM	PP	0.3464698421871525	0.6991002224427221	306.52941176470586	290323.23529411765	0.010605525	17	1	1	1	95	2	95	1.0	1.0	0.2925372418577882	True	True	False	False	PP	P_A__P_B	PP:group_4882--tetM	173	3200.0	0.14684271125802742	0.2248956273860025	0.29253724185778823	1.0	True
4636707	1752	1792	group_4882	group_3724	PP	0.35156108134731223	0.711321254363612	317.5882352941176	301059.0588235294	0.010423061	17	1	1	1	95	2	95	1.0	1.0	0.3216034386049561	True	True	False	False	PP	P_A__P_B	PP:group_4882--group_3724	174	3061.0	0.14981143661780202	0.26081323244417676	0.32160343860495616	1.0	True
4636759	1752	1844	group_4882	galT_2	PP	0.3628881688797394	0.7469138962206151	390.7368421052632	381015.15789473685	0.009723483	19	1	1	1	93	2	93	1.0	1.0	0.3592705410095851	True	True	False	False	PP	P_A__P_B	PP:group_4882--galT_2	181	1213.0	0.1399099256544141	0.21884144902339997	0.3592705410095851	0.9991755976916735	True
4636777	1752	1862	group_4882	group_1976	PP	0.3643696001245133	0.754451472943927	408.6	392805.2	0.0095710205	10	1	1	1	92	2	92	1.0	1.0	0.2972704554310693	True	True	False	False	PP	P_A__P_B	PP:group_4882--group_1976	182	1171.0	0.1653693639582281	0.2509403696505097	0.2972704554310693	1.0	True
4636782	1752	1867	group_4882	group_4451	PP	0.3643696001245133	0.754451472943927	421.7894736842105	412851.36842105264	0.009671137	19	1	1	1	92	2	92	1.0	1.0	0.3390678461203284	True	True	False	False	PP	P_A__P_B	PP:group_4882--group_4451	184	784.0	0.09702978715046268	0.21051958368386878	0.3390678461203284	1.0	True
4636786	1752	1871	group_4882	group_1359	PP	0.3746510433573451	0.7780976672727491	391.7368421052632	381651.36842105264	0.009355026	19	1	1	1	92	2	92	1.0	1.0	0.3592705410095851	True	True	False	False	PP	P_A__P_B	PP:group_4882--group_1359	181	1213.0	0.1399099256544141	0.21884144902339997	0.3592705410095851	1.0	True
4636788	1752	1873	group_4882	group_1656	PP	0.33197335788506543	0.6894621006585453	46.94444444444444	48878.125	0.010395738	72	1	1	1	89	2	89	1.0	1.0	0.2772034218704573	True	False	False	False	PP	P_A__P_B	PP:group_4882--group_1656	109	3633.0	0.08386571459862842	0.19168911567205585	0.2772034218704573	0.9997247453894853	True
4638440	1753	1756	group_5422	group_244	PP	0.28514846816981343	0.5677855347592353	76.0	72233.8	0.013663307	10	1	1	1	91	2	91	1.0	1.0	0.2848708139310162	True	False	False	False	PP	P_A__P_B	PP:group_5422--group_244	125	6084.0	0.08375438396848825	0.16600928574104484	0.2848708139310162	0.9990138067061144	True
4638520	1753	1836	group_5422	group_5418	PP	0.383485539289718	0.7869965856935466	107.0	107533.8	0.00918114	5	1	1	1	95	2	95	1.0	1.0	0.3183537144739995	True	True	False	False	PP	P_A__P_B	PP:group_5422--group_5418	137	7175.0	0.0753858933488012	0.16623554823323006	0.31835371447399957	0.9998606271777003	True
4638521	1753	1837	group_5422	group_5996	PP	0.383485539289718	0.7869965856935466	117.88888888888889	116169.88888888889	0.00918114	9	1	1	1	95	2	95	1.0	1.0	0.3343558960177353	True	True	False	False	PP	P_A__P_B	PP:group_5422--group_5996	140	6849.0	0.08093896070683802	0.19017536277534852	0.3343558960177353	0.9997079865673821	True
4638522	1753	1838	group_5422	group_5997	PP	0.383485539289718	0.7869965856935466	110.85714285714286	109851.0	0.00918114	7	1	1	1	95	2	95	1.0	1.0	0.3343558960177353	True	True	False	False	PP	P_A__P_B	PP:group_5422--group_5997	138	6960.0	0.08032580193964121	0.17405424144485696	0.3343558960177353	0.9997126436781609	True
4638590	1753	1906	group_5422	group_624	PP	0.34044294650276846	0.7136696172751509	337.6666666666667	319730.77777777775	0.009883148	9	1	1	1	88	2	88	1.0	1.0	0.3373267143508931	True	True	False	False	PP	P_A__P_B	PP:group_5422--group_624	176	2369.0	0.10554857123789718	0.20648801413880324	0.3373267143508931	0.9995778809624314	True
4643763	1756	1778	group_244	group_4894	PP	0.30342012507190125	0.6121667607600212	76.5	74160.33333333333	0.012462818	6	1	1	2	91	2	90	0.989011	1.0222194	0.2848708139310162	True	False	True	False	PP	P_A__P_B	PP:group_244--group_4894	125	6084.0	0.08375438396848825	0.16600928574104484	0.2848708139310162	0.9995069033530573	True
4643767	1756	1782	group_244	tetM	PP	0.307446421180868	0.6219789577803745	75.25	73709.75	0.011940288	8	1	1	1	91	2	91	1.0	1.0	0.2848708139310162	True	False	False	False	PP	P_A__P_B	PP:group_244--tetM	125	6084.0	0.08375438396848825	0.16600928574104484	0.2848708139310162	0.9996712689020382	True
4643777	1756	1792	group_244	group_3724	PP	0.3116250013325142	0.6321682047504246	74.9	70605.9	0.01178567	10	1	1	1	91	2	91	1.0	1.0	0.2543383434051827	True	False	False	False	PP	P_A__P_B	PP:group_244--group_3724	124	5751.0	0.08200965924227863	0.15907877557731867	0.2543383434051827	1.0	True
4643782	1756	1797	group_244	group_1754	PP	0.28610115850515516	0.5820060113540237	131.4	126440.2	0.013003243	5	1	1	2	88	2	87	0.9886364	1.0229855	0.2733852714492829	True	True	True	True	PP	P_A__P_B	PP:group_244--group_1754	144	6933.0	0.07489760409001708	0.1464357387484686	0.27338527144928293	0.9992788114813212	True
4643811	1756	1826	group_244	group_765	PP	0.3302673452090208	0.6776074466726812	53.0	53787.0	0.010685642	5	1	1	1	91	2	91	1.0	1.0	0.2799575366451974	True	False	False	False	PP	P_A__P_B	PP:group_244--group_765	113	4481.0	0.0813746063748727	0.1610754525431704	0.27995753664519746	0.9995536710555679	True
4643820	1756	1835	group_244	group_3979	PP	0.28302294762722086	0.5823674654931486	43.14754098360656	44812.688524590165	0.012521	61	1	1	1	86	2	86	1.0	1.0	0.2659290406641235	True	False	False	False	PP	P_A__P_B	PP:group_244--group_3979	106	3143.0	0.08397341647291079	0.171673473592248	0.26592904066412354	0.9996818326439707	True
4643852	1756	1867	group_244	group_4451	PP	0.30681462120424163	0.6369819624233496	132.0	126882.4	0.011288832	5	1	1	1	87	2	87	1.0	1.0	0.2733852714492829	True	True	False	False	PP	P_A__P_B	PP:group_244--group_4451	144	6933.0	0.07489760409001708	0.1464357387484686	0.27338527144928293	0.999423049185057	True
4650906	1760	1867	group_4448	group_4451	PP	0.28914682106435463	0.6019278295473183	447.0	440939.125	0.011939543	16	1	1	1	85	2	85	1.0	1.0	0.2749663771102005	True	True	False	False	PP	P_A__P_B	PP:group_4448--group_4451	185	825.0	0.10754100517566145	0.19102053703673283	0.2749663771102005	1.0	True
4650912	1760	1873	group_4448	group_1656	PP	0.2738982460859388	0.5719266926481694	123.07352941176471	132238.07352941178	0.012574467	68	1	1	2	83	2	82	0.9879518	1.0243866	0.2702659479976715	True	True	True	True	PP	P_A__P_B	PP:group_4448--group_1656	141	7040.0	0.0729130353892996	0.15081812249817886	0.2702659479976715	0.9992897727272727	True
4650945	1760	1906	group_4448	group_624	PP	0.2982164423692621	0.628565293374474	68.61702127659575	73009.85106382979	0.011440453	47	1	1	1	84	2	84	1.0	1.0	0.2745365386787682	True	False	False	False	PP	P_A__P_B	PP:group_4448--group_624	122	5565.0	0.08009735203520425	0.15930835240814906	0.2745365386787682	0.9994609164420485	True
4668752	1770	2148	spxA_3	group_6030	PP	0.23686429990200325	0.5510565024109242	44.0	38792.444444444445	0.017981954	9	1	1	1	64	3	64	1.0	1.0	0.2346661469685884	True	False	False	False	PP	P_A__P_B	PP:spxA_3--group_6030	107	3490.0	0.08444460438359784	0.17893419530770518	0.2346661469685884	0.9994269340974212	True
4682381	1778	1797	group_4894	group_1754	PP	0.3309320554189207	0.6805017841964708	69.6547619047619	65826.32142857143	0.010645562	84	1	1	1	91	2	91	1.0	1.0	0.2745365386787682	True	False	False	False	PP	P_A__P_B	PP:group_4894--group_1754	122	5565.0	0.08009735203520425	0.15930835240814906	0.2745365386787682	0.9998203054806828	True
4682420	1778	1836	group_4894	group_5418	PP	0.4051570655950227	0.8428215134920964	190.0	198345.77777777778	0.008176766	9	1	1	1	95	2	95	1.0	1.0	0.3681338077204296	True	True	False	False	PP	P_A__P_B	PP:group_4894--group_5418	156	6528.0	0.08221860760714088	0.24131709557293915	0.3681338077204296	0.9995404411764706	True
4682421	1778	1837	group_4894	group_5996	PP	0.4051570655950227	0.8428215134920964	172.21428571428572	177266.0	0.008176766	14	1	1	1	95	2	95	1.0	1.0	0.306539247592334	True	True	False	False	PP	P_A__P_B	PP:group_4894--group_5996	153	7024.0	0.08947656875874647	0.18774163590115295	0.30653924759233403	1.0	True
4682422	1778	1838	group_4894	group_5997	PP	0.4051570655950227	0.8428215134920964	186.63636363636363	193647.0909090909	0.008176766	11	1	1	1	95	2	95	1.0	1.0	0.3681338077204296	True	True	False	False	PP	P_A__P_B	PP:group_4894--group_5997	156	6528.0	0.08221860760714088	0.24131709557293915	0.3681338077204296	0.9996936274509803	True
4682428	1778	1844	group_4894	galT_2	PP	0.3691575280985615	0.7702207492496528	39.529411764705884	36277.34117647059	0.008902536	85	1	1	1	92	2	92	1.0	1.0	0.2766257081082586	True	False	False	False	PP	P_A__P_B	PP:group_4894--galT_2	103	3015.0	0.09523694371913159	0.18492284961968944	0.2766257081082586	1.0	True
4682446	1778	1862	group_4894	group_1976	PP	0.36913777138350745	0.7748524368841986	41.163636363636364	37653.836363636365	0.008746394	55	1	1	1	91	2	91	1.0	1.0	0.3123441486238509	True	False	False	False	PP	P_A__P_B	PP:group_4894--group_1976	104	3087.0	0.08621464999400252	0.1579166577233605	0.31234414862385096	0.9993521218011014	True
4682451	1778	1867	group_4894	group_4451	PP	0.36913777138350745	0.7748524368841986	70.6547619047619	66701.20238095238	0.008840589	84	1	1	1	91	2	91	1.0	1.0	0.2745365386787682	True	False	False	False	PP	P_A__P_B	PP:group_4894--group_4451	122	5565.0	0.08009735203520425	0.15930835240814906	0.2745365386787682	1.0	True
4682455	1778	1871	group_4894	group_1359	PP	0.3768406798533387	0.7934589636084066	40.48051948051948	36897.4025974026	0.0085340915	77	1	1	1	91	2	91	1.0	1.0	0.3123441486238509	True	False	False	False	PP	P_A__P_B	PP:group_4894--group_1359	104	3087.0	0.08621464999400252	0.1579166577233605	0.31234414862385096	1.0	True
4682457	1778	1873	group_4894	group_1656	PP	0.3369223449423962	0.7094086942485895	315.9	317172.4	0.009530307	10	1	1	1	88	2	88	1.0	1.0	0.3216034386049561	True	True	False	False	PP	P_A__P_B	PP:group_4894--group_1656	174	3061.0	0.14981143661780202	0.26081323244417676	0.32160343860495616	0.999673309376021	True
4682490	1778	1906	group_4894	group_624	PP	0.3572734931433066	0.7593978315044198	379.375	369179.5625	0.008788875	16	1	1	1	88	2	88	1.0	1.0	0.3247237362155518	True	True	False	False	PP	P_A__P_B	PP:group_4894--group_624	180	1623.0	0.15824349114559816	0.23035931184815844	0.3247237362155518	1.0	True
4682549	1778	1965	group_4894	group_5998	PP	0.3212354944252488	0.6965267572169718	179.44444444444446	188200.88888888888	0.009242213	9	1	1	1	82	2	82	1.0	1.0	0.3100052955028014	True	True	False	False	PP	P_A__P_B	PP:group_4894--group_5998	154	6972.0	0.09211054727327994	0.2198618223933002	0.3100052955028014	0.9995697074010327	True
4685975	1780	1906	group_15	group_624	PP	0.2690470452032778	0.5735099602709702	73.66666666666667	78168.2	0.012277057	45	1	1	1	80	2	80	1.0	1.0	0.2543383434051827	True	False	False	False	PP	P_A__P_B	PP:group_15--group_624	124	5751.0	0.08200965924227863	0.15907877557731867	0.2543383434051827	0.9994783515910276	True
4689386	1782	1836	tetM	group_5418	PP	0.4100510306791215	0.8553970143620474	98.8	99667.2	0.00773086	5	1	1	1	95	2	95	1.0	1.0	0.2631934544667579	True	False	False	False	PP	P_A__P_B	PP:tetM--group_5418	134	6943.0	0.08427328456888496	0.16086113929376944	0.26319345446675796	1.0	True
4689387	1782	1837	tetM	group_5996	PP	0.4100510306791215	0.8553970143620474	116.88888888888889	115627.22222222222	0.00773086	9	1	1	1	95	2	95	1.0	1.0	0.3343558960177353	True	True	False	False	PP	P_A__P_B	PP:tetM--group_5996	140	6849.0	0.08093896070683802	0.19017536277534852	0.3343558960177353	0.9998539932836911	True
4689388	1782	1838	tetM	group_5997	PP	0.4100510306791215	0.8553970143620474	107.28571428571429	106452.28571428571	0.00773086	7	1	1	1	95	2	95	1.0	1.0	0.3183537144739995	True	True	False	False	PP	P_A__P_B	PP:tetM--group_5997	137	7175.0	0.0753858933488012	0.16623554823323006	0.31835371447399957	1.0	True
4689423	1782	1873	tetM	group_1656	PP	0.34056765431390035	0.7191219734797955	271.625	252901.375	0.009042171	16	1	1	1	88	2	88	1.0	1.0	0.2462821797544713	True	True	False	False	PP	P_A__P_B	PP:tetM--group_1656	168	4297.0	0.08065099864178153	0.16584660997892212	0.24628217975447136	1.0	True
4689456	1782	1906	tetM	group_624	PP	0.3609318980928212	0.7693748815540528	329.6666666666667	313278.3333333333	0.008305559	9	1	1	1	88	2	88	1.0	1.0	0.3271787341539895	True	True	False	False	PP	P_A__P_B	PP:tetM--group_624	175	2726.0	0.1327882248154605	0.2682520213804329	0.3271787341539895	1.0	True
4693501	1784	2474	group_3921	group_6482	PP	0.09960744042051357	0.2642685077180669	648.1666666666666	669108.0	0.050291732	6	1	1	1	36	13	36	1.0	1.0	0.099372613743849	True	True	False	False	PP	P_A__P_B	PP:group_3921--group_6482	198	62.0	0.0927943509173575	0.09725917365386837	0.09937261374384905	1.0	True
4693569	1784	2542	group_3921	group_3051	PP	0.12288862484122719	0.3345782230120934	662.1666666666666	674672.1666666666	0.043985095	6	1	1	1	36	13	36	1.0	1.0	0.1225298926803248	True	True	False	False	PP	P_A__P_B	PP:group_3921--group_3051	199	44.0	0.11018492771930327	0.11930130323220337	0.12252989268032481	0.9770784861726861	True
4705086	1791	1921	group_2540	group_1907	PP	0.25573380075738594	0.5521164939388173	52.416666666666664	48624.5	0.01745291	12	1	1	5	77	3	64	0.83116883	1.4120028	0.2549995425510029	True	False	True	False	PP	P_A__P_B	PP:group_2540--group_1907	112	4095.0	0.0774980588563095	0.1616340210365595	0.25499954255100293	0.999023199023199	True
4706731	1792	1836	group_3724	group_5418	PP	0.41519508631419166	0.868587123439894	110.0	110607.8	0.007589626	5	1	1	1	95	2	95	1.0	1.0	0.3343558960177353	True	True	False	False	PP	P_A__P_B	PP:group_3724--group_5418	138	6960.0	0.08032580193964121	0.17405424144485696	0.3343558960177353	0.9998563218390805	True
4706732	1792	1837	group_3724	group_5996	PP	0.41519508631419166	0.868587123439894	118.22222222222223	116510.44444444444	0.007589626	9	1	1	1	95	2	95	1.0	1.0	0.3343558960177353	True	True	False	False	PP	P_A__P_B	PP:group_3724--group_5996	140	6849.0	0.08093896070683802	0.19017536277534852	0.3343558960177353	1.0	True
4706733	1792	1838	group_3724	group_5997	PP	0.41519508631419166	0.868587123439894	112.14285714285714	110970.57142857143	0.007589626	7	1	1	1	95	2	95	1.0	1.0	0.3343558960177353	True	True	False	False	PP	P_A__P_B	PP:group_3724--group_5997	138	6960.0	0.08032580193964121	0.17405424144485696	0.3343558960177353	1.0	True
4706768	1792	1873	group_3724	group_1656	PP	0.34432851984555335	0.7291528355345724	282.6875	263704.5625	0.008877415	16	1	1	1	88	2	88	1.0	1.0	0.3251225242961465	True	True	False	False	PP	P_A__P_B	PP:group_3724--group_1656	170	3808.0	0.08932472434969523	0.18669627857107593	0.3251225242961465	0.9997373949579832	True
4706801	1792	1906	group_3724	group_624	PP	0.3647058287473767	0.7796752238139496	340.6666666666667	322755.0	0.008151282	9	1	1	1	88	2	88	1.0	1.0	0.3373267143508931	True	True	False	False	PP	P_A__P_B	PP:group_3724--group_624	176	2369.0	0.10554857123789718	0.20648801413880324	0.3373267143508931	1.0	True
4715366	1797	1836	group_1754	group_5418	PP	0.3762858072709082	0.7894493970931715	260.57142857142856	267336.28571428574	0.0085109845	7	1	1	1	92	2	92	1.0	1.0	0.3173949478373641	True	True	False	False	PP	P_A__P_B	PP:group_1754--group_5418	167	4514.0	0.08760975382880715	0.20089296928701741	0.31739494783736416	0.9997784669915818	True
4715367	1797	1837	group_1754	group_5996	PP	0.3762858072709082	0.7894493970931715	205.25	209280.5	0.0085109845	12	1	1	1	92	2	92	1.0	1.0	0.278252336362305	True	True	False	False	PP	P_A__P_B	PP:group_1754--group_5996	159	6011.0	0.07923949105051266	0.1890138768129557	0.27825233636230506	0.9998336383297288	True
4715368	1797	1838	group_1754	group_5997	PP	0.3762858072709082	0.7894493970931715	240.88888888888889	246775.77777777778	0.0085109845	9	1	1	1	92	2	92	1.0	1.0	0.2766250829955313	True	True	False	False	PP	P_A__P_B	PP:group_1754--group_5997	164	4910.0	0.11128019493820808	0.21860279272641442	0.27662508299553135	0.99979633401222	True
4715374	1797	1844	group_1754	galT_2	PP	0.3562180030079806	0.7495915130890445	30.168539325842698	28827.483146067414	0.009073729	89	1	1	1	90	2	90	1.0	1.0	0.2785721973743825	True	False	False	False	PP	P_A__P_B	PP:group_1754--galT_2	94	2125.0	0.09537235066243323	0.20518431039649454	0.27857219737438255	0.9995294117647059	True
4715392	1797	1862	group_1754	group_1976	PP	0.3426015279492048	0.7253501450239962	28.45762711864407	27206.661016949154	0.0091269165	59	1	1	1	88	2	88	1.0	1.0	0.3024815088294924	True	False	False	False	PP	P_A__P_B	PP:group_1754--group_1976	92	1861.0	0.10669566468055	0.2003968026089909	0.3024815088294924	0.999462654486835	True
4715401	1797	1871	group_1754	group_1359	PP	0.3610550997137959	0.7667955814879654	29.182926829268293	27994.5	0.008705731	82	1	1	1	89	2	89	1.0	1.0	0.3582892287093561	True	False	False	False	PP	P_A__P_B	PP:group_1754--group_1359	93	2076.0	0.10491090305707407	0.2058731547188625	0.35828922870935614	0.9995183044315993	True
4715495	1797	1965	group_1754	group_5998	PP	0.2932053553572496	0.6414125989394442	246.85714285714286	253987.2857142857	0.009736756	7	1	1	1	79	2	79	1.0	1.0	0.2609630808680016	True	True	False	False	PP	P_A__P_B	PP:group_1754--group_5998	165	4959.0	0.11367578113139926	0.21135906298852594	0.26096308086800163	0.9997983464408147	True
4729148	1805	1854	group_4122	group_3460	PP	0.42824124075313696	0.9065286736324527	18.38157894736842	11996.421052631578	0.018053565	76	1	1	22	94	4	19	0.20212767	9.281512	0.3835963434450831	True	False	True	False	PP	P_A__P_B	PP:group_4122--group_3460	78	1318.0	0.15000450485557512	0.27403480931761826	0.3835963434450831	1.0	True
4737703	1810	1839	group_2265	group_6013	PP	0.4158534588157471	0.877566131084803	25.0	19230.846153846152	0.0071986043	13	1	1	1	94	2	94	1.0	1.0	0.3338882984339595	True	False	False	False	PP	P_A__P_B	PP:group_2265--group_6013	88	1727.0	0.12331659782774597	0.2163641986706626	0.3338882984339595	1.0	True
4737704	1810	1840	group_2265	group_6014	PP	0.4158534588157471	0.877566131084803	24.0625	18251.8125	0.0071986043	16	1	1	1	94	2	94	1.0	1.0	0.3381239043193504	True	False	False	False	PP	P_A__P_B	PP:group_2265--group_6014	86	1593.0	0.13094895264794765	0.21101525484230507	0.3381239043193504	1.0	True
4737712	1810	1848	group_2265	group_5432	PP	0.3525858700487334	0.7463016571371816	17.916666666666668	12565.75	0.008549399	12	1	1	1	89	2	89	1.0	1.0	0.3523421064655079	True	False	False	False	PP	P_A__P_B	PP:group_2265--group_5432	77	1318.0	0.13477249283808507	0.23705765791990202	0.35234210646550795	0.9992412746585736	True
4737728	1810	1864	group_2265	lcnD_2	PP	0.39129065984392	0.8333245719790161	18.6	13055.2	0.0073995227	10	1	1	1	91	2	91	1.0	1.0	0.3835963434450831	True	False	False	False	PP	P_A__P_B	PP:group_2265--lcnD_2	78	1318.0	0.15000450485557512	0.27403480931761826	0.3835963434450831	0.9992412746585736	True
4758176	1822	1846	group_4919	group_3115	PP	0.4298831915555338	0.9126243592617469	14.41025641025641	9240.102564102564	0.017785212	78	1	1	23	94	4	19	0.20212767	9.440171	0.4294145089452588	True	False	True	False	PP	P_A__P_B	PP:group_4919--group_3115	70	1033.0	0.17656379723776322	0.3101934176029112	0.4294145089452588	0.9990319457889641	True
4781869	1836	1844	group_5418	galT_2	PP	0.4192779476169528	0.8927923627791765	223.75	229701.0	0.00690435	8	1	1	1	93	2	93	1.0	1.0	0.2979072339908784	True	True	False	False	PP	P_A__P_B	PP:group_5418--galT_2	162	5472.0	0.09175280636939254	0.22521672534845816	0.29790723399087843	1.0	True
4781887	1836	1862	group_5418	group_1976	PP	0.418018836579402	0.8956236415872123	233.0	238725.0	0.006740239	7	1	1	1	92	2	92	1.0	1.0	0.289851304603196	True	True	False	False	PP	P_A__P_B	PP:group_5418--group_1976	163	5249.0	0.08492304095172	0.17143864771060247	0.289851304603196	0.9998094875214326	True
4781892	1836	1867	group_5418	group_4451	PP	0.418018836579402	0.8956236415872123	261.57142857142856	267870.14285714284	0.006835755	7	1	1	1	92	2	92	1.0	1.0	0.3173949478373641	True	True	False	False	PP	P_A__P_B	PP:group_5418--group_4451	167	4514.0	0.08760975382880715	0.20089296928701741	0.31739494783736416	1.0	True
4781896	1836	1871	group_5418	group_1359	PP	0.4283523617789676	0.9206503932342436	232.0	237663.7142857143	0.0065441374	7	1	1	1	92	2	92	1.0	1.0	0.289851304603196	True	True	False	False	PP	P_A__P_B	PP:group_5418--group_1359	163	5249.0	0.08492304095172	0.17143864771060247	0.289851304603196	1.0	True
4781990	1836	1965	group_5418	group_5998	PP	0.36072382613319065	0.7988858637211975	66.21153846153847	68352.17307692308	0.0070698974	52	1	1	1	83	2	83	1.0	1.0	0.265992662730285	True	False	False	False	PP	P_A__P_B	PP:group_5418--group_5998	120	5199.0	0.07823192864161735	0.15261927437662484	0.265992662730285	0.9996153106366609	True
4783554	1837	1844	group_5996	galT_2	PP	0.4192779476169528	0.8927923627791765	188.23076923076923	192918.38461538462	0.00690435	13	1	1	1	93	2	93	1.0	1.0	0.3681338077204296	True	True	False	False	PP	P_A__P_B	PP:group_5996--galT_2	156	6528.0	0.08221860760714088	0.24131709557293915	0.3681338077204296	0.9998468137254902	True
4783572	1837	1862	group_5996	group_1976	PP	0.418018836579402	0.8956236415872123	194.9	199250.8	0.006740239	10	1	1	1	92	2	92	1.0	1.0	0.2893381220454996	True	True	False	False	PP	P_A__P_B	PP:group_5996--group_1976	157	6321.0	0.08501534501267864	0.23699808305306264	0.28933812204549963	1.0	True
4783577	1837	1867	group_5996	group_4451	PP	0.418018836579402	0.8956236415872123	205.75	209405.75	0.006835755	12	1	1	1	92	2	92	1.0	1.0	0.278252336362305	True	True	False	False	PP	P_A__P_B	PP:group_5996--group_4451	159	6011.0	0.07923949105051266	0.1890138768129557	0.27825233636230506	1.0	True
4783581	1837	1871	group_5996	group_1359	PP	0.4283523617789676	0.9206503932342436	190.25	194536.5	0.0065441374	12	1	1	1	92	2	92	1.0	1.0	0.3681338077204296	True	True	False	False	PP	P_A__P_B	PP:group_5996--group_1359	156	6528.0	0.08221860760714088	0.24131709557293915	0.3681338077204296	1.0	True
4783675	1837	1965	group_5996	group_5998	PP	0.36072382613319065	0.7988858637211975	68.38461538461539	69879.02564102564	0.0070698974	39	1	1	1	83	2	83	1.0	1.0	0.2720403611952977	True	False	False	False	PP	P_A__P_B	PP:group_5996--group_5998	121	5451.0	0.08636611697155608	0.1695028481589953	0.2720403611952977	0.9996330948449825	True
4783708	1837	1998	group_5996	group_4063	PP	0.2662508838990288	0.5960151161397792	209.4	201504.2	0.010422643	5	1	1	1	74	2	74	1.0	1.0	0.2653859311411507	True	True	False	False	PP	P_A__P_B	PP:group_5996--group_4063	160	5684.0	0.08298880518793039	0.1820746095221526	0.2653859311411507	0.9991203377902885	True
4783743	1837	2033	group_5996	group_6011	PP	0.2941453818844142	0.6658199909126702	209.0	202123.8	0.008849107	5	1	1	1	75	2	75	1.0	1.0	0.278252336362305	True	True	False	False	PP	P_A__P_B	PP:group_5996--group_6011	159	6011.0	0.07923949105051266	0.1890138768129557	0.27825233636230506	0.9991681916486441	True
4785238	1838	1844	group_5997	galT_2	PP	0.4192779476169528	0.8927923627791765	212.9	218276.7	0.00690435	10	1	1	1	93	2	93	1.0	1.0	0.2653859311411507	True	True	False	False	PP	P_A__P_B	PP:group_5997--galT_2	160	5684.0	0.08298880518793039	0.1820746095221526	0.2653859311411507	1.0	True
4785256	1838	1862	group_5997	group_1976	PP	0.418018836579402	0.8956236415872123	219.11111111111111	224330.44444444444	0.006740239	9	1	1	1	92	2	92	1.0	1.0	0.3081386391361106	True	True	False	False	PP	P_A__P_B	PP:group_5997--group_1976	161	5348.0	0.09467939271767922	0.24394594674628953	0.30813863913611067	0.99981301421092	True
4785261	1838	1867	group_5997	group_4451	PP	0.418018836579402	0.8956236415872123	241.66666666666666	247175.88888888888	0.006835755	9	1	1	1	92	2	92	1.0	1.0	0.2766250829955313	True	True	False	False	PP	P_A__P_B	PP:group_5997--group_4451	164	4910.0	0.11128019493820808	0.21860279272641442	0.27662508299553135	1.0	True
4785265	1838	1871	group_5997	group_1359	PP	0.4283523617789676	0.9206503932342436	218.33333333333334	223235.88888888888	0.0065441374	9	1	1	1	92	2	92	1.0	1.0	0.3081386391361106	True	True	False	False	PP	P_A__P_B	PP:group_5997--group_1359	161	5348.0	0.09467939271767922	0.24394594674628953	0.30813863913611067	1.0	True
4785359	1838	1965	group_5997	group_5998	PP	0.36072382613319065	0.7988858637211975	67.65306122448979	69482.83673469388	0.0070698974	49	1	1	1	83	2	83	1.0	1.0	0.2720403611952977	True	False	False	False	PP	P_A__P_B	PP:group_5997--group_5998	121	5451.0	0.08636611697155608	0.1695028481589953	0.2720403611952977	0.9998165474224913	True
4785439	1838	2045	group_5997	group_3426	PP	0.28287384377797126	0.645218567433298	157.16666666666666	151451.66666666666	0.009201312	6	1	1	1	73	2	73	1.0	1.0	0.267453801147041	True	True	False	False	PP	P_A__P_B	PP:group_5997--group_3426	150	7224.0	0.0835690225853602	0.1891902803848992	0.267453801147041	0.9994462901439646	True
4795344	1844	1867	galT_2	group_4451	PP	0.392125848100109	0.8427236742876059	31.170454545454547	29686.511363636364	0.00735112	88	1	1	1	90	2	90	1.0	1.0	0.2907771233226867	True	False	False	False	PP	P_A__P_B	PP:galT_2--group_4451	95	2275.0	0.09484783234699957	0.19436394709880914	0.2907771233226867	1.0	True
4795350	1844	1873	galT_2	group_1656	PP	0.35687709740444157	0.7693898838473027	355.7	352578.3	0.007955524	10	1	1	1	87	2	87	1.0	1.0	0.3124166129924191	True	True	False	False	PP	P_A__P_B	PP:galT_2--group_1656	178	1882.0	0.1389796488889416	0.23645135095136283	0.3124166129924191	0.9994686503719448	True
4795442	1844	1965	galT_2	group_5998	PP	0.3208109160233968	0.7127445729806117	219.875	226261.875	0.007861954	8	1	1	1	80	2	80	1.0	1.0	0.3081386391361106	True	True	False	False	PP	P_A__P_B	PP:galT_2--group_5998	161	5348.0	0.09467939271767922	0.24394594674628953	0.30813863913611067	0.9996260284218399	True
4825377	1862	1867	group_1976	group_4451	PP	0.37468600942457364	0.8102768087932924	29.46551724137931	27901.379310344826	0.0073540136	58	1	1	1	88	2	88	1.0	1.0	0.3582892287093561	True	False	False	False	PP	P_A__P_B	PP:group_1976--group_4451	93	2076.0	0.10491090305707407	0.2058731547188625	0.35828922870935614	1.0	True
4825475	1862	1965	group_1976	group_5998	PP	0.3155514254070551	0.7055906667915953	221.875	228206.625	0.007704403	8	1	1	1	79	2	79	1.0	1.0	0.3081386391361106	True	True	False	False	PP	P_A__P_B	PP:group_1976--group_5998	161	5348.0	0.09467939271767922	0.24394594674628953	0.30813863913611067	0.9992520568436799	True
4833666	1867	1871	group_4451	group_1359	PP	0.39496039712379327	0.856832868873279	30.185185185185187	28844.777777777777	0.006984963	81	1	1	1	89	2	89	1.0	1.0	0.2785721973743825	True	False	False	False	PP	P_A__P_B	PP:group_4451--group_1359	94	2125.0	0.09537235066243323	0.20518431039649454	0.27857219737438255	1.0	True
4833668	1867	1873	group_4451	group_1656	PP	0.341106565694113	0.740001578395191	385.9	384065.4	0.008086197	10	1	1	1	85	2	85	1.0	1.0	0.3247237362155518	True	True	False	False	PP	P_A__P_B	PP:group_4451--group_1656	180	1623.0	0.15824349114559816	0.23035931184815844	0.3247237362155518	0.9993838570548367	True
4833701	1867	1906	group_4451	group_624	PP	0.37041591897260556	0.8114449962488471	449.375	437138.8125	0.0071861465	16	1	1	1	86	2	86	1.0	1.0	0.3486940665814115	True	True	False	False	PP	P_A__P_B	PP:group_4451--group_624	186	744.0	0.1058672875420893	0.2441010122955669	0.34869406658141155	1.0	True
4833760	1867	1965	group_4451	group_5998	PP	0.3155514254070551	0.7055906667915953	247.85714285714286	254481.2857142857	0.007810146	7	1	1	1	79	2	79	1.0	1.0	0.2609630808680016	True	True	False	False	PP	P_A__P_B	PP:group_4451--group_5998	165	4959.0	0.11367578113139926	0.21135906298852594	0.26096308086800163	1.0	True
4840278	1871	1873	group_1359	group_1656	PP	0.3584856615725707	0.7801810003559997	356.7	353158.0	0.007576405	10	1	1	1	86	2	86	1.0	1.0	0.3124166129924191	True	True	False	False	PP	P_A__P_B	PP:group_1359--group_1656	178	1882.0	0.1389796488889416	0.23645135095136283	0.3124166129924191	1.0	True
4840311	1871	1906	group_1359	group_624	PP	0.4064714901842195	0.8932932961851309	419.125	405873.1875	0.006561373	16	1	1	1	88	2	88	1.0	1.0	0.4011162726167763	True	True	False	False	PP	P_A__P_B	PP:group_1359--group_624	183	947.0	0.1320753032628127	0.2836877780600303	0.40111627261677635	1.0	True
4840370	1871	1965	group_1359	group_5998	PP	0.3191387690193294	0.7159550421530412	220.875	226903.125	0.007479677	8	1	1	1	79	2	79	1.0	1.0	0.3081386391361106	True	True	False	False	PP	P_A__P_B	PP:group_1359--group_5998	161	5348.0	0.09467939271767922	0.24394594674628953	0.30813863913611067	0.99943904263276	True
4843610	1873	1906	group_1656	group_624	PP	0.34838634423777687	0.7656408710214961	54.12820512820513	59299.10256410256	0.0076229074	39	1	1	1	84	2	84	1.0	1.0	0.2799575366451974	True	False	False	False	PP	P_A__P_B	PP:group_1656--group_624	113	4481.0	0.0813746063748727	0.1610754525431704	0.27995753664519746	0.999776835527784	True
4860111	1883	1972	group_3429	Int-Tn_3	PP	0.3738461401190415	0.844496558192249	21.463414634146343	16255.80487804878	0.0112464605	41	1	1	6	82	2	73	0.8902439	1.2549459	0.3495970455227149	True	False	True	False	PP	P_A__P_B	PP:group_3429--Int-Tn_3	83	1569.0	0.13338698229112897	0.22712310553868403	0.3495970455227149	0.9993626513702996	True
4910600	1914	2148	group_1519	group_6030	PP	0.27252691411467544	0.6719859703657086	45.0	39689.666666666664	0.012421667	9	1	1	1	64	3	64	1.0	1.0	0.2346661469685884	True	False	False	False	PP	P_A__P_B	PP:group_1519--group_6030	107	3490.0	0.08444460438359784	0.17893419530770518	0.2346661469685884	1.0	True
4928046	1925	1972	group_3427	Int-Tn_3	PP	0.3361889940539436	0.772638385464778	27.977272727272727	23240.227272727272	0.011232721	44	1	1	2	78	2	73	0.9358974	1.1363467	0.2921466774523846	True	False	True	False	PP	P_A__P_B	PP:group_3427--Int-Tn_3	91	1854.0	0.11960618152386368	0.21554537500508075	0.2921466774523846	1.0	True
4928084	1925	2010	group_3427	group_4088	PP	0.34113300014659165	0.7928494761402498	25.022727272727273	21233.18181818182	0.010793682	44	1	1	3	77	2	73	0.9480519	1.1105076	0.3338882984339595	True	False	True	False	PP	P_A__P_B	PP:group_3427--group_4088	88	1727.0	0.12331659782774597	0.2163641986706626	0.3338882984339595	0.9994209612044007	True
4928119	1925	2045	group_3427	group_3426	PP	0.3441953410298393	0.8125640667216767	24.044444444444444	20706.066666666666	0.010177612	45	1	1	3	75	2	73	0.97333336	1.0551491	0.3381239043193504	True	False	True	False	PP	P_A__P_B	PP:group_3427--group_3426	86	1593.0	0.13094895264794765	0.21101525484230507	0.3381239043193504	0.9993722536095417	True
4937767	1931	2132	group_5443	group_5449	PP	0.2412673926809648	0.5944388446705945	57.666666666666664	58322.77777777778	0.013771163	18	1	1	1	62	3	62	1.0	1.0	0.2385371002933225	True	False	False	False	PP	P_A__P_B	PP:group_5443--group_5449	116	4792.0	0.08494251143913445	0.16418313018136568	0.2385371002933225	0.9991652754590985	True
4940946	1933	2132	ytrE	group_5449	PP	0.2412673926809648	0.5944388446705945	55.1578947368421	55915.0	0.013771163	19	1	1	1	62	3	62	1.0	1.0	0.2369103607376388	True	False	False	False	PP	P_A__P_B	PP:ytrE--group_5449	114	4430.0	0.08388703680780522	0.16338338307013026	0.23691036073763888	0.9993227990970655	True
4951897	1940	1988	group_5887	lytB_3	PP	0.274950249977734	0.6365160162099284	99.77272727272727	94916.36363636363	0.013158208	22	1	1	4	72	9	59	0.8194444	1.461929	0.2631934544667579	True	False	True	False	PP	P_A__P_B	PP:group_5887--lytB_3	134	6943.0	0.08427328456888496	0.16086113929376944	0.26319345446675796	0.9992798502088435	True
4953478	1941	1988	group_5888	lytB_3	PP	0.274950249977734	0.6365160162099284	98.91304347826087	93982.39130434782	0.013158208	23	1	1	4	72	9	59	0.8194444	1.461929	0.2631934544667579	True	False	True	False	PP	P_A__P_B	PP:group_5888--lytB_3	134	6943.0	0.08427328456888496	0.16086113929376944	0.26319345446675796	0.9994238801670747	True
4953514	1941	2024	group_5888	group_5890	PP	0.28808801900368197	0.6745784471842174	99.82608695652173	95034.26086956522	0.0123084625	23	1	1	4	72	9	59	0.8194444	1.461929	0.2631934544667579	True	False	True	False	PP	P_A__P_B	PP:group_5888--group_5890	134	6943.0	0.08427328456888496	0.16086113929376944	0.26319345446675796	0.9995679101253061	True
4988163	1963	2144	group_5376	group_3791	PP	0.23203907028541515	0.5810847422743418	49.10526315789474	47690.84210526316	0.013208667	19	1	1	3	60	9	53	0.8833333	1.2684989	0.2286320323377872	True	False	True	False	PP	P_A__P_B	PP:group_5376--group_3791	110	3787.0	0.07980269895130161	0.16511189475170804	0.22863203233778726	0.9992078162133615	True
4997452	1969	2100	group_1951	group_5448	PP	0.2691534416569834	0.6644682460234268	73.875	73135.0	0.0117946975	16	1	1	1	65	3	65	1.0	1.0	0.2543383434051827	True	False	False	False	PP	P_A__P_B	PP:group_1951--group_5448	124	5751.0	0.08200965924227863	0.15907877557731867	0.2543383434051827	0.9996522343940184	True
5002124	1972	2119	Int-Tn_3	group_2837	PP	0.29823718501021196	0.7429372800256332	27.725	22687.875	0.009812447	40	1	1	1	66	2	66	1.0	1.0	0.2921466774523846	True	False	False	False	PP	P_A__P_B	PP:Int-Tn_3--group_2837	91	1854.0	0.11960618152386368	0.21554537500508075	0.2921466774523846	0.9994606256742179	True
5025337	1987	2202	group_4509	group_6133	PP	0.08902197076532911	0.23028276782487522	597.6666666666666	626993.3333333334	0.04402451	6	1	1	8	39	13	30	0.7692308	1.6622951	0.0890063061323792	True	True	True	True	PP	P_A__P_B	PP:group_4509--group_6133	195	263.0	0.04502964869403515	0.08512564050536772	0.08900630613237921	1.0	True
5025599	1987	2464	group_4509	group_6467	PP	0.08632632304772452	0.24790288808311445	609.3333333333334	637035.8333333334	0.04254882	6	1	1	2	32	13	30	0.9375	1.1327434	0.0860501660629824	True	True	True	True	PP	P_A__P_B	PP:group_4509--group_6467	196	231.0	0.07472287547456186	0.08207032191664879	0.08605016606298246	1.0	True
5025600	1987	2465	group_4509	group_6478	PP	0.09998352969325329	0.2871222229400243	631.3333333333334	645960.0	0.037620313	6	1	1	2	34	13	30	0.88235295	1.2620088	0.0999835296932532	True	True	True	True	PP	P_A__P_B	PP:group_4509--group_6478	197	163.0	0.06911784003602953	0.09676260746355486	0.09998352969325329	0.9938650306748467	True
5025601	1987	2466	group_4509	group_6479	PP	0.09998352969325329	0.2871222229400243	630.3333333333334	645377.3333333334	0.037620313	6	1	1	2	34	13	30	0.88235295	1.2620088	0.0999835296932532	True	True	True	True	PP	P_A__P_B	PP:group_4509--group_6479	197	163.0	0.06911784003602953	0.09676260746355486	0.09998352969325329	1.0	True
5026722	1988	2053	lytB_3	group_4046	PP	0.2992262744533664	0.722774925941835	102.4	103998.0	0.01068659	5	1	1	5	70	9	56	0.8	1.5302936	0.2980298401442606	True	True	True	True	PP	P_A__P_B	PP:lytB_3--group_4046	135	7097.0	0.07790778407538533	0.15807643815472677	0.29802984014426065	0.999154572354516	True
5054258	2006	2148	hpaIIM_1	group_6030	PP	0.2787487329971797	0.7095139253807017	48.0	42239.444444444445	0.010351792	9	1	1	1	63	3	63	1.0	1.0	0.2772034218704573	True	False	False	False	PP	P_A__P_B	PP:hpaIIM_1--group_6030	109	3633.0	0.08386571459862842	0.19168911567205585	0.2772034218704573	0.9991742361684558	True
5058771	2009	2119	group_4085	group_2837	PP	0.3078767356130912	0.7763418565686704	26.725	22199.55	0.008874923	40	1	1	1	66	2	66	1.0	1.0	0.2810422179009019	True	False	False	False	PP	P_A__P_B	PP:group_4085--group_2837	90	1912.0	0.12470502214539202	0.216854927475193	0.28104221790090195	1.0	True
5081280	2024	2053	group_5890	group_4046	PP	0.2985649738130297	0.729811036906832	102.6	105352.6	0.010203342	5	1	1	4	69	9	56	0.8115942	1.4873477	0.2980298401442606	True	True	True	True	PP	P_A__P_B	PP:group_5890--group_4046	135	7097.0	0.07790778407538533	0.15807643815472677	0.29802984014426065	0.9990136677469353	True
5124378	2053	2144	group_4046	group_3791	PP	0.2683469774638026	0.6979134351748454	51.05882352941177	50506.35294117647	0.0098798685	17	1	1	3	61	9	54	0.8852459	1.2634975	0.2549995425510029	True	False	True	False	PP	P_A__P_B	PP:group_4046--group_3791	112	4095.0	0.0774980588563095	0.1616340210365595	0.25499954255100293	0.9997557997557998	True
5130213	2057	2113	group_1341	group_4400	PP	0.30631501461507854	0.7888462393716149	32.84	42333.64	0.00860832	25	1	1	1	65	3	65	1.0	1.0	0.2744459099899397	True	False	False	False	PP	P_A__P_B	PP:group_1341--group_4400	97	2384.0	0.10018118888175667	0.1916397277587569	0.27444590998993973	0.9995805369127517	True
5130229	2057	2129	group_1341	eabC_1	PP	0.3059385650341287	0.7953906652327076	33.82608695652174	43537.95652173913	0.008417988	23	1	1	1	64	3	64	1.0	1.0	0.2887747284402872	True	False	False	False	PP	P_A__P_B	PP:group_1341--eabC_1	98	2529.0	0.10691246563153795	0.1901110542441289	0.28877472844028723	0.9992091735863978	True
5140415	2064	2088	group_2168	group_5435	PP	0.25519242112019896	0.656982936624099	89.4	88698.0	0.010713153	5	1	1	1	61	3	61	1.0	1.0	0.2469365771186938	True	False	False	False	PP	P_A__P_B	PP:group_2168--group_5435	130	6583.0	0.08462552464636489	0.1577604359626178	0.24693657711869388	0.9993923742974328	True
5140440	2064	2113	group_2168	group_4400	PP	0.27541936482697255	0.7156975233192248	72.22222222222223	79111.0	0.009700278	9	1	1	2	62	3	61	0.983871	1.032778	0.265788113307212	True	False	True	False	PP	P_A__P_B	PP:group_2168--group_4400	123	5718.0	0.07881086730462827	0.14771315661643272	0.265788113307212	0.9993004547044421	True
5149258	2070	2204	group_2463	group_1935	PP	0.2835518581359345	0.7746742536505602	26.444444444444443	18674.444444444445	0.019897616	18	1	1	17	58	4	18	0.31034482	6.5960784	0.2810422179009019	True	False	True	False	PP	P_A__P_B	PP:group_2463--group_1935	90	1912.0	0.12470502214539202	0.216854927475193	0.28104221790090195	0.9994769874476988	True
5210674	2113	2130	group_4400	group_4076	PP	0.33402284257158643	0.8930807728024095	33.8	43435.6	0.0064778198	5	1	1	1	64	3	64	1.0	1.0	0.2887747284402872	True	False	False	False	PP	P_A__P_B	PP:group_4400--group_4076	98	2529.0	0.10691246563153795	0.1901110542441289	0.28877472844028723	0.9996045867931989	True
5212099	2114	2147	group_6028	leuA_4	PP	0.3436862225854394	0.9235071697664627	24.1864406779661	23747.542372881355	0.0060986113	59	1	1	1	64	3	64	1.0	1.0	0.3350766352484956	True	False	False	False	PP	P_A__P_B	PP:group_6028--leuA_4	87	1688.0	0.12647384326035038	0.2172185074406145	0.3350766352484956	0.9994075829383886	True
5214913	2116	2148	group_1063	group_6030	PP	0.34984287056402774	0.9446857506065617	42.0	36855.555555555555	0.0058357837	9	1	1	1	64	3	64	1.0	1.0	0.2517105871120749	True	False	False	False	PP	P_A__P_B	PP:group_1063--group_6030	105	3214.0	0.08696719623740717	0.17516274278110347	0.2517105871120749	1.0	True
5233082	2129	2130	eabC_1	group_4076	PP	0.3472796178655035	0.9377226299071789	34.0	42981.8	0.006075841	5	1	1	1	64	3	64	1.0	1.0	0.2887747284402872	True	False	False	False	PP	P_A__P_B	PP:eabC_1--group_4076	98	2529.0	0.10691246563153795	0.1901110542441289	0.28877472844028723	1.0	True
5244208	2137	2148	group_6038	group_6030	PP	0.35695100927078394	0.9686988344835756	47.0	41434.22222222222	0.005480258	9	1	1	1	64	3	64	1.0	1.0	0.2772034218704573	True	False	False	False	PP	P_A__P_B	PP:group_6038--group_6030	109	3633.0	0.08386571459862842	0.19168911567205585	0.2772034218704573	1.0	True
5245592	2138	2148	group_6039	group_6030	PP	0.35695100927078394	0.9686988344835756	49.0	42952.88888888889	0.005480258	9	1	1	1	64	3	64	1.0	1.0	0.2286320323377872	True	False	False	False	PP	P_A__P_B	PP:group_6039--group_6030	110	3787.0	0.07980269895130161	0.16511189475170804	0.22863203233778726	1.0	True
5246975	2139	2148	group_6040	group_6030	PP	0.35695100927078394	0.9686988344835756	50.0	43855.666666666664	0.005480258	9	1	1	1	64	3	64	1.0	1.0	0.2752244419830781	True	False	False	False	PP	P_A__P_B	PP:group_6040--group_6030	111	4115.0	0.08227540053023023	0.18257667556306872	0.27522444198307816	1.0	True
5363593	2226	2273	group_2858	group_4928	PP	0.30152689750694545	0.914986081667901	1.320754716981132	293.2641509433962	0.017557867	53	1	1	17	53	4	19	0.35849056	5.370937	0.2994794238785804	True	False	True	False	PP	P_A__P_B	PP:group_2858--group_4928	5	30.0	0.22011422639027173	0.28105216122329507	0.2994794238785804	1.0	True
5366142	2228	2233	group_3652	xerD_1	PP	0.2796550663807138	0.8331715991038036	57.26923076923077	41848.230769230766	0.018197054	26	1	1	17	53	20	16	0.3018868	7.1113925	0.2578329163913837	True	False	True	False	PP	P_A__P_B	PP:group_3652--xerD_1	115	4764.0	0.0786246834765852	0.18000833504611846	0.2578329163913837	0.9995801847187238	True
5464161	2306	2401	hin	group_4917	PP	0.2543459387981356	0.8604734726293014	42.30769230769231	30021.76923076923	0.018062875	13	1	1	13	44	4	18	0.4090909	4.4	0.2517105871120749	True	False	True	False	PP	P_A__P_B	PP:hin--group_4917	105	3214.0	0.08696719623740717	0.17516274278110347	0.2517105871120749	0.9990665836963286	True
5654498	2474	2646	group_6482	group_437	PP	0.1374667987689966	0.5577758648465878	493.5	504822.0	0.012263942	6	1	1	1	28	13	28	1.0	1.0	0.1364543752921183	True	True	False	False	PP	P_A__P_B	PP:group_6482--group_437	189	464.0	0.07002690854969813	0.125702775153238	0.13645437529211837	1.0	True
5721455	2540	2646	group_2868	group_437	PP	0.13645295473888977	0.5761596202329028	517.8	514158.8	0.010169288	5	1	1	1	27	13	27	1.0	1.0	0.1310675353572347	True	True	False	False	PP	P_A__P_B	PP:group_2868--group_437	191	349.0	0.07002306668386281	0.08567374909085657	0.13106753535723473	1.0	True
5723416	2542	2646	group_3051	group_437	PP	0.1474532405259649	0.622607280480807	507.5	510386.1666666667	0.008917407	6	1	1	1	28	13	28	1.0	1.0	0.146462327439012	True	True	False	False	PP	P_A__P_B	PP:group_3051--group_437	190	366.0	0.06519663813552284	0.136044217285875	0.14646232743901202	1.0	True
2010807	626	2287	phnU_1	group_4266	PT	0.6268694575724263	0.7395695833710967	44.166666666666664	51514.0	2.3916824	12	1	2	3	8	2	4	0.5	2.4615386	0.533060051169155	True	False	True	False	P↔T	P_A__T_B	PT:phnU_1--group_4266	110	3255.0	0.39199127220402935	0.4753361656591005	0.533060051169155	1.0	True
2043151	637	2841	aqpZ2	tabA_1	PT	0.5792009701311734	0.706162165330579	77.7	77032.6	NA	10	0	0	1	39	8	39	1.0	1.0	0.5259941119522762	True	False	False	False	P↔T	P_A__T_B	PT:aqpZ2--tabA_1	128	6142.0	0.38636510506042754	0.46168201672366144	0.5259941119522762	0.9998371865841745	True
2071216	647	2111	ydaF_1	group_2974	PT	0.5510799280869729	0.6770445403385985	415.1111111111111	417624.1111111111	0.29789603	9	0	1	1	6	4	6	1.0	1.0	0.5494441997012607	True	True	False	False	P↔T	P_A__T_B	PT:ydaF_1--group_2974	183	854.0	0.43925869447854854	0.4877841591034591	0.5494441997012607	1.0	True
2184583	687	1298	group_915	ugd	PT	0.3359391410532497	0.42681956340318916	1.6687898089171975	743.7261146496816	0.07111013	157	0	1	1	6	4	6	1.0	1.0	0.3359192005322401	True	False	False	False	P↔T	P_A__T_B	PT:group_915--ugd	16	11.0	0.33494211500277316	0.33573973584315436	0.33591920053224017	1.0	True
2232473	704	1146	group_4212	group_3601	PT	0.5324510966408658	0.867292517633049	164.11111111111111	158278.33333333334	0.065218024	9	0	0	1	15	3	15	1.0	1.0	0.5229541676739113	True	True	False	False	P↔T	P_A__T_B	PT:group_4212--group_3601	153	7357.0	0.3875685866379974	0.461561628741317	0.5229541676739113	0.9997281500611662	True
2247689	709	2287	group_2753	group_4266	PT	0.5452835046657886	0.6333963717124956	225.6	217077.6	1.7555146	5	1	2	3	8	2	4	0.5	2.4615386	0.5413836004686878	True	True	True	True	P↔T	P_A__T_B	PT:group_2753--group_4266	163	5948.0	0.39222965366257195	0.46771821073727887	0.5413836004686878	0.9996637525218561	True
2323262	736	2287	glf_2	group_4266	PT	0.6268694575724263	0.7395695833710967	134.16666666666666	122644.25	1.8933095	12	1	2	3	8	2	4	0.5	2.4615386	0.5407323985278885	True	True	True	True	P↔T	P_A__T_B	PT:glf_2--group_4266	146	7243.0	0.3985379884054626	0.4711160910096245	0.5407323985278885	1.0	True
2332168	739	2841	group_2442	tabA_1	PT	0.5874503376610213	0.6954129646212166	82.31111111111112	83810.6888888889	NA	45	1	0	1	40	8	40	1.0	1.0	0.5436930217953997	True	False	False	False	P↔T	P_A__T_B	PT:group_2442--tabA_1	130	6352.0	0.39038407403218095	0.4658716669128971	0.5436930217953997	0.9996851385390428	True
2335246	740	3137	group_1669	moeZ	PT	0.570047170501285	0.6046096949092021	69.9090909090909	83153.54545454546	NA	11	0	0	1	9	3	9	1.0	1.0	0.5172512907224396	True	False	False	False	P↔T	P_A__T_B	PT:group_1669--moeZ	125	5568.0	0.3883907052071812	0.46707213279046095	0.5172512907224396	0.9998204022988506	True
2382802	758	788	group_3656	group_1409	PT	0.6020246338684441	0.813498544893021	106.5	112604.16666666667	0.030420795	12	0	0	1	30	2	30	1.0	1.0	0.5583716907218641	True	True	False	False	P↔T	P_A__T_B	PT:group_3656--group_1409	139	7470.0	0.4039879220229497	0.47413304049816535	0.5583716907218641	1.0	True
2382980	758	966	group_3656	lytA_2	PT	0.6096414951175623	0.9111115740508745	74.5	81259.3	0.044347472	10	0	0	1	30	2	30	1.0	1.0	0.5175037335831426	True	False	False	False	P↔T	P_A__T_B	PT:group_3656--lytA_2	127	5912.0	0.3902124198071475	0.45928934001856436	0.5175037335831426	1.0	True
2383012	758	998	group_3656	clpC_1	PT	0.583519940463185	0.7861780315433348	127.6	131731.0	0.04703967	5	0	1	1	18	2	18	1.0	1.0	0.5349641700005964	True	True	False	False	P↔T	P_A__T_B	PT:group_3656--clpC_1	145	7304.0	0.3878549399318433	0.47243878077081425	0.5349641700005964	0.9997261774370209	True
2383070	758	1056	group_3656	group_4441	PT	0.6011919136548338	0.6009458225842075	103.57142857142857	106442.57142857143	0.06061098	7	1	4	15	59	9	21	0.3559322	5.008633	0.5315847205535043	True	True	True	True	P↔T	P_A__T_B	PT:group_3656--group_4441	138	7091.0	0.3981037355735937	0.4751136246144751	0.5315847205535043	1.0	True
2401418	764	2841	group_3840	tabA_1	PT	0.5855606446736535	0.7093534134152262	30.2	32091.1	NA	10	0	0	1	40	8	40	1.0	1.0	0.5588852459031177	True	False	False	False	P↔T	P_A__T_B	PT:group_3840--tabA_1	98	2000.0	0.39326237925305596	0.4717414706724167	0.5588852459031177	0.9995	True
2407799	767	954	group_3978	group_2261	PT	0.5235863374812597	0.9999999999999998	246.4	240358.2	0.04271064	5	0	0	1	10	2	10	1.0	1.0	0.5193783119600369	True	True	False	False	P↔T	P_A__T_B	PT:group_3978--group_2261	166	5137.0	0.3932103505718579	0.46372119274965456	0.5193783119600369	0.9992213354097722	True
2407843	767	998	group_3978	clpC_1	PT	0.583519940463185	0.7861780315433348	160.375	157000.375	0.047034554	8	0	1	1	18	2	18	1.0	1.0	0.5235805508804294	True	True	False	False	P↔T	P_A__T_B	PT:group_3978--clpC_1	152	7432.0	0.3944546112106894	0.4644477840770286	0.5235805508804294	0.9998654467168999	True
2411886	768	2287	group_1005	group_4266	PT	0.6268694575724263	0.7395695833710967	29.153846153846153	35713.153846153844	2.4809346	13	1	2	3	8	2	4	0.5	2.4615386	0.5932411957768701	True	False	True	False	P↔T	P_A__T_B	PT:group_1005--group_4266	97	1776.0	0.3976444086952578	0.4720075754460459	0.5932411957768701	1.0	True
2415892	770	788	galE	group_1409	PT	0.5775898054428965	0.7771227982462272	134.28571428571428	131289.85714285713	0.030875226	7	0	0	1	29	2	29	1.0	1.0	0.5407323985278885	True	True	False	False	P↔T	P_A__T_B	PT:galE--group_1409	146	7243.0	0.3985379884054626	0.4711160910096245	0.5407323985278885	0.9998619356620185	True
2416054	770	950	galE	epsL	PT	0.5264391976407933	0.8372132711729029	158.71428571428572	160761.7142857143	0.04358148	7	0	0	1	29	2	29	1.0	1.0	0.5235805508804294	True	True	False	False	P↔T	P_A__T_B	PT:galE--epsL	152	7432.0	0.3944546112106894	0.4644477840770286	0.5235805508804294	0.9991926803013994	True
2429815	775	966	group_4326	lytA_2	PT	0.5703639157658722	0.8492422597810358	60.111111111111114	62302.0	0.045732442	9	0	0	1	30	2	30	1.0	1.0	0.5352756026240271	True	False	False	False	P↔T	P_A__T_B	PT:group_4326--lytA_2	120	4311.0	0.3868674420963746	0.46419056544283316	0.5352756026240271	1.0	True
2432140	775	3291	group_4326	tcyN	PT	0.5951851979404787	0.4522944165593002	181.47058823529412	177979.14705882352	NA	34	0	3	1	92	2	92	1.0	1.0	0.5287792974125534	True	True	False	False	P↔T	P_A__T_B	PT:group_4326--tcyN	156	7473.0	0.3899028010488324	0.473850126100351	0.5287792974125534	1.0	True
2482257	794	1405	group_4874	group_369	PT	0.05524662298104206	0.10909722686703699	1.4470588235294117	717.9294117647058	0.12356559	85	1	0	1	5	3	5	1.0	1.0	0.0552453346996194	True	False	False	False	P↔T	P_A__T_B	PT:group_4874--group_369	14	3.0	0.055182208909912114	0.05523374016681607	0.05524533469961947	1.0	True
2492414	797	3384	group_2587	ligA	PT	0.4097367576417188	0.27254286456161336	5.0	6445.333333333333	NA	9	0	2	6	72	9	49	0.6805556	2.028169	0.4045312751768092	True	False	True	False	P↔T	P_A__T_B	PT:group_2587--ligA	43	124.0	0.3417253544165777	0.36500742709398487	0.4045312751768092	1.0	True
2506325	803	966	gpsB	lytA_2	PT	0.5091609686943391	0.7609430384047418	5.661458333333333	5029.442708333333	0.046470106	192	0	0	1	29	2	29	1.0	1.0	0.5073098350225962	True	False	False	False	P↔T	P_A__T_B	PT:gpsB--lytA_2	47	77.0	0.34685727264249233	0.4906496319769081	0.5073098350225962	1.0	True
2506470	803	1111	gpsB	group_2394	PT	0.5569987529310441	0.8110635673707663	151.6153846153846	147219.23076923078	0.082379565	13	0	0	1	24	2	24	1.0	1.0	0.5237519847899347	True	True	False	False	P↔T	P_A__T_B	PT:gpsB--group_2394	150	7437.0	0.3911741891394638	0.4657936908457945	0.5237519847899347	1.0	True
2506617	803	1258	gpsB	group_1130	PT	0.6179271255663197	0.652523040540498	192.97058823529412	189997.88235294117	0.119551465	34	1	3	8	21	6	5	0.23809524	5.5822783	0.5413618801996942	True	True	True	True	P↔T	P_A__T_B	PT:gpsB--group_1130	158	7119.0	0.40751075935490166	0.4786089151492017	0.5413618801996942	0.9997190616659644	True
2506620	803	1261	gpsB	group_2577	PT	0.5509865752942333	0.6678610538025493	184.16666666666666	177779.08333333334	0.11610002	12	1	2	16	37	8	10	0.27027026	8.398773	0.5463577586943603	True	True	True	True	P↔T	P_A__T_B	PT:gpsB--group_2577	157	7369.0	0.39746671270646744	0.47722938257552205	0.5463577586943603	0.9991857782602795	True
2509133	804	1056	hemH	group_4441	PT	0.5403114221760668	0.5406576064510512	74.33333333333333	73514.0	0.06168964	6	1	4	14	56	9	21	0.375	4.571429	0.5175037335831426	True	False	True	False	P↔T	P_A__T_B	PT:hemH--group_4441	127	5912.0	0.3902124198071475	0.45928934001856436	0.5175037335831426	0.9994925575101489	True
2511138	804	3061	hemH	ptsI	PT	0.5131266738214032	0.3509237650995129	32.6551724137931	33464.1724137931	NA	29	0	4	1	90	2	90	1.0	1.0	0.5129281063345832	True	False	False	False	P↔T	P_A__T_B	PT:hemH--ptsI	100	2094.0	0.38263931345305796	0.45402751063861174	0.5129281063345832	0.9990448901623686	True
2511760	805	966	group_5291	lytA_2	PT	0.5373939396899985	0.7975900914050932	87.57142857142857	89544.42857142857	0.047539096	7	0	0	1	30	2	30	1.0	1.0	0.5263596452234075	True	False	False	False	P↔T	P_A__T_B	PT:group_5291--lytA_2	132	6543.0	0.3901641365913845	0.46716785150514184	0.5263596452234075	0.9995414947271893	True
2514085	805	3291	group_5291	tcyN	PT	0.5484659695103994	0.4175501316585194	98.86274509803921	95640.41176470589	NA	51	0	3	1	90	2	90	1.0	1.0	0.5332549544674678	True	False	False	False	P↔T	P_A__T_B	PT:group_5291--tcyN	136	6656.0	0.3897076226241678	0.46531264758115304	0.5332549544674678	0.9998497596153846	True
2521780	808	2841	ycjP_2	tabA_1	PT	0.5421576506301042	0.6412413925946923	91.4	91454.8	NA	15	1	0	1	40	8	40	1.0	1.0	0.5374523103890211	True	False	False	False	P↔T	P_A__T_B	PT:ycjP_2--tabA_1	134	6692.0	0.3931057832206375	0.46700143775233893	0.5374523103890211	0.9994022713687986	True
2575850	828	2841	yteP_1	tabA_1	PT	0.5638005178754895	0.6670703113081173	92.64285714285714	92806.28571428571	NA	14	1	0	1	40	8	40	1.0	1.0	0.5374523103890211	True	False	False	False	P↔T	P_A__T_B	PT:yteP_1--tabA_1	134	6692.0	0.3931057832206375	0.46700143775233893	0.5374523103890211	0.9997011356843993	True
2585033	832	1258	ponA	group_1130	PT	0.6179271255663197	0.652523040540498	190.13513513513513	186659.94594594595	0.12028751	37	1	3	8	21	6	5	0.23809524	5.5822783	0.5413618801996942	True	True	True	True	P↔T	P_A__T_B	PT:ponA--group_1130	158	7119.0	0.40751075935490166	0.4786089151492017	0.5413618801996942	0.9998595308329822	True
2585054	832	1279	ponA	group_711	PT	0.5927701462228008	0.684899059656372	47.42857142857143	48067.28571428572	0.1262513	7	1	2	6	19	9	10	0.5263158	2.7984495	0.5317924867156318	True	False	True	False	P↔T	P_A__T_B	PT:ponA--group_711	112	3333.0	0.3931500238195398	0.4797915170615452	0.5317924867156318	1.0	True
2586965	832	3190	ponA	marR	PT	0.5541603215220536	0.5978017601123725	37.275	40583.13333333333	NA	120	0	3	1	95	2	95	1.0	1.0	0.5527864660500079	True	False	False	False	P↔T	P_A__T_B	PT:ponA--marR	104	2447.0	0.39357547342754445	0.47616694577802	0.5527864660500079	0.9991826726604005	True
2614557	843	1258	hasB	group_1130	PT	0.33491640996793215	0.3760988885484601	2.9479166666666665	1650.5	0.13757168	96	0	3	6	15	6	5	0.33333334	3.9473684	0.3284025671485124	True	False	True	False	P↔T	P_A__T_B	PT:hasB--group_1130	29	62.0	0.1944308220716329	0.26977798177373497	0.32840256714851246	1.0	True
2618818	844	2841	yhjX	tabA_1	PT	0.6081050419716791	0.7226224267329276	72.65116279069767	73391.86046511628	NA	43	1	0	1	40	8	40	1.0	1.0	0.5379590282641318	True	False	False	False	P↔T	P_A__T_B	PT:yhjX--tabA_1	126	5684.0	0.3941755451327071	0.47386683173774385	0.5379590282641318	1.0	True
2634865	850	2841	group_956	tabA_1	PT	0.6201840416961012	0.7512965069023095	79.0	77962.11111111111	NA	9	0	0	1	40	8	40	1.0	1.0	0.5501127644567841	True	False	False	False	P↔T	P_A__T_B	PT:group_956--tabA_1	129	6308.0	0.3844788283691114	0.4617916915133974	0.5501127644567841	0.9995244134432467	True
2643624	854	922	group_3998	cpsB	PT	0.5506827612727885	0.6609457539475703	83.33333333333333	83093.0	0.0420589	6	0	1	1	31	2	31	1.0	1.0	0.540503408813588	True	False	False	False	P↔T	P_A__T_B	PT:group_3998--cpsB	131	6501.0	0.3924490755407562	0.47086457521154296	0.540503408813588	0.9995385325334564	True
2651666	857	966	group_2233	lytA_2	PT	0.5703639157658722	0.8492422597810358	66.8	68134.5	0.045400344	10	0	0	1	30	2	30	1.0	1.0	0.5419086625855352	True	False	False	False	P↔T	P_A__T_B	PT:group_2233--lytA_2	123	4978.0	0.382490989074315	0.45658720363545896	0.5419086625855352	1.0	True
2651979	857	1279	group_2233	group_711	PT	0.5285303455019461	0.6135060387461422	174.57142857142858	181918.0	0.15002702	7	1	2	6	18	9	10	0.5555556	2.7	0.5276160322713785	True	True	True	True	P↔T	P_A__T_B	PT:group_2233--group_711	155	7412.0	0.38892000468947596	0.4653771741862497	0.5276160322713785	0.999055585536967	True
2667948	863	1279	celA_1	group_711	PT	0.5927701462228008	0.684899059656372	29.075	27247.4125	0.13068275	80	1	2	6	19	9	10	0.5263158	2.7984495	0.5594060540139892	True	False	True	False	P↔T	P_A__T_B	PT:celA_1--group_711	96	1743.0	0.39483037563507234	0.4611243398026762	0.5594060540139892	0.9994262765347103	True
2669960	863	3291	celA_1	tcyN	PT	0.5409208460066478	0.40454985663543136	229.11111111111111	228461.44444444444	NA	9	0	3	1	92	2	92	1.0	1.0	0.5397237085463444	True	True	False	False	P↔T	P_A__T_B	PT:celA_1--tcyN	164	5481.0	0.3984892490229369	0.478419404054818	0.5397237085463444	0.9992702061667579	True
2691592	872	1037	group_8211	group_8369	PT	0.037644287002216226	0.0806309139333234	1.542857142857143	472.42857142857144	0.044462774	35	1	0	1	5	3	5	1.0	1.0	0.0376353730294037	True	False	False	False	P↔T	P_A__T_B	PT:group_8211--group_8369	15	3.0	0.0371985883615936	0.0375551472740917	0.03763537302940377	1.0	True
2738293	889	2841	group_2356	tabA_1	PT	0.6241553807604685	0.7439068403343545	25.291666666666668	28094.625	NA	48	1	0	1	40	8	40	1.0	1.0	0.6050216041377807	True	False	False	False	P↔T	P_A__T_B	PT:group_2356--tabA_1	92	1546.0	0.4100970417053522	0.5016481869685452	0.6050216041377807	1.0	True
2750713	894	2111	group_2850	group_2974	PT	0.5510799280869729	0.6770445403385985	370.6666666666667	375121.44444444444	0.20935078	9	0	1	1	6	4	6	1.0	1.0	0.5492786742546253	True	True	False	False	P↔T	P_A__T_B	PT:group_2850--group_2974	180	1473.0	0.4253227715255289	0.5093176264078622	0.5492786742546253	0.9993211133740665	True
2755113	896	1258	group_2568	group_1130	PT	0.6179271255663197	0.652523040540498	169.92	160276.14	0.11124479	50	1	3	8	21	6	5	0.23809524	5.5822783	0.546038452356308	True	True	True	True	P↔T	P_A__T_B	PT:group_2568--group_1130	154	7155.0	0.4005528880979349	0.47750188380058434	0.546038452356308	0.9998602375960867	True
2764568	899	2841	group_4357	tabA_1	PT	0.5855606446736535	0.7093534134152262	34.3	35758.975	NA	40	0	0	1	40	8	40	1.0	1.0	0.5133943953971432	True	False	False	False	P↔T	P_A__T_B	PT:group_4357--tabA_1	102	2295.0	0.38638107803181254	0.46916105393483	0.5133943953971432	1.0	True
2785521	907	2846	yjaB	rsuA_2	PT	0.5716344222404496	0.34424001602843685	82.53846153846153	84432.61538461539	NA	13	0	10	1	93	2	93	1.0	1.0	0.5436930217953997	True	False	False	False	P↔T	P_A__T_B	PT:yjaB--rsuA_2	130	6352.0	0.39038407403218095	0.4658716669128971	0.5436930217953997	0.9995277078085643	True
2785540	907	2865	yjaB	plsX	PT	0.5580243602684435	0.3547659669179073	130.2	128137.0	NA	5	0	0	1	90	2	90	1.0	1.0	0.5349641700005964	True	True	False	False	P↔T	P_A__T_B	PT:yjaB--plsX	145	7304.0	0.3878549399318433	0.47243878077081425	0.5349641700005964	0.9994523548740416	True
2785546	907	2871	yjaB	mutM	PT	0.5650701846062866	0.34739030817194844	168.8	162590.2	NA	5	0	8	1	94	2	94	1.0	1.0	0.546038452356308	True	True	False	False	P↔T	P_A__T_B	PT:yjaB--mutM	154	7155.0	0.4005528880979349	0.47750188380058434	0.546038452356308	0.9997204751921733	True
2785557	907	2882	yjaB	pdxK	PT	0.5433590444814125	0.39988345606706677	208.25	206944.0	NA	8	0	5	1	93	2	93	1.0	1.0	0.5417174321406638	True	True	False	False	P↔T	P_A__T_B	PT:yjaB--pdxK	161	6396.0	0.40269179499689234	0.4716752021482288	0.5417174321406638	0.99906191369606	True
2785565	907	2890	yjaB	trpE	PT	0.5354443547880436	0.3193630163591548	324.3333333333333	322983.8333333333	NA	6	0	1	1	94	2	94	1.0	1.0	0.5153361345577364	True	True	False	False	P↔T	P_A__T_B	PT:yjaB--trpE	175	2542.0	0.4065702476086075	0.4697852628526343	0.5153361345577364	1.0	True
2785566	907	2891	yjaB	paaI	PT	0.5587865382750515	0.3505811320001675	403.2	402330.8	NA	5	0	7	1	96	2	96	1.0	1.0	0.5394432147054717	True	True	False	False	P↔T	P_A__T_B	PT:yjaB--paaI	182	976.0	0.4054434142529123	0.4818033888696771	0.5394432147054717	1.0	True
2785596	907	2921	yjaB	adhB	PT	0.5623697513083816	0.35082895158400407	38.5	43791.5	NA	6	0	13	1	94	2	94	1.0	1.0	0.5482571540436983	True	False	False	False	P↔T	P_A__T_B	PT:yjaB--adhB	106	2757.0	0.3994935589995757	0.4743150337426852	0.5482571540436983	0.9992745738121146	True
2785602	907	2927	yjaB	ybbH	PT	0.5976927481725689	0.38384973609343687	220.28571428571428	219384.2857142857	NA	7	0	13	1	84	2	84	1.0	1.0	0.5340649006682804	True	True	False	False	P↔T	P_A__T_B	PT:yjaB--ybbH	162	6229.0	0.3950004171278652	0.4754701501436089	0.5340649006682804	1.0	True
2785625	907	2950	yjaB	gyrB	PT	0.5470593134615663	0.33092121896073	218.28571428571428	211296.14285714287	NA	7	0	1	1	95	2	95	1.0	1.0	0.5340649006682804	True	True	False	False	P↔T	P_A__T_B	PT:yjaB--gyrB	162	6229.0	0.3950004171278652	0.4754701501436089	0.5340649006682804	0.9996789211751484	True
2785645	907	2970	yjaB	group_4364	PT	0.5647664601800998	0.35531156554282717	132.2	129893.0	NA	5	0	16	1	94	2	94	1.0	1.0	0.5407323985278885	True	True	False	False	P↔T	P_A__T_B	PT:yjaB--group_4364	146	7243.0	0.3985379884054626	0.4711160910096245	0.5407323985278885	0.999723871324037	True
2785662	907	2987	yjaB	ppc	PT	0.538582313187081	0.34424186584014577	97.46153846153847	96601.46153846153	NA	13	0	6	1	92	2	92	1.0	1.0	0.5332549544674678	True	False	False	False	P↔T	P_A__T_B	PT:yjaB--ppc	136	6656.0	0.3897076226241678	0.46531264758115304	0.5332549544674678	0.9992487980769231	True
2785669	907	2994	yjaB	aroB	PT	0.5328695254721424	0.33134221012789605	113.55932203389831	112235.98305084746	NA	118	0	17	1	82	2	82	1.0	1.0	0.5316533189375846	True	True	False	False	P↔T	P_A__T_B	PT:yjaB--aroB	141	7395.0	0.3871496933098411	0.47030095213421264	0.5316533189375846	0.9994590939824205	True
2785684	907	3009	yjaB	rsgA	PT	0.5298929266675061	0.407513519547004	109.5	107407.83333333333	NA	6	0	2	1	93	2	93	1.0	1.0	0.5223882377413513	True	True	False	False	P↔T	P_A__T_B	PT:yjaB--rsgA	140	7343.0	0.3911716732582963	0.4619817890418844	0.5223882377413513	0.9995914476372055	True
2785699	907	3024	yjaB	prfB	PT	0.5461716736843787	0.3824498224882442	158.85714285714286	154869.14285714287	NA	7	0	8	2	159	2	94	0.591195	1.9356098	0.5235805508804294	True	True	True	True	P↔T	P_A__T_B	PT:yjaB--prfB	152	7432.0	0.3944546112106894	0.4644477840770286	0.5235805508804294	0.9994617868675996	True
2785704	907	3029	yjaB	pyrF	PT	0.5695348725547044	0.3715752772780929	90.27272727272727	90681.81818181818	NA	11	0	11	1	96	2	96	1.0	1.0	0.564582124532507	True	False	False	False	P↔T	P_A__T_B	PT:yjaB--pyrF	133	6659.0	0.40182647670351873	0.4756947570561305	0.564582124532507	0.9995494819041898	True
2785751	907	3076	yjaB	msrC	PT	0.5585941657703387	0.4562578988981674	65.33333333333333	70663.33333333333	NA	6	0	1	1	96	2	96	1.0	1.0	0.5419086625855352	True	False	False	False	P↔T	P_A__T_B	PT:yjaB--msrC	123	4978.0	0.382490989074315	0.45658720363545896	0.5419086625855352	0.9995982322217758	True
2785769	907	3094	yjaB	pncB2	PT	0.5711486782672339	0.3616083880532472	154.46315789473684	151089.38947368422	NA	95	0	2	1	83	2	83	1.0	1.0	0.5418130524014179	True	True	False	False	P↔T	P_A__T_B	PT:yjaB--pncB2	151	7301.0	0.3921240553854216	0.4786156708682058	0.5418130524014179	0.99958909738392	True
2785805	907	3130	yjaB	coaA	PT	0.55379344313189	0.34489485857771846	189.0	188170.75	NA	8	0	6	1	93	2	93	1.0	1.0	0.5463577586943603	True	True	False	False	P↔T	P_A__T_B	PT:yjaB--coaA	157	7369.0	0.39746671270646744	0.47722938257552205	0.5463577586943603	0.9993214818835663	True
2785831	907	3156	yjaB	pphA	PT	0.5529363995499258	0.3630258029460637	31.401459854014597	30316.503649635037	NA	274	0	0	1	93	2	93	1.0	1.0	0.551914922374759	True	False	False	False	P↔T	P_A__T_B	PT:yjaB--pphA	99	2078.0	0.3879656482629737	0.4720397097033908	0.551914922374759	0.9990375360923965	True
2785854	907	3179	yjaB	aguA	PT	0.5733652635832789	0.3423162357891491	89.25	85910.625	NA	8	0	3	1	94	2	94	1.0	1.0	0.564582124532507	True	False	False	False	P↔T	P_A__T_B	PT:yjaB--aguA	133	6659.0	0.40182647670351873	0.4756947570561305	0.564582124532507	0.9996996546027932	True
2785878	907	3203	yjaB	gapN	PT	0.5645333740733123	0.3664096897940116	120.5	127179.3	NA	10	0	1	1	93	2	93	1.0	1.0	0.5308723356946042	True	True	False	False	P↔T	P_A__T_B	PT:yjaB--gapN	143	7375.0	0.3892867715236539	0.465944154279683	0.5308723356946042	0.999864406779661	True
2785944	907	3269	yjaB	eno	PT	0.5656859764794674	0.35736996503164725	118.9	125257.4	NA	10	0	17	1	93	2	93	1.0	1.0	0.5405748341731146	True	True	False	False	P↔T	P_A__T_B	PT:yjaB--eno	142	7405.0	0.3975290926622001	0.4820870544336064	0.5405748341731146	1.0	True
2785955	907	3280	yjaB	queA	PT	0.5432028227922028	0.34031312425437993	149.90350877192984	146428.9298245614	NA	114	0	6	1	92	2	92	1.0	1.0	0.5237519847899347	True	True	False	False	P↔T	P_A__T_B	PT:yjaB--queA	150	7437.0	0.3911741891394638	0.4657936908457945	0.5237519847899347	0.99946214871588	True
2785966	907	3291	yjaB	tcyN	PT	0.5698026314634661	0.4315478298187882	182.125	178668.21875	NA	32	0	3	1	92	2	92	1.0	1.0	0.5287792974125534	True	True	False	False	P↔T	P_A__T_B	PT:yjaB--tcyN	156	7473.0	0.3899028010488324	0.473850126100351	0.5287792974125534	0.9998661849324234	True
2786033	907	3358	yjaB	livF	PT	0.5760705201854748	0.36003832840675687	146.0	141413.33333333334	NA	6	0	11	1	94	2	94	1.0	1.0	0.5319567578769561	True	True	False	False	P↔T	P_A__T_B	PT:yjaB--livF	149	7270.0	0.39273772892798514	0.47759800837721783	0.5319567578769561	0.9998624484181569	True
2786096	907	3421	yjaB	aroF	PT	0.546411981225194	0.3429527435743394	221.66666666666666	221283.77777777778	NA	9	0	17	1	87	2	87	1.0	1.0	0.5413836004686878	True	True	False	False	P↔T	P_A__T_B	PT:yjaB--aroF	163	5948.0	0.39222965366257195	0.46771821073727887	0.5413836004686878	0.9998318762609281	True
2786129	907	3454	yjaB	tmpC	PT	0.5464965956109082	0.34273928149786625	184.75	184709.625	NA	8	0	4	1	88	2	88	1.0	1.0	0.5463577586943603	True	True	False	False	P↔T	P_A__T_B	PT:yjaB--tmpC	157	7369.0	0.39746671270646744	0.47722938257552205	0.5463577586943603	0.9990500746369928	True
2786156	907	3481	yjaB	copY	PT	0.5766486904817241	0.3983439992720175	93.25	92105.5	NA	12	0	0	1	95	2	95	1.0	1.0	0.5374523103890211	True	False	False	False	P↔T	P_A__T_B	PT:yjaB--copY	134	6692.0	0.3931057832206375	0.46700143775233893	0.5374523103890211	1.0	True
2786178	907	3503	yjaB	glyS	PT	0.5704882467862759	0.3377559578671145	194.40506329113924	187545.41772151898	NA	79	0	7	1	96	2	96	1.0	1.0	0.5413618801996942	True	True	False	False	P↔T	P_A__T_B	PT:yjaB--glyS	158	7119.0	0.40751075935490166	0.4786089151492017	0.5413618801996942	0.9992976541649108	True
2786191	907	3516	yjaB	lysA	PT	0.5558787011011701	0.3357234781684	103.5	101515.83333333333	NA	6	0	18	1	93	2	93	1.0	1.0	0.5315847205535043	True	True	False	False	P↔T	P_A__T_B	PT:yjaB--lysA	138	7091.0	0.3981037355735937	0.4751136246144751	0.5315847205535043	0.9997179523339444	True
2801874	914	922	group_2556	cpsB	PT	0.5209786798081777	0.6270566381601742	124.05263157894737	136055.68421052632	0.035142448	19	0	1	1	31	2	31	1.0	1.0	0.5201689320844887	True	True	False	False	P↔T	P_A__T_B	PT:group_2556--cpsB	144	7342.0	0.38556350821089364	0.468443024335511	0.5201689320844887	0.9990465813129937	True
2801950	914	998	group_2556	clpC_1	PT	0.5409091930050876	0.724868895740143	134.44444444444446	148371.55555555556	0.039348025	18	0	1	1	18	2	18	1.0	1.0	0.5407323985278885	True	True	False	False	P↔T	P_A__T_B	PT:group_2556--clpC_1	146	7243.0	0.3985379884054626	0.4711160910096245	0.5407323985278885	0.9990335496341295	True
2802210	914	1258	group_2556	group_1130	PT	0.6179271255663197	0.652523040540498	306.84615384615387	315278.46153846156	0.108859494	13	1	3	8	21	6	5	0.23809524	5.5822783	0.546391606804913	True	True	True	True	P↔T	P_A__T_B	PT:group_2556--group_1130	173	3102.0	0.4202058119151096	0.4872892599227348	0.546391606804913	1.0	True
2804235	914	3283	group_2556	tgt	PT	0.5179454192691122	0.31935342284934787	69.85714285714286	69506.0	NA	7	0	12	1	92	2	92	1.0	1.0	0.5172512907224396	True	False	False	False	P↔T	P_A__T_B	PT:group_2556--tgt	125	5568.0	0.3883907052071812	0.46707213279046095	0.5172512907224396	0.9992816091954023	True
2804454	914	3502	group_2556	gloA	PT	0.5586080203197179	0.55646980820364	82.6	83502.8	NA	5	0	3	1	92	2	92	1.0	1.0	0.5436930217953997	True	False	False	False	P↔T	P_A__T_B	PT:group_2556--gloA	130	6352.0	0.39038407403218095	0.4658716669128971	0.5436930217953997	0.9993702770780857	True
2811586	917	2816	mutX_1	prmA	PT	0.5276189584896719	0.33286637680180997	282.85714285714283	283082.85714285716	NA	7	0	19	1	93	2	93	1.0	1.0	0.517793164531963	True	True	False	False	P↔T	P_A__T_B	PT:mutX_1--prmA	171	3852.0	0.41346459786437395	0.4738879625483933	0.517793164531963	0.9994807892004154	True
2811603	917	2833	mutX_1	thiN	PT	0.5639886988379416	0.3638144739859172	107.16666666666667	105760.33333333333	NA	6	0	7	1	94	2	94	1.0	1.0	0.5583716907218641	True	True	False	False	P↔T	P_A__T_B	PT:mutX_1--thiN	139	7470.0	0.4039879220229497	0.47413304049816535	0.5583716907218641	0.999330655957162	True
2811616	917	2846	mutX_1	rsuA_2	PT	0.5656299624275263	0.3397588224765863	84.66666666666667	86108.0	NA	15	0	10	1	93	2	93	1.0	1.0	0.540503408813588	True	False	False	False	P↔T	P_A__T_B	PT:mutX_1--rsuA_2	131	6501.0	0.3924490755407562	0.47086457521154296	0.540503408813588	0.9998461775111521	True
2811619	917	2849	mutX_1	yheH	PT	0.5529071613307054	0.3448678565358175	332.0	335386.0	NA	5	0	19	1	87	2	87	1.0	1.0	0.5460806404260556	True	True	False	False	P↔T	P_A__T_B	PT:mutX_1--yheH	176	2453.0	0.4306587226759392	0.47528611287123	0.5460806404260556	0.9991846718304117	True
2811661	917	2891	mutX_1	paaI	PT	0.5640989712088018	0.35297757405485375	373.8333333333333	374045.0	NA	6	0	7	1	96	2	96	1.0	1.0	0.5492786742546253	True	True	False	False	P↔T	P_A__T_B	PT:mutX_1--paaI	180	1473.0	0.4253227715255289	0.5093176264078622	0.5492786742546253	1.0	True
2811691	917	2921	mutX_1	adhB	PT	0.5537905137428452	0.3444022956274726	42.8	47894.6	NA	5	0	13	1	94	2	94	1.0	1.0	0.5528344494488142	True	False	False	False	P↔T	P_A__T_B	PT:mutX_1--adhB	109	2993.0	0.3924968621525473	0.474136443968867	0.5528344494488142	0.9993317741396592	True
2811720	917	2950	mutX_1	gyrB	PT	0.5461727289163152	0.32953373331604174	170.71428571428572	166400.14285714287	NA	7	0	1	1	95	2	95	1.0	1.0	0.546038452356308	True	True	False	False	P↔T	P_A__T_B	PT:mutX_1--gyrB	154	7155.0	0.4005528880979349	0.47750188380058434	0.546038452356308	0.9990216631726065	True
2811747	917	2977	mutX_1	tehB	PT	0.5440050090363543	0.35950539820904825	155.83333333333334	149769.16666666666	NA	6	0	16	1	93	2	93	1.0	1.0	0.5418130524014179	True	True	False	False	P↔T	P_A__T_B	PT:mutX_1--tehB	151	7301.0	0.3921240553854216	0.4786156708682058	0.5418130524014179	0.9990412272291467	True
2811755	917	2985	mutX_1	lacC_1	PT	0.5473387591056394	0.3379776070107533	42.11333333333334	37739.206666666665	NA	150	0	5	1	90	2	90	1.0	1.0	0.5473099190367574	True	False	False	False	P↔T	P_A__T_B	PT:mutX_1--lacC_1	108	2991.0	0.3928778131476145	0.46842626819474903	0.5473099190367574	0.9993313273152792	True
2811757	917	2987	mutX_1	ppc	PT	0.5380726765672762	0.3429833529714655	96.61538461538461	95358.53846153847	NA	13	0	6	1	92	2	92	1.0	1.0	0.5218253288057985	True	False	False	False	P↔T	P_A__T_B	PT:mutX_1--ppc	135	6783.0	0.388454014142084	0.46630628045981626	0.5218253288057985	0.9992628630399528	True
2811786	917	3016	mutX_1	agaS	PT	0.5289152216644104	0.3509854077113526	125.0	119614.8	NA	5	0	1	1	91	2	91	1.0	1.0	0.5201689320844887	True	True	False	False	P↔T	P_A__T_B	PT:mutX_1--agaS	144	7342.0	0.38556350821089364	0.468443024335511	0.5201689320844887	0.9997275946608554	True
2811799	917	3029	mutX_1	pyrF	PT	0.570487930261031	0.37117295109360443	91.76923076923077	92236.07692307692	NA	13	0	11	1	96	2	96	1.0	1.0	0.5374523103890211	True	False	False	False	P↔T	P_A__T_B	PT:mutX_1--pyrF	134	6692.0	0.3931057832206375	0.46700143775233893	0.5374523103890211	0.9998505678421996	True
2811846	917	3076	mutX_1	msrC	PT	0.5660528378234387	0.46076136185366007	65.33333333333333	70795.5	NA	6	0	1	1	96	2	96	1.0	1.0	0.5419086625855352	True	False	False	False	P↔T	P_A__T_B	PT:mutX_1--msrC	123	4978.0	0.382490989074315	0.45658720363545896	0.5419086625855352	0.9997991161108879	True
2811864	917	3094	mutX_1	pncB2	PT	0.5696660103355811	0.3597648403077125	154.55102040816325	151237.47959183675	NA	98	0	2	1	83	2	83	1.0	1.0	0.5418130524014179	True	True	False	False	P↔T	P_A__T_B	PT:mutX_1--pncB2	151	7301.0	0.3921240553854216	0.4786156708682058	0.5418130524014179	0.9994521298452267	True
2811881	917	3111	mutX_1	rluB	PT	0.5411776428029543	0.38844130670711	387.6666666666667	387402.1666666667	NA	6	0	5	1	92	2	92	1.0	1.0	0.5308975649222357	True	True	False	False	P↔T	P_A__T_B	PT:mutX_1--rluB	181	1218.0	0.40575704862652495	0.46238348092565246	0.5308975649222357	1.0	True
2811900	917	3130	mutX_1	coaA	PT	0.5511498737103575	0.34234679955588615	175.14285714285714	175464.85714285713	NA	7	0	6	1	93	2	93	1.0	1.0	0.5276160322713785	True	True	False	False	P↔T	P_A__T_B	PT:mutX_1--coaA	155	7412.0	0.38892000468947596	0.4653771741862497	0.5276160322713785	1.0	True
2811936	917	3166	mutX_1	cobQ	PT	0.5464862761148744	0.3815501902490509	299.7916666666667	288321.8333333333	NA	24	0	4	1	91	2	91	1.0	1.0	0.546391606804913	True	True	False	False	P↔T	P_A__T_B	PT:mutX_1--cobQ	173	3102.0	0.4202058119151096	0.4872892599227348	0.546391606804913	0.9990328820116054	True
2811949	917	3179	mutX_1	aguA	PT	0.5655398736007912	0.3366486474515719	89.5	85975.875	NA	8	0	3	1	94	2	94	1.0	1.0	0.564582124532507	True	False	False	False	P↔T	P_A__T_B	PT:mutX_1--aguA	133	6659.0	0.40182647670351873	0.4756947570561305	0.564582124532507	0.999249136506983	True
2812039	917	3269	mutX_1	eno	PT	0.5563904214692919	0.35056922750615316	118.5	124424.6	NA	10	0	17	1	93	2	93	1.0	1.0	0.5405748341731146	True	True	False	False	P↔T	P_A__T_B	PT:mutX_1--eno	142	7405.0	0.3975290926622001	0.4820870544336064	0.5405748341731146	0.999594868332208	True
2812050	917	3280	mutX_1	queA	PT	0.5432556270434995	0.3394468406282182	150.45299145299145	146992.63247863247	NA	117	0	6	1	92	2	92	1.0	1.0	0.5237519847899347	True	True	False	False	P↔T	P_A__T_B	PT:mutX_1--queA	150	7437.0	0.3911741891394638	0.4657936908457945	0.5237519847899347	0.99959661153691	True
2812061	917	3291	mutX_1	tcyN	PT	0.5679735410043825	0.43051128178326986	182.76470588235293	179167.79411764705	NA	34	0	3	1	92	2	92	1.0	1.0	0.5287792974125534	True	True	False	False	P↔T	P_A__T_B	PT:mutX_1--tcyN	156	7473.0	0.3899028010488324	0.473850126100351	0.5287792974125534	0.9997323698648468	True
2812128	917	3358	mutX_1	livF	PT	0.5521001960098457	0.34429578738024486	144.125	139157.75	NA	8	0	11	1	94	2	94	1.0	1.0	0.5319567578769561	True	True	False	False	P↔T	P_A__T_B	PT:mutX_1--livF	149	7270.0	0.39273772892798514	0.47759800837721783	0.5319567578769561	0.9993122420907841	True
2812162	917	3392	mutX_1	priA	PT	0.5406193630521047	0.33438612999322154	234.125	233810.5	NA	8	0	19	1	90	2	90	1.0	1.0	0.5397237085463444	True	True	False	False	P↔T	P_A__T_B	PT:mutX_1--priA	164	5481.0	0.3984892490229369	0.478419404054818	0.5397237085463444	0.9990877577084474	True
2812191	917	3421	mutX_1	aroF	PT	0.5517736391850528	0.34540113846994297	228.44444444444446	228627.33333333334	NA	9	0	17	1	87	2	87	1.0	1.0	0.5397237085463444	True	True	False	False	P↔T	P_A__T_B	PT:mutX_1--aroF	164	5481.0	0.3984892490229369	0.478419404054818	0.5397237085463444	0.9994526546250684	True
2812251	917	3481	mutX_1	copY	PT	0.5375828416285827	0.37027591104293955	92.0	90470.08333333333	NA	12	0	0	1	95	2	95	1.0	1.0	0.5374523103890211	True	False	False	False	P↔T	P_A__T_B	PT:mutX_1--copY	134	6692.0	0.3931057832206375	0.46700143775233893	0.5374523103890211	0.9991034070531979	True
2830832	925	1258	group_1257	group_1130	PT	0.6179271255663197	0.652523040540498	52.609375	48085.09375	0.11433704	64	1	3	8	21	6	5	0.23809524	5.5822783	0.5365873491015215	True	False	True	False	P↔T	P_A__T_B	PT:group_1257--group_1130	116	4019.0	0.3935017213817203	0.47119233265120897	0.5365873491015215	1.0	True
2832453	925	2879	group_1257	murD	PT	0.545639427613712	0.33173929234985405	463.6	472619.8	NA	15	0	18	2	103	2	93	0.9029126	1.2125957	0.5430097944858625	True	True	True	True	P↔T	P_A__T_B	PT:group_1257--murD	187	433.0	0.43143039129791066	0.517223288424442	0.5430097944858625	1.0	True
2843802	930	1258	group_3294	group_1130	PT	0.6179271255663197	0.652523040540498	50.63076923076923	46015.692307692305	0.1134205	65	1	3	8	21	6	5	0.23809524	5.5822783	0.5209179732180087	True	False	True	False	P↔T	P_A__T_B	PT:group_3294--group_1130	114	3539.0	0.40568895067865635	0.48551233795517507	0.5209179732180087	1.0	True
2853333	933	3019	panM	lcnD_1	PT	0.5505874514841735	0.34829157874141	219.66666666666666	236988.88888888888	NA	18	0	15	1	63	3	63	1.0	1.0	0.5340649006682804	True	True	False	False	P↔T	P_A__T_B	PT:panM--lcnD_1	162	6229.0	0.3950004171278652	0.4754701501436089	0.5340649006682804	0.9998394605875742	True
2873277	941	2287	group_2386	group_4266	PT	0.6268694575724263	0.7395695833710967	128.58333333333334	117799.33333333333	1.6539729	12	1	2	3	8	2	4	0.5	2.4615386	0.5349641700005964	True	True	True	True	P↔T	P_A__T_B	PT:group_2386--group_4266	145	7304.0	0.3878549399318433	0.47243878077081425	0.5349641700005964	0.9998630887185104	True
2874448	941	3458	group_2386	secA	PT	0.5370130186449554	0.3558497993945651	173.3181818181818	177219.27272727274	NA	22	0	3	1	62	3	62	1.0	1.0	0.5276160322713785	True	True	False	False	P↔T	P_A__T_B	PT:group_2386--secA	155	7412.0	0.38892000468947596	0.4653771741862497	0.5276160322713785	0.999190501888829	True
2874506	941	3516	group_2386	lysA	PT	0.5410691735396164	0.32479921406865264	118.33333333333333	108671.0	NA	21	0	15	1	62	3	62	1.0	1.0	0.5405748341731146	True	True	False	False	P↔T	P_A__T_B	PT:group_2386--lysA	142	7405.0	0.3975290926622001	0.4820870544336064	0.5405748341731146	0.9990546927751519	True
2884507	945	3203	group_5402	gapN	PT	0.515369220833178	0.33220529552360273	34.3421052631579	33423.02631578947	NA	76	0	12	10	82	9	57	0.69512194	2.0023823	0.5133943953971432	True	False	True	False	P↔T	P_A__T_B	PT:group_5402--gapN	102	2295.0	0.38638107803181254	0.46916105393483	0.5133943953971432	0.9991285403050109	True
2885525	946	1645	wfgD	group_1202	PT	0.13154874606669498	0.22091706011351256	1.15	433.01666666666665	0.17543253	60	1	0	1	5	3	5	1.0	1.0	0.131286865391362	True	False	False	False	P↔T	P_A__T_B	PT:wfgD--group_1202	9	10.0	0.11845471230004721	0.12892993931336544	0.131286865391362	1.0	True
2885991	946	2111	wfgD	group_2974	PT	0.5510799280869729	0.6770445403385985	63.214285714285715	59620.5	0.7448856	14	1	1	1	6	4	6	1.0	1.0	0.550889336219568	True	False	False	False	P↔T	P_A__T_B	PT:wfgD--group_2974	122	4837.0	0.38707974416941443	0.471049888572778	0.550889336219568	0.9991730411412032	True
2886167	946	2287	wfgD	group_4266	PT	0.6268694575724263	0.7395695833710967	139.9090909090909	126733.36363636363	1.9719115	11	1	2	3	8	2	4	0.5	2.4615386	0.5278959988823944	True	True	True	True	P↔T	P_A__T_B	PT:wfgD--group_4266	148	7014.0	0.3872508087143199	0.4707294104569887	0.5278959988823944	1.0	True
2891140	948	2111	group_2411	group_2974	PT	0.5510799280869729	0.6770445403385985	507.22222222222223	523751.44444444444	0.18399262	9	0	1	1	6	4	6	1.0	1.0	0.5229978987164968	True	True	False	False	P↔T	P_A__T_B	PT:group_2411--group_2974	190	339.0	0.33457695589480463	0.420921802118413	0.5229978987164968	1.0	True
2925718	961	3318	group_1285	glyQ	PT	0.545950883780096	0.32857319059479895	219.77777777777777	217944.88888888888	NA	18	0	10	1	96	2	96	1.0	1.0	0.5340649006682804	True	True	False	False	P↔T	P_A__T_B	PT:group_1285--glyQ	162	6229.0	0.3950004171278652	0.4754701501436089	0.5340649006682804	0.9995183817627228	True
2927936	962	2976	group_1032	rnr	PT	0.5188495760299513	0.30287721925142047	58.25	50837.0	NA	8	0	10	1	33	3	33	1.0	1.0	0.5155435380482906	True	False	False	False	P↔T	P_A__T_B	PT:group_1032--rnr	119	4330.0	0.38644009493561604	0.46279938593492076	0.5155435380482906	0.9993071593533487	True
2934745	965	2111	group_3319	group_2974	PT	0.4361752259116707	0.5120364690763364	557.125	571831.125	0.2849386	8	0	1	1	6	4	6	1.0	1.0	0.4229385706992559	True	True	False	False	P↔T	P_A__T_B	PT:group_3319--group_2974	193	121.0	0.27869213185946706	0.32298094441008013	0.4229385706992559	1.0	True
2941557	968	1258	group_1576	group_1130	PT	0.6179271255663197	0.652523040540498	51.58730158730159	47073.87301587302	0.11002264	63	1	3	8	21	6	5	0.23809524	5.5822783	0.556400644858081	True	False	True	False	P↔T	P_A__T_B	PT:group_1576--group_1130	115	3718.0	0.38763061719954967	0.46749424021363706	0.556400644858081	0.99919311457773	True
2974659	981	1249	group_1683	group_4408	PT	0.6217438715271475	0.7798384882039796	51.0	55441.857142857145	0.12255154	7	1	2	7	30	9	10	0.33333334	4.245283	0.556400644858081	True	False	True	False	P↔T	P_A__T_B	PT:group_1683--group_4408	115	3718.0	0.38763061719954967	0.46749424021363706	0.556400644858081	0.9994620763851533	True
2990746	987	2111	lysS	group_2974	PT	0.467373762943983	0.5598054910934565	517.1111111111111	533749.7777777778	0.18740271	9	0	1	1	6	4	6	1.0	1.0	0.4552624750290504	True	True	False	False	P↔T	P_A__T_B	PT:lysS--group_2974	191	282.0	0.34202096498148105	0.36045492671881024	0.45526247502905043	1.0	True
3044818	1008	3179	uvrB_2	aguA	PT	0.5307193636426789	0.311403825778422	88.0	92799.0	NA	5	0	3	1	93	2	93	1.0	1.0	0.5263596452234075	True	False	False	False	P↔T	P_A__T_B	PT:uvrB_2--aguA	132	6543.0	0.3901641365913845	0.46716785150514184	0.5263596452234075	0.9992358245453156	True
3044957	1008	3318	uvrB_2	glyQ	PT	0.5228380640041107	0.31224274727570367	95.2	90876.6	NA	5	0	10	1	94	2	94	1.0	1.0	0.5218253288057985	True	False	False	False	P↔T	P_A__T_B	PT:uvrB_2--glyQ	135	6783.0	0.388454014142084	0.46630628045981626	0.5218253288057985	0.9991154356479434	True
3045142	1008	3503	uvrB_2	glyS	PT	0.5601151871771948	0.32607546539360166	95.0	89969.8	NA	5	0	7	1	94	2	94	1.0	1.0	0.5218253288057985	True	False	False	False	P↔T	P_A__T_B	PT:uvrB_2--glyS	135	6783.0	0.388454014142084	0.46630628045981626	0.5218253288057985	0.9997051452159811	True
3046993	1009	2841	ptsG_1	tabA_1	PT	0.6014375724930503	0.718093232647139	11.90625	11411.625	NA	32	0	0	1	39	8	39	1.0	1.0	0.5807666281605367	True	False	False	False	P↔T	P_A__T_B	PT:ptsG_1--tabA_1	69	733.0	0.4471104441755291	0.54878655557359	0.5807666281605367	1.0	True
3067511	1017	3291	ndvA	tcyN	PT	0.5947449629643764	0.44450817230204703	26.25263157894737	23666.547368421052	NA	95	0	3	1	92	2	92	1.0	1.0	0.585819008271558	True	False	False	False	P↔T	P_A__T_B	PT:ndvA--tcyN	93	1609.0	0.4099408745652194	0.48106746751050483	0.585819008271558	0.9993784959602238	True
3070271	1019	1044	glf_1	group_2099	PT	0.23929547947797059	0.31671481439406857	2.051282051282051	1136.2393162393162	0.109863915	117	1	0	1	6	2	6	1.0	1.0	0.2383719193590398	True	False	False	False	P↔T	P_A__T_B	PT:glf_1--group_2099	21	16.0	0.1931174735314356	0.23005987828866356	0.23837191935903984	1.0	True
3121912	1039	2835	group_2751	rnhC	PT	0.5758066594979727	0.34022558678713216	231.3	231094.76666666666	NA	30	0	6	1	94	2	94	1.0	1.0	0.5397237085463444	True	True	False	False	P↔T	P_A__T_B	PT:group_2751--rnhC	164	5481.0	0.3984892490229369	0.478419404054818	0.5397237085463444	1.0	True
3121920	1039	2843	group_2751	arnB	PT	0.5431724872728726	0.3137607362596875	226.375	224087.875	NA	8	0	0	1	88	2	88	1.0	1.0	0.5413836004686878	True	True	False	False	P↔T	P_A__T_B	PT:group_2751--arnB	163	5948.0	0.39222965366257195	0.46771821073727887	0.5413836004686878	0.9993275050437121	True
3121967	1039	2890	group_2751	trpE	PT	0.5542605712887104	0.3243733099478584	212.5	209470.5	NA	8	0	1	1	94	2	94	1.0	1.0	0.5417174321406638	True	True	False	False	P↔T	P_A__T_B	PT:group_2751--trpE	161	6396.0	0.40269179499689234	0.4716752021482288	0.5417174321406638	0.9993746091307066	True
3121978	1039	2901	group_2751	sorB	PT	0.5453052179711018	0.5076960786197134	161.59574468085106	153231.5744680851	NA	47	1	1	14	68	13	34	0.5	3.4977307	0.5235805508804294	True	True	True	True	P↔T	P_A__T_B	PT:group_2751--sorB	152	7432.0	0.3944546112106894	0.4644477840770286	0.5235805508804294	0.9993272335844995	True
3121998	1039	2921	group_2751	adhB	PT	0.5514052949971389	0.3370009861227859	160.57142857142858	158258.14285714287	NA	7	0	13	1	94	2	94	1.0	1.0	0.5235805508804294	True	True	False	False	P↔T	P_A__T_B	PT:group_2751--adhB	152	7432.0	0.3944546112106894	0.4644477840770286	0.5235805508804294	0.9995963401506996	True
3122088	1039	3011	group_2751	nrdG	PT	0.5793437828982153	0.3621658215108922	62.73626373626374	58821.296703296706	NA	182	0	16	1	95	2	95	1.0	1.0	0.5589392240968617	True	False	False	False	P↔T	P_A__T_B	PT:group_2751--nrdG	121	4659.0	0.3838960471343984	0.4717168880744048	0.5589392240968617	0.9993560849967804	True
3122096	1039	3019	group_2751	lcnD_1	PT	0.5606909208522373	0.3513448155695749	273.1875	276885.375	NA	16	0	2	2	97	2	96	0.9896907	1.0208311	0.5572412141756375	True	True	True	True	P↔T	P_A__T_B	PT:group_2751--lcnD_1	170	4350.0	0.41698755685469835	0.48456443129473364	0.5572412141756375	0.999080459770115	True
3122109	1039	3032	group_2751	pnp	PT	0.5580375648998278	0.3589480328373488	332.3125	336128.1875	NA	16	0	9	3	96	2	87	0.90625	1.2072308	0.5460806404260556	True	True	True	True	P↔T	P_A__T_B	PT:group_2751--pnp	176	2453.0	0.4306587226759392	0.47528611287123	0.5460806404260556	0.9995923359152059	True
3122171	1039	3094	group_2751	pncB2	PT	0.5857752298270579	0.3643714169802078	70.4	64846.7	NA	10	0	2	1	83	2	83	1.0	1.0	0.5172512907224396	True	False	False	False	P↔T	P_A__T_B	PT:group_2751--pncB2	125	5568.0	0.3883907052071812	0.46707213279046095	0.5172512907224396	1.0	True
3122267	1039	3190	group_2751	marR	PT	0.5607787880450472	0.5870002060827939	244.875	246456.0	NA	24	0	3	1	95	2	95	1.0	1.0	0.5193783119600369	True	True	False	False	P↔T	P_A__T_B	PT:group_2751--marR	166	5137.0	0.3932103505718579	0.46372119274965456	0.5193783119600369	0.9998053338524431	True
3122357	1039	3280	group_2751	queA	PT	0.5440872707915474	0.3341166066640327	72.4	67256.5	NA	10	0	6	1	92	2	92	1.0	1.0	0.5379590282641318	True	False	False	False	P↔T	P_A__T_B	PT:group_2751--queA	126	5684.0	0.3941755451327071	0.47386683173774385	0.5379590282641318	0.9992962702322308	True
3122367	1039	3290	group_2751	fabH	PT	0.5519530527080369	0.3670345222775756	241.23333333333332	241526.7	NA	30	0	8	1	95	2	95	1.0	1.0	0.531299325178733	True	True	False	False	P↔T	P_A__T_B	PT:group_2751--fabH	165	5181.0	0.4055404470708287	0.47828381926891644	0.531299325178733	0.9994209612044007	True
3122580	1039	3503	group_2751	glyS	PT	0.5811107840663757	0.3375990593387571	95.16666666666667	88343.33333333333	NA	6	0	7	1	96	2	96	1.0	1.0	0.5218253288057985	True	False	False	False	P↔T	P_A__T_B	PT:group_2751--glyS	135	6783.0	0.388454014142084	0.46630628045981626	0.5218253288057985	1.0	True
3122599	1039	3522	group_2751	sulA	PT	0.5369156609258596	0.3234355829348344	141.48245614035088	131411.4649122807	NA	114	0	21	1	87	2	87	1.0	1.0	0.5278959988823944	True	True	False	False	P↔T	P_A__T_B	PT:group_2751--sulA	148	7014.0	0.3872508087143199	0.4707294104569887	0.5278959988823944	0.9995722840034217	True
3140193	1047	1288	tcyB	group_1904	PT	0.034803936925088444	0.0759268545848384	1.2325581395348837	296.49612403100775	0.04521021	129	1	0	1	7	13	7	1.0	1.0	0.0347484267849828	True	False	False	False	P↔T	P_A__T_B	PT:tcyB--group_1904	11	3.0	0.03202842991980963	0.03424883552403268	0.03474842678498287	1.0	True
3140267	1047	1362	tcyB	group_1898	PT	0.09247905323635691	0.13360307889705691	1.6851851851851851	788.675925925926	0.045170687	108	0	2	2	12	8	11	0.9166667	1.1803279	0.0924465057957439	True	False	True	False	P↔T	P_A__T_B	PT:tcyB--group_1898	17	3.0	0.09085168120571048	0.09215357883022762	0.09244650579574398	1.0	True
3146779	1049	2927	group_2818	ybbH	PT	0.53865058808316	0.3444415332144059	123.2	122169.8	NA	5	0	13	1	84	2	84	1.0	1.0	0.5308723356946042	True	True	False	False	P↔T	P_A__T_B	PT:group_2818--ybbH	143	7375.0	0.3892867715236539	0.465944154279683	0.5308723356946042	0.999457627118644	True
3146802	1049	2950	group_2818	gyrB	PT	0.5362419202878145	0.31788568301180264	110.66666666666667	107115.83333333333	NA	6	0	1	1	95	2	95	1.0	1.0	0.5223882377413513	True	True	False	False	P↔T	P_A__T_B	PT:group_2818--gyrB	140	7343.0	0.3911716732582963	0.4619817890418844	0.5223882377413513	0.9998638158790685	True
3147273	1049	3421	group_2818	aroF	PT	0.5244820119683997	0.32243969940062345	127.0	128569.75	NA	8	0	17	1	87	2	87	1.0	1.0	0.5201689320844887	True	True	False	False	P↔T	P_A__T_B	PT:group_2818--aroF	144	7342.0	0.38556350821089364	0.468443024335511	0.5201689320844887	0.9993189866521384	True
3147353	1049	3501	group_2818	dapB	PT	0.5258380584438728	0.3108798116600785	112.66666666666667	112726.55555555556	NA	9	0	10	1	86	2	86	1.0	1.0	0.5223882377413513	True	True	False	False	P↔T	P_A__T_B	PT:group_2818--dapB	140	7343.0	0.3911716732582963	0.4619817890418844	0.5223882377413513	0.9993190793953425	True
3147354	1049	3502	group_2818	gloA	PT	0.5297990475332974	0.5245999085274251	68.0	70324.25	NA	8	0	3	1	95	2	95	1.0	1.0	0.5199679149065745	True	False	False	False	P↔T	P_A__T_B	PT:group_2818--gloA	124	5137.0	0.38627872699238475	0.45920364312922046	0.5199679149065745	0.9994160015573291	True
3147355	1049	3503	group_2818	glyS	PT	0.5533264000041686	0.3212527294883014	133.33333333333334	126765.88888888889	NA	9	0	7	1	96	2	96	1.0	1.0	0.5407323985278885	True	True	False	False	P↔T	P_A__T_B	PT:group_2818--glyS	146	7243.0	0.3985379884054626	0.4711160910096245	0.5407323985278885	0.999447742648074	True
3169014	1058	2950	group_3600	gyrB	PT	0.5594683685319805	0.3315351329771183	24.50413223140496	21952.611570247933	NA	121	0	7	2	61	3	60	0.9836066	1.0333241	0.5417970305154212	True	False	True	False	P↔T	P_A__T_B	PT:group_3600--gyrB	91	1482.0	0.4230034711094754	0.4900516000535971	0.5417970305154212	1.0	True
3169208	1058	3144	group_3600	pheS	PT	0.5275187317776148	0.3375684471569202	162.66666666666666	167889.83333333334	NA	6	1	10	5	103	2	94	0.9126214	1.1953803	0.5229541676739113	True	True	True	True	P↔T	P_A__T_B	PT:group_3600--pheS	153	7357.0	0.3875685866379974	0.461561628741317	0.5229541676739113	0.9995922250917494	True
3173830	1060	2841	group_1483	tabA_1	PT	0.649912047786039	0.7733834388108688	6.148936170212766	5287.829787234043	NA	47	1	0	1	40	8	40	1.0	1.0	0.6365872035734765	True	False	False	False	P↔T	P_A__T_B	PT:group_1483--tabA_1	49	91.0	0.39341941360300303	0.5166636056604194	0.6365872035734765	1.0	True
3176267	1061	2817	group_2421	uvrC	PT	0.6288095294560183	0.41482688769266673	11.193832599118943	11294.25550660793	NA	227	0	13	6	179	2	92	0.5139665	2.6136715	0.6103751515323252	True	False	True	False	P↔T	P_A__T_B	PT:group_2421--uvrC	67	547.0	0.45264593386652746	0.543048933269567	0.6103751515323252	1.0	True
3176398	1061	2948	group_2421	folD	PT	0.5434283552432793	0.35583989304957947	149.33333333333334	148247.0	NA	6	0	2	5	162	2	93	0.5740741	2.2146835	0.5237519847899347	True	True	True	True	P↔T	P_A__T_B	PT:group_2421--folD	150	7437.0	0.3911741891394638	0.4657936908457945	0.5237519847899347	0.9997310743579401	True
3176400	1061	2950	group_2421	gyrB	PT	0.519557930738113	0.30783702875563573	137.66666666666666	138357.8148148148	NA	27	0	1	1	94	2	94	1.0	1.0	0.5185137616003813	True	True	False	False	P↔T	P_A__T_B	PT:group_2421--gyrB	147	7193.0	0.3914997417947871	0.46727837387359594	0.5185137616003813	0.9991658556930348	True
3176741	1061	3291	group_2421	tcyN	PT	0.578871970183593	0.43488837320368373	144.0	143693.2	NA	5	1	7	1	44	8	44	1.0	1.0	0.5319567578769561	True	True	False	False	P↔T	P_A__T_B	PT:group_2421--tcyN	149	7270.0	0.39273772892798514	0.47759800837721783	0.5319567578769561	1.0	True
3178860	1062	2950	group_3737	gyrB	PT	0.5327848027565902	0.3156739238177794	126.66666666666667	130764.83333333333	NA	6	0	1	1	90	2	90	1.0	1.0	0.5201689320844887	True	True	False	False	P↔T	P_A__T_B	PT:group_3737--gyrB	144	7342.0	0.38556350821089364	0.468443024335511	0.5201689320844887	0.9998637973304276	True
3183655	1064	2828	pezA	ftsY	PT	0.5706133083573015	0.3477266300022876	100.3125	101244.0625	NA	16	0	5	1	95	2	95	1.0	1.0	0.5419450591393834	True	True	False	False	P↔T	P_A__T_B	PT:pezA--ftsY	137	6850.0	0.3930959098558664	0.4741026879635306	0.5419450591393834	0.9998540145985402	True
3183675	1064	2848	pezA	uvrB	PT	0.5447401095643591	0.3310725847669254	98.5625	98199.3125	NA	16	0	17	1	90	2	90	1.0	1.0	0.5332549544674678	True	False	False	False	P↔T	P_A__T_B	PT:pezA--uvrB	136	6656.0	0.3897076226241678	0.46531264758115304	0.5332549544674678	0.9995492788461539	True
3183698	1064	2871	pezA	mutM	PT	0.572015020070909	0.34452949325380844	73.4	74078.6	NA	15	0	8	1	94	2	94	1.0	1.0	0.5379590282641318	True	False	False	False	P↔T	P_A__T_B	PT:pezA--mutM	126	5684.0	0.3941755451327071	0.47386683173774385	0.5379590282641318	0.9998240675580577	True
3183733	1064	2906	pezA	cysS	PT	0.5612804033730839	0.3492730347345289	107.0	111272.83333333333	NA	6	0	13	4	104	2	93	0.8942308	1.2406515	0.5583716907218641	True	True	True	True	P↔T	P_A__T_B	PT:pezA--cysS	139	7470.0	0.4039879220229497	0.47413304049816535	0.5583716907218641	0.9990629183400268	True
3183777	1064	2950	pezA	gyrB	PT	0.5779238874906035	0.34239442826723426	39.8	38933.6	NA	5	0	1	1	95	2	95	1.0	1.0	0.5703654823328552	True	False	False	False	P↔T	P_A__T_B	PT:pezA--gyrB	107	2681.0	0.40135856054315633	0.4690016281178692	0.5703654823328552	0.9992540096978739	True
3183784	1064	2957	pezA	glnP_1	PT	0.5473913743364904	0.35496412027696733	100.0	99078.54545454546	NA	11	0	1	1	93	2	93	1.0	1.0	0.5419450591393834	True	True	False	False	P↔T	P_A__T_B	PT:pezA--glnP_1	137	6850.0	0.3930959098558664	0.4741026879635306	0.5419450591393834	0.9995620437956204	True
3183803	1064	2976	pezA	rnr	PT	0.5524314470119875	0.3191933724457237	72.1875	71978.4375	NA	16	0	4	1	87	2	87	1.0	1.0	0.5379590282641318	True	False	False	False	P↔T	P_A__T_B	PT:pezA--rnr	126	5684.0	0.3941755451327071	0.47386683173774385	0.5379590282641318	0.9996481351161154	True
3183812	1064	2985	pezA	lacC_1	PT	0.54113934203393	0.3279301088736161	57.22222222222222	59329.37037037037	NA	27	0	5	1	90	2	90	1.0	1.0	0.5234667751025502	True	False	False	False	P↔T	P_A__T_B	PT:pezA--lacC_1	118	4206.0	0.37526515819908635	0.45863109905148564	0.5234667751025502	0.9997622444127438	True
3183846	1064	3019	pezA	lcnD_1	PT	0.575634509017792	0.3615360252820633	88.4	89269.4	NA	5	0	2	2	97	2	96	0.9896907	1.0208311	0.564582124532507	True	False	True	False	P↔T	P_A__T_B	PT:pezA--lcnD_1	133	6659.0	0.40182647670351873	0.4756947570561305	0.564582124532507	0.9998498273013966	True
3183897	1064	3070	pezA	rlmL	PT	0.5800716529777681	0.3416070197875442	42.4	41587.8	NA	5	0	20	1	90	2	90	1.0	1.0	0.5528344494488142	True	False	False	False	P↔T	P_A__T_B	PT:pezA--rlmL	109	2993.0	0.3924968621525473	0.474136443968867	0.5528344494488142	0.9996658870698296	True
3184006	1064	3179	pezA	aguA	PT	0.6028901356512651	0.3526045970612016	83.23076923076923	79711.61538461539	NA	13	0	3	1	94	2	94	1.0	1.0	0.540503408813588	True	False	False	False	P↔T	P_A__T_B	PT:pezA--aguA	131	6501.0	0.3924490755407562	0.47086457521154296	0.540503408813588	1.0	True
3184030	1064	3203	pezA	gapN	PT	0.5812848454096635	0.36906435109707586	63.361111111111114	62684.333333333336	NA	36	0	1	1	93	2	93	1.0	1.0	0.550889336219568	True	False	False	False	P↔T	P_A__T_B	PT:pezA--gapN	122	4837.0	0.38707974416941443	0.471049888572778	0.550889336219568	0.9997932602853008	True
3184160	1064	3333	pezA	ftsW	PT	0.6105175025053412	0.43173379566534636	20.816326530612244	20182.469387755104	NA	147	0	0	9	184	2	96	0.5217391	2.5160522	0.6052639797296038	True	False	True	False	P↔T	P_A__T_B	PT:pezA--ftsW	86	1295.0	0.42066222325655983	0.5247027093962763	0.6052639797296038	0.9992277992277993	True
3184211	1064	3384	pezA	ligA	PT	0.6079694969025421	0.3806211009262082	61.69444444444444	58561.5	NA	36	0	11	7	109	2	91	0.8348624	1.4189657	0.5589392240968617	True	False	True	False	P↔T	P_A__T_B	PT:pezA--ligA	121	4659.0	0.3838960471343984	0.4717168880744048	0.5589392240968617	0.9997853616655935	True
3184284	1064	3457	pezA	dus	PT	0.571580176692357	0.3473913925767407	44.833333333333336	52507.833333333336	NA	6	0	0	1	92	2	92	1.0	1.0	0.533060051169155	True	False	False	False	P↔T	P_A__T_B	PT:pezA--dus	110	3255.0	0.39199127220402935	0.4753361656591005	0.533060051169155	0.9996927803379416	True
3184349	1064	3522	pezA	sulA	PT	0.5597668573057665	0.3367507834593901	26.75	32138.125	NA	8	0	21	1	87	2	87	1.0	1.0	0.5592289265553166	True	False	False	False	P↔T	P_A__T_B	PT:pezA--sulA	94	1667.0	0.39581603863291304	0.5029227487841169	0.5592289265553166	0.9994001199760048	True
3188690	1066	2950	licR_1	gyrB	PT	0.5382594048662911	0.3188536966706192	128.66666666666666	132451.5	NA	6	0	1	1	90	2	90	1.0	1.0	0.5349641700005964	True	True	False	False	P↔T	P_A__T_B	PT:licR_1--gyrB	145	7304.0	0.3878549399318433	0.47243878077081425	0.5349641700005964	0.9991785323110625	True
3192936	1068	2287	ygaZ	group_4266	PT	0.6268694575724264	0.7395695833710968	120.06451612903226	112791.16129032258	0.20279017	31	0	2	3	8	2	4	0.5	2.4615386	0.5308723356946042	True	True	True	True	P↔T	P_A__T_B	PT:ygaZ--group_4266	143	7375.0	0.3892867715236539	0.465944154279683	0.5308723356946042	1.0	True
3195930	1069	2828	pezT	ftsY	PT	0.5680622308983176	0.3461289201957073	90.07142857142857	90780.14285714286	NA	14	0	5	1	95	2	95	1.0	1.0	0.564582124532507	True	False	False	False	P↔T	P_A__T_B	PT:pezT--ftsY	133	6659.0	0.40182647670351873	0.4756947570561305	0.564582124532507	0.9993993092055864	True
3195973	1069	2871	pezT	mutM	PT	0.5614519970673109	0.3381253606326951	73.86666666666666	74765.06666666667	NA	15	0	8	1	94	2	94	1.0	1.0	0.5175037335831426	True	False	False	False	P↔T	P_A__T_B	PT:pezT--mutM	127	5912.0	0.3902124198071475	0.45928934001856436	0.5175037335831426	0.999830852503383	True
3196008	1069	2906	pezT	cysS	PT	0.5676982906353113	0.35322010473226473	106.33333333333333	110623.83333333333	NA	6	0	13	5	105	2	93	0.8857143	1.2644799	0.5583716907218641	True	True	True	True	P↔T	P_A__T_B	PT:pezT--cysS	139	7470.0	0.4039879220229497	0.47413304049816535	0.5583716907218641	0.9997322623828648	True
3196059	1069	2957	pezT	glnP_1	PT	0.540647102548265	0.35044794025035514	84.77777777777777	83444.22222222222	NA	9	0	1	1	93	2	93	1.0	1.0	0.540503408813588	True	False	False	False	P↔T	P_A__T_B	PT:pezT--glnP_1	131	6501.0	0.3924490755407562	0.47086457521154296	0.540503408813588	0.9990770650669127	True
3196078	1069	2976	pezT	rnr	PT	0.5511014050822698	0.3183858369353821	72.6875	72668.875	NA	16	0	4	1	87	2	87	1.0	1.0	0.5379590282641318	True	False	False	False	P↔T	P_A__T_B	PT:pezT--rnr	126	5684.0	0.3941755451327071	0.47386683173774385	0.5379590282641318	0.9994722026741731	True
3196087	1069	2985	pezT	lacC_1	PT	0.5403790156178028	0.32742567141963014	53.083333333333336	54466.041666666664	NA	24	0	5	1	90	2	90	1.0	1.0	0.5365873491015215	True	False	False	False	P↔T	P_A__T_B	PT:pezT--lacC_1	116	4019.0	0.3935017213817203	0.47119233265120897	0.5365873491015215	0.999253545658124	True
3196089	1069	2987	pezT	ppc	PT	0.5895124050200589	0.36864205903360686	20.175675675675677	18900.12162162162	NA	148	0	6	1	92	2	92	1.0	1.0	0.5870108130076751	True	False	False	False	P↔T	P_A__T_B	PT:pezT--ppc	85	1309.0	0.4106034026571333	0.49604921507864513	0.5870108130076751	0.9992360580595875	True
3196121	1069	3019	pezT	lcnD_1	PT	0.5649080492907582	0.3547407187117376	88.6	89359.6	NA	5	0	2	2	97	2	96	0.9896907	1.0208311	0.564582124532507	True	False	True	False	P↔T	P_A__T_B	PT:pezT--lcnD_1	133	6659.0	0.40182647670351873	0.4756947570561305	0.564582124532507	0.9990989638083796	True
3196172	1069	3070	pezT	rlmL	PT	0.5725071791166698	0.3371088887530487	46.833333333333336	45415.333333333336	NA	6	0	20	1	90	2	90	1.0	1.0	0.5317924867156318	True	False	False	False	P↔T	P_A__T_B	PT:pezT--rlmL	112	3333.0	0.3931500238195398	0.4797915170615452	0.5317924867156318	0.9996999699969997	True
3196246	1069	3144	pezT	pheS	PT	0.524038130667679	0.3352168649984445	71.0	74777.4	NA	5	0	10	4	103	2	95	0.9223301	1.1705837	0.5172512907224396	True	False	True	False	P↔T	P_A__T_B	PT:pezT--pheS	125	5568.0	0.3883907052071812	0.46707213279046095	0.5172512907224396	0.9994612068965517	True
3196281	1069	3179	pezT	aguA	PT	0.5878863410435236	0.3437884298310294	78.57142857142857	75305.0	NA	14	0	3	1	94	2	94	1.0	1.0	0.5501127644567841	True	False	False	False	P↔T	P_A__T_B	PT:pezT--aguA	129	6308.0	0.3844788283691114	0.4617916915133974	0.5501127644567841	0.9993658845909955	True
3196305	1069	3203	pezT	gapN	PT	0.5813378879850618	0.36904867412439435	62.93939393939394	61834.333333333336	NA	33	0	1	1	93	2	93	1.0	1.0	0.5589392240968617	True	False	False	False	P↔T	P_A__T_B	PT:pezT--gapN	121	4659.0	0.3838960471343984	0.4717168880744048	0.5589392240968617	0.9995707233311869	True
3196435	1069	3333	pezT	ftsW	PT	0.6047712685460886	0.4276065937712416	20.135135135135137	19498.58108108108	NA	148	0	0	9	184	2	96	0.5217391	2.5160522	0.5870108130076751	True	False	True	False	P↔T	P_A__T_B	PT:pezT--ftsW	85	1309.0	0.4106034026571333	0.49604921507864513	0.5870108130076751	1.0	True
3196486	1069	3384	pezT	ligA	PT	0.6139825216014766	0.38433489134732607	61.18181818181818	57501.242424242424	NA	33	0	11	7	109	2	91	0.8348624	1.4189657	0.5589392240968617	True	False	True	False	P↔T	P_A__T_B	PT:pezT--ligA	121	4659.0	0.3838960471343984	0.4717168880744048	0.5589392240968617	1.0	True
3196559	1069	3457	pezT	dus	PT	0.5686316871005397	0.34555514098760504	44.833333333333336	52675.666666666664	NA	6	0	0	1	92	2	92	1.0	1.0	0.533060051169155	True	False	False	False	P↔T	P_A__T_B	PT:pezT--dus	110	3255.0	0.39199127220402935	0.4753361656591005	0.533060051169155	0.9993855606758832	True
3198511	1070	2957	group_2640	glnP_1	PT	0.5410525047534973	0.3512601173910056	99.42857142857143	96042.0	NA	7	0	7	1	53	9	53	1.0	1.0	0.5332549544674678	True	False	False	False	P↔T	P_A__T_B	PT:group_2640--glnP_1	136	6656.0	0.3897076226241678	0.46531264758115304	0.5332549544674678	0.9993990384615384	True
3198541	1070	2987	group_2640	ppc	PT	0.5507749274307988	0.34439832830627537	21.963963963963963	20539.61261261261	NA	111	1	6	1	92	2	92	1.0	1.0	0.5464570290614339	True	False	False	False	P↔T	P_A__T_B	PT:group_2640--ppc	88	1433.0	0.41057403341599674	0.48235624693565576	0.5464570290614339	0.9993021632937893	True
3198733	1070	3179	group_2640	aguA	PT	0.5536368913612406	0.32377846757952083	80.36363636363636	76982.72727272728	NA	11	1	3	1	94	2	94	1.0	1.0	0.5501127644567841	True	False	False	False	P↔T	P_A__T_B	PT:group_2640--aguA	129	6308.0	0.3844788283691114	0.4617916915133974	0.5501127644567841	0.9990488268864933	True
3200955	1071	2950	group_3436	gyrB	PT	0.5269172662328827	0.3121166093862097	58.666666666666664	58402.6	NA	15	1	1	1	95	2	95	1.0	1.0	0.5155435380482906	True	False	False	False	P↔T	P_A__T_B	PT:group_3436--gyrB	119	4330.0	0.38644009493561604	0.46279938593492076	0.5155435380482906	0.9997690531177829	True
3201193	1071	3188	group_3436	accA	PT	0.5186379783587436	0.306717322609871	136.875	138888.0	NA	8	1	16	1	96	2	96	1.0	1.0	0.5185137616003813	True	True	False	False	P↔T	P_A__T_B	PT:group_3436--accA	147	7193.0	0.3914997417947871	0.46727837387359594	0.5185137616003813	0.999026831641874	True
3201266	1071	3261	group_3436	prfC	PT	0.5649939673570846	0.322317301795225	107.25925925925925	106945.44444444444	NA	27	1	22	1	95	2	95	1.0	1.0	0.5583716907218641	True	True	False	False	P↔T	P_A__T_B	PT:group_3436--prfC	139	7470.0	0.4039879220229497	0.47413304049816535	0.5583716907218641	0.9994645247657296	True
3210746	1075	2947	group_4413	purF	PT	0.5186660576860672	0.316639974171448	32.333333333333336	33656.5	NA	6	1	10	2	90	2	88	0.9777778	1.0454311	0.5129281063345832	True	False	True	False	P↔T	P_A__T_B	PT:group_4413--purF	100	2094.0	0.38263931345305796	0.45402751063861174	0.5129281063345832	0.9995224450811844	True
3211060	1075	3261	group_4413	prfC	PT	0.5308707153564672	0.3028343247490287	111.8	112475.6	NA	5	1	22	1	92	2	92	1.0	1.0	0.5223882377413513	True	True	False	False	P↔T	P_A__T_B	PT:group_4413--prfC	140	7343.0	0.3911716732582963	0.4619817890418844	0.5223882377413513	0.999727631758137	True
3211290	1075	3491	group_4413	thiI	PT	0.6069366032618626	0.37520510234283583	15.718232044198896	17783.955801104974	NA	181	1	8	1	91	2	91	1.0	1.0	0.580934895066093	True	False	False	False	P↔T	P_A__T_B	PT:group_4413--thiI	77	1067.0	0.42345860039278055	0.49824385816641614	0.580934895066093	1.0	True
3211503	1076	1258	group_5169	group_1130	PT	0.5268969176510274	0.5589536886891495	308.61538461538464	317320.1538461539	0.12829179	13	1	3	8	19	6	5	0.2631579	5.084507	0.5165281309090163	True	True	True	True	P↔T	P_A__T_B	PT:group_5169--group_1130	174	2770.0	0.41357427129786367	0.4791488749926245	0.5165281309090163	1.0	True
3227716	1082	2816	group_2827	prmA	PT	0.5560695179136946	0.34409193951610717	11.034042553191489	9624.591489361703	NA	235	0	10	2	74	9	53	0.7162162	1.684923	0.5430978678169145	True	False	True	False	P↔T	P_A__T_B	PT:group_2827--prmA	66	535.0	0.4085176612646459	0.5097100747606562	0.5430978678169145	1.0	True
3228403	1082	3503	group_2827	glyS	PT	0.5449563552554273	0.31614500376448895	216.88235294117646	213803.9411764706	NA	17	1	7	1	95	2	95	1.0	1.0	0.5340649006682804	True	True	False	False	P↔T	P_A__T_B	PT:group_2827--glyS	162	6229.0	0.3950004171278652	0.4754701501436089	0.5340649006682804	0.999357842350297	True
3230289	1083	2950	haeIIIM	gyrB	PT	0.5426202092305902	0.32138463304796855	59.4	59125.333333333336	NA	15	1	1	1	95	2	95	1.0	1.0	0.5352756026240271	True	False	False	False	P↔T	P_A__T_B	PT:haeIIIM--gyrB	120	4311.0	0.3868674420963746	0.46419056544283316	0.5352756026240271	0.9993041057759221	True
3230354	1083	3015	haeIIIM	mnmA	PT	0.5372917640681383	0.325342556621117	149.33333333333334	143088.33333333334	NA	6	1	8	4	118	2	93	0.7881356	1.5167756	0.5237519847899347	True	True	True	True	P↔T	P_A__T_B	PT:haeIIIM--mnmA	150	7437.0	0.3911741891394638	0.4657936908457945	0.5237519847899347	0.9993276858948501	True
3230527	1083	3188	haeIIIM	accA	PT	0.5305747292224661	0.3137427357863598	136.125	138614.25	NA	8	1	16	1	96	2	96	1.0	1.0	0.5185137616003813	True	True	False	False	P↔T	P_A__T_B	PT:haeIIIM--accA	147	7193.0	0.3914997417947871	0.46727837387359594	0.5185137616003813	0.9994439037953566	True
3230600	1083	3261	haeIIIM	prfC	PT	0.5659364978164934	0.3228213858099346	106.33333333333333	106264.48148148147	NA	27	1	22	1	95	2	95	1.0	1.0	0.5583716907218641	True	True	False	False	P↔T	P_A__T_B	PT:haeIIIM--prfC	139	7470.0	0.4039879220229497	0.47413304049816535	0.5583716907218641	0.9995983935742971	True
3230722	1083	3383	haeIIIM	polA	PT	0.5234970156626491	0.3319746319364795	109.6	106563.0	NA	5	1	5	1	91	2	91	1.0	1.0	0.5223882377413513	True	True	False	False	P↔T	P_A__T_B	PT:haeIIIM--polA	140	7343.0	0.3911716732582963	0.4619817890418844	0.5223882377413513	0.999182895274411	True
3240376	1087	3291	group_861	tcyN	PT	0.536222315995827	0.40379967942142825	142.8	142275.4	NA	5	1	7	1	43	8	43	1.0	1.0	0.5278959988823944	True	True	False	False	P↔T	P_A__T_B	PT:group_861--tcyN	148	7014.0	0.3872508087143199	0.4707294104569887	0.5278959988823944	0.9994297120045623	True
3242571	1088	3052	group_4236	fieF	PT	0.5293895617745881	0.32272570337582146	182.4	185545.6	NA	5	0	16	4	101	2	95	0.9405941	1.128554	0.5287792974125534	True	True	True	True	P↔T	P_A__T_B	PT:group_4236--fieF	156	7473.0	0.3899028010488324	0.473850126100351	0.5287792974125534	0.9990632945269637	True
3243020	1088	3501	group_4236	dapB	PT	0.5336861979603601	0.31520558697716367	180.6	183244.6	NA	5	0	10	4	91	2	85	0.93406594	1.1439425	0.5287792974125534	True	True	True	True	P↔T	P_A__T_B	PT:group_4236--dapB	156	7473.0	0.3899028010488324	0.473850126100351	0.5287792974125534	0.9993309246621169	True
3247413	1090	3029	celD	pyrF	PT	0.5237286705395949	0.3340372479956572	160.66666666666666	149248.33333333334	NA	6	1	5	5	122	8	44	0.36065573	3.7396984	0.5235805508804294	True	True	True	True	P↔T	P_A__T_B	PT:celD--pyrF	152	7432.0	0.3944546112106894	0.4644477840770286	0.5235805508804294	0.9990581270182992	True
3249656	1091	2841	rny	tabA_1	PT	0.649912047786039	0.7733834388108688	55.45454545454545	58657.27272727273	NA	22	1	0	1	40	8	40	1.0	1.0	0.5223580564601515	True	False	False	False	P↔T	P_A__T_B	PT:rny--tabA_1	117	3966.0	0.38888590061139156	0.4636878191663527	0.5223580564601515	1.0	True
3257787	1095	1258	group_2393	group_1130	PT	0.5680084844489448	0.6009860744968017	6.990654205607477	5765.5046728971965	0.08597739	107	1	3	8	20	6	5	0.25	5.4054055	0.555445018480569	True	False	True	False	P↔T	P_A__T_B	PT:group_2393--group_1130	53	165.0	0.3890211892661114	0.4827286796270477	0.555445018480569	1.0	True
3278757	1103	2848	group_1424	uvrB	PT	0.537751295944956	0.3266261030192416	105.1	102556.2	NA	10	1	17	1	90	2	90	1.0	1.0	0.5315847205535043	True	True	False	False	P↔T	P_A__T_B	PT:group_1424--uvrB	138	7091.0	0.3981037355735937	0.4751136246144751	0.5315847205535043	0.9991538570018333	True
3279088	1103	3179	group_1424	aguA	PT	0.5429785511091956	0.31741188136064186	85.66666666666667	82743.44444444444	NA	9	1	3	1	94	2	94	1.0	1.0	0.540503408813588	True	False	False	False	P↔T	P_A__T_B	PT:group_1424--aguA	131	6501.0	0.3924490755407562	0.47086457521154296	0.540503408813588	0.9992308875557606	True
3279576	1104	1249	group_2522	group_4408	PT	0.5870809905801407	0.7351258474585997	136.12244897959184	153104.5306122449	0.11334905	49	0	2	7	30	9	10	0.33333334	4.245283	0.5185137616003813	True	True	True	True	P↔T	P_A__T_B	PT:group_2522--group_4408	147	7193.0	0.3914997417947871	0.46727837387359594	0.5185137616003813	1.0	True
3287060	1107	1485	group_1200	group_4891	PT	0.5255973270178642	0.7610260716417299	55.03529411764706	46859.82352941176	0.07540567	85	1	0	1	9	2	9	1.0	1.0	0.5223580564601515	True	False	False	False	P↔T	P_A__T_B	PT:group_1200--group_4891	117	3966.0	0.38888590061139156	0.4636878191663527	0.5223580564601515	0.9992435703479576	True
3291660	1109	1258	btrD	group_1130	PT	0.5024132055667747	0.529507854803862	1.0	80.07228915662651	0.13673194	83	0	3	8	21	6	5	0.23809524	5.5822783	0.4977077984234822	True	False	True	False	P↔T	P_A__T_B	PT:btrD--group_1130	7	233.0	0.2707233191157387	0.4375312017576011	0.49770779842348223	1.0	True
3295660	1110	2846	group_926	rsuA_2	PT	0.5766353536859241	0.3400678157635068	10.647826086956522	9733.078260869564	NA	230	0	10	1	93	2	93	1.0	1.0	0.5646526006270376	True	False	False	False	P↔T	P_A__T_B	PT:group_926--rsuA_2	65	432.0	0.4217485472664276	0.4943801321158913	0.5646526006270376	1.0	True
3295764	1110	2950	group_926	gyrB	PT	0.545153904373062	0.32282469866816266	103.65079365079364	94954.30158730158	NA	63	0	1	1	95	2	95	1.0	1.0	0.5315847205535043	True	True	False	False	P↔T	P_A__T_B	PT:group_926--gyrB	138	7091.0	0.3981037355735937	0.4751136246144751	0.5315847205535043	0.9995769285009166	True
3295969	1110	3155	group_926	xseA	PT	0.5204704590236229	0.2943979495337963	67.88888888888889	69465.33333333333	NA	9	0	8	1	88	2	88	1.0	1.0	0.5199679149065745	True	False	False	False	P↔T	P_A__T_B	PT:group_926--xseA	124	5137.0	0.38627872699238475	0.45920364312922046	0.5199679149065745	0.9990266692622153	True
3296483	1111	1258	group_2394	group_1130	PT	0.5680084844489448	0.6009860744968017	6.920454545454546	5526.431818181818	0.11564075	88	0	3	8	20	6	5	0.25	5.4054055	0.562553821776026	True	False	True	False	P↔T	P_A__T_B	PT:group_2394--group_1130	52	152.0	0.3490895830242043	0.5001213964487575	0.562553821776026	1.0	True
3305293	1114	2841	manP	tabA_1	PT	0.6443099830835806	0.7692812350606149	40.84848484848485	42435.393939393936	NA	33	0	0	1	40	8	40	1.0	1.0	0.5703654823328552	True	False	False	False	P↔T	P_A__T_B	PT:manP--tabA_1	107	2681.0	0.40135856054315633	0.4690016281178692	0.5703654823328552	0.999627004848937	True
3312505	1117	2835	group_3437	rnhC	PT	0.5260337076622396	0.31037060441405584	126.07142857142857	125815.35714285714	NA	14	1	6	1	94	2	94	1.0	1.0	0.5201689320844887	True	True	False	False	P↔T	P_A__T_B	PT:group_3437--rnhC	144	7342.0	0.38556350821089364	0.468443024335511	0.5201689320844887	0.9994551893217107	True
3312620	1117	2950	group_3437	gyrB	PT	0.5407387360794674	0.3202422125630189	114.83333333333333	116270.66666666667	NA	6	1	1	1	95	2	95	1.0	1.0	0.5316533189375846	True	True	False	False	P↔T	P_A__T_B	PT:group_3437--gyrB	141	7395.0	0.3871496933098411	0.47030095213421264	0.5316533189375846	0.9998647734956051	True
3317389	1119	2912	leuB	zwf	PT	0.5584676909937364	0.33906705552625016	15.200913242009133	15735.803652968036	NA	219	0	13	1	93	2	93	1.0	1.0	0.5578139123668513	True	False	False	False	P↔T	P_A__T_B	PT:leuB--zwf	76	1046.0	0.41799175897371527	0.499473466305285	0.5578139123668513	0.9990439770554493	True
3317656	1119	3179	leuB	aguA	PT	0.519664287226622	0.3038479792871494	74.0	68762.6	NA	5	0	3	1	94	2	94	1.0	1.0	0.5175037335831426	True	False	False	False	P↔T	P_A__T_B	PT:leuB--aguA	127	5912.0	0.3902124198071475	0.45928934001856436	0.5175037335831426	0.9993234100135318	True
3322121	1121	2841	ptsN	tabA_1	PT	0.6443568267400157	0.7679841683716776	39.0	41127.44117647059	NA	34	0	0	1	40	8	40	1.0	1.0	0.5482571540436983	True	False	False	False	P↔T	P_A__T_B	PT:ptsN--tabA_1	106	2757.0	0.3994935589995757	0.4743150337426852	0.5482571540436983	1.0	True
3322123	1121	2843	ptsN	arnB	PT	0.5320515030693577	0.306871688055748	115.5	115805.73076923077	NA	26	1	0	1	87	2	87	1.0	1.0	0.5316533189375846	True	True	False	False	P↔T	P_A__T_B	PT:ptsN--arnB	141	7395.0	0.3871496933098411	0.47030095213421264	0.5316533189375846	0.9991886409736308	True
3322783	1121	3503	ptsN	glyS	PT	0.5562115413082076	0.3226593567907515	87.72727272727273	84604.36363636363	NA	11	1	7	1	95	2	95	1.0	1.0	0.5263596452234075	True	False	False	False	P↔T	P_A__T_B	PT:ptsN--glyS	132	6543.0	0.3901641365913845	0.46716785150514184	0.5263596452234075	1.0	True
3324515	1122	2835	group_4884	rnhC	PT	0.5477740201098432	0.32321001040998115	121.75	122783.75	NA	8	1	6	1	94	2	94	1.0	1.0	0.5308723356946042	True	True	False	False	P↔T	P_A__T_B	PT:group_4884--rnhC	143	7375.0	0.3892867715236539	0.465944154279683	0.5308723356946042	0.9997288135593221	True
3324523	1122	2843	group_4884	arnB	PT	0.5321710303378461	0.3069406278753672	116.07142857142857	114895.57142857143	NA	14	1	0	1	87	2	87	1.0	1.0	0.5316533189375846	True	True	False	False	P↔T	P_A__T_B	PT:group_4884--arnB	141	7395.0	0.3871496933098411	0.47030095213421264	0.5316533189375846	0.9993238674780257	True
3324543	1122	2863	group_4884	ydfG	PT	0.5738108337392256	0.35941514198085367	45.0	41767.28571428572	NA	21	1	5	1	94	2	94	1.0	1.0	0.5266891852076262	True	False	False	False	P↔T	P_A__T_B	PT:group_4884--ydfG	111	3261.0	0.38794768254385237	0.4639352167708842	0.5266891852076262	1.0	True
3324618	1122	2938	group_4884	scrB	PT	0.5464713320916709	0.34737968501965816	100.04	103221.96	NA	25	1	3	2	98	2	91	0.9285714	1.1529412	0.5419450591393834	True	True	True	True	P↔T	P_A__T_B	PT:group_4884--scrB	137	6850.0	0.3930959098558664	0.4741026879635306	0.5419450591393834	0.9994160583941606	True
3325069	1122	3389	group_4884	amyS	PT	0.5549714363544472	0.3372574483522397	85.0	83420.0	NA	5	1	5	1	77	2	77	1.0	1.0	0.540503408813588	True	False	False	False	P↔T	P_A__T_B	PT:group_4884--amyS	131	6501.0	0.3924490755407562	0.47086457521154296	0.540503408813588	0.9996923550223042	True
3325181	1122	3501	group_4884	dapB	PT	0.5545243318390681	0.32756186747821536	33.46052631578947	30761.184210526317	NA	76	1	10	3	89	2	85	0.9550562	1.0948168	0.5540619893245318	True	False	True	False	P↔T	P_A__T_B	PT:group_4884--dapB	101	2082.0	0.3962493617590059	0.4746578988120893	0.5540619893245318	0.9990393852065321	True
3326950	1123	2871	group_5428	mutM	PT	0.5471861745582521	0.32951568677458154	67.66666666666667	67600.83333333333	NA	6	1	8	1	93	2	93	1.0	1.0	0.5199679149065745	True	False	False	False	P↔T	P_A__T_B	PT:group_5428--mutM	124	5137.0	0.38627872699238475	0.45920364312922046	0.5199679149065745	0.9996106677048862	True
3327055	1123	2976	group_5428	rnr	PT	0.5440402129293821	0.3142730142583846	65.71428571428571	64854.0	NA	7	1	4	1	87	2	87	1.0	1.0	0.5419086625855352	True	False	False	False	P↔T	P_A__T_B	PT:group_5428--rnr	123	4978.0	0.382490989074315	0.45658720363545896	0.5419086625855352	0.9993973483326637	True
3329571	1124	3094	yoeB	pncB2	PT	0.5574038402287372	0.3457909214006336	229.5	229483.0	NA	8	0	2	1	83	2	83	1.0	1.0	0.5397237085463444	True	True	False	False	P↔T	P_A__T_B	PT:yoeB--pncB2	164	5481.0	0.3984892490229369	0.478419404054818	0.5397237085463444	0.999635103083379	True
3329927	1124	3450	yoeB	trpB	PT	0.5160271904522421	0.32135611059973324	58.04132231404959	51756.61983471074	NA	121	0	14	3	100	2	94	0.94	1.129433	0.5155435380482906	True	False	True	False	P↔T	P_A__T_B	PT:yoeB--trpB	119	4330.0	0.38644009493561604	0.46279938593492076	0.5155435380482906	0.9990762124711317	True
3341293	1129	2841	group_1922	tabA_1	PT	0.6081050419716791	0.7226224267329276	38.62222222222222	41222.64444444444	NA	45	1	0	1	40	8	40	1.0	1.0	0.5482571540436983	True	False	False	False	P↔T	P_A__T_B	PT:group_1922--tabA_1	106	2757.0	0.3994935589995757	0.4743150337426852	0.5482571540436983	0.9996372869060574	True
3341471	1129	3019	group_1922	lcnD_1	PT	0.5310931835804974	0.33373830551940586	123.14285714285714	122004.85714285714	NA	7	1	3	1	42	8	42	1.0	1.0	0.5308723356946042	True	True	False	False	P↔T	P_A__T_B	PT:group_1922--lcnD_1	143	7375.0	0.3892867715236539	0.465944154279683	0.5308723356946042	0.9990508474576271	True
3341955	1129	3503	group_1922	glyS	PT	0.55677102282556	0.32301547626716254	134.48837209302326	131997.48837209304	NA	43	0	7	1	94	2	94	1.0	1.0	0.5407323985278885	True	True	False	False	P↔T	P_A__T_B	PT:group_1922--glyS	146	7243.0	0.3985379884054626	0.4711160910096245	0.5407323985278885	0.9995858069860555	True
3346081	1131	2846	lagD_1	rsuA_2	PT	0.5691468287611744	0.33574389092889007	362.1764705882353	370317.5294117647	NA	17	1	10	1	93	2	93	1.0	1.0	0.5490038316833781	True	True	False	False	P↔T	P_A__T_B	PT:lagD_1--rsuA_2	179	1902.0	0.432324206528512	0.5196932102564731	0.5490038316833781	1.0	True
3346098	1131	2863	lagD_1	ydfG	PT	0.5367975450322283	0.3362826903646846	179.6	169428.6	NA	20	1	5	1	95	2	95	1.0	1.0	0.5287792974125534	True	True	False	False	P↔T	P_A__T_B	PT:lagD_1--ydfG	156	7473.0	0.3899028010488324	0.473850126100351	0.5287792974125534	0.9995985547972702	True
3346114	1131	2879	lagD_1	murD	PT	0.5554126541220706	0.3320415021345901	365.05882352941177	372798.4705882353	NA	17	1	18	2	104	2	94	0.90384614	1.210385	0.5490038316833781	True	True	True	True	P↔T	P_A__T_B	PT:lagD_1--murD	179	1902.0	0.432324206528512	0.5196932102564731	0.5490038316833781	0.9994742376445847	True
3346223	1131	2988	lagD_1	radA	PT	0.526847590742503	0.31735339074360375	77.19642857142857	84607.82142857143	NA	56	1	6	1	88	2	88	1.0	1.0	0.5259941119522762	True	False	False	False	P↔T	P_A__T_B	PT:lagD_1--radA	128	6142.0	0.38636510506042754	0.46168201672366144	0.5259941119522762	0.9990231195050472	True
3346254	1131	3019	lagD_1	lcnD_1	PT	0.5818099187172339	0.364877035141223	301.46666666666664	304820.93333333335	NA	15	1	2	1	96	2	96	1.0	1.0	0.546391606804913	True	True	False	False	P↔T	P_A__T_B	PT:lagD_1--lcnD_1	173	3102.0	0.4202058119151096	0.4872892599227348	0.546391606804913	0.9996776273372018	True
3346362	1131	3127	lagD_1	purH	PT	0.5367185437869078	0.3227703304666686	52.67213114754098	56994.475409836065	NA	61	1	13	2	95	2	94	0.9894737	1.0212742	0.5365873491015215	True	False	True	False	P↔T	P_A__T_B	PT:lagD_1--purH	116	4019.0	0.3935017213817203	0.47119233265120897	0.5365873491015215	0.9990047275441652	True
3346411	1131	3176	lagD_1	ykuR	PT	0.5560824853012223	0.34425064786719006	148.85714285714286	150413.0	NA	7	1	6	1	94	2	94	1.0	1.0	0.5237519847899347	True	True	False	False	P↔T	P_A__T_B	PT:lagD_1--ykuR	150	7437.0	0.3911741891394638	0.4657936908457945	0.5237519847899347	0.99986553717897	True
3346496	1131	3261	lagD_1	prfC	PT	0.5486085157061378	0.3129528237282362	295.0095238095238	281393.67619047617	NA	105	1	22	1	95	2	95	1.0	1.0	0.538637613543026	True	True	False	False	P↔T	P_A__T_B	PT:lagD_1--prfC	172	3348.0	0.4155455576610918	0.4910481058387643	0.538637613543026	0.9997013142174432	True
3346716	1131	3481	lagD_1	copY	PT	0.5312400236331521	0.35840666032046126	485.84615384615387	494950.23076923075	NA	13	1	0	1	95	2	95	1.0	1.0	0.5184115173127329	True	True	False	False	P↔T	P_A__T_B	PT:lagD_1--copY	189	327.0	0.36638120536131574	0.46427656703936765	0.5184115173127329	1.0	True
3348466	1132	2841	mngA	tabA_1	PT	0.6443568267400157	0.7679841683716776	40.0	41870.73529411765	NA	34	0	0	1	40	8	40	1.0	1.0	0.5703654823328552	True	False	False	False	P↔T	P_A__T_B	PT:mngA--tabA_1	107	2681.0	0.40135856054315633	0.4690016281178692	0.5703654823328552	1.0	True
3348468	1132	2843	mngA	arnB	PT	0.5375140266920919	0.3100540467815446	120.32142857142857	120608.82142857143	NA	28	1	0	1	87	2	87	1.0	1.0	0.5308723356946042	True	True	False	False	P↔T	P_A__T_B	PT:mngA--arnB	143	7375.0	0.3892867715236539	0.465944154279683	0.5308723356946042	0.9993220338983051	True
3348474	1132	2849	mngA	yheH	PT	0.5235081737472077	0.3220689469343442	124.03703703703704	124372.85185185185	NA	27	1	19	1	86	2	86	1.0	1.0	0.5201689320844887	True	True	False	False	P↔T	P_A__T_B	PT:mngA--yheH	144	7342.0	0.38556350821089364	0.468443024335511	0.5201689320844887	0.9991827839825661	True
3348563	1132	2938	mngA	scrB	PT	0.5456636731623344	0.34692220428031817	92.92	98139.72	NA	50	1	3	2	98	2	91	0.9285714	1.1529412	0.5374523103890211	True	False	True	False	P↔T	P_A__T_B	PT:mngA--scrB	134	6692.0	0.3931057832206375	0.46700143775233893	0.5374523103890211	0.999551703526599	True
3348804	1132	3179	mngA	aguA	PT	0.5177904455136436	0.30278102690785397	70.5	67320.33333333333	NA	6	1	3	1	93	2	93	1.0	1.0	0.5172512907224396	True	False	False	False	P↔T	P_A__T_B	PT:mngA--aguA	125	5568.0	0.3883907052071812	0.46707213279046095	0.5172512907224396	0.9991020114942529	True
3348943	1132	3318	mngA	glyQ	PT	0.5454514227286762	0.3246164068443286	97.0	93820.66666666667	NA	12	1	10	1	95	2	95	1.0	1.0	0.5332549544674678	True	False	False	False	P↔T	P_A__T_B	PT:mngA--glyQ	136	6656.0	0.3897076226241678	0.46531264758115304	0.5332549544674678	0.9996995192307693	True
3349128	1132	3503	mngA	glyS	PT	0.5648550816469303	0.32770551221246863	97.5	94117.41666666667	NA	12	1	7	1	95	2	95	1.0	1.0	0.5332549544674678	True	False	False	False	P↔T	P_A__T_B	PT:mngA--glyS	136	6656.0	0.3897076226241678	0.46531264758115304	0.5332549544674678	1.0	True
3350849	1133	2835	group_1051	rnhC	PT	0.5477301311118838	0.3232287825557979	121.625	123062.125	NA	8	1	6	1	94	2	94	1.0	1.0	0.5308723356946042	True	True	False	False	P↔T	P_A__T_B	PT:group_1051--rnhC	143	7375.0	0.3892867715236539	0.465944154279683	0.5308723356946042	0.999593220338983	True
3350877	1133	2863	group_1051	ydfG	PT	0.5701831468906773	0.3571974656208371	46.35	43117.7	NA	20	1	5	1	94	2	94	1.0	1.0	0.5317924867156318	True	False	False	False	P↔T	P_A__T_B	PT:group_1051--ydfG	112	3333.0	0.3931500238195398	0.4797915170615452	0.5317924867156318	0.9993999399939995	True
3350904	1133	2890	group_1051	trpE	PT	0.542997373373244	0.3173688235004025	117.13333333333334	115885.06666666667	NA	15	1	1	1	93	2	93	1.0	1.0	0.5405748341731146	True	True	False	False	P↔T	P_A__T_B	PT:group_1051--trpE	142	7405.0	0.3975290926622001	0.4820870544336064	0.5405748341731146	0.9991897366644159	True
3350952	1133	2938	group_1051	scrB	PT	0.5440873379752571	0.3459200014497427	96.42307692307692	100014.11538461539	NA	26	1	3	2	98	2	91	0.9285714	1.1529412	0.5218253288057985	True	False	True	False	P↔T	P_A__T_B	PT:group_1051--scrB	135	6783.0	0.388454014142084	0.46630628045981626	0.5218253288057985	0.9994102904319623	True
3351515	1133	3501	group_1051	dapB	PT	0.5540799988828258	0.3273502928411267	35.282051282051285	32646.397435897437	NA	78	1	10	3	89	2	85	0.9550562	1.0948168	0.5301874979279985	True	False	True	False	P↔T	P_A__T_B	PT:group_1051--dapB	103	2371.0	0.39840338647510387	0.4755447554089995	0.5301874979279985	0.9995782370307887	True
3360450	1137	2890	yxlF	trpE	PT	0.5267511296628372	0.3078910400658163	87.9	84906.1	NA	20	1	1	1	94	2	94	1.0	1.0	0.5263596452234075	True	False	False	False	P↔T	P_A__T_B	PT:yxlF--trpE	132	6543.0	0.3901641365913845	0.46716785150514184	0.5263596452234075	0.9990829894543787	True
3360748	1137	3188	yxlF	accA	PT	0.5855291492645281	0.34629694136286554	254.17241379310346	243619.58620689655	NA	29	1	16	1	96	2	96	1.0	1.0	0.585342065690689	True	True	False	False	P↔T	P_A__T_B	PT:yxlF--accA	167	4861.0	0.39145679725215143	0.46645311733563194	0.585342065690689	0.9991771240485496	True
3360843	1137	3283	yxlF	tgt	PT	0.5593905074422642	0.3381798685076793	79.44444444444444	77352.5	NA	36	1	12	1	94	2	94	1.0	1.0	0.5501127644567841	True	False	False	False	P↔T	P_A__T_B	PT:yxlF--tgt	129	6308.0	0.3844788283691114	0.4617916915133974	0.5501127644567841	0.9992073557387444	True
3360987	1137	3427	yxlF	tkt_2	PT	0.5359930663274021	0.3408816989655128	61.0	59259.4	NA	5	1	14	1	90	2	90	1.0	1.0	0.5352756026240271	True	False	False	False	P↔T	P_A__T_B	PT:yxlF--tkt_2	120	4311.0	0.3868674420963746	0.46419056544283316	0.5352756026240271	0.9990721410345628	True
3365162	1139	2835	alsE	rnhC	PT	0.5544136995493681	0.327190736479847	117.16666666666667	118254.0	NA	6	1	6	1	94	2	94	1.0	1.0	0.5405748341731146	True	True	False	False	P↔T	P_A__T_B	PT:alsE--rnhC	142	7405.0	0.3975290926622001	0.4820870544336064	0.5405748341731146	0.999459824442944	True
3365170	1139	2843	alsE	arnB	PT	0.5467600267566798	0.31542487832611016	173.05263157894737	172856.42105263157	NA	19	1	0	1	87	2	87	1.0	1.0	0.5276160322713785	True	True	False	False	P↔T	P_A__T_B	PT:alsE--arnB	155	7412.0	0.38892000468947596	0.4653771741862497	0.5276160322713785	0.9998650836481382	True
3365176	1139	2849	alsE	yheH	PT	0.5415379424784418	0.33316465054191347	174.42105263157896	174234.7894736842	NA	19	1	19	1	86	2	86	1.0	1.0	0.5276160322713785	True	True	False	False	P↔T	P_A__T_B	PT:alsE--yheH	155	7412.0	0.38892000468947596	0.4653771741862497	0.5276160322713785	0.9993254182406908	True
3365190	1139	2863	alsE	ydfG	PT	0.5807744175331153	0.36385424674998496	64.75	61783.5	NA	8	1	5	1	94	2	94	1.0	1.0	0.550889336219568	True	False	False	False	P↔T	P_A__T_B	PT:alsE--ydfG	122	4837.0	0.38707974416941443	0.471049888572778	0.550889336219568	0.9995865205706016	True
3365217	1139	2890	alsE	trpE	PT	0.5404137978141922	0.31587699941228675	167.15	164711.45	NA	20	1	1	1	93	2	93	1.0	1.0	0.5229541676739113	True	True	False	False	P↔T	P_A__T_B	PT:alsE--trpE	153	7357.0	0.3875685866379974	0.461561628741317	0.5229541676739113	0.9998640750305832	True
3365265	1139	2938	alsE	scrB	PT	0.5530091949651552	0.35161439572203085	95.875	100715.16666666667	NA	48	1	3	2	98	2	91	0.9285714	1.1529412	0.5218253288057985	True	False	True	False	P↔T	P_A__T_B	PT:alsE--scrB	135	6783.0	0.388454014142084	0.46630628045981626	0.5218253288057985	0.9995577178239717	True
3365346	1139	3019	alsE	lcnD_1	PT	0.5658679322454186	0.3546468550032389	31.5	23492.0	NA	6	1	2	2	96	2	95	0.9895833	1.0210503	0.551914922374759	True	False	True	False	P↔T	P_A__T_B	PT:alsE--lcnD_1	99	2078.0	0.3879656482629737	0.4720397097033908	0.551914922374759	1.0	True
3365379	1139	3052	alsE	fieF	PT	0.5277479240074039	0.3218560374504971	56.67741935483871	54712.32258064516	NA	31	1	16	2	98	2	95	0.96938777	1.063095	0.5234667751025502	True	False	True	False	P↔T	P_A__T_B	PT:alsE--fieF	118	4206.0	0.37526515819908635	0.45863109905148564	0.5234667751025502	0.9995244888254874	True
3365421	1139	3094	alsE	pncB2	PT	0.5332648048804994	0.3310953293198618	114.2	114294.6	NA	5	1	2	1	82	2	82	1.0	1.0	0.5316533189375846	True	True	False	False	P↔T	P_A__T_B	PT:alsE--pncB2	141	7395.0	0.3871496933098411	0.47030095213421264	0.5316533189375846	0.9995943204868154	True
3365645	1139	3318	alsE	glyQ	PT	0.5416607055356434	0.3223969262653578	104.07142857142857	101979.21428571429	NA	14	1	10	1	95	2	95	1.0	1.0	0.5315847205535043	True	True	False	False	P↔T	P_A__T_B	PT:alsE--glyQ	138	7091.0	0.3981037355735937	0.4751136246144751	0.5315847205535043	0.9992948808348611	True
3365828	1139	3501	alsE	dapB	PT	0.5604576476985855	0.3311381213777109	54.645161290322584	52087.51612903226	NA	31	1	10	3	89	2	85	0.9550562	1.0948168	0.5223580564601515	True	False	True	False	P↔T	P_A__T_B	PT:alsE--dapB	117	3966.0	0.38888590061139156	0.4636878191663527	0.5223580564601515	0.9997478567826525	True
3365830	1139	3503	alsE	glyS	PT	0.5738118498223971	0.33293982602984157	104.35714285714286	101909.0	NA	14	1	7	1	95	2	95	1.0	1.0	0.5315847205535043	True	True	False	False	P↔T	P_A__T_B	PT:alsE--glyS	138	7091.0	0.3981037355735937	0.4751136246144751	0.5315847205535043	0.9998589761669722	True
3366510	1140	1801	group_860	glf	PT	0.532078094356881	0.6201549708621072	204.08333333333334	216671.41666666666	0.3093973	12	0	2	5	10	8	6	0.6	2.5	0.5252361461537143	True	True	True	True	P↔T	P_A__T_B	PT:group_860--glf	160	6267.0	0.4018437936070797	0.4723210133605855	0.5252361461537143	0.9992021700973353	True
3367526	1140	2817	group_860	uvrC	PT	0.6196267621703168	0.40870385367007617	13.675925925925926	13768.856481481482	NA	216	1	13	6	179	2	92	0.5139665	2.6136715	0.6046198520586411	True	False	True	False	P↔T	P_A__T_B	PT:group_860--uvrC	73	980.0	0.4546742333831218	0.5346080709346238	0.6046198520586411	1.0	True
3367657	1140	2948	group_860	folD	PT	0.5246364110720015	0.34345396636127007	164.9	167609.7	NA	10	1	2	5	162	2	93	0.5740741	2.2146835	0.5229541676739113	True	True	True	True	P↔T	P_A__T_B	PT:group_860--folD	153	7357.0	0.3875685866379974	0.461561628741317	0.5229541676739113	0.9993203751529156	True
3368891	1141	1801	group_2416	glf	PT	0.532078094356881	0.6201549708621072	206.58333333333334	218474.0	0.30893955	12	0	2	5	10	8	6	0.6	2.5	0.5252361461537143	True	True	True	True	P↔T	P_A__T_B	PT:group_2416--glf	160	6267.0	0.4018437936070797	0.4723210133605855	0.5252361461537143	0.9993617360778682	True
3369907	1141	2817	group_2416	uvrC	PT	0.6075672756890449	0.40078041978846896	13.383177570093459	13883.897196261682	NA	214	1	13	6	178	2	92	0.5168539	2.5940723	0.5897908232571549	True	False	True	False	P↔T	P_A__T_B	PT:group_2416--uvrC	72	812.0	0.453133122973776	0.532683756624633	0.5897908232571549	1.0	True
3370038	1141	2948	group_2416	folD	PT	0.5248229396336043	0.3436014454044114	164.3	167978.9	NA	10	1	2	5	162	2	93	0.5740741	2.2146835	0.5229541676739113	True	True	True	True	P↔T	P_A__T_B	PT:group_2416--folD	153	7357.0	0.3875685866379974	0.461561628741317	0.5229541676739113	0.9994563001223324	True
3372311	1142	2841	group_5417	tabA_1	PT	0.649912047786039	0.7733834388108688	16.0	15271.692307692309	NA	26	0	0	1	40	8	40	1.0	1.0	0.6384962675712353	True	False	False	False	P↔T	P_A__T_B	PT:group_5417--tabA_1	78	1123.0	0.4262938913552197	0.49185520217787065	0.6384962675712353	0.9991095280498664	True
3374684	1143	2835	tkt_3	rnhC	PT	0.556419279717064	0.32841425047098	116.33333333333333	117480.0	NA	6	1	6	1	94	2	94	1.0	1.0	0.5405748341731146	True	True	False	False	P↔T	P_A__T_B	PT:tkt_3--rnhC	142	7405.0	0.3975290926622001	0.4820870544336064	0.5405748341731146	0.999729912221472	True
3374692	1143	2843	tkt_3	arnB	PT	0.5467515756365288	0.3154626573217263	173.6315789473684	174257.52631578947	NA	19	1	0	1	87	2	87	1.0	1.0	0.5276160322713785	True	True	False	False	P↔T	P_A__T_B	PT:tkt_3--arnB	155	7412.0	0.38892000468947596	0.4653771741862497	0.5276160322713785	0.9997301672962763	True
3374698	1143	2849	tkt_3	yheH	PT	0.5415379424784418	0.33316465054191347	175.0	175635.8947368421	NA	19	1	19	1	86	2	86	1.0	1.0	0.5276160322713785	True	True	False	False	P↔T	P_A__T_B	PT:tkt_3--yheH	155	7412.0	0.38892000468947596	0.4653771741862497	0.5276160322713785	0.9994603345925526	True
3374712	1143	2863	tkt_3	ydfG	PT	0.5842443653125555	0.3660768359560169	64.625	61784.25	NA	8	1	5	1	94	2	94	1.0	1.0	0.550889336219568	True	False	False	False	P↔T	P_A__T_B	PT:tkt_3--ydfG	122	4837.0	0.38707974416941443	0.471049888572778	0.550889336219568	1.0	True
3374787	1143	2938	tkt_3	scrB	PT	0.5612370694588514	0.35689542404063224	96.58333333333333	101637.33333333333	NA	48	1	3	2	98	2	91	0.9285714	1.1529412	0.5218253288057985	True	False	True	False	P↔T	P_A__T_B	PT:tkt_3--scrB	135	6783.0	0.388454014142084	0.46630628045981626	0.5218253288057985	0.9998525726079905	True
3374799	1143	2950	tkt_3	gyrB	PT	0.5504992195202089	0.3261696801137219	85.8	84397.8	NA	5	1	1	1	94	2	94	1.0	1.0	0.5263596452234075	True	False	False	False	P↔T	P_A__T_B	PT:tkt_3--gyrB	132	6543.0	0.3901641365913845	0.46716785150514184	0.5263596452234075	0.9998471649090631	True
3374901	1143	3052	tkt_3	fieF	PT	0.5236644444946157	0.31938701722666357	55.806451612903224	53868.6129032258	NA	31	1	16	2	98	2	95	0.96938777	1.063095	0.5234667751025502	True	False	True	False	P↔T	P_A__T_B	PT:tkt_3--fieF	118	4206.0	0.37526515819908635	0.45863109905148564	0.5234667751025502	0.9990489776509748	True
3374943	1143	3094	tkt_3	pncB2	PT	0.5262538295632584	0.32681336101701897	110.83333333333333	110532.16666666667	NA	6	1	2	1	82	2	82	1.0	1.0	0.5223882377413513	True	True	False	False	P↔T	P_A__T_B	PT:tkt_3--pncB2	140	7343.0	0.3911716732582963	0.4619817890418844	0.5223882377413513	0.999455263516274	True
3375004	1143	3155	tkt_3	xseA	PT	0.5316236382308794	0.3008577145491485	103.0	98171.2	NA	5	1	8	1	87	2	87	1.0	1.0	0.5315847205535043	True	True	False	False	P↔T	P_A__T_B	PT:tkt_3--xseA	138	7091.0	0.3981037355735937	0.4751136246144751	0.5315847205535043	0.9990128331688055	True
3375167	1143	3318	tkt_3	glyQ	PT	0.5438981067901465	0.3237707341820614	101.78571428571429	100169.64285714286	NA	14	1	10	1	95	2	95	1.0	1.0	0.5419450591393834	True	True	False	False	P↔T	P_A__T_B	PT:tkt_3--glyQ	137	6850.0	0.3930959098558664	0.4741026879635306	0.5419450591393834	0.9992700729927008	True
3375238	1143	3389	tkt_3	amyS	PT	0.5595620531424815	0.3401690841867113	171.4	170400.8	NA	5	1	5	1	77	2	77	1.0	1.0	0.546038452356308	True	True	False	False	P↔T	P_A__T_B	PT:tkt_3--amyS	154	7155.0	0.4005528880979349	0.47750188380058434	0.546038452356308	0.9994409503843467	True
3375350	1143	3501	tkt_3	dapB	PT	0.5623927135881126	0.3323255479722141	53.774193548387096	51243.8064516129	NA	31	1	10	3	89	2	85	0.9550562	1.0948168	0.5365873491015215	True	False	True	False	P↔T	P_A__T_B	PT:tkt_3--dapB	116	4019.0	0.3935017213817203	0.47119233265120897	0.5365873491015215	0.9997511818860413	True
3375352	1143	3503	tkt_3	glyS	PT	0.5763373446951358	0.3344487865897737	102.21428571428571	100344.07142857143	NA	14	1	7	1	95	2	95	1.0	1.0	0.5419450591393834	True	True	False	False	P↔T	P_A__T_B	PT:tkt_3--glyS	137	6850.0	0.3930959098558664	0.4741026879635306	0.5419450591393834	1.0	True
3379445	1145	2841	group_1482	tabA_1	PT	0.649912047786039	0.7733834388108688	16.25	16204.5	NA	36	0	0	1	40	8	40	1.0	1.0	0.6384962675712353	True	False	False	False	P↔T	P_A__T_B	PT:group_1482--tabA_1	78	1123.0	0.4262938913552197	0.49185520217787065	0.6384962675712353	1.0	True
3381999	1146	3019	group_3601	lcnD_1	PT	0.5504306085015642	0.3464750234329742	137.1	138470.5	NA	10	1	15	2	65	3	64	0.9846154	1.0312424	0.5185137616003813	True	True	True	True	P↔T	P_A__T_B	PT:group_3601--lcnD_1	147	7193.0	0.3914997417947871	0.46727837387359594	0.5185137616003813	0.9997219518976783	True
3382074	1146	3094	group_3601	pncB2	PT	0.5279094191046202	0.3275332081817241	143.66666666666666	135138.66666666666	NA	6	0	2	1	82	2	82	1.0	1.0	0.5278959988823944	True	True	False	False	P↔T	P_A__T_B	PT:group_3601--pncB2	148	7014.0	0.3872508087143199	0.4707294104569887	0.5278959988823944	0.999001996007984	True
3382135	1146	3155	group_3601	xseA	PT	0.5379195003173063	0.3044418610920647	248.0	240018.16666666666	NA	6	1	1	1	64	3	64	1.0	1.0	0.5193783119600369	True	True	False	False	P↔T	P_A__T_B	PT:group_3601--xseA	166	5137.0	0.3932103505718579	0.46372119274965456	0.5193783119600369	0.9994160015573291	True
3382159	1146	3179	group_3601	aguA	PT	0.5472793062819372	0.3201237594615229	131.66666666666666	135032.83333333334	NA	6	1	7	1	65	3	65	1.0	1.0	0.5407323985278885	True	True	False	False	P↔T	P_A__T_B	PT:group_3601--aguA	146	7243.0	0.3985379884054626	0.4711160910096245	0.5407323985278885	0.999171613972111	True
3386686	1148	2957	group_2348	glnP_1	PT	0.5355989977441841	0.34681780715450516	127.8	128202.6	NA	5	0	1	1	93	2	93	1.0	1.0	0.5349641700005964	True	True	False	False	P↔T	P_A__T_B	PT:group_2348--glnP_1	145	7304.0	0.3878549399318433	0.47243878077081425	0.5349641700005964	0.9990416210295728	True
3386856	1148	3127	group_2348	purH	PT	0.539397892194411	0.32451319370512594	294.9166666666667	303167.4166666667	NA	12	1	15	3	64	9	57	0.890625	1.2495424	0.538637613543026	True	True	True	True	P↔T	P_A__T_B	PT:group_2348--purH	172	3348.0	0.4155455576610918	0.4910481058387643	0.538637613543026	0.9991039426523297	True
3386879	1148	3150	group_2348	topA	PT	0.538466863754731	0.339453160682632	124.2	124219.0	NA	5	0	13	9	126	2	96	0.7619048	1.6918159	0.5201689320844887	True	True	True	True	P↔T	P_A__T_B	PT:group_2348--topA	144	7342.0	0.38556350821089364	0.468443024335511	0.5201689320844887	1.0	True
3386884	1148	3155	group_2348	xseA	PT	0.5367843878921841	0.30382177802927945	122.0	120619.8	NA	5	0	8	1	88	2	88	1.0	1.0	0.5308723356946042	True	True	False	False	P↔T	P_A__T_B	PT:group_2348--xseA	143	7375.0	0.3892867715236539	0.465944154279683	0.5308723356946042	0.9991864406779661	True
3387012	1148	3283	group_2348	tgt	PT	0.5450047726485484	0.32957812147076965	81.6	86349.4	NA	5	0	12	1	94	2	94	1.0	1.0	0.5436930217953997	True	False	False	False	P↔T	P_A__T_B	PT:group_2348--tgt	130	6352.0	0.39038407403218095	0.4658716669128971	0.5436930217953997	0.9992128463476071	True
3387047	1148	3318	group_2348	glyQ	PT	0.5392041771988348	0.3210493056328477	201.83333333333334	201022.5	NA	6	0	10	1	96	2	96	1.0	1.0	0.5252361461537143	True	True	False	False	P↔T	P_A__T_B	PT:group_2348--glyQ	160	6267.0	0.4018437936070797	0.4723210133605855	0.5252361461537143	0.9995213020584012	True
3387118	1148	3389	group_2348	amyS	PT	0.5704340720145293	0.3468317225928926	193.375	192275.0	NA	8	1	2	5	70	9	59	0.8428571	1.3920455	0.5413618801996942	True	True	True	True	P↔T	P_A__T_B	PT:group_2348--amyS	158	7119.0	0.40751075935490166	0.4786089151492017	0.5413618801996942	0.999157184997893	True
3387183	1148	3454	group_2348	tmpC	PT	0.5642391745415427	0.34637183493701934	169.11111111111111	170034.88888888888	NA	9	1	9	2	61	9	55	0.90163934	1.2156159	0.546038452356308	True	True	True	True	P↔T	P_A__T_B	PT:group_2348--tmpC	154	7155.0	0.4005528880979349	0.47750188380058434	0.546038452356308	0.99958071278826	True
3387232	1148	3503	group_2348	glyS	PT	0.5837058650920037	0.33877445540968665	191.57142857142858	190202.85714285713	NA	7	0	7	1	96	2	96	1.0	1.0	0.5413618801996942	True	True	False	False	P↔T	P_A__T_B	PT:group_2348--glyS	158	7119.0	0.40751075935490166	0.4786089151492017	0.5413618801996942	0.9994381233319286	True
3398939	1153	3355	group_2817	group_8399	PT	0.3680052668859584	0.2386828916282837	3.84	2496.36	NA	25	1	11	5	103	2	95	0.9223301	1.1731726	0.3667668619779719	True	False	True	False	P↔T	P_A__T_B	PT:group_2817--group_8399	36	65.0	0.34582601284280057	0.3556212178060935	0.3667668619779719	1.0	True
3405556	1156	2871	pepE	mutM	PT	0.54907236971979	0.33096596467416345	68.81818181818181	66836.0	NA	11	1	8	1	94	2	94	1.0	1.0	0.5199679149065745	True	False	False	False	P↔T	P_A__T_B	PT:pepE--mutM	124	5137.0	0.38627872699238475	0.45920364312922046	0.5199679149065745	0.9998053338524431	True
3407891	1157	2841	lipO	tabA_1	PT	0.6072929302279606	0.723809132804142	89.95	88694.1	NA	20	1	0	1	39	8	39	1.0	1.0	0.564582124532507	True	False	False	False	P↔T	P_A__T_B	PT:lipO--tabA_1	133	6659.0	0.40182647670351873	0.4756947570561305	0.564582124532507	1.0	True
3408508	1157	3458	lipO	secA	PT	0.539176553488526	0.355082166629887	71.71518987341773	64380.39240506329	NA	158	0	3	1	62	3	62	1.0	1.0	0.5379590282641318	True	False	False	False	P↔T	P_A__T_B	PT:lipO--secA	126	5684.0	0.3941755451327071	0.47386683173774385	0.5379590282641318	0.9991203377902885	True
3410231	1158	2817	group_1378	uvrC	PT	0.5343320703172217	0.3529318125467788	88.0	92600.71428571429	NA	7	0	13	6	177	2	92	0.519774	2.6031575	0.5263596452234075	True	False	True	False	P↔T	P_A__T_B	PT:group_1378--uvrC	132	6543.0	0.3901641365913845	0.46716785150514184	0.5263596452234075	0.9993886596362525	True
3410245	1158	2831	group_1378	divIB	PT	0.5351554888320718	0.32296418826714485	44.57142857142857	43541.28571428572	NA	7	1	12	1	61	3	61	1.0	1.0	0.533060051169155	True	False	False	False	P↔T	P_A__T_B	PT:group_1378--divIB	110	3255.0	0.39199127220402935	0.4753361656591005	0.533060051169155	0.9990783410138249	True
3410541	1158	3127	group_1378	purH	PT	0.5253730419195684	0.3163217695076088	9.5	9054.833333333334	NA	6	1	2	1	64	3	64	1.0	1.0	0.5222286127354437	True	False	False	False	P↔T	P_A__T_B	PT:group_1378--purH	62	279.0	0.3707922553543998	0.4851597676885482	0.5222286127354437	1.0	True
3410917	1158	3503	group_1378	glyS	PT	0.5609480493981154	0.3258108049930191	116.4	113788.0	NA	10	1	19	1	63	3	63	1.0	1.0	0.5405748341731146	True	True	False	False	P↔T	P_A__T_B	PT:group_1378--glyS	142	7405.0	0.3975290926622001	0.4820870544336064	0.5405748341731146	0.999864956110736	True
3429169	1166	2879	acpA_2	murD	PT	0.5474367486089832	0.327780680489672	83.8	74516.4	NA	5	1	18	2	104	2	94	0.90384614	1.210385	0.540503408813588	True	False	True	False	P↔T	P_A__T_B	PT:acpA_2--murD	131	6501.0	0.3924490755407562	0.47086457521154296	0.540503408813588	0.9993847100446085	True
3429173	1166	2883	acpA_2	proA	PT	0.5338729708643105	0.31653416085901814	76.33333333333333	74296.0	NA	6	1	8	3	99	2	95	0.959596	1.0850216	0.5259941119522762	True	False	True	False	P↔T	P_A__T_B	PT:acpA_2--proA	128	6142.0	0.38636510506042754	0.46168201672366144	0.5259941119522762	0.9995115597525236	True
3429218	1166	2928	acpA_2	rlmI	PT	0.5395323581984959	0.30911091993044315	143.35714285714286	139820.7857142857	NA	14	1	11	3	72	2	65	0.9027778	1.2186178	0.5278959988823944	True	True	True	True	P↔T	P_A__T_B	PT:acpA_2--rlmI	148	7014.0	0.3872508087143199	0.4707294104569887	0.5278959988823944	0.9997148560022812	True
3429296	1166	3006	acpA_2	exoA	PT	0.5577440991117993	0.3325585675255326	244.0	247912.58333333334	NA	12	1	6	1	95	2	95	1.0	1.0	0.5193783119600369	True	True	False	False	P↔T	P_A__T_B	PT:acpA_2--exoA	166	5137.0	0.3932103505718579	0.46372119274965456	0.5193783119600369	0.9996106677048862	True
3429469	1166	3179	acpA_2	aguA	PT	0.5526348876703923	0.3237150744833115	76.66666666666667	74387.0	NA	6	1	3	1	94	2	94	1.0	1.0	0.5259941119522762	True	False	False	False	P↔T	P_A__T_B	PT:acpA_2--aguA	128	6142.0	0.38636510506042754	0.46168201672366144	0.5259941119522762	0.9996743731683491	True
3429608	1166	3318	acpA_2	glyQ	PT	0.5445750653259395	0.3246225625599264	60.666666666666664	60678.04761904762	NA	21	1	10	1	96	2	96	1.0	1.0	0.5352756026240271	True	False	False	False	P↔T	P_A__T_B	PT:acpA_2--glyQ	120	4311.0	0.3868674420963746	0.46419056544283316	0.5352756026240271	0.9995360705172813	True
3429740	1166	3450	acpA_2	trpB	PT	0.5368318558150814	0.3349615324184996	217.08333333333334	220065.58333333334	NA	12	1	14	4	105	2	95	0.9047619	1.215948	0.5340649006682804	True	True	True	True	P↔T	P_A__T_B	PT:acpA_2--trpB	162	6229.0	0.3950004171278652	0.4754701501436089	0.5340649006682804	0.9990367635254455	True
3429793	1166	3503	acpA_2	glyS	PT	0.5748420057788928	0.33403919508670826	61.57142857142857	61643.95238095238	NA	21	1	7	1	96	2	96	1.0	1.0	0.5589392240968617	True	False	False	False	P↔T	P_A__T_B	PT:acpA_2--glyS	121	4659.0	0.3838960471343984	0.4717168880744048	0.5589392240968617	0.9991414466623739	True
3443292	1172	2887	group_4323	aroE	PT	0.5387334600834571	0.31595281350843823	86.61682242990655	86381.35514018692	NA	107	1	6	2	83	2	81	0.97590363	1.0493526	0.5263596452234075	True	False	True	False	P↔T	P_A__T_B	PT:group_4323--aroE	132	6543.0	0.3901641365913845	0.46716785150514184	0.5263596452234075	0.9996943298181262	True
3443499	1172	3094	group_4323	pncB2	PT	0.571174379245687	0.3547516414151001	136.47368421052633	131682.34210526315	NA	38	1	2	1	83	2	83	1.0	1.0	0.5185137616003813	True	True	False	False	P↔T	P_A__T_B	PT:group_4323--pncB2	147	7193.0	0.3914997417947871	0.46727837387359594	0.5185137616003813	0.9998609759488392	True
3443560	1172	3155	group_4323	xseA	PT	0.5732244831118004	0.32491810403301047	41.28712871287129	42265.12871287129	NA	101	1	8	1	88	2	88	1.0	1.0	0.5473099190367574	True	False	False	False	P↔T	P_A__T_B	PT:group_4323--xseA	108	2991.0	0.3928778131476145	0.46842626819474903	0.5473099190367574	0.9996656636576395	True
3443723	1172	3318	group_4323	glyQ	PT	0.584390179545042	0.3484975343312165	184.8148148148148	178674.66666666666	NA	27	1	10	1	96	2	96	1.0	1.0	0.5463577586943603	True	True	False	False	P↔T	P_A__T_B	PT:group_4323--glyQ	157	7369.0	0.39746671270646744	0.47722938257552205	0.5463577586943603	0.9997285927534265	True
3443908	1172	3503	group_4323	glyS	PT	0.5687165402627039	0.3305663452208009	183.96296296296296	176675.03703703705	NA	27	1	7	1	96	2	96	1.0	1.0	0.5463577586943603	True	True	False	False	P↔T	P_A__T_B	PT:group_4323--glyS	157	7369.0	0.39746671270646744	0.47722938257552205	0.5463577586943603	0.9995928891301398	True
3443921	1172	3516	group_4323	lysA	PT	0.5353208266872312	0.3172733534946521	98.42857142857143	95340.71428571429	NA	7	1	18	1	93	2	93	1.0	1.0	0.5332549544674678	True	False	False	False	P↔T	P_A__T_B	PT:group_4323--lysA	136	6656.0	0.3897076226241678	0.46531264758115304	0.5332549544674678	0.9990985576923077	True
3464351	1181	2841	group_4168	tabA_1	PT	0.6443568267400157	0.7679841683716776	4.574468085106383	4355.0	NA	47	1	0	1	40	8	40	1.0	1.0	0.6426183889393076	True	False	False	False	P↔T	P_A__T_B	PT:group_4168--tabA_1	41	48.0	0.46545309523857975	0.6269724487329331	0.6426183889393076	1.0	True
3466137	1182	2287	group_4466	group_4266	PT	0.6268694575724264	0.7395695833710968	276.3076923076923	295326.0	0.15638399	13	0	2	3	8	2	4	0.5	2.4615386	0.5572412141756375	True	True	True	True	P↔T	P_A__T_B	PT:group_4466--group_4266	170	4350.0	0.41698755685469835	0.48456443129473364	0.5572412141756375	0.9997701149425288	True
3466696	1182	2846	group_4466	rsuA_2	PT	0.534317310726589	0.31603444949125786	45.37234042553192	50270.617021276594	NA	94	1	11	1	65	3	65	1.0	1.0	0.5266891852076262	True	False	False	False	P↔T	P_A__T_B	PT:group_4466--rsuA_2	111	3261.0	0.38794768254385237	0.4639352167708842	0.5266891852076262	0.9996933455995094	True
3466977	1182	3127	group_4466	purH	PT	0.5165156618734196	0.31146144970544637	431.8	445020.7	NA	10	1	2	1	64	3	64	1.0	1.0	0.5136944628334523	True	True	False	False	P↔T	P_A__T_B	PT:group_4466--purH	185	664.0	0.4075444854909519	0.45681285460938437	0.5136944628334523	1.0	True
3490180	1192	2985	group_3418	lacC_1	PT	0.534545928161057	0.32507218228469226	47.77777777777778	50890.666666666664	NA	9	1	5	1	90	2	90	1.0	1.0	0.5317924867156318	True	False	False	False	P↔T	P_A__T_B	PT:group_3418--lacC_1	112	3333.0	0.3931500238195398	0.4797915170615452	0.5317924867156318	0.9990999099909991	True
3490398	1192	3203	group_3418	gapN	PT	0.5568960561030202	0.3548444822835341	31.75	31995.9375	NA	48	1	1	1	93	2	93	1.0	1.0	0.551914922374759	True	False	False	False	P↔T	P_A__T_B	PT:group_3418--gapN	99	2078.0	0.3879656482629737	0.4720397097033908	0.551914922374759	0.9995187680461982	True
3490464	1192	3269	group_3418	eno	PT	0.5837264480961752	0.36345622724568644	33.3	34937.025	NA	40	1	17	1	93	2	93	1.0	1.0	0.5540619893245318	True	False	False	False	P↔T	P_A__T_B	PT:group_3418--eno	101	2082.0	0.3962493617590059	0.4746578988120893	0.5540619893245318	1.0	True
3490528	1192	3333	group_3418	ftsW	PT	0.605173592391537	0.42966060751285023	19.246153846153845	17284.076923076922	NA	65	1	0	9	184	2	96	0.5217391	2.5160522	0.6011209589181917	True	False	True	False	P↔T	P_A__T_B	PT:group_3418--ftsW	83	1252.0	0.40448529756536794	0.505773841473608	0.6011209589181917	0.9992012779552716	True
3515600	1203	2841	group_3222	tabA_1	PT	0.6443568267400157	0.7679841683716776	4.717391304347826	3911.8260869565215	NA	46	1	0	1	40	8	40	1.0	1.0	0.6278537160845499	True	False	False	False	P↔T	P_A__T_B	PT:group_3222--tabA_1	42	79.0	0.39585925572029207	0.47932572018536324	0.6278537160845499	1.0	True
3552568	1219	2841	group_3354	tabA_1	PT	0.6196964273546292	0.7354984950709785	36.4	36646.145454545454	NA	55	0	0	1	40	8	40	1.0	1.0	0.5527864660500079	True	False	False	False	P↔T	P_A__T_B	PT:group_3354--tabA_1	104	2447.0	0.39357547342754445	0.47616694577802	0.5527864660500079	0.9995913363302003	True
3552576	1219	2849	group_3354	yheH	PT	0.5321527071102874	0.3282317941156443	147.44444444444446	149588.33333333334	NA	9	1	19	1	85	2	85	1.0	1.0	0.5319567578769561	True	True	False	False	P↔T	P_A__T_B	PT:group_3354--yheH	149	7270.0	0.39273772892798514	0.47759800837721783	0.5319567578769561	0.9990371389270977	True
3552598	1219	2871	group_3354	mutM	PT	0.5553215808854017	0.336144701342008	18.666666666666668	15781.166666666666	NA	6	1	8	1	92	2	92	1.0	1.0	0.5548285801590569	True	False	False	False	P↔T	P_A__T_B	PT:group_3354--mutM	82	1230.0	0.41607946036401605	0.5143220995342832	0.5548285801590569	0.9991869918699187	True
3552696	1219	2969	group_3354	dnaD	PT	0.5317045625861979	0.3521363191608956	36.11538461538461	35117.5	NA	26	1	9	4	102	2	94	0.92156863	1.1724138	0.5301874979279985	True	False	True	False	P↔T	P_A__T_B	PT:group_3354--dnaD	103	2371.0	0.39840338647510387	0.4755447554089995	0.5301874979279985	0.9991564740615774	True
3552733	1219	3006	group_3354	exoA	PT	0.5325232966467914	0.3186821233674159	142.8	145099.7	NA	10	1	6	1	93	2	93	1.0	1.0	0.5278959988823944	True	True	False	False	P↔T	P_A__T_B	PT:group_3354--exoA	148	7014.0	0.3872508087143199	0.4707294104569887	0.5278959988823944	0.9991445680068435	True
3552746	1219	3019	group_3354	lcnD_1	PT	0.5534559895794926	0.3474942109952865	22.4	13992.6	NA	5	1	2	1	94	2	94	1.0	1.0	0.5464570290614339	True	False	False	False	P↔T	P_A__T_B	PT:group_3354--lcnD_1	88	1433.0	0.41057403341599674	0.48235624693565576	0.5464570290614339	1.0	True
3552797	1219	3070	group_3354	rlmL	PT	0.5421404911755758	0.3209336678438186	115.83333333333333	114894.5	NA	6	1	20	1	88	2	88	1.0	1.0	0.5316533189375846	True	True	False	False	P↔T	P_A__T_B	PT:group_3354--rlmL	141	7395.0	0.3871496933098411	0.47030095213421264	0.5316533189375846	1.0	True
3552903	1219	3176	group_3354	ykuR	PT	0.5751199020201944	0.35775655144557733	48.6	53108.6	NA	5	1	6	1	92	2	92	1.0	1.0	0.5462832327792219	True	False	False	False	P↔T	P_A__T_B	PT:group_3354--ykuR	113	3520.0	0.38761088351212347	0.47391069367778316	0.5462832327792219	0.9994318181818181	True
3553018	1219	3291	group_3354	tcyN	PT	0.543237600992527	0.406011934828947	103.42857142857143	100196.42857142857	NA	7	1	3	1	90	2	90	1.0	1.0	0.5315847205535043	True	True	False	False	P↔T	P_A__T_B	PT:group_3354--tcyN	138	7091.0	0.3981037355735937	0.4751136246144751	0.5315847205535043	0.9994359046678889	True
3553177	1219	3450	group_3354	trpB	PT	0.5469659394853398	0.3426241255772947	128.91666666666666	129023.58333333333	NA	12	1	14	2	98	2	93	0.9489796	1.107217	0.5349641700005964	True	True	True	True	P↔T	P_A__T_B	PT:group_3354--trpB	145	7304.0	0.3878549399318433	0.47243878077081425	0.5349641700005964	0.999315443592552	True
3553230	1219	3503	group_3354	glyS	PT	0.5617612155257304	0.3276117739480911	106.2	104146.8	NA	10	1	7	1	94	2	94	1.0	1.0	0.5583716907218641	True	True	False	False	P↔T	P_A__T_B	PT:group_3354--glyS	139	7470.0	0.4039879220229497	0.47413304049816535	0.5583716907218641	0.9991967871485944	True
3554875	1220	2846	group_4073	rsuA_2	PT	0.5840873260422652	0.34638630985503055	15.857142857142858	13972.415584415585	NA	154	1	10	1	93	2	93	1.0	1.0	0.580934895066093	True	False	False	False	P↔T	P_A__T_B	PT:group_4073--rsuA_2	77	1067.0	0.42345860039278055	0.49824385816641614	0.580934895066093	0.9990627928772259	True
3554908	1220	2879	group_4073	murD	PT	0.5410993555604613	0.32523811199938246	16.54605263157895	14419.66447368421	NA	152	1	18	1	93	2	93	1.0	1.0	0.5338680261945804	True	False	False	False	P↔T	P_A__T_B	PT:group_4073--murD	79	1070.0	0.4162559012185637	0.49740798502146966	0.5338680261945804	1.0	True
3555166	1220	3137	group_4073	moeZ	PT	0.5698152820581088	0.5683682187810988	14.666666666666666	12608.583333333334	NA	12	1	2	2	14	2	12	0.85714287	1.3243244	0.5696441523743883	True	False	True	False	P↔T	P_A__T_B	PT:group_4073--moeZ	75	1031.0	0.4544248092791162	0.5181731561387705	0.5696441523743883	0.9990300678952473	True
3569403	1227	1288	group_4308	group_1904	PT	0.10006176596668684	0.1994159990600215	1.2197802197802199	281.85714285714283	0.060820073	91	0	0	1	7	13	7	1.0	1.0	0.0999700579123175	True	False	False	False	P↔T	P_A__T_B	PT:group_4308--group_1904	10	4.0	0.09547636324822154	0.09914468542299378	0.09997005791231753	1.0	True
3573692	1228	3283	mobA	tgt	PT	0.5161028280039879	0.3140402756001797	9.923076923076923	8441.615384615385	NA	13	1	12	1	91	2	91	1.0	1.0	0.5122993061197123	True	False	False	False	P↔T	P_A__T_B	PT:mobA--tgt	63	397.0	0.37723315646775374	0.47995294144167333	0.5122993061197123	1.0	True
3574989	1229	2287	group_4912	group_4266	PT	0.6268694575724264	0.7395695833710968	168.68	159155.76	0.12294042	25	0	2	3	8	2	4	0.5	2.4615386	0.546038452356308	True	True	True	True	P↔T	P_A__T_B	PT:group_4912--group_4266	154	7155.0	0.4005528880979349	0.47750188380058434	0.546038452356308	1.0	True
3580833	1232	1258	group_2749	group_1130	PT	0.6179271255663197	0.652523040540498	1.9908256880733946	926.1284403669724	0.06192239	109	1	3	8	21	6	5	0.23809524	5.5822783	0.5974483417256982	True	False	True	False	P↔T	P_A__T_B	PT:group_2749--group_1130	20	148.0	0.30522760705544205	0.44450916204577695	0.5974483417256982	1.0	True
3581031	1232	1456	group_2749	group_827	PT	0.4786156708682058	0.6493894044455464	1.0735294117647058	162.7058823529412	0.1307114	68	1	0	1	5	13	5	1.0	1.0	0.4748537092404731	True	False	False	False	P↔T	P_A__T_B	PT:group_2749--group_827	8	15.0	0.29051758948156	0.44099605459087654	0.4748537092404731	1.0	True
3593851	1237	2841	cmpC	tabA_1	PT	0.649912047786039	0.7733834388108688	153.9090909090909	151175.63636363635	NA	11	1	0	1	40	8	40	1.0	1.0	0.5418130524014179	True	True	False	False	P↔T	P_A__T_B	PT:cmpC--tabA_1	151	7301.0	0.3921240553854216	0.4786156708682058	0.5418130524014179	1.0	True
3594328	1237	3318	cmpC	glyQ	PT	0.565252979859405	0.33891150141976967	280.35714285714283	279342.35714285716	NA	14	1	16	1	56	9	56	1.0	1.0	0.5572412141756375	True	True	False	False	P↔T	P_A__T_B	PT:cmpC--glyQ	170	4350.0	0.41698755685469835	0.48456443129473364	0.5572412141756375	0.9995402298850574	True
3594513	1237	3503	cmpC	glyS	PT	0.5284570123964909	0.30876356353298584	281.07142857142856	279999.21428571426	NA	14	1	17	1	45	8	45	1.0	1.0	0.517793164531963	True	True	False	False	P↔T	P_A__T_B	PT:cmpC--glyS	171	3852.0	0.41346459786437395	0.4738879625483933	0.517793164531963	0.9997403946002077	True
3609818	1244	2841	lsrC	tabA_1	PT	0.6014375724930504	0.7180932326471392	154.72727272727272	151703.9090909091	NA	11	1	0	1	39	8	39	1.0	1.0	0.5418130524014179	True	True	False	False	P↔T	P_A__T_B	PT:lsrC--tabA_1	151	7301.0	0.3921240553854216	0.4786156708682058	0.5418130524014179	0.9997260649226133	True
3610480	1244	3503	lsrC	glyS	PT	0.5260881391942115	0.3076163236169486	281.64285714285717	280298.35714285716	NA	14	1	17	1	44	8	44	1.0	1.0	0.517793164531963	True	True	False	False	P↔T	P_A__T_B	PT:lsrC--glyS	171	3852.0	0.41346459786437395	0.4738879625483933	0.517793164531963	0.9992211838006231	True
3612095	1245	2841	group_1620	tabA_1	PT	0.6010887792499099	0.719073233099974	50.0	51432.97368421053	NA	38	1	0	1	39	8	39	1.0	1.0	0.5209179732180087	True	False	False	False	P↔T	P_A__T_B	PT:group_1620--tabA_1	114	3539.0	0.40568895067865635	0.48551233795517507	0.5209179732180087	0.9997174343034756	True
3621613	1249	3261	group_4408	prfC	PT	0.5241872115965627	0.30133509567760425	68.36893203883496	70803.32038834952	NA	103	1	22	1	95	2	95	1.0	1.0	0.5199679149065745	True	False	False	False	P↔T	P_A__T_B	PT:group_4408--prfC	124	5137.0	0.38627872699238475	0.45920364312922046	0.5199679149065745	0.9992213354097722	True
3646419	1260	3130	group_2180	coaA	PT	0.43948652888855433	0.2702224578615633	4.075	2466.75	NA	40	1	6	1	93	2	93	1.0	1.0	0.4368463365525373	True	False	False	False	P↔T	P_A__T_B	PT:group_2180--coaA	38	45.0	0.3717425622258965	0.4130846055283829	0.43684633655253735	1.0	True
3646468	1260	3179	group_2180	aguA	PT	0.5042631236116613	0.2973469000102526	5.166666666666667	4126.0	NA	6	1	3	1	94	2	94	1.0	1.0	0.5025849763025104	True	False	False	False	P↔T	P_A__T_B	PT:group_2180--aguA	44	82.0	0.37358127883355396	0.4874816505201533	0.5025849763025104	1.0	True
3646580	1260	3291	group_2180	tcyN	PT	0.5560748629232009	0.41799564932890937	60.55555555555556	56793.666666666664	NA	9	1	3	1	92	2	92	1.0	1.0	0.5352756026240271	True	False	False	False	P↔T	P_A__T_B	PT:group_2180--tcyN	120	4311.0	0.3868674420963746	0.46419056544283316	0.5352756026240271	0.9997680352586407	True
3666450	1269	2848	group_5893	uvrB	PT	0.539340990482293	0.330829038397122	93.4	94570.5	NA	10	1	17	1	89	2	89	1.0	1.0	0.5374523103890211	True	False	False	False	P↔T	P_A__T_B	PT:group_5893--uvrB	134	6692.0	0.3931057832206375	0.46700143775233893	0.5374523103890211	0.9992528392109982	True
3666514	1269	2912	group_5893	zwf	PT	0.5420101663378114	0.33182478325863635	102.11111111111111	103826.0	NA	9	1	13	1	92	2	92	1.0	1.0	0.5419450591393834	True	True	False	False	P↔T	P_A__T_B	PT:group_5893--zwf	137	6850.0	0.3930959098558664	0.4741026879635306	0.5419450591393834	0.9991240875912408	True
3666550	1269	2948	group_5893	folD	PT	0.5771011743865724	0.38128071349214404	107.42857142857143	110187.85714285714	NA	7	1	2	5	163	2	93	0.5705522	2.2209313	0.5583716907218641	True	True	True	True	P↔T	P_A__T_B	PT:group_5893--folD	139	7470.0	0.4039879220229497	0.47413304049816535	0.5583716907218641	0.9998661311914324	True
3666559	1269	2957	group_5893	glnP_1	PT	0.5543545297814031	0.3585267799427353	102.33333333333333	103788.66666666667	NA	9	1	1	1	92	2	92	1.0	1.0	0.5419450591393834	True	True	False	False	P↔T	P_A__T_B	PT:group_5893--glnP_1	137	6850.0	0.3930959098558664	0.4741026879635306	0.5419450591393834	0.9997080291970802	True
3666663	1269	3061	group_5893	ptsI	PT	0.5309835941626155	0.3498777224358024	76.44444444444444	75099.66666666667	NA	9	1	4	1	89	2	89	1.0	1.0	0.5259941119522762	True	False	False	False	P↔T	P_A__T_B	PT:group_5893--ptsI	128	6142.0	0.38636510506042754	0.46168201672366144	0.5259941119522762	0.9993487463366981	True
3666757	1269	3155	group_5893	xseA	PT	0.5396296066107515	0.3077379573347787	112.57142857142857	113502.0	NA	7	1	8	1	87	2	87	1.0	1.0	0.5223882377413513	True	True	False	False	P↔T	P_A__T_B	PT:group_5893--xseA	140	7343.0	0.3911716732582963	0.4619817890418844	0.5223882377413513	1.0	True
3666790	1269	3188	group_5893	accA	PT	0.5368160131939482	0.3200831478809598	237.91666666666666	236753.0	NA	12	1	16	1	95	2	95	1.0	1.0	0.531299325178733	True	True	False	False	P↔T	P_A__T_B	PT:group_5893--accA	165	5181.0	0.4055404470708287	0.47828381926891644	0.531299325178733	0.9992279482725342	True
3666863	1269	3261	group_5893	prfC	PT	0.5538012226763265	0.31844217446728973	237.83333333333334	236862.16666666666	NA	12	1	22	1	94	2	94	1.0	1.0	0.531299325178733	True	True	False	False	P↔T	P_A__T_B	PT:group_5893--prfC	165	5181.0	0.4055404470708287	0.47828381926891644	0.531299325178733	0.9996139741362672	True
3666871	1269	3269	group_5893	eno	PT	0.5521246831972143	0.34439505964344486	140.55555555555554	150681.66666666666	NA	9	1	17	1	92	2	92	1.0	1.0	0.5278959988823944	True	True	False	False	P↔T	P_A__T_B	PT:group_5893--eno	148	7014.0	0.3872508087143199	0.4707294104569887	0.5278959988823944	0.9998574280011405	True
3676363	1274	1511	cpsD	group_527	PT	0.45056120886630463	0.683639869044369	4.0	3483.1052631578946	1.4394	19	1	0	1	6	2	6	1.0	1.0	0.4485271204795138	True	False	False	False	P↔T	P_A__T_B	PT:cpsD--group_527	37	127.0	0.3933659983460304	0.4272927787031454	0.4485271204795138	1.0	True
3700920	1285	1406	group_4825	group_3896	PT	0.5233850054371224	0.7891634838885607	162.9	149216.5625	0.070753634	80	1	0	1	9	2	9	1.0	1.0	0.5229541676739113	True	True	False	False	P↔T	P_A__T_B	PT:group_4825--group_3896	153	7357.0	0.3875685866379974	0.461561628741317	0.5229541676739113	0.9990485252140818	True
3742449	1303	2840	rmlA	dexB	PT	0.5653864979831198	0.3389362042650934	14.246575342465754	13330.739726027397	NA	146	1	1	5	100	2	89	0.89	1.2518778	0.5614864208646345	True	False	True	False	P↔T	P_A__T_B	PT:rmlA--dexB	74	976.0	0.45331189069657885	0.5210237500248861	0.5614864208646345	1.0	True
3753505	1308	2816	ftsH4	prmA	PT	0.5708000621994321	0.35748396900656815	10.125	8929.56875	NA	160	1	19	3	96	2	93	0.96875	1.064941	0.5570688828786537	True	False	True	False	P↔T	P_A__T_B	PT:ftsH4--prmA	64	392.0	0.43722587434945265	0.521005686902981	0.5570688828786537	1.0	True
3753530	1308	2841	ftsH4	tabA_1	PT	0.6201840416961012	0.7512965069023095	79.4	80180.86666666667	NA	15	1	0	1	40	8	40	1.0	1.0	0.5501127644567841	True	False	False	False	P↔T	P_A__T_B	PT:ftsH4--tabA_1	129	6308.0	0.3844788283691114	0.4617916915133974	0.5501127644567841	0.9996829422954978	True
3753532	1308	2843	ftsH4	arnB	PT	0.5309919566641066	0.30983987734831214	45.92622950819672	44733.188524590165	NA	122	1	0	1	88	2	88	1.0	1.0	0.5266891852076262	True	False	False	False	P↔T	P_A__T_B	PT:ftsH4--arnB	111	3261.0	0.38794768254385237	0.4639352167708842	0.5266891852076262	0.9993866911990187	True
3753579	1308	2890	ftsH4	trpE	PT	0.529758112505915	0.3131371097770016	32.312056737588655	28478.475177304965	NA	141	1	1	1	94	2	94	1.0	1.0	0.5129281063345832	True	False	False	False	P↔T	P_A__T_B	PT:ftsH4--trpE	100	2094.0	0.38263931345305796	0.45402751063861174	0.5129281063345832	1.0	True
3753646	1308	2957	ftsH4	glnP_1	PT	0.5348705138517722	0.34645425290851467	179.0	184857.2857142857	NA	14	1	1	1	93	2	93	1.0	1.0	0.5287792974125534	True	True	False	False	P↔T	P_A__T_B	PT:ftsH4--glnP_1	156	7473.0	0.3899028010488324	0.473850126100351	0.5287792974125534	0.9994647397296935	True
3753759	1308	3070	ftsH4	rlmL	PT	0.5217693220495154	0.3107200761175986	350.4	344782.3	NA	20	1	20	1	90	2	90	1.0	1.0	0.5153106261467447	True	True	False	False	P↔T	P_A__T_B	PT:ftsH4--rlmL	178	1999.0	0.4306926575160151	0.47809614104960807	0.5153106261467447	0.9994997498749375	True
3753980	1308	3291	ftsH4	tcyN	PT	0.5931148824214013	0.4422741807572688	199.33333333333334	197558.55555555556	NA	9	1	3	1	92	2	92	1.0	1.0	0.5724348833960944	True	True	False	False	P↔T	P_A__T_B	PT:ftsH4--tcyN	159	6639.0	0.3978346012983011	0.4785392022326528	0.5724348833960944	0.9993974996234373	True
3754192	1308	3503	ftsH4	glyS	PT	0.541529069223499	0.317649181002561	194.66666666666666	193085.11111111112	NA	9	1	7	1	96	2	96	1.0	1.0	0.5413618801996942	True	True	False	False	P↔T	P_A__T_B	PT:ftsH4--glyS	158	7119.0	0.40751075935490166	0.4786089151492017	0.5413618801996942	0.9990167158308751	True
3759612	1311	2287	lytA_3	group_4266	PT	0.6268694575724264	0.7395695833710968	82.22222222222223	90298.25	0.12355486	36	0	2	3	8	2	4	0.5	2.4615386	0.5436930217953997	True	False	True	False	P↔T	P_A__T_B	PT:lytA_3--group_4266	130	6352.0	0.39038407403218095	0.4658716669128971	0.5436930217953997	1.0	True
3778664	1320	1485	group_846	group_4891	PT	0.6881388137135884	1.0	51.96153846153846	43996.03846153846	0.062885456	78	1	0	1	9	2	9	1.0	1.0	0.556400644858081	True	False	False	False	P↔T	P_A__T_B	PT:group_846--group_4891	115	3718.0	0.38763061719954967	0.46749424021363706	0.556400644858081	1.0	True
3795436	1327	2871	group_3065	mutM	PT	0.5528981623332586	0.33783586747322886	53.44444444444444	52721.88888888889	NA	9	1	8	1	94	2	94	1.0	1.0	0.5365873491015215	True	False	False	False	P↔T	P_A__T_B	PT:group_3065--mutM	116	4019.0	0.3935017213817203	0.47119233265120897	0.5365873491015215	0.9995023637720826	True
3795626	1327	3061	group_3065	ptsI	PT	0.5737238984291229	0.37983524384195205	35.0	37882.22222222222	NA	9	1	4	1	90	2	90	1.0	1.0	0.5133943953971432	True	False	False	False	P↔T	P_A__T_B	PT:group_3065--ptsI	102	2295.0	0.38638107803181254	0.46916105393483	0.5133943953971432	0.9995642701525055	True
3795744	1327	3179	group_3065	aguA	PT	0.5437623219417826	0.32234303550873966	82.85714285714286	75403.85714285714	NA	7	1	3	1	94	2	94	1.0	1.0	0.5436930217953997	True	False	False	False	P↔T	P_A__T_B	PT:group_3065--aguA	130	6352.0	0.39038407403218095	0.4658716669128971	0.5436930217953997	0.9990554156171285	True
3823872	1340	2863	group_3726	ydfG	PT	0.5552844584535971	0.35320873174475853	17.181818181818183	12654.0	NA	11	1	5	1	95	2	95	1.0	1.0	0.5535588430579416	True	False	False	False	P↔T	P_A__T_B	PT:group_3726--ydfG	80	1178.0	0.4274492267226334	0.5055670360336756	0.5535588430579416	0.9991511035653651	True
3823880	1340	2871	group_3726	mutM	PT	0.5979419792592237	0.36549490290251097	25.8	24099.8	NA	5	1	8	1	94	2	94	1.0	1.0	0.585819008271558	True	False	False	False	P↔T	P_A__T_B	PT:group_3726--mutM	93	1609.0	0.4099408745652194	0.48106746751050483	0.585819008271558	1.0	True
3824193	1340	3184	group_3726	glmU	PT	0.5338799594553328	0.32510021897565977	16.8	15397.0	NA	5	1	0	2	97	2	96	0.9896907	1.0208311	0.5338680261945804	True	False	True	False	P↔T	P_A__T_B	PT:group_3726--glmU	79	1070.0	0.4162559012185637	0.49740798502146966	0.5338680261945804	0.9990654205607477	True
3824212	1340	3203	group_3726	gapN	PT	0.577758795385531	0.3725669294179256	18.428571428571427	18526.35714285714	NA	14	1	1	1	93	2	93	1.0	1.0	0.5548285801590569	True	False	False	False	P↔T	P_A__T_B	PT:group_3726--gapN	82	1230.0	0.41607946036401605	0.5143220995342832	0.5548285801590569	1.0	True
3824367	1340	3358	group_3726	livF	PT	0.5897081881161087	0.36640849603588316	17.15625	14942.5	NA	32	1	11	1	94	2	94	1.0	1.0	0.5535588430579416	True	False	False	False	P↔T	P_A__T_B	PT:group_3726--livF	80	1178.0	0.4274492267226334	0.5055670360336756	0.5535588430579416	1.0	True
3824490	1340	3481	group_3726	copY	PT	0.5656337253965803	0.3880448823252098	17.6875	15837.03125	NA	32	1	0	1	95	2	95	1.0	1.0	0.5650533460989601	True	False	False	False	P↔T	P_A__T_B	PT:group_3726--copY	81	1211.0	0.4155872515672719	0.5205593508066352	0.5650533460989601	0.9991742361684558	True
3826393	1341	3203	spsB_2	gapN	PT	0.577758795385531	0.3725669294179256	15.0	16983.25	NA	8	1	1	1	93	2	93	1.0	1.0	0.5578139123668513	True	False	False	False	P↔T	P_A__T_B	PT:spsB_2--gapN	76	1046.0	0.41799175897371527	0.499473466305285	0.5578139123668513	1.0	True
3826401	1341	3211	spsB_2	araD	PT	0.570359064600294	0.3556937918996078	19.416666666666668	16487.833333333332	NA	12	1	6	1	95	2	95	1.0	1.0	0.5665594902919775	True	False	False	False	P↔T	P_A__T_B	PT:spsB_2--araD	84	1243.0	0.4183799269721742	0.5075062840825281	0.5665594902919775	0.999195494770716	True
3826473	1341	3283	spsB_2	tgt	PT	0.5884617597801327	0.3610768368027705	17.916666666666668	15600.833333333334	NA	12	1	12	1	94	2	94	1.0	1.0	0.5650533460989601	True	False	False	False	P↔T	P_A__T_B	PT:spsB_2--tgt	81	1211.0	0.4155872515672719	0.5205593508066352	0.5650533460989601	1.0	True
3826548	1341	3358	spsB_2	livF	PT	0.5897081881161087	0.36640849603588316	12.68	9674.68	NA	25	1	11	1	94	2	94	1.0	1.0	0.5862797725434886	True	False	False	False	P↔T	P_A__T_B	PT:spsB_2--livF	70	772.0	0.4240301036037224	0.5206616288722741	0.5862797725434886	1.0	True
3826671	1341	3481	spsB_2	copY	PT	0.5656337253965803	0.3880448823252098	12.84	11224.16	NA	25	1	0	1	95	2	95	1.0	1.0	0.5521825430494723	True	False	False	False	P↔T	P_A__T_B	PT:spsB_2--copY	71	827.0	0.4406901165371382	0.5187270394147555	0.5521825430494723	1.0	True
3858611	1356	2826	group_1077	thrC	PT	0.56086892914505	0.3597460945488163	144.8181818181818	142266.81818181818	NA	11	1	15	1	94	2	94	1.0	1.0	0.5319567578769561	True	True	False	False	P↔T	P_A__T_B	PT:group_1077--thrC	149	7270.0	0.39273772892798514	0.47759800837721783	0.5319567578769561	0.9995873452544705	True
3858620	1356	2835	group_1077	rnhC	PT	0.5541156221913882	0.3323141420381459	171.0	174762.41666666666	NA	12	1	6	1	94	2	94	1.0	1.0	0.546038452356308	True	True	False	False	P↔T	P_A__T_B	PT:group_1077--rnhC	154	7155.0	0.4005528880979349	0.47750188380058434	0.546038452356308	0.9993011879804332	True
3858631	1356	2846	group_1077	rsuA_2	PT	0.5489754859233396	0.3292289983669318	55.8	53872.2	NA	5	1	10	1	93	2	93	1.0	1.0	0.5234667751025502	True	False	False	False	P↔T	P_A__T_B	PT:group_1077--rsuA_2	118	4206.0	0.37526515819908635	0.45863109905148564	0.5234667751025502	1.0	True
3858648	1356	2863	group_1077	ydfG	PT	0.5227440254736547	0.3331739835399258	111.9090909090909	109323.0	NA	11	1	5	1	95	2	95	1.0	1.0	0.5223882377413513	True	True	False	False	P↔T	P_A__T_B	PT:group_1077--ydfG	140	7343.0	0.3911716732582963	0.4619817890418844	0.5223882377413513	0.9990467111534795	True
3858676	1356	2891	group_1077	paaI	PT	0.5520136913262651	0.34484151778322075	213.34782608695653	215979.52173913043	NA	23	1	7	1	96	2	96	1.0	1.0	0.5417174321406638	True	True	False	False	P↔T	P_A__T_B	PT:group_1077--paaI	161	6396.0	0.40269179499689234	0.4716752021482288	0.5417174321406638	0.9992182614133833	True
3858712	1356	2927	group_1077	ybbH	PT	0.5653374319168547	0.3621104361304926	157.08695652173913	160598.04347826086	NA	23	1	13	1	84	2	84	1.0	1.0	0.5418130524014179	True	True	False	False	P↔T	P_A__T_B	PT:group_1077--ybbH	151	7301.0	0.3921240553854216	0.4786156708682058	0.5418130524014179	0.9993151623065334	True
3858814	1356	3029	group_1077	pyrF	PT	0.55222670618503	0.3586711641924898	50.4	47618.8	NA	5	1	11	1	96	2	96	1.0	1.0	0.5209179732180087	True	False	False	False	P↔T	P_A__T_B	PT:group_1077--pyrF	114	3539.0	0.40568895067865635	0.48551233795517507	0.5209179732180087	0.9994348686069511	True
3858879	1356	3094	group_1077	pncB2	PT	0.5526093502527403	0.3483371487331229	134.0	131438.0	NA	7	1	2	1	83	2	83	1.0	1.0	0.5407323985278885	True	True	False	False	P↔T	P_A__T_B	PT:group_1077--pncB2	146	7243.0	0.3985379884054626	0.4711160910096245	0.5407323985278885	0.9993096783100925	True
3858973	1356	3188	group_1077	accA	PT	0.544905596589731	0.3276046005024061	174.66666666666666	178313.16666666666	NA	12	1	16	1	96	2	96	1.0	1.0	0.5276160322713785	True	True	False	False	P↔T	P_A__T_B	PT:group_1077--accA	155	7412.0	0.38892000468947596	0.4653771741862497	0.5276160322713785	0.9995952509444145	True
3859046	1356	3261	group_1077	prfC	PT	0.5551891713860055	0.32179591483018766	236.85714285714286	241847.42857142858	NA	7	1	22	1	95	2	95	1.0	1.0	0.531299325178733	True	True	False	False	P↔T	P_A__T_B	PT:group_1077--prfC	165	5181.0	0.4055404470708287	0.47828381926891644	0.531299325178733	0.9998069870681335	True
3859064	1356	3279	group_1077	relA	PT	0.558400038233449	0.3970222389617257	146.82608695652175	147040.21739130435	NA	23	1	4	1	90	2	90	1.0	1.0	0.5319567578769561	True	True	False	False	P↔T	P_A__T_B	PT:group_1077--relA	149	7270.0	0.39273772892798514	0.47759800837721783	0.5319567578769561	0.9994497936726272	True
3859068	1356	3283	group_1077	tgt	PT	0.5636896759358604	0.346545976169089	145.54545454545453	143117.72727272726	NA	11	1	12	1	94	2	94	1.0	1.0	0.5319567578769561	True	True	False	False	P↔T	P_A__T_B	PT:group_1077--tgt	149	7270.0	0.39273772892798514	0.47759800837721783	0.5319567578769561	0.9997248968363136	True
3859079	1356	3294	group_1077	typA	PT	0.5309746930469772	0.3364877405861222	55.2	52447.2	NA	5	1	12	1	92	2	92	1.0	1.0	0.5223580564601515	True	False	False	False	P↔T	P_A__T_B	PT:group_1077--typA	117	3966.0	0.38888590061139156	0.4636878191663527	0.5223580564601515	0.9994957135653051	True
3859132	1356	3347	group_1077	spsB	PT	0.5482519767402579	0.3438648932363313	170.83333333333334	174767.33333333334	NA	12	1	12	1	93	2	93	1.0	1.0	0.546038452356308	True	True	False	False	P↔T	P_A__T_B	PT:group_1077--spsB	154	7155.0	0.4005528880979349	0.47750188380058434	0.546038452356308	0.9991614255765199	True
3859206	1356	3421	group_1077	aroF	PT	0.5242204416809662	0.3276079079207865	166.56521739130434	171407.69565217392	NA	23	1	17	1	87	2	87	1.0	1.0	0.5229541676739113	True	True	False	False	P↔T	P_A__T_B	PT:group_1077--aroF	153	7357.0	0.3875685866379974	0.461561628741317	0.5229541676739113	0.9991844501834987	True
3862225	1358	2111	group_1322	group_2974	PT	0.5510799280869729	0.6770445403385985	63.1875	60947.5	0.118324146	32	0	1	1	6	4	6	1.0	1.0	0.550889336219568	True	False	False	False	P↔T	P_A__T_B	PT:group_1322--group_2974	122	4837.0	0.38707974416941443	0.471049888572778	0.550889336219568	0.9993797808559024	True
3862401	1358	2287	group_1322	group_4266	PT	0.6268694575724264	0.7395695833710968	131.06451612903226	123747.06451612903	0.11616103	31	0	2	3	8	2	4	0.5	2.4615386	0.5349641700005964	True	True	True	True	P↔T	P_A__T_B	PT:group_1322--group_4266	145	7304.0	0.3878549399318433	0.47243878077081425	0.5349641700005964	1.0	True
3897433	1374	2831	group_3102	divIB	PT	0.5523126668002069	0.3392767243714813	11.675862068965516	9032.0	NA	145	1	11	2	53	8	44	0.8301887	1.3926624	0.548697802901432	True	False	True	False	P↔T	P_A__T_B	PT:group_3102--divIB	68	590.0	0.4393802928981258	0.5326861108075889	0.548697802901432	1.0	True
3899650	1375	2901	group_4450	sorB	PT	0.5336256711601667	0.4965009125331588	181.2183908045977	161308.8735632184	NA	87	0	1	14	68	13	34	0.5	3.4977307	0.5287792974125534	True	True	True	True	P↔T	P_A__T_B	PT:group_4450--sorB	156	7473.0	0.3899028010488324	0.473850126100351	0.5287792974125534	0.9991971095945403	True
3918853	1384	2826	group_4444	thrC	PT	0.5354084414706692	0.3447650940734848	287.3333333333333	286909.44444444444	NA	9	1	15	1	94	2	94	1.0	1.0	0.517793164531963	True	True	False	False	P↔T	P_A__T_B	PT:group_4444--thrC	171	3852.0	0.41346459786437395	0.4738879625483933	0.517793164531963	1.0	True
3918928	1384	2901	group_4444	sorB	PT	0.5535558547737731	0.5126908755091831	158.85454545454544	176875.70909090908	NA	55	1	2	1	85	2	85	1.0	1.0	0.5235805508804294	True	True	False	False	P↔T	P_A__T_B	PT:group_4444--sorB	152	7432.0	0.3944546112106894	0.4644477840770286	0.5235805508804294	0.9997308934337998	True
3919033	1384	3006	group_4444	exoA	PT	0.5437113362150959	0.33000530641703	423.0	424915.8	NA	15	1	6	1	95	2	95	1.0	1.0	0.5367770164026828	True	True	False	False	P↔T	P_A__T_B	PT:group_4444--exoA	184	631.0	0.4242595397957824	0.49839482717872796	0.5367770164026828	1.0	True
3919140	1384	3113	group_4444	amiA	PT	0.42695932052893165	0.27085718692784616	2.375	2521.5	NA	8	1	13	1	92	2	92	1.0	1.0	0.4265484906104351	True	False	False	False	P↔T	P_A__T_B	PT:group_4444--amiA	24	13.0	0.406417824604108	0.4228510213439669	0.42654849061043515	1.0	True
3919182	1384	3155	group_4444	xseA	PT	0.5243461026331111	0.30209706546161724	6.4	4676.4	NA	5	1	8	1	88	2	88	1.0	1.0	0.5224724035118639	True	False	False	False	P↔T	P_A__T_B	PT:group_4444--xseA	50	105.0	0.40945946654000326	0.5059443029653289	0.5224724035118639	1.0	True
3919183	1384	3156	group_4444	pphA	PT	0.48597600961532317	0.3201594268894356	8.4	6885.4	NA	5	1	0	1	93	2	93	1.0	1.0	0.4814945557525985	True	False	False	False	P↔T	P_A__T_B	PT:group_4444--pphA	58	195.0	0.3758041514618161	0.45964163490625126	0.48149455575259853	1.0	True
3919215	1384	3188	group_4444	accA	PT	0.5434837288112925	0.32754472429697606	70.0379746835443	81073.93670886075	NA	79	1	16	1	96	2	96	1.0	1.0	0.5172512907224396	True	False	False	False	P↔T	P_A__T_B	PT:group_4444--accA	125	5568.0	0.3883907052071812	0.46707213279046095	0.5172512907224396	0.9996408045977011	True
3919221	1384	3194	group_4444	adhE	PT	0.517973380595243	0.32036005800338235	311.3333333333333	308301.0	NA	9	1	0	1	88	2	88	1.0	1.0	0.5165281309090163	True	True	False	False	P↔T	P_A__T_B	PT:group_4444--adhE	174	2770.0	0.41357427129786367	0.4791488749926245	0.5165281309090163	0.9992779783393502	True
3919310	1384	3283	group_4444	tgt	PT	0.5444353855419852	0.33554155220905557	289.8888888888889	289512.3333333333	NA	9	1	12	1	94	2	94	1.0	1.0	0.538637613543026	True	True	False	False	P↔T	P_A__T_B	PT:group_4444--tgt	172	3348.0	0.4155455576610918	0.4910481058387643	0.538637613543026	0.9994026284348865	True
3929659	1389	2957	yihX	glnP_1	PT	0.5363415055055896	0.3491060715158052	115.83333333333333	113392.66666666667	NA	6	1	1	2	93	2	92	0.9892473	1.0217366	0.5316533189375846	True	True	True	True	P↔T	P_A__T_B	PT:yihX--glnP_1	141	7395.0	0.3871496933098411	0.47030095213421264	0.5316533189375846	0.9997295469912103	True
3940178	1394	2826	group_4196	thrC	PT	0.5562128294756219	0.35799782403142194	27.7	24106.1	NA	10	1	15	1	92	2	92	1.0	1.0	0.5466854506253831	True	False	False	False	P↔T	P_A__T_B	PT:group_4196--thrC	95	1710.0	0.4073218284829901	0.4889316704858341	0.5466854506253831	0.9994152046783625	True
3940337	1394	2985	group_4196	lacC_1	PT	0.5449822932702696	0.33711297149200087	24.642857142857142	26601.0	NA	14	1	5	1	88	2	88	1.0	1.0	0.5417970305154212	True	False	False	False	P↔T	P_A__T_B	PT:group_4196--lacC_1	91	1482.0	0.4230034711094754	0.4900516000535971	0.5417970305154212	0.9993252361673415	True
3944562	1396	2957	malI	glnP_1	PT	0.5318143247257864	0.3462732889996844	115.16666666666667	113016.16666666667	NA	6	1	1	2	93	2	92	0.9892473	1.0217366	0.5316533189375846	True	True	True	True	P↔T	P_A__T_B	PT:malI--glnP_1	141	7395.0	0.3871496933098411	0.47030095213421264	0.5316533189375846	0.999053414469236	True
3961856	1404	3279	group_2046	relA	PT	0.5272147852280138	0.37744237321728213	137.08641975308643	140081.24691358025	NA	81	1	4	1	90	2	90	1.0	1.0	0.5185137616003813	True	True	False	False	P↔T	P_A__T_B	PT:group_2046--relA	147	7193.0	0.3914997417947871	0.46727837387359594	0.5185137616003813	0.9993048797441958	True
3967760	1407	2835	group_4084	rnhC	PT	0.5307859013609991	0.31963571462655743	348.22222222222223	331995.27777777775	NA	18	1	6	1	94	2	94	1.0	1.0	0.5153106261467447	True	True	False	False	P↔T	P_A__T_B	PT:group_4084--rnhC	178	1999.0	0.4306926575160151	0.47809614104960807	0.5153106261467447	1.0	True
3972109	1409	2957	group_6001	glnP_1	PT	0.5452289525687529	0.3552504210190126	117.83333333333333	115347.5	NA	6	1	1	2	93	2	92	0.9892473	1.0217366	0.5405748341731146	True	True	True	True	P↔T	P_A__T_B	PT:group_6001--glnP_1	142	7405.0	0.3975290926622001	0.4820870544336064	0.5405748341731146	0.9993247805536799	True
3984766	1415	2957	group_754	glnP_1	PT	0.5246873536745824	0.34277527385132406	55.833333333333336	55173.833333333336	NA	6	1	1	1	93	2	93	1.0	1.0	0.5234667751025502	True	False	False	False	P↔T	P_A__T_B	PT:group_754--glnP_1	118	4206.0	0.37526515819908635	0.45863109905148564	0.5234667751025502	0.9992867332382311	True
4003628	1424	2901	group_4078	sorB	PT	0.544526475439556	0.5047965515151777	222.73493975903614	200112.02409638555	NA	83	1	2	1	84	2	84	1.0	1.0	0.5413836004686878	True	True	False	False	P↔T	P_A__T_B	PT:group_4078--sorB	163	5948.0	0.39222965366257195	0.46771821073727887	0.5413836004686878	0.9994956287827841	True
4005725	1425	2901	group_5992	sorB	PT	0.544526475439556	0.5047965515151777	219.73493975903614	197852.6987951807	NA	83	1	2	1	84	2	84	1.0	1.0	0.5340649006682804	True	True	False	False	P↔T	P_A__T_B	PT:group_5992--sorB	162	6229.0	0.3950004171278652	0.4754701501436089	0.5340649006682804	0.9991973029378712	True
4007939	1426	3019	group_2299	lcnD_1	PT	0.5462622790111601	0.3482610362182358	74.375	74683.875	NA	8	1	15	1	64	3	64	1.0	1.0	0.5175037335831426	True	False	False	False	P↔T	P_A__T_B	PT:group_2299--lcnD_1	127	5912.0	0.3902124198071475	0.45928934001856436	0.5175037335831426	0.9996617050067659	True
4008307	1426	3387	group_2299	proS	PT	0.5810303051553759	0.39138197779389017	9.151162790697674	9505.56976744186	NA	86	1	0	1	62	3	62	1.0	1.0	0.5698229399883483	True	False	False	False	P↔T	P_A__T_B	PT:group_2299--proS	61	261.0	0.35540869955948046	0.4821742189305814	0.5698229399883483	1.0	True
4012010	1428	2901	group_5414	sorB	PT	0.5618337906068256	0.5210025524746941	221.73493975903614	198840.8674698795	NA	83	1	2	1	84	2	84	1.0	1.0	0.5413836004686878	True	True	False	False	P↔T	P_A__T_B	PT:group_5414--sorB	163	5948.0	0.39222965366257195	0.46771821073727887	0.5413836004686878	1.0	True
4012370	1428	3261	group_5414	prfC	PT	0.5193928418433682	0.3034722128557937	317.6875	298972.8	NA	80	1	22	1	94	2	94	1.0	1.0	0.5153361345577364	True	True	False	False	P↔T	P_A__T_B	PT:group_5414--prfC	175	2542.0	0.4065702476086075	0.4697852628526343	0.5153361345577364	0.9996066089693155	True
4014103	1429	2901	group_5993	sorB	PT	0.5426976757743505	0.503101185346503	220.73493975903614	198415.65060240965	NA	83	1	2	1	84	2	84	1.0	1.0	0.5413836004686878	True	True	False	False	P↔T	P_A__T_B	PT:group_5993--sorB	163	5948.0	0.39222965366257195	0.46771821073727887	0.5413836004686878	0.9991593813046402	True
4014463	1429	3261	group_5993	prfC	PT	0.5207126473412881	0.3042433522761436	316.6875	298558.575	NA	80	1	22	1	94	2	94	1.0	1.0	0.5165281309090163	True	True	False	False	P↔T	P_A__T_B	PT:group_5993--prfC	174	2770.0	0.41357427129786367	0.4791488749926245	0.5165281309090163	0.9996389891696751	True
4057211	1450	2287	bglA_1	group_4266	PT	0.6268694575724264	0.7395695833710968	8.9	8316.666666666666	0.10383853	30	0	2	3	8	2	4	0.5	2.4615386	0.5887599053356997	True	False	True	False	P↔T	P_A__T_B	PT:bglA_1--group_4266	60	299.0	0.37861947840171273	0.4755565196246037	0.5887599053356997	1.0	True
4060274	1451	3279	group_3714	relA	PT	0.5343867285811688	0.38646322033987407	140.3181818181818	131014.22727272728	NA	22	1	4	1	90	2	90	1.0	1.0	0.5278959988823944	True	True	False	False	P↔T	P_A__T_B	PT:group_3714--relA	148	7014.0	0.3872508087143199	0.4707294104569887	0.5278959988823944	0.9992871400057028	True
4060357	1451	3362	group_3714	fabF	PT	0.5258454323743088	0.40135387964380326	201.44444444444446	196162.3777777778	NA	90	1	7	1	96	2	96	1.0	1.0	0.5252361461537143	True	True	False	False	P↔T	P_A__T_B	PT:group_3714--fabF	160	6267.0	0.4018437936070797	0.4723210133605855	0.5252361461537143	0.9990426041168023	True
4068548	1455	3279	group_1989	relA	PT	0.5343867285811688	0.38646322033987407	138.6818181818182	130385.63636363637	NA	22	1	4	1	90	2	90	1.0	1.0	0.5185137616003813	True	True	False	False	P↔T	P_A__T_B	PT:group_1989--relA	147	7193.0	0.3914997417947871	0.46727837387359594	0.5185137616003813	0.9995829278465175	True
4068820	1456	1485	group_827	group_4891	PT	0.5255973270178642	0.7610260716417299	50.756410256410255	43153.5641025641	0.044835865	78	1	0	1	9	2	9	1.0	1.0	0.5209179732180087	True	False	False	False	P↔T	P_A__T_B	PT:group_827--group_4891	114	3539.0	0.40568895067865635	0.48551233795517507	0.5209179732180087	0.9991523029104267	True
4107977	1475	1578	msbA_2	ltxB	PT	0.13108292642830116	0.13626885007504408	1.3555555555555556	478.1111111111111	0.12329918	45	0	2	1	8	9	8	1.0	1.0	0.1309549953713109	True	False	False	False	P↔T	P_A__T_B	PT:msbA_2--ltxB	12	2.0	0.12468637357878752	0.12980361585839842	0.1309549953713109	1.0	True
4129640	1485	2826	group_4891	thrC	PT	0.5558847686562488	0.36230627111578984	188.08333333333334	178497.16666666666	NA	12	1	15	1	94	2	94	1.0	1.0	0.5463577586943603	True	True	False	False	P↔T	P_A__T_B	PT:group_4891--thrC	157	7369.0	0.39746671270646744	0.47722938257552205	0.5463577586943603	0.999457185506853	True
4129713	1485	2899	group_4891	uvrA	PT	0.5281789768859377	0.3629442077218532	5.538461538461538	3865.1452991452993	NA	117	1	15	1	93	2	93	1.0	1.0	0.5223665583356618	True	False	False	False	P↔T	P_A__T_B	PT:group_4891--uvrA	46	64.0	0.3960234963759144	0.4700547913831799	0.5223665583356618	1.0	True
4130004	1485	3190	group_4891	marR	PT	0.5729025890486326	0.6196710474166676	195.4375	191739.7	NA	80	1	3	1	95	2	95	1.0	1.0	0.5724348833960944	True	True	False	False	P↔T	P_A__T_B	PT:group_4891--marR	159	6639.0	0.3978346012983011	0.4785392022326528	0.5724348833960944	0.9990962494351558	True
4130093	1485	3279	group_4891	relA	PT	0.5471279110429447	0.3976141378769413	147.0	136842.85714285713	NA	21	1	4	1	90	2	90	1.0	1.0	0.5319567578769561	True	True	False	False	P↔T	P_A__T_B	PT:group_4891--relA	149	7270.0	0.39273772892798514	0.47759800837721783	0.5319567578769561	0.9991746905089408	True
4130197	1485	3383	group_4891	polA	PT	0.5326384094802524	0.34946358423124946	148.41666666666666	142346.25	NA	12	1	5	1	91	2	91	1.0	1.0	0.5237519847899347	True	True	False	False	P↔T	P_A__T_B	PT:group_4891--polA	150	7437.0	0.3911741891394638	0.4657936908457945	0.5237519847899347	0.9991932230738201	True
4132183	1486	3333	group_4938	ftsW	PT	0.37719214482923497	0.27699262810830266	2.1666666666666665	1003.1666666666666	NA	6	1	5	3	55	8	44	0.8	1.485027	0.3768131869573161	True	False	True	False	P↔T	P_A__T_B	PT:group_4938--ftsW	22	21.0	0.35824425123329195	0.37340256611004635	0.37681318695731614	1.0	True
4159536	1500	2287	group_3486	group_4266	PT	0.6268694575724264	0.7395695833710968	49.19444444444444	49474.47222222222	0.08556304	36	0	2	3	8	2	4	0.5	2.4615386	0.5462832327792219	True	False	True	False	P↔T	P_A__T_B	PT:group_3486--group_4266	113	3520.0	0.38761088351212347	0.47391069367778316	0.5462832327792219	0.9997159090909091	True
4201767	1521	2287	group_1122	group_4266	PT	0.6268694575724264	0.7395695833710968	42.5	50387.5	0.09383718	34	0	2	3	8	2	4	0.5	2.4615386	0.5528344494488142	True	False	True	False	P↔T	P_A__T_B	PT:group_1122--group_4266	109	2993.0	0.3924968621525473	0.474136443968867	0.5528344494488142	1.0	True
4228613	1534	3211	gutB	araD	PT	0.484663622693381	0.30932055215188115	480.5	455246.25	NA	8	1	6	1	95	2	95	1.0	1.0	0.4835582655421094	True	True	False	False	P↔T	P_A__T_B	PT:gutB--araD	188	443.0	0.37946584952387863	0.4163101131281514	0.48355826554210946	1.0	True
4260264	1550	3190	Int-Tn_1	marR	PT	0.5729025890486326	0.6196710474166676	209.425	202892.6125	NA	80	1	3	1	95	2	95	1.0	1.0	0.5417174321406638	True	True	False	False	P↔T	P_A__T_B	PT:Int-Tn_1--marR	161	6396.0	0.40269179499689234	0.4716752021482288	0.5417174321406638	0.9995309568480301	True
4283531	1562	2871	group_5450	mutM	PT	0.45286016773420373	0.28393433437972276	3.4	1973.0	NA	5	1	7	1	64	3	64	1.0	1.0	0.4511875205154154	True	False	False	False	P↔T	P_A__T_B	PT:group_5450--mutM	33	37.0	0.3954583441880642	0.4361336955463211	0.4511875205154154	1.0	True
4283608	1562	2948	group_5450	folD	PT	0.4598941413217408	0.31441180371256106	6.6	5375.0	NA	5	1	8	2	74	3	64	0.8648649	1.3050524	0.4593903581189393	True	False	True	False	P↔T	P_A__T_B	PT:group_5450--folD	51	119.0	0.3592005763722007	0.4540925001778381	0.4593903581189393	1.0	True
4283636	1562	2976	group_5450	rnr	PT	0.46459480387427793	0.2788332928065779	0.6	124.8	NA	5	1	10	1	33	3	33	1.0	1.0	0.4645948038742779	True	False	False	False	P↔T	P_A__T_B	PT:group_5450--rnr	0	1.0	0.46459480387427793	0.46459480387427793	0.46459480387427793	1.0	True
4283637	1562	2977	group_5450	tehB	PT	0.3982187572957107	0.26938372445635944	2.6	1511.8	NA	5	1	9	2	66	3	65	0.9848485	1.030762	0.3981143472928558	True	False	True	False	P↔T	P_A__T_B	PT:group_5450--tehB	26	20.0	0.3929982571529666	0.3971746572671619	0.39811434729285583	1.0	True
4284048	1562	3388	group_5450	secG	PT	0.032159400507869196	0.0760534405338623	0.8	168.8	NA	5	1	1	1	10	21	10	1.0	1.0	0.0321594005078691	True	False	False	False	P↔T	P_A__T_B	PT:group_5450--secG	3	1.0	0.032159400507869196	0.032159400507869196	0.032159400507869196	1.0	True
4287418	1564	2841	group_2056	tabA_1	PT	0.5751008786276031	0.6988475174028916	129.6	129758.2	NA	5	1	0	1	39	8	39	1.0	1.0	0.5349641700005964	True	True	False	False	P↔T	P_A__T_B	PT:group_2056--tabA_1	145	7304.0	0.3878549399318433	0.47243878077081425	0.5349641700005964	0.9995892661555312	True
4287868	1564	3291	group_2056	tcyN	PT	0.5709609547423844	0.42768575336315406	237.71428571428572	237134.0	NA	7	1	1	3	56	9	49	0.875	1.290535	0.531299325178733	True	True	True	True	P↔T	P_A__T_B	PT:group_2056--tcyN	165	5181.0	0.4055404470708287	0.47828381926891644	0.531299325178733	1.0	True
4288821	1565	2287	group_2856	group_4266	PT	0.6268694575724264	0.7395695833710968	269.53846153846155	287091.6923076923	0.079943776	13	0	2	3	8	2	4	0.5	2.4615386	0.6087443308342555	True	True	True	True	P↔T	P_A__T_B	PT:group_2856--group_4266	169	4479.0	0.40207819214322427	0.4730930617839842	0.6087443308342555	0.9991069435141773	True
4325092	1583	3503	levS	glyS	PT	0.5185662604235423	0.31349804082362837	75.6	77836.8	NA	5	1	7	1	96	2	96	1.0	1.0	0.5175037335831426	True	False	False	False	P↔T	P_A__T_B	PT:levS--glyS	127	5912.0	0.3902124198071475	0.45928934001856436	0.5175037335831426	0.9991542625169147	True
4330301	1586	2901	group_1962	sorB	PT	0.5490131061055475	0.5099579757521416	301.9	283702.25	NA	20	1	2	1	84	2	84	1.0	1.0	0.546391606804913	True	True	False	False	P↔T	P_A__T_B	PT:group_1962--sorB	173	3102.0	0.4202058119151096	0.4872892599227348	0.546391606804913	0.9993552546744036	True
4334459	1588	3190	group_3705	marR	PT	0.5837166809656091	0.6322366250960524	204.425	198816.5625	NA	80	1	3	1	95	2	95	1.0	1.0	0.5252361461537143	True	True	False	False	P↔T	P_A__T_B	PT:group_3705--marR	160	6267.0	0.4018437936070797	0.4723210133605855	0.5252361461537143	0.9996808680389341	True
4337960	1590	2826	group_5408	thrC	PT	0.5313263882152133	0.35038698777356087	238.0	223865.75	NA	8	1	15	1	94	2	94	1.0	1.0	0.531299325178733	True	True	False	False	P↔T	P_A__T_B	PT:group_5408--thrC	165	5181.0	0.4055404470708287	0.47828381926891644	0.531299325178733	0.9990349353406678	True
4338324	1590	3190	group_5408	marR	PT	0.5837166809656091	0.6322366250960524	200.425	194992.6375	NA	80	1	3	1	95	2	95	1.0	1.0	0.5724348833960944	True	True	False	False	P↔T	P_A__T_B	PT:group_5408--marR	159	6639.0	0.3978346012983011	0.4785392022326528	0.5724348833960944	0.9992468745292966	True
4396817	1621	2287	group_2872	group_4266	PT	0.6268694575724264	0.7395695833710968	245.9090909090909	246876.18181818182	0.08593537	11	0	2	3	8	2	4	0.5	2.4615386	0.5193783119600369	True	True	True	True	P↔T	P_A__T_B	PT:group_2872--group_4266	166	5137.0	0.3932103505718579	0.46372119274965456	0.5193783119600369	1.0	True
4399357	1622	2927	group_5979	ybbH	PT	0.542347017195075	0.35448745337167437	65.375	64841.75	NA	8	1	13	1	83	2	83	1.0	1.0	0.5419086625855352	True	False	False	False	P↔T	P_A__T_B	PT:group_5979--ybbH	123	4978.0	0.382490989074315	0.45658720363545896	0.5419086625855352	0.9991964644435516	True
4399709	1622	3279	group_5979	relA	PT	0.5604258874452636	0.40529448363916676	33.06666666666667	29340.4	NA	15	1	4	1	89	2	89	1.0	1.0	0.5540619893245318	True	False	False	False	P↔T	P_A__T_B	PT:group_5979--relA	101	2082.0	0.3962493617590059	0.4746578988120893	0.5540619893245318	0.9995196926032661	True
4425756	1636	2831	group_1743	divIB	PT	0.24455987828954145	0.15461776128866148	619.3333333333334	636754.0	NA	6	1	17	1	35	13	35	1.0	1.0	0.2440720893552544	True	True	False	False	P↔T	P_A__T_B	PT:group_1743--divIB	197	130.0	0.22369635341587024	0.23828814813124233	0.24407208935525446	1.0	True
4429595	1638	2901	group_2704	sorB	PT	0.5639572287505837	0.5225506256974093	157.11111111111111	173731.62962962964	NA	54	1	2	1	85	2	85	1.0	1.0	0.5418130524014179	True	True	False	False	P↔T	P_A__T_B	PT:group_2704--sorB	151	7301.0	0.3921240553854216	0.4786156708682058	0.5418130524014179	0.99917819476784	True
4433649	1640	3190	group_4892	marR	PT	0.5776478096611963	0.624803640432338	208.425	202360.475	NA	80	1	3	1	95	2	95	1.0	1.0	0.5417174321406638	True	True	False	False	P↔T	P_A__T_B	PT:group_4892--marR	161	6396.0	0.40269179499689234	0.4716752021482288	0.5417174321406638	0.9996873045653534	True
4448748	1648	3269	group_3273	eno	PT	0.33420104917345406	0.21734633183174576	1.8	2583.2	NA	5	1	15	2	57	9	52	0.9122807	1.190546	0.3325041365168578	True	False	True	False	P↔T	P_A__T_B	PT:group_3273--eno	18	13.0	0.24935541634364572	0.3172319226074923	0.33250413651685784	1.0	True
4454285	1651	3190	group_5412	marR	PT	0.5837166809656091	0.6322366250960524	207.425	201190.35	NA	80	1	3	1	95	2	95	1.0	1.0	0.5417174321406638	True	True	False	False	P↔T	P_A__T_B	PT:group_5412--marR	161	6396.0	0.40269179499689234	0.4716752021482288	0.5417174321406638	0.9998436522826767	True
4463326	1656	2891	group_3419	paaI	PT	0.5160939921866251	0.33319472656416027	321.15	316365.3	NA	20	1	7	1	96	2	96	1.0	1.0	0.5153361345577364	True	True	False	False	P↔T	P_A__T_B	PT:group_3419--paaI	175	2542.0	0.4065702476086075	0.4697852628526343	0.5153361345577364	0.999213217938631	True
4463625	1656	3190	group_3419	marR	PT	0.5837166809656091	0.6322366250960524	194.4375	190853.85	NA	80	1	3	1	95	2	95	1.0	1.0	0.5413618801996942	True	True	False	False	P↔T	P_A__T_B	PT:group_3419--marR	158	7119.0	0.40751075935490166	0.4786089151492017	0.5413618801996942	0.9995785924989464	True
4471079	1660	3190	group_5411	marR	PT	0.5837166809656091	0.6322366250960524	206.425	200041.7375	NA	80	1	3	1	95	2	95	1.0	1.0	0.5252361461537143	True	True	False	False	P↔T	P_A__T_B	PT:group_5411--marR	160	6267.0	0.4018437936070797	0.4723210133605855	0.5252361461537143	0.9998404340194671	True
4474451	1662	2841	group_5565	tabA_1	PT	0.6201840416961012	0.7512965069023095	36.351351351351354	39561.56756756757	NA	37	1	0	1	40	8	40	1.0	1.0	0.5527864660500079	True	False	False	False	P↔T	P_A__T_B	PT:group_5565--tabA_1	104	2447.0	0.39357547342754445	0.47616694577802	0.5527864660500079	1.0	True
4474901	1662	3291	group_5565	tcyN	PT	0.5238800383831655	0.39296132160982084	148.92	143654.52	NA	25	1	7	1	43	8	43	1.0	1.0	0.5237519847899347	True	True	False	False	P↔T	P_A__T_B	PT:group_5565--tcyN	150	7437.0	0.3911741891394638	0.4657936908457945	0.5237519847899347	0.9990587602527901	True
4476370	1663	2901	group_5991	sorB	PT	0.5275765519575036	0.48908333405356696	126.45454545454545	114409.375	NA	88	1	2	1	85	2	85	1.0	1.0	0.5201689320844887	True	True	False	False	P↔T	P_A__T_B	PT:group_5991--sorB	144	7342.0	0.38556350821089364	0.468443024335511	0.5201689320844887	0.999591391991283	True
4476659	1663	3190	group_5991	marR	PT	0.5837166809656091	0.6322366250960524	202.425	197078.925	NA	80	1	3	1	95	2	95	1.0	1.0	0.5252361461537143	True	True	False	False	P↔T	P_A__T_B	PT:group_5991--marR	160	6267.0	0.4018437936070797	0.4723210133605855	0.5252361461537143	1.0	True
4515467	1684	3190	group_4888	marR	PT	0.563457908339823	0.6111504874773156	35.08510638297872	36222.52127659575	NA	94	1	3	1	94	2	94	1.0	1.0	0.5301874979279985	True	False	False	False	P↔T	P_A__T_B	PT:group_4888--marR	103	2371.0	0.39840338647510387	0.4755447554089995	0.5301874979279985	1.0	True
4521076	1687	3291	group_909	tcyN	PT	0.5821216352712101	0.44236712590064775	7.827586206896552	5422.6551724137935	NA	29	1	3	1	92	2	92	1.0	1.0	0.566970132821019	True	False	False	False	P↔T	P_A__T_B	PT:group_909--tcyN	56	170.0	0.38428461845080847	0.46622878559414527	0.566970132821019	1.0	True
4534716	1695	2287	argH	group_4266	PT	0.6268694575724264	0.7395695833710968	163.79166666666666	154006.79166666666	0.06638675	24	0	2	3	8	2	4	0.5	2.4615386	0.5229541676739113	True	True	True	True	P↔T	P_A__T_B	PT:argH--group_4266	153	7357.0	0.3875685866379974	0.461561628741317	0.5229541676739113	1.0	True
4545657	1701	2287	group_6020	group_4266	PT	0.6268694575724264	0.7395695833710968	207.92307692307693	224475.23076923078	0.083366744	13	0	2	3	8	2	4	0.5	2.4615386	0.5417174321406638	True	True	True	True	P↔T	P_A__T_B	PT:group_6020--group_4266	161	6396.0	0.40269179499689234	0.4716752021482288	0.5417174321406638	1.0	True
4546757	1701	3387	group_6020	proS	PT	0.5700766184912238	0.38279405699193664	231.46153846153845	254356.15384615384	NA	13	1	0	1	61	3	61	1.0	1.0	0.5397237085463444	True	True	False	False	P↔T	P_A__T_B	PT:group_6020--proS	164	5481.0	0.3984892490229369	0.478419404054818	0.5397237085463444	0.9998175515416895	True
4562555	1710	2841	fruA_2	tabA_1	PT	0.6081050419716792	0.7226224267329278	41.34375	42728.59375	NA	32	0	0	1	40	8	40	1.0	1.0	0.5473099190367574	True	False	False	False	P↔T	P_A__T_B	PT:fruA_2--tabA_1	108	2991.0	0.3928778131476145	0.46842626819474903	0.5473099190367574	1.0	True
4564804	1711	3279	group_5399	relA	PT	0.5250484763755213	0.38337080853162725	59.166666666666664	54973.166666666664	NA	6	1	4	1	90	2	90	1.0	1.0	0.5155435380482906	True	False	False	False	P↔T	P_A__T_B	PT:group_5399--relA	119	4330.0	0.38644009493561604	0.46279938593492076	0.5155435380482906	0.9995381062355658	True
4586020	1723	2841	group_3027	tabA_1	PT	0.5892786662002413	0.6986671000406978	30.5	31748.0	NA	10	0	0	1	40	8	40	1.0	1.0	0.5588852459031177	True	False	False	False	P↔T	P_A__T_B	PT:group_3027--tabA_1	98	2000.0	0.39326237925305596	0.4717414706724167	0.5588852459031177	1.0	True
4622139	1743	3190	group_4895	marR	PT	0.5429788119089445	0.5873044659466728	343.5882352941176	329159.1176470588	NA	17	1	3	1	94	2	94	1.0	1.0	0.5429788119089445	True	True	False	False	P↔T	P_A__T_B	PT:group_4895--marR	177	2116.0	0.4323586248143557	0.4904347943867734	0.5429788119089445	0.9985822306238186	True
4625345	1745	2841	group_5446	tabA_1	PT	0.6081050419716792	0.7226224267329278	19.586206896551722	20122.98275862069	NA	58	0	0	1	40	8	40	1.0	1.0	0.5665594902919775	True	False	False	False	P↔T	P_A__T_B	PT:group_5446--tabA_1	84	1243.0	0.4183799269721742	0.5075062840825281	0.5665594902919775	1.0	True
4638105	1752	3190	group_4882	marR	PT	0.6130075924946703	0.6658460085210467	37.87640449438202	41785.59550561798	NA	89	1	3	1	95	2	95	1.0	1.0	0.5672915009071597	True	False	False	False	P↔T	P_A__T_B	PT:group_4882--marR	105	2606.0	0.390768605328082	0.46918039733782646	0.5672915009071597	0.9996162701458173	True
4639874	1753	3190	group_5422	marR	PT	0.5429788119089445	0.5873044659466728	342.5882352941176	328458.5882352941	NA	17	1	3	1	94	2	94	1.0	1.0	0.5429788119089445	True	True	False	False	P↔T	P_A__T_B	PT:group_5422--marR	177	2116.0	0.4323586248143557	0.4904347943867734	0.5429788119089445	0.999054820415879	True
4669445	1770	2841	spxA_3	tabA_1	PT	0.6196964273546292	0.7354984950709785	21.77777777777778	21912.222222222223	NA	9	0	0	1	40	8	40	1.0	1.0	0.5919194940495319	True	False	False	False	P↔T	P_A__T_B	PT:spxA_3--tabA_1	87	1370.0	0.4123911855994109	0.47614392816054046	0.5919194940495319	0.9992700729927008	True
4676739	1774	3137	group_4465	moeZ	PT	0.5267835280798018	0.5504839595980029	45.714285714285715	40213.71428571428	NA	7	1	0	1	9	3	9	1.0	1.0	0.5266891852076262	True	False	False	False	P↔T	P_A__T_B	PT:group_4465--moeZ	111	3261.0	0.38794768254385237	0.4639352167708842	0.5266891852076262	0.9990800367985281	True
4690451	1782	2901	tetM	sorB	PT	0.5632308480397528	0.5231643105661956	275.4117647058824	256776.64705882352	NA	17	1	2	1	84	2	84	1.0	1.0	0.5572412141756375	True	True	False	False	P↔T	P_A__T_B	PT:tetM--sorB	170	4350.0	0.41698755685469835	0.48456443129473364	0.5572412141756375	0.9993103448275862	True
4690740	1782	3190	tetM	marR	PT	0.5926529703045242	0.644676618533699	334.52941176470586	320641.70588235295	NA	17	1	3	1	94	2	94	1.0	1.0	0.5460806404260556	True	True	False	False	P↔T	P_A__T_B	PT:tetM--marR	176	2453.0	0.4306587226759392	0.47528611287123	0.5460806404260556	1.0	True
4693138	1784	2111	group_3921	group_2974	PT	0.4257054994342201	0.48656774443562506	572.375	585815.875	0.1373417	8	0	1	1	6	4	6	1.0	1.0	0.411028222235786	True	True	False	False	P↔T	P_A__T_B	PT:group_3921--group_2974	194	171.0	0.22314653094897086	0.288757879590369	0.411028222235786	1.0	True
4693314	1784	2287	group_3921	group_4266	PT	0.6268694575724264	0.7395695833710968	341.8333333333333	361045.0833333333	0.06723683	12	0	2	3	8	2	4	0.5	2.4615386	0.5429788119089445	True	True	True	True	P↔T	P_A__T_B	PT:group_3921--group_4266	177	2116.0	0.4323586248143557	0.4904347943867734	0.5429788119089445	1.0	True
4697341	1786	2841	group_6274	tabA_1	PT	0.6220773112482569	0.7514065308751259	37.51282051282051	40522.10256410256	NA	39	1	0	1	40	8	40	1.0	1.0	0.5672915009071597	True	False	False	False	P↔T	P_A__T_B	PT:group_6274--tabA_1	105	2606.0	0.390768605328082	0.46918039733782646	0.5672915009071597	1.0	True
4704275	1790	2841	group_2467	tabA_1	PT	0.6196964273546292	0.7354984950709785	21.444444444444443	21258.777777777777	NA	9	0	0	1	40	8	40	1.0	1.0	0.5919194940495319	True	False	False	False	P↔T	P_A__T_B	PT:group_2467--tabA_1	87	1370.0	0.4123911855994109	0.47614392816054046	0.5919194940495319	1.0	True
4706006	1791	2841	group_2540	tabA_1	PT	0.5892786662002413	0.6986671000406978	23.2	23147.5	NA	10	0	0	1	40	8	40	1.0	1.0	0.5724162156677334	True	False	False	False	P↔T	P_A__T_B	PT:group_2540--tabA_1	89	1433.0	0.4182875931242601	0.4964970559688835	0.5724162156677334	1.0	True
4708085	1792	3190	group_3724	marR	PT	0.575862404675935	0.6254990775079784	345.5882352941176	331377.5294117647	NA	17	1	3	1	94	2	94	1.0	1.0	0.5429788119089445	True	True	False	False	P↔T	P_A__T_B	PT:group_3724--marR	177	2116.0	0.4323586248143557	0.4904347943867734	0.5429788119089445	0.9995274102079396	True
4711183	1794	2831	group_4985	divIB	PT	0.24835770906105376	0.15966578208160787	612.3333333333334	633973.5	NA	6	1	17	1	35	13	35	1.0	1.0	0.247702150029546	True	True	False	False	P↔T	P_A__T_B	PT:group_4985--divIB	196	140.0	0.23520440472222423	0.2429928620967598	0.24770215002954604	1.0	True
4716431	1797	2901	group_1754	sorB	PT	0.5308975649222357	0.4939626027969063	388.89473684210526	379098.2631578947	NA	19	1	2	1	82	2	82	1.0	1.0	0.5308975649222357	True	True	False	False	P↔T	P_A__T_B	PT:group_1754--sorB	181	1218.0	0.40575704862652495	0.46238348092565246	0.5308975649222357	0.9983579638752053	True
4722707	1801	2287	glf	group_4266	PT	0.6268694575724264	0.7395695833710968	58.696969696969695	61457.333333333336	0.064396925	33	0	2	3	8	2	4	0.5	2.4615386	0.5155435380482906	True	False	True	False	P↔T	P_A__T_B	PT:glf--group_4266	119	4330.0	0.38644009493561604	0.46279938593492076	0.5155435380482906	1.0	True
4734016	1807	3291	group_5430	tcyN	PT	0.5777927183058232	0.43869303406746923	8.617647058823529	6090.5	NA	34	1	3	1	92	2	92	1.0	1.0	0.5706930020907435	True	False	False	False	P↔T	P_A__T_B	PT:group_5430--tcyN	59	232.0	0.39120624699958223	0.5078957082648851	0.5706930020907435	1.0	True
4763229	1824	3502	group_6002	gloA	PT	0.6766697357158595	0.6750892859580064	20.606382978723403	18430.0	NA	94	1	3	1	95	2	95	1.0	1.0	0.6052639797296038	True	False	False	False	P↔T	P_A__T_B	PT:group_6002--gloA	86	1295.0	0.42066222325655983	0.5247027093962763	0.6052639797296038	1.0	True
4767102	1827	2287	group_1172	group_4266	PT	0.5193783119600369	0.6033051349009347	244.9090909090909	246355.9090909091	0.07693357	11	0	2	3	8	2	4	0.5	2.4615386	0.5193783119600369	True	True	True	True	P↔T	P_A__T_B	PT:group_1172--group_4266	166	5137.0	0.3932103505718579	0.46372119274965456	0.5193783119600369	0.9988320031146584	True
4774426	1831	2841	group_2627	tabA_1	PT	0.6196964273546292	0.7354984950709785	29.5	30359.8	NA	10	0	0	1	40	8	40	1.0	1.0	0.5932411957768701	True	False	False	False	P↔T	P_A__T_B	PT:group_2627--tabA_1	97	1776.0	0.3976444086952578	0.4720075754460459	0.5932411957768701	0.9994369369369369	True
4783304	1836	3279	group_5418	relA	PT	0.5294791824493782	0.39208011301086126	78.11111111111111	78599.66666666667	NA	9	1	4	1	90	2	90	1.0	1.0	0.5259941119522762	True	False	False	False	P↔T	P_A__T_B	PT:group_5418--relA	128	6142.0	0.38636510506042754	0.46168201672366144	0.5259941119522762	0.9991859329208727	True
4788368	1839	3291	group_6013	tcyN	PT	0.6073687884270739	0.46239316871270625	7.269230769230769	5051.653846153846	NA	26	1	3	1	92	2	92	1.0	1.0	0.5891667291011208	True	False	False	False	P↔T	P_A__T_B	PT:group_6013--tcyN	54	148.0	0.37938335768805115	0.4578009499949389	0.5891667291011208	1.0	True
4789855	1840	3096	group_6014	yxeN	PT	0.40277911051465315	0.3145905189449786	4.333333333333333	2309.095238095238	NA	21	1	2	1	93	2	93	1.0	1.0	0.3994650806562504	True	False	False	False	P↔T	P_A__T_B	PT:group_6014--yxeN	39	42.0	0.312879348604114	0.3696388119306232	0.3994650806562504	1.0	True
4791731	1841	3291	group_6015	tcyN	PT	0.6073687884270739	0.46239316871270625	5.285714285714286	3169.5714285714284	NA	21	1	3	1	92	2	92	1.0	1.0	0.5943331513412728	True	False	False	False	P↔T	P_A__T_B	PT:group_6015--tcyN	45	67.0	0.3704429196114074	0.4770124175690697	0.5943331513412728	1.0	True
4793411	1842	3291	group_6017	tcyN	PT	0.6073687884270739	0.46239316871270625	7.636363636363637	5149.772727272727	NA	22	1	3	1	92	2	92	1.0	1.0	0.5833333181092101	True	False	False	False	P↔T	P_A__T_B	PT:group_6017--tcyN	55	148.0	0.37577533264309704	0.4295191342028914	0.5833333181092101	1.0	True
4818491	1857	3291	group_6016	tcyN	PT	0.568069505696597	0.4333006890853318	5.9	3602.15	NA	20	1	3	1	90	2	90	1.0	1.0	0.558078528710973	True	False	False	False	P↔T	P_A__T_B	PT:group_6016--tcyN	48	184.0	0.35640865991553294	0.48454158733790537	0.558078528710973	1.0	True
4822476	1860	2287	group_1186	group_4266	PT	0.6268694575724264	0.7395695833710968	161.94736842105263	172616.36842105264	0.049427133	19	0	2	3	8	2	4	0.5	2.4615386	0.5235805508804294	True	True	True	True	P↔T	P_A__T_B	PT:group_1186--group_4266	152	7432.0	0.3944546112106894	0.4644477840770286	0.5235805508804294	1.0	True
4828010	1863	2841	hpaIIM_2	tabA_1	PT	0.6196964273546292	0.7354984950709785	25.2	25477.3	NA	10	0	0	1	40	8	40	1.0	1.0	0.6050216041377807	True	False	False	False	P↔T	P_A__T_B	PT:hpaIIM_2--tabA_1	92	1546.0	0.4100970417053522	0.5016481869685452	0.6050216041377807	0.999353169469599	True
4834696	1867	2901	group_4451	sorB	PT	0.5308975649222357	0.4939626027969063	389.89473684210526	380170.94736842107	NA	19	1	2	1	82	2	82	1.0	1.0	0.5308975649222357	True	True	False	False	P↔T	P_A__T_B	PT:group_4451--sorB	181	1218.0	0.40575704862652495	0.46238348092565246	0.5308975649222357	0.9991789819376026	True
4834985	1867	3190	group_4451	marR	PT	0.5539500225459748	0.6034730910811628	446.3157894736842	439561.94736842107	NA	19	1	3	1	92	2	92	1.0	1.0	0.5471977670129914	True	True	False	False	P↔T	P_A__T_B	PT:group_4451--marR	186	601.0	0.44003857903196014	0.5101737365128187	0.5471977670129914	1.0	True
4837389	1869	2287	group_5527	group_4266	PT	0.6268694575724264	0.7395695833710968	188.78571428571428	205020.35714285713	0.05374972	14	0	2	3	8	2	4	0.5	2.4615386	0.5463577586943603	True	True	True	True	P↔T	P_A__T_B	PT:group_5527--group_4266	157	7369.0	0.39746671270646744	0.47722938257552205	0.5463577586943603	0.9998642963767133	True
4844605	1873	2901	group_1656	sorB	PT	0.5974645256927	0.5566416584401863	8.05	7751.975	NA	80	1	2	2	85	2	84	0.9882353	1.0238061	0.5899092466246234	True	False	True	False	P↔T	P_A__T_B	PT:group_1656--sorB	57	217.0	0.40559430735967134	0.49200180402584165	0.5899092466246234	1.0	True
4851131	1877	2841	group_4518	tabA_1	PT	0.6220773112482569	0.7514065308751259	77.4	77663.46666666666	NA	15	1	0	1	40	8	40	1.0	1.0	0.5259941119522762	True	False	False	False	P↔T	P_A__T_B	PT:group_4518--tabA_1	128	6142.0	0.38636510506042754	0.46168201672366144	0.5259941119522762	1.0	True
4898461	1906	2901	group_624	sorB	PT	0.5509855619301144	0.5137146206776363	48.729166666666664	54208.479166666664	NA	48	1	2	1	83	2	83	1.0	1.0	0.5462832327792219	True	False	False	False	P↔T	P_A__T_B	PT:group_624--sorB	113	3520.0	0.38761088351212347	0.47391069367778316	0.5462832327792219	0.9991477272727273	True
4911293	1914	2841	group_1519	tabA_1	PT	0.6196964273546292	0.7354984950709785	19.25	19093.375	NA	8	0	0	1	40	8	40	1.0	1.0	0.6011209589181917	True	False	False	False	P↔T	P_A__T_B	PT:group_1519--tabA_1	83	1252.0	0.40448529756536794	0.505773841473608	0.6011209589181917	1.0	True
4913952	1916	2287	group_3103	group_4266	PT	0.5193783119600369	0.6033051349009347	246.9090909090909	247468.36363636365	0.05856729	11	0	2	3	8	2	4	0.5	2.4615386	0.5193783119600369	True	True	True	True	P↔T	P_A__T_B	PT:group_3103--group_4266	166	5137.0	0.3932103505718579	0.46372119274965456	0.5193783119600369	0.9990266692622153	True
4985741	1961	2841	group_4422	tabA_1	PT	0.5724162156677334	0.6786744546440907	23.0	23292.6	NA	10	0	0	1	39	8	39	1.0	1.0	0.5724162156677334	True	False	False	False	P↔T	P_A__T_B	PT:group_4422--tabA_1	89	1433.0	0.4182875931242601	0.4964970559688835	0.5724162156677334	0.9986043265875785	True
4996640	1968	2841	group_979	tabA_1	PT	0.5724162156677334	0.6786744546440907	23.0	23139.0	NA	10	0	0	1	39	8	39	1.0	1.0	0.5724162156677334	True	False	False	False	P↔T	P_A__T_B	PT:group_979--tabA_1	89	1433.0	0.4182875931242601	0.4964970559688835	0.5724162156677334	0.9993021632937893	True
5026123	1987	2988	group_4509	radA	PT	0.28241269562269244	0.18487960083500748	583.375	613446.375	NA	8	1	4	2	35	13	29	0.82857144	1.3968073	0.2805224762385984	True	True	True	True	P↔T	P_A__T_B	PT:group_4509--radA	195	279.0	0.21682445067166092	0.22734752587147078	0.28052247623859844	1.0	True
5033082	1992	2287	group_5452	group_4266	PT	0.6268694575724264	0.7395695833710968	201.13333333333333	194780.06666666668	0.042270612	15	0	2	3	8	2	4	0.5	2.4615386	0.5724348833960944	True	True	True	True	P↔T	P_A__T_B	PT:group_5452--group_4266	159	6639.0	0.3978346012983011	0.4785392022326528	0.5724348833960944	0.9995481247175779	True
5033626	1992	2831	group_5452	divIB	PT	0.3644570925661555	0.23886140724371807	533.75	557189.5	NA	8	1	17	1	37	13	37	1.0	1.0	0.3644570925661555	True	True	False	False	P↔T	P_A__T_B	PT:group_5452--divIB	192	189.0	0.29591848991926345	0.3607773132949873	0.3644570925661555	0.9947089947089947	True
5034611	1993	2287	group_6043	group_4266	PT	0.6268694575724264	0.7395695833710968	200.13333333333333	194069.2	0.042270612	15	0	2	3	8	2	4	0.5	2.4615386	0.5724348833960944	True	True	True	True	P↔T	P_A__T_B	PT:group_6043--group_4266	159	6639.0	0.3978346012983011	0.4785392022326528	0.5724348833960944	0.9996987498117186	True
5035155	1993	2831	group_6043	divIB	PT	0.3644570925661555	0.23886140724371807	532.75	556640.25	NA	8	1	17	1	37	13	37	1.0	1.0	0.3644570925661555	True	True	False	False	P↔T	P_A__T_B	PT:group_6043--divIB	192	189.0	0.29591848991926345	0.3607773132949873	0.3644570925661555	1.0	True
5043764	1999	2287	group_4105	group_4266	PT	0.6268694575724264	0.7395695833710968	199.13333333333333	193011.0	0.041652247	15	0	2	3	8	2	4	0.5	2.4615386	0.5724348833960944	True	True	True	True	P↔T	P_A__T_B	PT:group_4105--group_4266	159	6639.0	0.3978346012983011	0.4785392022326528	0.5724348833960944	0.9998493749058593	True
5048327	2002	2287	maa	group_4266	PT	0.6268694575724264	0.7395695833710968	197.13333333333333	187995.53333333333	0.041830365	15	0	2	3	8	2	4	0.5	2.4615386	0.5724348833960944	True	True	True	True	P↔T	P_A__T_B	PT:maa--group_4266	159	6639.0	0.3978346012983011	0.4785392022326528	0.5724348833960944	1.0	True
5054951	2006	2841	hpaIIM_1	tabA_1	PT	0.5892786662002413	0.6986671000406978	26.7	26967.9	NA	10	0	0	1	40	8	40	1.0	1.0	0.5592289265553166	True	False	False	False	P↔T	P_A__T_B	PT:hpaIIM_1--tabA_1	94	1667.0	0.39581603863291304	0.5029227487841169	0.5592289265553166	1.0	True
5055912	2007	2287	licC_3	group_4266	PT	0.6268694575724264	0.7395695833710968	157.14285714285714	166960.66666666666	0.04173715	21	0	2	3	8	2	4	0.5	2.4615386	0.5418130524014179	True	True	True	True	P↔T	P_A__T_B	PT:licC_3--group_4266	151	7301.0	0.3921240553854216	0.4786156708682058	0.5418130524014179	0.9998630324613067	True
5102381	2038	2287	group_4163	group_4266	PT	0.6268694575724264	0.7395695833710968	48.19444444444444	48044.25	0.037541807	36	0	2	3	8	2	4	0.5	2.4615386	0.5462832327792219	True	False	True	False	P↔T	P_A__T_B	PT:group_4163--group_4266	113	3520.0	0.38761088351212347	0.47391069367778316	0.5462832327792219	1.0	True
5103864	2039	2287	group_6045	group_4266	PT	0.6268694575724264	0.7395695833710968	192.13333333333333	183169.6	0.0421258	15	0	2	3	8	2	4	0.5	2.4615386	0.5413618801996942	True	True	True	True	P↔T	P_A__T_B	PT:group_6045--group_4266	158	7119.0	0.40751075935490166	0.4786089151492017	0.5413618801996942	1.0	True
5111264	2044	2287	group_3157	group_4266	PT	0.6268694575724264	0.7395695833710968	268.6363636363636	260380.63636363635	0.044712648	11	0	2	3	8	2	4	0.5	2.4615386	0.6087443308342555	True	True	True	True	P↔T	P_A__T_B	PT:group_3157--group_4266	169	4479.0	0.40207819214322427	0.4730930617839842	0.6087443308342555	0.999330207635633	True
5133314	2059	2287	group_3144	group_4266	PT	0.6268694575724264	0.7395695833710968	273.8	270496.9	0.044014253	10	0	2	3	8	2	4	0.5	2.4615386	0.5572412141756375	True	True	True	True	P↔T	P_A__T_B	PT:group_3144--group_4266	170	4350.0	0.41698755685469835	0.48456443129473364	0.5572412141756375	1.0	True
5146990	2068	2841	group_6257	tabA_1	PT	0.6201840416961012	0.7512965069023095	78.4	79122.6	NA	15	1	0	1	40	8	40	1.0	1.0	0.5501127644567841	True	False	False	False	P↔T	P_A__T_B	PT:group_6257--tabA_1	129	6308.0	0.3844788283691114	0.4617916915133974	0.5501127644567841	0.9998414711477489	True
5182203	2092	3458	group_6025	secA	PT	0.392723493987559	0.27981861213426995	2.8	1599.2	NA	5	1	3	1	62	3	62	1.0	1.0	0.3922706840102507	True	False	False	False	P↔T	P_A__T_B	PT:group_6025--secA	28	35.0	0.3542906748091699	0.38819539421447596	0.3922706840102507	1.0	True
5184715	2094	3113	group_2530	amiA	PT	0.28260292581832386	0.19452878573296925	1.9090909090909092	1980.2727272727273	NA	11	1	9	1	61	3	61	1.0	1.0	0.2816520331308078	True	False	False	False	P↔T	P_A__T_B	PT:group_2530--amiA	19	8.0	0.23505829144251766	0.2730939989431626	0.2816520331308078	1.0	True
5196411	2102	3421	group_6024	aroF	PT	0.3489859908213706	0.23699610536629176	3.6	2422.4	NA	5	1	5	1	64	3	64	1.0	1.0	0.3481326141991858	True	False	False	False	P↔T	P_A__T_B	PT:group_6024--aroF	34	29.0	0.31142680689170993	0.3404522245995222	0.3481326141991858	1.0	True
5197867	2103	3458	group_6026	secA	PT	0.40251941685913256	0.287200419147464	3.0	1260.0	NA	5	1	3	1	62	3	62	1.0	1.0	0.4002552421111809	True	False	False	False	P↔T	P_A__T_B	PT:group_6026--secA	30	105.0	0.30051345053866907	0.38074850582113645	0.40025524211118096	1.0	True
5198668	2104	2841	group_6258	tabA_1	PT	0.6096865860611331	0.7279422362514544	82.81818181818181	82193.72727272728	NA	22	1	0	1	40	8	40	1.0	1.0	0.5436930217953997	True	False	False	False	P↔T	P_A__T_B	PT:group_6258--tabA_1	130	6352.0	0.39038407403218095	0.4658716669128971	0.5436930217953997	0.9998425692695214	True
5206425	2110	2111	ugd_2	group_2974	PT	0.5510799280869729	0.6770445403385985	68.16666666666667	62729.583333333336	0.30035642	12	1	1	1	6	4	6	1.0	1.0	0.5199679149065745	True	False	False	False	P↔T	P_A__T_B	PT:ugd_2--group_2974	124	5137.0	0.38627872699238475	0.45920364312922046	0.5199679149065745	1.0	True
5215606	2116	2841	group_1063	tabA_1	PT	0.6196964273546292	0.7354984950709785	23.6	23585.3	NA	10	0	0	1	40	8	40	1.0	1.0	0.5960049451099073	True	False	False	False	P↔T	P_A__T_B	PT:group_1063--tabA_1	90	1467.0	0.416996049517801	0.5033099617567999	0.5960049451099073	0.9993183367416496	True
5235185	2130	2841	group_4076	tabA_1	PT	0.5892786662002413	0.6986671000406978	37.34375	39626.1875	NA	32	0	0	1	40	8	40	1.0	1.0	0.5672915009071597	True	False	False	False	P↔T	P_A__T_B	PT:group_4076--tabA_1	105	2606.0	0.390768605328082	0.46918039733782646	0.5672915009071597	0.9992325402916347	True
5235623	2130	3279	group_4076	relA	PT	0.4239886114306168	0.3271754211178086	4.46875	2449.40625	NA	32	1	6	1	61	3	61	1.0	1.0	0.4230654360640429	True	False	False	False	P↔T	P_A__T_B	PT:group_4076--relA	40	44.0	0.3498484160262816	0.4147568577648786	0.42306543606404295	1.0	True
5243995	2136	3320	group_6034	sigA	PT	0.25234231315801653	0.17991926663227792	3.6666666666666665	2361.6666666666665	NA	6	1	7	1	57	3	57	1.0	1.0	0.2510808941907306	True	False	False	False	P↔T	P_A__T_B	PT:group_6034--sigA	35	34.0	0.2123498704796346	0.23972812348515826	0.25108089419073065	1.0	True
5244901	2137	2841	group_6038	tabA_1	PT	0.6196964273546292	0.7354984950709785	23.666666666666668	23700.666666666668	NA	9	0	0	1	40	8	40	1.0	1.0	0.5960049451099073	True	False	False	False	P↔T	P_A__T_B	PT:group_6038--tabA_1	90	1467.0	0.416996049517801	0.5033099617567999	0.5960049451099073	1.0	True
5246285	2138	2841	group_6039	tabA_1	PT	0.6196964273546292	0.7354984950709785	27.5	27873.2	NA	10	0	0	1	40	8	40	1.0	1.0	0.5466854506253831	True	False	False	False	P↔T	P_A__T_B	PT:group_6039--tabA_1	95	1710.0	0.4073218284829901	0.4889316704858341	0.5466854506253831	1.0	True
5246374	2138	2930	group_6039	aroL	PT	0.4796424477043987	0.37521725905908426	3.2222222222222223	2565.777777777778	NA	36	1	7	1	64	3	64	1.0	1.0	0.4766293037549329	True	False	False	False	P↔T	P_A__T_B	PT:group_6039--aroL	32	19.0	0.32898525023111624	0.4495110082097423	0.47662930375493295	1.0	True
5247668	2139	2841	group_6040	tabA_1	PT	0.6196964273546292	0.7354984950709785	28.5	29073.4	NA	10	0	0	1	40	8	40	1.0	1.0	0.5594060540139892	True	False	False	False	P↔T	P_A__T_B	PT:group_6040--tabA_1	96	1743.0	0.39483037563507234	0.4611243398026762	0.5594060540139892	1.0	True
5247757	2139	2930	group_6040	aroL	PT	0.4796424477043987	0.37521725905908426	2.6666666666666665	1912.4166666666667	NA	36	1	7	1	64	3	64	1.0	1.0	0.4765289771595257	True	False	False	False	P↔T	P_A__T_B	PT:group_6040--aroL	27	15.0	0.3239689204607399	0.4485077422556668	0.4765289771595257	1.0	True
5261860	2149	3258	group_6041	fus	PT	0.3480861115721383	0.23292530867454744	3.090909090909091	3584.909090909091	NA	11	1	15	1	63	3	63	1.0	1.0	0.347896805509467	True	False	False	False	P↔T	P_A__T_B	PT:group_6041--fus	31	34.0	0.3421366827253637	0.3461930509454256	0.34789680550946706	1.0	True
5270472	2156	2287	group_3469	group_4266	PT	0.6268694575724264	0.7395695833710968	251.1	253508.7	0.034890436	10	0	2	3	8	2	4	0.5	2.4615386	0.585342065690689	True	True	True	True	P↔T	P_A__T_B	PT:group_3469--group_4266	167	4861.0	0.39145679725215143	0.46645311733563194	0.585342065690689	0.9993828430364122	True
5274564	2159	2287	group_4136	group_4266	PT	0.6268694575724264	0.7395695833710968	250.1	252864.9	0.034890436	10	0	2	3	8	2	4	0.5	2.4615386	0.585342065690689	True	True	True	True	P↔T	P_A__T_B	PT:group_4136--group_4266	167	4861.0	0.39145679725215143	0.46645311733563194	0.585342065690689	0.9995885620242748	True
5277287	2161	2287	group_4951	group_4266	PT	0.6268694575724264	0.7395695833710968	252.33333333333334	256151.33333333334	0.034890436	9	0	2	3	8	2	4	0.5	2.4615386	0.585342065690689	True	True	True	True	P↔T	P_A__T_B	PT:group_4951--group_4266	167	4861.0	0.39145679725215143	0.46645311733563194	0.585342065690689	0.9997942810121374	True
5278647	2162	2287	group_4952	group_4266	PT	0.6268694575724264	0.7395695833710968	263.8	264342.2	0.034890436	10	0	2	3	8	2	4	0.5	2.4615386	0.6268694575724264	True	True	True	True	P↔T	P_A__T_B	PT:group_4952--group_4266	168	4612.0	0.39201979489926325	0.4617603086912223	0.6268694575724264	0.998915871639202	True
5280006	2163	2287	group_5505	group_4266	PT	0.6268694575724264	0.7395695833710968	259.8	260546.8	0.034890436	10	0	2	3	8	2	4	0.5	2.4615386	0.6268694575724264	True	True	True	True	P↔T	P_A__T_B	PT:group_5505--group_4266	168	4612.0	0.39201979489926325	0.4617603086912223	0.6268694575724264	0.9991326973113617	True
5281364	2164	2287	group_5506	group_4266	PT	0.6268694575724264	0.7395695833710968	260.8	261703.0	0.034890436	10	0	2	3	8	2	4	0.5	2.4615386	0.6268694575724264	True	True	True	True	P↔T	P_A__T_B	PT:group_5506--group_4266	168	4612.0	0.39201979489926325	0.4617603086912223	0.6268694575724264	0.9993495229835212	True
5282721	2165	2287	group_5508	group_4266	PT	0.6268694575724264	0.7395695833710968	265.8	266457.9	0.034890436	10	0	2	3	8	2	4	0.5	2.4615386	0.6087443308342555	True	True	True	True	P↔T	P_A__T_B	PT:group_5508--group_4266	169	4479.0	0.40207819214322427	0.4730930617839842	0.6087443308342555	0.9995534717570886	True
5284077	2166	2287	group_6135	group_4266	PT	0.6268694575724264	0.7395695833710968	264.8	264806.6	0.034890436	10	0	2	3	8	2	4	0.5	2.4615386	0.6087443308342555	True	True	True	True	P↔T	P_A__T_B	PT:group_6135--group_4266	169	4479.0	0.40207819214322427	0.4730930617839842	0.6087443308342555	0.9997767358785443	True
5292192	2172	2287	group_5507	group_4266	PT	0.6268694575724264	0.7395695833710968	261.8	262606.1	0.034177344	10	0	2	3	8	2	4	0.5	2.4615386	0.6268694575724264	True	True	True	True	P↔T	P_A__T_B	PT:group_5507--group_4266	168	4612.0	0.39201979489926325	0.4617603086912223	0.6268694575724264	0.9995663486556808	True
5306976	2183	2287	group_4501	group_4266	PT	0.6268694575724264	0.7395695833710968	262.8	263166.1	0.03345328	10	0	2	3	8	2	4	0.5	2.4615386	0.6268694575724264	True	True	True	True	P↔T	P_A__T_B	PT:group_4501--group_4266	168	4612.0	0.39201979489926325	0.4617603086912223	0.6268694575724264	0.9997831743278404	True
5332227	2202	2287	group_6133	group_4266	PT	0.6268694575724264	0.7395695833710968	256.0	257795.2	0.031547032	10	0	2	3	8	2	4	0.5	2.4615386	0.585342065690689	True	True	True	True	P↔T	P_A__T_B	PT:group_6133--group_4266	167	4861.0	0.39145679725215143	0.46645311733563194	0.585342065690689	1.0	True
5386764	2244	2287	bca	group_4266	PT	0.6268694575724264	0.7395695833710968	291.8	307326.0	0.027304024	5	0	2	3	8	2	4	0.5	2.4615386	0.538637613543026	True	True	True	True	P↔T	P_A__T_B	PT:bca--group_4266	172	3348.0	0.4155455576610918	0.4910481058387643	0.538637613543026	1.0	True
5394411	2250	2287	group_5627	group_4266	PT	0.6268694575724264	0.7395695833710968	266.8	267191.6	0.029563747	10	0	2	3	8	2	4	0.5	2.4615386	0.6087443308342555	True	True	True	True	P↔T	P_A__T_B	PT:group_5627--group_4266	169	4479.0	0.40207819214322427	0.4730930617839842	0.6087443308342555	1.0	True
5404551	2258	2287	group_4171	group_4266	PT	0.6268694575724264	0.7395695833710968	51.19444444444444	52950.13888888889	0.02632592	36	0	2	3	8	2	4	0.5	2.4615386	0.556400644858081	True	False	True	False	P↔T	P_A__T_B	PT:group_4171--group_4266	115	3718.0	0.38763061719954967	0.46749424021363706	0.556400644858081	0.9997310381925767	True
5418389	2269	2287	group_3475	group_4266	PT	0.6268694575724264	0.7395695833710968	187.85714285714286	204178.42857142858	0.02666696	14	0	2	3	8	2	4	0.5	2.4615386	0.5463577586943603	True	True	True	True	P↔T	P_A__T_B	PT:group_3475--group_4266	157	7369.0	0.39746671270646744	0.47722938257552205	0.5463577586943603	1.0	True
5432106	2280	2287	group_4953	group_4266	PT	0.6268694575724264	0.7395695833710968	261.27272727272725	257986.72727272726	0.026030747	11	0	2	3	8	2	4	0.5	2.4615386	0.6268694575724264	True	True	True	True	P↔T	P_A__T_B	PT:group_4953--group_4266	168	4612.0	0.39201979489926325	0.4617603086912223	0.6268694575724264	1.0	True
5532260	2363	2841	group_5545	tabA_1	PT	0.6246050813803578	0.759003727348754	80.4	80759.0	NA	15	1	0	1	40	8	40	1.0	1.0	0.5501127644567841	True	False	False	False	P↔T	P_A__T_B	PT:group_5545--tabA_1	129	6308.0	0.3844788283691114	0.4617916915133974	0.5501127644567841	1.0	True
5645742	2465	3358	group_6478	livF	PT	0.22658797347939394	0.15911828118952112	672.8333333333334	681494.1666666666	NA	6	1	15	1	33	13	33	1.0	1.0	0.226088000331177	True	True	False	False	P↔T	P_A__T_B	PT:group_6478--livF	199	30.0	0.20326238169522057	0.22158824199722502	0.22608800033117704	0.7543759531657401	True
5645865	2465	3481	group_6478	copY	PT	0.21159069045797352	0.16638910575774724	650.3333333333334	661251.3333333334	NA	6	1	10	1	36	13	36	1.0	1.0	0.2115906904579735	True	True	False	False	P↔T	P_A__T_B	PT:group_6478--copY	198	146.0	0.19893377149116534	0.21075947284275476	0.21159069045797352	0.9931506849315068	True
5646921	2466	3481	group_6479	copY	PT	0.21159069045797352	0.16638910575774724	649.3333333333334	660668.6666666666	NA	6	1	10	1	36	13	36	1.0	1.0	0.2115906904579735	True	True	False	False	P↔T	P_A__T_B	PT:group_6479--copY	198	146.0	0.19893377149116534	0.21075947284275476	0.21159069045797352	1.0	True
5730702	2549	3100	group_5583	ycjO	PT	0.666278442414676	1.0	14.666666666666666	15107.888888888889	NA	9	1	0	2	10	24	8	0.8	1.4705882	0.5696441523743883	True	False	True	False	P↔T	P_A__T_B	PT:group_5583--ycjO	75	1031.0	0.4544248092791162	0.5181731561387705	0.5696441523743883	1.0	True
5815809	2641	2969	group_3164	dnaD	PT	0.12053694416440064	0.0934236928311006	1.4	594.4	NA	5	1	8	1	28	3	28	1.0	1.0	0.1200910898580494	True	False	False	False	P↔T	P_A__T_B	PT:group_3164--dnaD	13	6.0	0.09824422884684086	0.11607840110088871	0.12009108985804945	1.0	True
5881060	2718	3386	group_6252	nudF	PT	0.164098870063372	0.1283881254063967	2.5	835.9	NA	10	1	11	1	29	8	29	1.0	1.0	0.1633538922905444	True	False	False	False	P↔T	P_A__T_B	PT:group_6252--nudF	25	9.0	0.12684998142199252	0.1566490923350961	0.16335389229054442	1.0	True
5904715	2748	3386	group_6253	nudF	PT	0.16943130702541498	0.13283642202581794	2.3	685.9	NA	10	1	11	1	29	8	29	1.0	1.0	0.1694313070254149	True	False	False	False	P↔T	P_A__T_B	PT:group_6253--nudF	23	11.0	0.16943130702541498	0.16943130702541498	0.16943130702541498	0.9090909090909091	True
5906260	2750	3386	group_6255	nudF	PT	0.16943130702541498	0.13283642202581794	2.3	1074.3	NA	10	1	11	1	29	8	29	1.0	1.0	0.1694313070254149	True	False	False	False	P↔T	P_A__T_B	PT:group_6255--nudF	23	11.0	0.16943130702541498	0.16943130702541498	0.16943130702541498	1.0	True
63982	18	758	group_2551	group_3656	TP	0.4739043469733781	0.8348432237134307	110.83333333333333	115250.58333333333	0.02236181	12	0	0	1	25	2	25	1.0	1.0	0.4707176508234734	True	True	False	False	P↔T	T_A__P_B	TP:group_2551--group_3656	138	10415.0	0.2022911687580762	0.31450568392964134	0.47071765082347344	0.9990398463754201	True
65130	18	1906	group_2551	group_624	TP	0.473904346973378	0.8348432237134307	93.06521739130434	99660.19565217392	0.11553392	46	0	1	1	25	2	25	1.0	1.0	0.4453124539158722	True	False	False	False	P↔T	T_A__P_B	TP:group_2551--group_624	132	9646.0	0.19268124749264082	0.31008739560375653	0.4453124539158722	0.9991706406800747	True
70987	20	758	leuS	group_3656	TP	0.46855715760422567	0.4515703945694955	118.0	122078.125	0.022351626	8	4	0	1	30	2	30	1.0	1.0	0.4511704467790327	True	True	False	False	P↔T	T_A__P_B	TP:leuS--group_3656	140	10352.0	0.20911143075537533	0.3289027557887971	0.4511704467790327	0.9993238021638331	True
71004	20	775	leuS	group_4326	TP	0.48906999905873527	0.46874116143566985	94.375	91045.25	0.022768438	8	0	0	1	30	2	30	1.0	1.0	0.4453124539158722	True	False	False	False	P↔T	T_A__P_B	TP:leuS--group_4326	132	9646.0	0.19268124749264082	0.31008739560375653	0.4453124539158722	0.9994816504250467	True
71913	20	1684	leuS	group_4888	TP	0.4516324298925536	0.43070864368960293	93.86363636363636	104135.02272727272	0.08668917	88	0	1	1	30	2	30	1.0	1.0	0.4453124539158722	True	False	False	False	P↔T	T_A__P_B	TP:leuS--group_4888	132	9646.0	0.19268124749264082	0.31008739560375653	0.4453124539158722	0.999066970765084	True
71981	20	1752	leuS	group_4882	TP	0.47544273881770155	0.4548971036115717	91.02352941176471	99143.08235294117	0.09398569	85	0	1	1	30	2	30	1.0	1.0	0.4371971181537173	True	False	False	False	P↔T	T_A__P_B	TP:leuS--group_4882	131	9803.0	0.19555522658943136	0.31235116181542244	0.43719711815371737	0.999693971233296	True
72135	20	1906	leuS	group_624	TP	0.46837937618383974	0.4513990583198023	98.79591836734694	110473.20408163265	0.1154688	49	0	1	1	29	2	29	1.0	1.0	0.4497386959303774	True	False	False	False	P↔T	T_A__P_B	TP:leuS--group_624	134	10173.0	0.19511130437945876	0.30647824497783543	0.4497386959303774	0.9992136046397326	True
81487	23	758	bcrC_1	group_3656	TP	0.560343344068006	0.7041495502893963	111.33333333333333	116324.41666666667	0.02236181	12	1	0	1	23	2	23	1.0	1.0	0.4707176508234734	True	True	False	False	P↔T	T_A__P_B	TP:bcrC_1--group_3656	138	10415.0	0.2022911687580762	0.31450568392964134	0.47071765082347344	1.0	True
81499	23	770	bcrC_1	galE	TP	0.4802831587013108	0.6022070709009729	104.66666666666667	100385.0	0.022647237	6	0	0	1	24	2	24	1.0	1.0	0.4397637997091607	True	True	False	False	P↔T	T_A__P_B	TP:bcrC_1--galE	136	10419.0	0.19238775690224888	0.306910351125285	0.43976379970916074	0.9998080429983683	True
81504	23	775	bcrC_1	group_4326	TP	0.496838586770186	0.6205211717389815	101.9	106002.0	0.022778763	10	1	0	1	23	2	23	1.0	1.0	0.4729031778618347	True	True	False	False	P↔T	T_A__P_B	TP:bcrC_1--group_4326	135	10445.0	0.19427115083720545	0.31339558513779836	0.4729031778618347	0.9994255624700814	True
81533	23	804	bcrC_1	hemH	TP	0.5368832985481622	0.6731756314516363	56.55555555555556	58613.555555555555	0.023252882	9	1	0	1	23	2	23	1.0	1.0	0.4778499455562671	True	False	False	False	P↔T	T_A__P_B	TP:bcrC_1--hemH	115	6555.0	0.18659759578688714	0.3121595860775297	0.4778499455562671	0.9996948893974066	True
81547	23	818	bcrC_1	group_2606	TP	0.5159426832361664	0.6455954400077307	111.33333333333333	115041.44444444444	0.023647415	9	1	0	1	23	2	23	1.0	1.0	0.4707176508234734	True	True	False	False	P↔T	T_A__P_B	TP:bcrC_1--group_2606	138	10415.0	0.2022911687580762	0.31450568392964134	0.47071765082347344	0.9996159385501681	True
82367	23	1638	bcrC_1	group_2704	TP	0.4471597936096242	0.5558705929618115	18.515625	20804.3125	0.081682414	64	1	1	1	23	2	23	1.0	1.0	0.4348353109448642	True	False	False	False	P↔T	T_A__P_B	TP:bcrC_1--group_2704	78	1328.0	0.21675705762447184	0.3183680257754281	0.4348353109448642	0.9992469879518072	True
82481	23	1752	bcrC_1	group_4882	TP	0.47916994996710194	0.5974259804032744	99.91666666666667	110639.64285714286	0.09403462	84	1	1	1	23	2	23	1.0	1.0	0.4497386959303774	True	False	False	False	P↔T	T_A__P_B	TP:bcrC_1--group_4882	134	10173.0	0.19511130437945876	0.30647824497783543	0.4497386959303774	0.9994102034797995	True
82591	23	1862	bcrC_1	group_1976	TP	0.534735656035526	0.6735746431066726	480.75	475066.75	0.10994834	8	1	1	1	23	2	23	1.0	1.0	0.437289885697993	True	True	False	False	P↔T	T_A__P_B	TP:bcrC_1--group_1976	188	810.0	0.2142050535060517	0.3372597546189773	0.437289885697993	1.0	True
82600	23	1871	bcrC_1	group_1359	TP	0.534735656035526	0.6735746431066726	441.52941176470586	437138.35294117645	0.111403175	17	1	1	1	23	2	23	1.0	1.0	0.5339397572276786	True	True	False	False	P↔T	T_A__P_B	TP:bcrC_1--group_1359	185	1036.0	0.27763128243506446	0.46569789037101944	0.5339397572276786	0.999034749034749	True
82602	23	1873	bcrC_1	group_1656	TP	0.5241624088573597	0.6602561536546828	146.34285714285716	159663.5285714286	0.11156945	70	0	1	1	24	2	24	1.0	1.0	0.4871561782106265	True	True	False	False	P↔T	T_A__P_B	TP:bcrC_1--group_1656	147	10318.0	0.2240150343862563	0.3704410052249503	0.48715617821062657	0.9996123279705369	True
82635	23	1906	bcrC_1	group_624	TP	0.5877640594906045	0.7403713631843742	92.06521739130434	98876.60869565218	0.11553392	46	1	1	1	23	2	23	1.0	1.0	0.4371971181537173	True	False	False	False	P↔T	T_A__P_B	TP:bcrC_1--group_624	131	9803.0	0.19555522658943136	0.31235116181542244	0.43719711815371737	0.9998979904110986	True
317296	91	981	nusB	group_1683	TP	0.20373106541652317	0.23266928772895037	1.6769759450171822	905.0309278350516	0.030145245	291	1	0	1	10	2	10	1.0	1.0	0.2032969433418606	True	False	False	False	P↔T	T_A__P_B	TP:nusB--group_1683	10	20.0	0.18202496168339577	0.19938984466989765	0.20329694334186066	1.0	True
320503	92	758	thrB_2	group_3656	TP	0.4877816767070451	0.5412647451492653	116.0	121071.75	0.02234551	12	1	0	1	28	2	28	1.0	1.0	0.4480416103913727	True	True	False	False	P↔T	T_A__P_B	TP:thrB_2--group_3656	139	10221.0	0.20489226871164087	0.32643918991900917	0.44804161039137275	0.9996086488601899	True
320520	92	775	thrB_2	group_4326	TP	0.4908683512482147	0.5427488532778767	87.0	87999.91666666667	0.022656932	12	1	0	1	28	2	28	1.0	1.0	0.4623694281200661	True	False	False	False	P↔T	T_A__P_B	TP:thrB_2--group_4326	130	9741.0	0.19144718291664398	0.3001116172301682	0.4623694281200661	0.9992813879478493	True
320557	92	812	thrB_2	group_2605	TP	0.46011330241579984	0.5072605381261134	116.0	117849.18181818182	0.02332386	11	1	0	1	28	2	28	1.0	1.0	0.4480416103913727	True	True	False	False	P↔T	T_A__P_B	TP:thrB_2--group_2605	139	10221.0	0.20489226871164087	0.32643918991900917	0.44804161039137275	0.9994129732902847	True
320662	92	917	thrB_2	mutX_1	TP	0.45140401683956954	0.4962177357186143	119.14285714285714	118417.14285714286	0.027056675	7	4	1	36	97	8	14	0.14432989	16.89228	0.4511704467790327	True	True	True	True	P↔T	T_A__P_B	TP:thrB_2--mutX_1	140	10352.0	0.20911143075537533	0.3289027557887971	0.4511704467790327	0.9990340030911901	True
321429	92	1684	thrB_2	group_4888	TP	0.46995582159825555	0.5185788431953668	9.908256880733944	9748.935779816513	0.088316046	109	1	1	1	28	2	28	1.0	1.0	0.4552727835509511	True	False	False	False	P↔T	T_A__P_B	TP:thrB_2--group_4888	58	786.0	0.22681162140828498	0.33784734174430797	0.45527278355095113	1.0	True
321618	92	1873	thrB_2	group_1656	TP	0.444438447172043	0.4925465476358156	59.81818181818182	65506.64935064935	0.11417796	77	2	1	1	26	2	26	1.0	1.0	0.4117413502757499	True	False	False	False	P↔T	T_A__P_B	TP:thrB_2--group_1656	117	6863.0	0.18890577979392698	0.3051439369531576	0.4117413502757499	0.9995628733789887	True
321651	92	1906	thrB_2	group_624	TP	0.5129141112467612	0.5707197080687076	5.607843137254902	4476.529411764706	0.118328676	51	1	1	1	28	2	28	1.0	1.0	0.4940351035837457	True	False	False	False	P↔T	T_A__P_B	TP:thrB_2--group_624	41	266.0	0.2558822137989006	0.40550033090420395	0.4940351035837457	1.0	True
351443	101	873	group_4644	group_1973	TP	0.2572578748437788	0.3404851896886189	3.15015015015015	2227.8888888888887	0.025455605	333	0	0	1	16	2	16	1.0	1.0	0.2571499790026004	True	False	False	False	P↔T	T_A__P_B	TP:group_4644--group_1973	25	74.0	0.1986728053268599	0.25617891643199453	0.2571499790026004	1.0	True
490728	142	758	group_5166	group_3656	TP	0.5034854735635761	0.7902056140818077	112.61538461538461	117899.92307692308	0.02236181	13	0	0	1	25	2	25	1.0	1.0	0.4707176508234734	True	True	False	False	P↔T	T_A__P_B	TP:group_5166--group_3656	138	10415.0	0.2022911687580762	0.31450568392964134	0.47071765082347344	0.9993278924627941	True
490740	142	770	group_5166	galE	TP	0.5034854735635761	0.7902056140818077	139.125	135207.375	0.022647237	8	0	0	1	25	2	25	1.0	1.0	0.4848323580993047	True	True	False	False	P↔T	T_A__P_B	TP:group_5166--galE	146	10299.0	0.22485448112403592	0.36155200654189734	0.48483235809930475	0.9993203223613943	True
490745	142	775	group_5166	group_4326	TP	0.47689671145943924	0.7442458489486028	93.6	96317.4	0.022778763	10	0	0	1	25	2	25	1.0	1.0	0.4453124539158722	True	False	False	False	P↔T	T_A__P_B	TP:group_5166--group_4326	132	9646.0	0.19268124749264082	0.31008739560375653	0.4453124539158722	0.9992743105950653	True
490774	142	804	group_5166	hemH	TP	0.4530697461105028	0.7034649216067983	62.625	64932.75	0.023252882	8	0	0	1	25	2	25	1.0	1.0	0.4336345802508676	True	False	False	False	P↔T	T_A__P_B	TP:group_5166--hemH	118	7167.0	0.18350930576511287	0.2976072106247507	0.4336345802508676	0.9993023580298591	True
490788	142	818	group_5166	group_2606	TP	0.47689671145943924	0.7442458489486028	102.44444444444444	104809.55555555556	0.023647415	9	0	0	1	25	2	25	1.0	1.0	0.4729031778618347	True	True	False	False	P↔T	T_A__P_B	TP:group_5166--group_2606	135	10445.0	0.19427115083720545	0.31339558513779836	0.4729031778618347	0.9990426041168023	True
491876	142	1906	group_5166	group_624	TP	0.5034854735635761	0.7902056140818077	100.04651162790698	110575.69767441861	0.11553392	43	0	1	1	25	2	25	1.0	1.0	0.4497386959303774	True	True	False	False	P↔T	T_A__P_B	TP:group_5166--group_624	134	10173.0	0.19511130437945876	0.30647824497783543	0.4497386959303774	0.9997051017398997	True
527777	153	693	group_5238	group_3324	TP	0.45544134572210576	0.4769596069405714	106.27272727272727	102321.92424242424	0.02090959	66	3	0	1	15	3	15	1.0	1.0	0.4397637997091607	True	True	False	False	P↔T	T_A__P_B	TP:group_5238--group_3324	136	10419.0	0.19238775690224888	0.306910351125285	0.43976379970916074	0.9992321719934735	True
527822	153	738	group_5238	group_5196	TP	0.48142422415947583	0.4986515158570469	45.285714285714285	42846.57142857143	0.021817183	7	0	0	2	18	3	17	0.9444444	1.1172414	0.4801042041125782	True	False	True	False	P↔T	T_A__P_B	TP:group_5238--group_5196	107	4471.0	0.19095946237460704	0.3174277809166389	0.4801042041125782	0.9991053455602773	True
527826	153	742	group_5238	rsmD	TP	0.48142422415947583	0.4986515158570469	48.714285714285715	45836.28571428572	0.021915874	7	0	0	2	18	3	17	0.9444444	1.1172414	0.4584263331603573	True	False	True	False	P↔T	T_A__P_B	TP:group_5238--rsmD	110	5154.0	0.1878255681340647	0.32827451374301087	0.4584263331603573	0.9992239037640668	True
528958	153	1874	group_5238	group_1970	TP	0.4383459134004414	0.4551723785422909	33.3	33925.05	0.11054329	60	0	1	1	17	3	17	1.0	1.0	0.4289160197555114	True	False	False	False	P↔T	T_A__P_B	TP:group_5238--group_1970	97	2898.0	0.19625038243911883	0.31484434943624234	0.42891601975551147	0.9996549344375432	True
529003	153	1919	group_5238	group_6019	TP	0.5271694746767581	0.5460337151087132	11.225	8498.9375	0.119319744	80	0	1	2	18	3	17	0.9444444	1.1172414	0.5165872879022139	True	False	True	False	P↔T	T_A__P_B	TP:group_5238--group_6019	62	600.0	0.20379353564540625	0.3505167661205809	0.5165872879022139	1.0	True
651792	190	758	glnR	group_3656	TP	0.4855848957684863	0.6472934868247008	73.3076923076923	78028.92307692308	0.02236181	13	2	0	1	16	2	16	1.0	1.0	0.4523804792945393	True	False	False	False	P↔T	T_A__P_B	TP:glnR--group_3656	124	8493.0	0.18885285462170537	0.29965325605561777	0.45238047929453934	0.9994112798775462	True
651838	190	804	glnR	hemH	TP	0.4855848957684863	0.6472934868247008	61.875	63957.125	0.023252882	8	2	0	1	16	2	16	1.0	1.0	0.4336345802508676	True	False	False	False	P↔T	T_A__P_B	TP:glnR--hemH	118	7167.0	0.18350930576511287	0.2976072106247507	0.4336345802508676	0.9995814148179154	True
651874	190	840	glnR	bcgIB	TP	0.4681164566484651	0.6213608783702353	68.16666666666667	68935.66666666667	0.024277141	6	2	0	1	16	2	16	1.0	1.0	0.4281425937816016	True	False	False	False	P↔T	T_A__P_B	TP:glnR--bcgIB	121	7928.0	0.18981485405516565	0.3083675815386238	0.4281425937816016	0.9994954591321897	True
652940	190	1906	glnR	group_624	TP	0.4855848957684863	0.6472934868247008	101.02272727272727	111309.84090909091	0.11553392	44	2	1	1	16	2	16	1.0	1.0	0.4729031778618347	True	True	False	False	P↔T	T_A__P_B	TP:glnR--group_624	135	10445.0	0.19427115083720545	0.31339558513779836	0.4729031778618347	0.9993298228817616	True
695017	203	758	hpdA	group_3656	TP	0.5128019947998883	0.606064710244494	130.8	136129.2	0.022358622	5	0	0	1	30	2	30	1.0	1.0	0.4951956694861554	True	True	False	False	P↔T	T_A__P_B	TP:hpdA--group_3656	143	10696.0	0.20891625980446152	0.33272057308449343	0.49519566948615545	0.99943904263276	True
695034	203	775	hpdA	group_4326	TP	0.4656537232976449	0.5476326112656277	106.8	94736.8	0.022775413	5	0	0	1	30	2	30	1.0	1.0	0.4397637997091607	True	True	False	False	P↔T	T_A__P_B	TP:hpdA--group_4326	136	10419.0	0.19238775690224888	0.306910351125285	0.43976379970916074	0.9996160859967367	True
695809	203	1550	hpdA	Int-Tn_1	TP	0.45841028232695336	0.5360002449043606	71.18181818181819	50951.04958677686	0.07529715	121	0	1	2	31	2	30	0.9677419	1.0665927	0.4579689613721261	True	False	True	False	P↔T	T_A__P_B	TP:hpdA--Int-Tn_1	123	8316.0	0.19010081088265815	0.32001205527176424	0.45796896137212617	0.9991582491582491	True
695847	203	1588	hpdA	group_3705	TP	0.47705284381923374	0.5587584530293191	66.49137931034483	47479.4224137931	0.07935257	116	0	1	2	31	2	30	0.9677419	1.0665927	0.4503584700779963	True	False	True	False	P↔T	T_A__P_B	TP:hpdA--group_3705	120	7451.0	0.1868584539432542	0.30575012260572776	0.4503584700779963	0.9994631593074755	True
695849	203	1590	hpdA	group_5408	TP	0.47705284381923374	0.5587584530293191	62.439655172413794	43683.6724137931	0.07935257	116	0	1	2	31	2	30	0.9677419	1.0665927	0.4336345802508676	True	False	True	False	P↔T	T_A__P_B	TP:hpdA--group_5408	118	7167.0	0.18350930576511287	0.2976072106247507	0.4336345802508676	0.9994418864238873	True
695857	203	1598	hpdA	group_5409	TP	0.4411328550212656	0.5150189785235123	63.45945945945946	44342.14414414414	0.079859644	111	0	1	2	31	2	30	0.9677419	1.0665927	0.4244377135316222	True	False	True	False	P↔T	T_A__P_B	TP:hpdA--group_5409	119	7426.0	0.18284300916437904	0.2929883771368866	0.4244377135316222	0.9995960140048479	True
695861	203	1602	hpdA	group_1119	TP	0.3946938465831307	0.46080181827980293	3.52	2363.896	0.080837645	125	0	1	2	30	2	29	0.96666664	1.0688837	0.3803475017606473	True	False	True	False	P↔T	T_A__P_B	TP:hpdA--group_1119	28	80.0	0.16618608035397955	0.251230398358284	0.38034750176064736	1.0	True
695910	203	1651	hpdA	group_5412	TP	0.45841028232695336	0.5360002449043606	69.4766355140187	49285.57943925234	0.08438302	107	0	1	2	31	2	30	0.9677419	1.0665927	0.4434913562725833	True	False	True	False	P↔T	T_A__P_B	TP:hpdA--group_5412	122	7928.0	0.19534472572533212	0.3143485639798963	0.4434913562725833	0.9994954591321897	True
695922	203	1663	hpdA	group_5991	TP	0.47705284381923374	0.5587584530293191	64.5137614678899	45587.45871559633	0.08514958	109	0	1	2	31	2	30	0.9677419	1.0665927	0.4244377135316222	True	False	True	False	P↔T	T_A__P_B	TP:hpdA--group_5991	119	7426.0	0.18284300916437904	0.2929883771368866	0.4244377135316222	0.9998653380016159	True
787543	231	758	gatB	group_3656	TP	0.5957800216894952	0.8093587864221087	91.91666666666667	94842.75	0.022362417	12	1	0	1	26	2	26	1.0	1.0	0.4371971181537173	True	False	False	False	P↔T	T_A__P_B	TP:gatB--group_3656	131	9803.0	0.19555522658943136	0.31235116181542244	0.43719711815371737	1.0	True
787555	231	770	gatB	galE	TP	0.5523990086296677	0.7471790639363934	88.375	91656.25	0.022544222	8	1	0	1	26	2	26	1.0	1.0	0.4623694281200661	True	False	False	False	P↔T	T_A__P_B	TP:gatB--galE	130	9741.0	0.19144718291664398	0.3001116172301682	0.4623694281200661	1.0	True
787589	231	804	gatB	hemH	TP	0.5219582447264167	0.703153450952797	92.83333333333333	94703.16666666667	0.023364013	6	1	0	1	26	2	26	1.0	1.0	0.4453124539158722	True	False	False	False	P↔T	T_A__P_B	TP:gatB--hemH	132	9646.0	0.19268124749264082	0.31008739560375653	0.4453124539158722	0.9997926601700187	True
787590	231	805	gatB	group_5291	TP	0.4962454554925879	0.6660032505700283	125.08333333333333	126229.16666666667	0.023337089	12	1	0	1	26	2	26	1.0	1.0	0.4822776444081364	True	True	False	False	P↔T	T_A__P_B	TP:gatB--group_5291	142	10625.0	0.208132684526371	0.3292462678341217	0.4822776444081364	0.9991529411764706	True
788537	231	1752	gatB	group_4882	TP	0.4962454554925879	0.6660032505700283	51.59782608695652	53648.0	0.09403401	92	1	1	1	26	2	26	1.0	1.0	0.4638793218811508	True	False	False	False	P↔T	T_A__P_B	TP:gatB--group_4882	112	5749.0	0.1826228823897008	0.305321109708178	0.4638793218811508	0.999478170116542	True
788545	231	1760	gatB	group_4448	TP	0.427586789767308	0.5783571156697874	24.235955056179776	27822.629213483146	0.095576	89	1	1	1	25	2	25	1.0	1.0	0.4236900669073686	True	False	False	False	P↔T	T_A__P_B	TP:gatB--group_4448	87	1805.0	0.22295724698314753	0.3160826928608941	0.4236900669073686	1.0	True
788658	231	1873	gatB	group_1656	TP	0.5161008433292767	0.7011157424243241	99.3974358974359	104039.79487179487	0.11156326	78	1	1	1	26	2	26	1.0	1.0	0.4497386959303774	True	False	False	False	P↔T	T_A__P_B	TP:gatB--group_1656	134	10173.0	0.19511130437945876	0.30647824497783543	0.4497386959303774	0.9999017005799665	True
788691	231	1906	gatB	group_624	TP	0.5523990086296676	0.7471790639363932	44.35849056603774	42610.735849056604	0.11552755	53	1	1	1	26	2	26	1.0	1.0	0.4801042041125782	True	False	False	False	P↔T	T_A__P_B	TP:gatB--group_624	107	4471.0	0.19095946237460704	0.3174277809166389	0.4801042041125782	0.9997763363900694	True
790833	232	758	group_5935	group_3656	TP	0.5420394855968689	0.6672643675995289	74.73333333333333	76977.4	0.022357725	15	1	0	1	31	2	31	1.0	1.0	0.4523804792945393	True	False	False	False	P↔T	T_A__P_B	TP:group_5935--group_3656	124	8493.0	0.18885285462170537	0.29965325605561777	0.45238047929453934	0.9998822559755093	True
790845	232	770	group_5935	galE	TP	0.49574677606910894	0.6134997305113845	84.16666666666667	86956.16666666667	0.02264322	6	1	0	1	30	2	30	1.0	1.0	0.4636078413712972	True	False	False	False	P↔T	T_A__P_B	TP:group_5935--galE	128	9305.0	0.18907041720569973	0.30619747206200915	0.4636078413712972	0.999677592692101	True
790850	232	775	group_5935	group_4326	TP	0.5175071861812733	0.6338780275135119	72.72727272727273	74233.0	0.022774646	11	1	0	1	31	2	31	1.0	1.0	0.4579689613721261	True	False	False	False	P↔T	T_A__P_B	TP:group_5935--group_4326	123	8316.0	0.19010081088265815	0.32001205527176424	0.45796896137212617	0.9998797498797499	True
790879	232	804	group_5935	hemH	TP	0.4639285909267399	0.5605742785422679	87.16666666666667	88636.16666666667	0.023359206	6	1	0	1	31	2	31	1.0	1.0	0.4623694281200661	True	False	False	False	P↔T	T_A__P_B	TP:group_5935--hemH	130	9741.0	0.19144718291664398	0.3001116172301682	0.4623694281200661	0.9990760702186634	True
790880	232	805	group_5935	group_5291	TP	0.49721387273340056	0.6061236285566917	131.11111111111111	131587.33333333334	0.023332275	9	1	0	1	31	2	31	1.0	1.0	0.4951956694861554	True	True	False	False	P↔T	T_A__P_B	TP:group_5935--group_5291	143	10696.0	0.20891625980446152	0.33272057308449343	0.49519566948615545	0.9991585639491398	True
790887	232	812	group_5935	group_2605	TP	0.49721387273340056	0.6061236285566917	87.72727272727273	88792.0	0.023448708	11	1	0	1	31	2	31	1.0	1.0	0.4623694281200661	True	False	False	False	P↔T	T_A__P_B	TP:group_5935--group_2605	130	9741.0	0.19144718291664398	0.3001116172301682	0.4623694281200661	0.9994867056770352	True
791673	232	1598	group_5935	group_5409	TP	0.44976882555909936	0.5412540614643636	202.31372549019608	195663.66666666666	0.07855881	51	1	1	1	31	2	31	1.0	1.0	0.4495451588683012	True	True	False	False	P↔T	T_A__P_B	TP:group_5935--group_5409	158	9065.0	0.23362085440445762	0.35204446739901274	0.4495451588683012	0.9990071704357418	True
791738	232	1663	group_5935	group_5991	TP	0.44976882555909936	0.5412540614643636	203.31372549019608	197871.98039215687	0.08368325	51	1	1	1	31	2	31	1.0	1.0	0.4495451588683012	True	True	False	False	P↔T	T_A__P_B	TP:group_5935--group_5991	158	9065.0	0.23362085440445762	0.35204446739901274	0.4495451588683012	0.9991174848317705	True
791827	232	1752	group_5935	group_4882	TP	0.4972138727334006	0.6061236285566918	38.40350877192982	39490.85964912281	0.09400781	57	1	1	1	31	2	31	1.0	1.0	0.4402654368315187	True	False	False	False	P↔T	T_A__P_B	TP:group_5935--group_4882	102	3739.0	0.20262828177816317	0.33636505251606474	0.4402654368315187	0.9997325488098422	True
791867	232	1792	group_5935	group_3724	TP	0.542039485596869	0.667264367599529	371.8	353153.13333333336	0.10009043	15	1	1	1	31	2	31	1.0	1.0	0.541388303749566	True	True	False	False	P↔T	T_A__P_B	TP:group_5935--group_3724	179	2126.0	0.3514645368032616	0.46377582596719047	0.541388303749566	0.9990592662276576	True
791981	232	1906	group_5935	group_624	TP	0.4957467760691089	0.6134997305113845	30.84090909090909	29728.863636363636	0.115502894	44	1	1	1	30	2	30	1.0	1.0	0.4476070668496592	True	False	False	False	P↔T	T_A__P_B	TP:group_5935--group_624	95	2601.0	0.19513821797090528	0.31476290057156325	0.4476070668496592	0.9996155324875048	True
924862	273	758	bsaA	group_3656	TP	0.5095501835495032	0.6376201485657549	95.71428571428571	96586.0	0.022425769	7	0	0	1	28	2	28	1.0	1.0	0.4510635116352017	True	False	False	False	P↔T	T_A__P_B	TP:bsaA--group_3656	133	9918.0	0.19826412341749286	0.3066890165063561	0.4510635116352017	0.9998991732204073	True
924879	273	775	bsaA	group_4326	TP	0.5095501835495032	0.6376201485657549	89.0	86206.85714285714	0.022845883	7	0	0	1	28	2	28	1.0	1.0	0.4623694281200661	True	False	False	False	P↔T	T_A__P_B	TP:bsaA--group_4326	130	9741.0	0.19144718291664398	0.3001116172301682	0.4623694281200661	0.9996920234062211	True
924908	273	804	bsaA	hemH	TP	0.5107419291721534	0.6373921543987051	66.375	67244.75	0.02343465	8	0	0	1	28	2	28	1.0	1.0	0.4503584700779963	True	False	False	False	P↔T	T_A__P_B	TP:bsaA--hemH	120	7451.0	0.1868584539432542	0.30575012260572776	0.4503584700779963	0.9997315796537377	True
924916	273	812	bsaA	group_2605	TP	0.4518583999950052	0.5615421441966931	115.2	108210.8	0.023524962	5	0	0	1	28	2	28	1.0	1.0	0.4480416103913727	True	True	False	False	P↔T	T_A__P_B	TP:bsaA--group_2605	139	10221.0	0.20489226871164087	0.32643918991900917	0.44804161039137275	0.9990216221504745	True
924922	273	818	bsaA	group_2606	TP	0.5107419291721534	0.6373921543987051	100.33333333333333	98104.33333333333	0.02372118	6	0	0	1	28	2	28	1.0	1.0	0.4497386959303774	True	True	False	False	P↔T	T_A__P_B	TP:bsaA--group_2606	134	10173.0	0.19511130437945876	0.30647824497783543	0.4497386959303774	0.9998034011599332	True
924936	273	832	bsaA	ponA	TP	0.5175466238130189	0.6444023794352984	47.8494623655914	51019.215053763444	0.02421757	93	0	0	1	28	2	28	1.0	1.0	0.5150573404539606	True	False	False	False	P↔T	T_A__P_B	TP:bsaA--ponA	109	4885.0	0.19957937742708456	0.32245920034907044	0.5150573404539606	0.9991811668372569	True
924953	273	849	bsaA	group_4346	TP	0.5464156046781585	0.6858722852342882	138.72727272727272	137551.0909090909	0.024917375	11	0	0	1	28	2	28	1.0	1.0	0.4671066682257567	True	True	False	False	P↔T	T_A__P_B	TP:bsaA--group_4346	145	10489.0	0.20390163535341135	0.33111220016910736	0.4671066682257567	0.9999046620268853	True
924961	273	857	bsaA	group_2233	TP	0.517956666521378	0.6419780557502306	217.85714285714286	224013.2857142857	0.025241405	7	0	0	1	28	2	28	1.0	1.0	0.4844131039521858	True	True	False	False	P↔T	T_A__P_B	TP:bsaA--group_2233	161	7560.0	0.23628115157323065	0.35115320246362075	0.48441310395218584	0.9997354497354497	True
924972	273	868	bsaA	group_202	TP	0.4980972656935969	0.6232886628347034	86.0	89681.6	0.025504848	5	0	0	1	27	2	27	1.0	1.0	0.4725713629677123	True	False	False	False	P↔T	T_A__P_B	TP:bsaA--group_202	129	9397.0	0.1931279185498127	0.3174617321682907	0.47257136296771235	0.9996807491752687	True
925000	273	896	bsaA	group_2568	TP	0.42782638871830736	0.5316766218520267	20.196153846153845	19177.080769230768	0.026513407	260	0	0	1	28	2	28	1.0	1.0	0.4183237804463235	True	False	False	False	P↔T	T_A__P_B	TP:bsaA--group_2568	81	1450.0	0.21911027076372405	0.3221762855444995	0.4183237804463235	0.9993103448275862	True
925638	273	1534	bsaA	gutB	TP	0.4518583999950051	0.5615421441966929	100.61111111111111	104330.02222222222	0.07267758	90	0	1	1	28	2	28	1.0	1.0	0.4497386959303774	True	True	False	False	P↔T	T_A__P_B	TP:bsaA--gutB	134	10173.0	0.19511130437945876	0.30647824497783543	0.4497386959303774	0.9991153052196992	True
925695	273	1591	bsaA	group_5410	TP	0.5175466238130187	0.6444023794352983	119.1826923076923	107365.47115384616	0.07778296	104	0	1	1	28	2	28	1.0	1.0	0.4511704467790327	True	True	False	False	P↔T	T_A__P_B	TP:bsaA--group_5410	140	10352.0	0.20911143075537533	0.3289027557887971	0.4511704467790327	0.9997102009273571	True
925702	273	1598	bsaA	group_5409	TP	0.5175466238130187	0.6444023794352983	117.1826923076923	105092.44230769231	0.07843618	104	0	1	1	28	2	28	1.0	1.0	0.4511704467790327	True	True	False	False	P↔T	T_A__P_B	TP:bsaA--group_5409	140	10352.0	0.20911143075537533	0.3289027557887971	0.4511704467790327	0.999806800618238	True
925716	273	1612	bsaA	group_5355	TP	0.5107419291721534	0.6373921543987051	282.94444444444446	266523.94444444444	0.07944171	18	0	1	1	28	2	28	1.0	1.0	0.5107419291721534	True	True	False	False	P↔T	T_A__P_B	TP:bsaA--group_5355	170	5298.0	0.32524529881666403	0.44167257289575557	0.5107419291721534	0.9986787466968667	True
925732	273	1628	bsaA	ftsK_1	TP	0.5107419291721534	0.6373921543987051	280.94444444444446	263983.94444444444	0.08079445	18	0	1	1	28	2	28	1.0	1.0	0.5107419291721534	True	True	False	False	P↔T	T_A__P_B	TP:bsaA--ftsK_1	170	5298.0	0.32524529881666403	0.44167257289575557	0.5107419291721534	0.9988674971687429	True
925736	273	1632	bsaA	group_5942	TP	0.5107419291721534	0.6373921543987051	281.94444444444446	265083.6666666667	0.08079445	18	0	1	1	28	2	28	1.0	1.0	0.5107419291721534	True	True	False	False	P↔T	T_A__P_B	TP:bsaA--group_5942	170	5298.0	0.32524529881666403	0.44167257289575557	0.5107419291721534	0.9990562476406191	True
925744	273	1640	bsaA	group_4892	TP	0.5175466238130187	0.6444023794352983	124.05882352941177	111418.22549019608	0.08208325	102	0	1	1	28	2	28	1.0	1.0	0.4822776444081364	True	True	False	False	P↔T	T_A__P_B	TP:bsaA--group_4892	142	10625.0	0.208132684526371	0.3292462678341217	0.4822776444081364	0.9993411764705883	True
925755	273	1651	bsaA	group_5412	TP	0.5175466238130187	0.6444023794352983	123.00980392156863	110234.56862745098	0.082807936	102	0	1	1	28	2	28	1.0	1.0	0.4638188177778241	True	True	False	False	P↔T	T_A__P_B	TP:bsaA--group_5412	141	10327.0	0.2151252996707094	0.3408525996411131	0.4638188177778241	0.9993221651980246	True
925760	273	1656	bsaA	group_3419	TP	0.5175466238130187	0.6444023794352983	110.05825242718447	99819.2718446602	0.08354813	103	0	1	1	28	2	28	1.0	1.0	0.4707176508234734	True	True	False	False	P↔T	T_A__P_B	TP:bsaA--group_3419	138	10415.0	0.2022911687580762	0.31450568392964134	0.47071765082347344	0.999711953912626	True
925764	273	1660	bsaA	group_5411	TP	0.5175466238130187	0.6444023794352983	122.06796116504854	109199.5145631068	0.08358218	103	0	1	1	28	2	28	1.0	1.0	0.4638188177778241	True	True	False	False	P↔T	T_A__P_B	TP:bsaA--group_5411	141	10327.0	0.2151252996707094	0.3408525996411131	0.4638188177778241	0.9994189987411639	True
925767	273	1663	bsaA	group_5991	TP	0.5175466238130187	0.6444023794352983	118.06796116504854	106280.67961165048	0.08354813	103	0	1	1	28	2	28	1.0	1.0	0.4511704467790327	True	True	False	False	P↔T	T_A__P_B	TP:bsaA--group_5991	140	10352.0	0.20911143075537533	0.3289027557887971	0.4511704467790327	0.9999034003091191	True
925781	273	1677	bsaA	group_5361	TP	0.5107419291721534	0.6373921543987051	262.25	241885.25	0.08466647	8	0	1	1	28	2	28	1.0	1.0	0.5107419291721534	True	True	False	False	P↔T	T_A__P_B	TP:bsaA--group_5361	167	6382.0	0.28859550233087417	0.3958517696707674	0.5107419291721534	0.9984330930742714	True
925787	273	1683	bsaA	Int-Tn_2	TP	0.5107419291721534	0.6373921543987051	258.5	237979.77777777778	0.08544071	18	0	1	1	28	2	28	1.0	1.0	0.5107419291721534	True	True	False	False	P↔T	T_A__P_B	TP:bsaA--Int-Tn_2	167	6382.0	0.28859550233087417	0.3958517696707674	0.5107419291721534	0.9985897837668443	True
925789	273	1685	bsaA	group_5944	TP	0.5107419291721534	0.6373921543987051	262.2857142857143	242838.85714285713	0.08544071	7	0	1	1	28	2	28	1.0	1.0	0.5107419291721534	True	True	False	False	P↔T	T_A__P_B	TP:bsaA--group_5944	167	6382.0	0.28859550233087417	0.3958517696707674	0.5107419291721534	0.9987464744594171	True
925790	273	1686	bsaA	group_5945	TP	0.5107419291721534	0.6373921543987051	259.5	239082.05555555556	0.08544071	18	0	1	1	28	2	28	1.0	1.0	0.5107419291721534	True	True	False	False	P↔T	T_A__P_B	TP:bsaA--group_5945	167	6382.0	0.28859550233087417	0.3958517696707674	0.5107419291721534	0.99890316515199	True
925795	273	1691	bsaA	group_5360	TP	0.5107419291721534	0.6373921543987051	260.8235294117647	241176.70588235295	0.08621442	17	0	1	1	28	2	28	1.0	1.0	0.5107419291721534	True	True	False	False	P↔T	T_A__P_B	TP:bsaA--group_5360	167	6382.0	0.28859550233087417	0.3958517696707674	0.5107419291721534	0.9990598558445628	True
925848	273	1744	bsaA	erm	TP	0.5482387393179563	0.6860326572318007	278.94444444444446	261000.0	0.09187085	18	0	1	1	28	2	28	1.0	1.0	0.5289453394573007	True	True	False	False	P↔T	T_A__P_B	TP:bsaA--erm	169	5474.0	0.30550744334912777	0.4273537436110101	0.5289453394573007	0.999269272926562	True
925896	273	1792	bsaA	group_3724	TP	0.5107419291721534	0.6373921543987051	281.05882352941177	262549.82352941175	0.0999262	17	0	1	1	28	2	28	1.0	1.0	0.5107419291721534	True	True	False	False	P↔T	T_A__P_B	TP:bsaA--group_3724	170	5298.0	0.32524529881666403	0.44167257289575557	0.5107419291721534	0.9992449981124952	True
925975	273	1871	bsaA	group_1359	TP	0.6000385433673685	0.7558280547309923	354.85	344369.1	0.111187086	20	0	1	1	28	2	28	1.0	1.0	0.5156840732485811	True	True	False	False	P↔T	T_A__P_B	TP:bsaA--group_1359	178	2683.0	0.344660845195104	0.46165215980684055	0.5156840732485811	1.0	True
925977	273	1873	bsaA	group_1656	TP	0.5482387393179563	0.6860326572318007	1.0	42.66265060240964	0.111354	83	0	1	1	28	2	28	1.0	1.0	0.5300591875173865	True	False	False	False	P↔T	T_A__P_B	TP:bsaA--group_1656	0	1276.0	0.23204963798903314	0.3603605424101187	0.5300591875173865	0.9992163009404389	True
926010	273	1906	bsaA	group_624	TP	0.6000385433673685	0.7558280547309923	55.224489795918366	59894.63265306123	0.11530958	49	0	1	1	28	2	28	1.0	1.0	0.4772301973650273	True	False	False	False	P↔T	T_A__P_B	TP:bsaA--group_624	114	6138.0	0.18838353762034724	0.3055351693171141	0.4772301973650273	0.9995112414467253	True
950818	281	758	group_3828	group_3656	TP	0.5406958830466128	0.7732627223396032	67.15384615384616	70730.23076923077	0.022426674	13	0	0	1	25	2	25	1.0	1.0	0.4281425937816016	True	False	False	False	P↔T	T_A__P_B	TP:group_3828--group_3656	121	7928.0	0.18981485405516565	0.3083675815386238	0.4281425937816016	1.0	True
950835	281	775	group_3828	group_4326	TP	0.49398323338519023	0.6997787325316517	97.61538461538461	100795.0	0.022846814	13	0	0	1	25	2	25	1.0	1.0	0.4510635116352017	True	False	False	False	P↔T	T_A__P_B	TP:group_3828--group_4326	133	9918.0	0.19826412341749286	0.3066890165063561	0.4510635116352017	0.999395039322444	True
950863	281	803	group_3828	gpsB	TP	0.49398323338519023	0.6997787325316517	98.375	102773.35	0.02339319	80	0	0	1	25	2	25	1.0	1.0	0.4497386959303774	True	False	False	False	P↔T	T_A__P_B	TP:group_3828--gpsB	134	10173.0	0.19511130437945876	0.30647824497783543	0.4497386959303774	0.9996068023198663	True
950864	281	804	group_3828	hemH	TP	0.45609443230694546	0.6407679749176944	65.71428571428571	67099.57142857143	0.023324702	7	0	0	1	25	2	25	1.0	1.0	0.4503584700779963	True	False	False	False	P↔T	T_A__P_B	TP:group_3828--hemH	120	7451.0	0.1868584539432542	0.30575012260572776	0.4503584700779963	0.9990605287880822	True
951744	281	1684	group_3828	group_4888	TP	0.49398323338519023	0.6997787325316517	106.9625	115933.1375	0.08657684	80	0	1	1	25	2	25	1.0	1.0	0.4813187017149842	True	True	False	False	P↔T	T_A__P_B	TP:group_3828--group_4888	137	10349.0	0.20064857616853873	0.32538320593770226	0.48131870171498425	0.9993236061455213	True
951812	281	1752	group_3828	group_4882	TP	0.5158715263457113	0.7341515845229589	109.9625	121985.975	0.09385723	80	0	1	1	25	2	25	1.0	1.0	0.4813187017149842	True	True	False	False	P↔T	T_A__P_B	TP:group_3828--group_4882	137	10349.0	0.20064857616853873	0.32538320593770226	0.48131870171498425	0.9995168615325152	True
951820	281	1760	group_3828	group_4448	TP	0.49380273191948776	0.709897000826892	34.265822784810126	39485.3417721519	0.09540921	79	0	1	1	24	2	24	1.0	1.0	0.4895560267703576	True	False	False	False	P↔T	T_A__P_B	TP:group_3828--group_4448	98	3092.0	0.1984339742158721	0.3226608853125784	0.4895560267703576	0.999353169469599	True
951927	281	1867	group_3828	group_4451	TP	0.5406958830466129	0.7732627223396035	468.94444444444446	468715.6111111111	0.109871596	18	0	1	1	25	2	25	1.0	1.0	0.5197689503477538	True	True	False	False	P↔T	T_A__P_B	TP:group_3828--group_4451	187	844.0	0.2688254039396952	0.4566596119162424	0.5197689503477538	1.0	True
951966	281	1906	group_3828	group_624	TP	0.5701790334941199	0.8196965299046732	102.88372093023256	113076.6046511628	0.11531151	43	0	1	1	25	2	25	1.0	1.0	0.4729031778618347	True	True	False	False	P↔T	T_A__P_B	TP:group_3828--group_624	135	10445.0	0.19427115083720545	0.31339558513779836	0.4729031778618347	0.9999042604116802	True
990736	293	1862	trkA	group_1976	TP	0.3448900287722054	0.5945537285776741	514.4285714285714	507073.28571428574	0.10969842	7	0	1	1	30	2	30	1.0	1.0	0.3310922254260096	True	True	False	False	P↔T	T_A__P_B	TP:trkA--group_1976	190	438.0	0.18022024931652822	0.27831126162286945	0.33109222542600963	1.0	True
1018886	302	996	pglF	group_3290	TP	0.23668797543486686	0.2805108884331914	1.4422442244224423	653.5049504950495	0.03155995	303	1	0	2	26	2	25	0.96153843	1.0798723	0.2349893898413604	True	False	True	False	P↔T	T_A__P_B	TP:pglF--group_3290	6	18.0	0.1517586957595451	0.21970211949980237	0.23498938984136047	1.0	True
1032633	306	1873	kdgR	group_1656	TP	0.48968288177234837	0.5009394347082868	13.962962962962964	12143.074074074075	0.111354	81	4	1	2	28	2	27	0.96428573	1.0739726	0.4756202097947947	True	False	True	False	P↔T	T_A__P_B	TP:kdgR--group_1656	69	965.0	0.22809829869692516	0.32907599380211244	0.47562020979479475	1.0	True
1041486	309	1084	rpsI	group_3096	TP	0.22892239981464116	0.29917484328604266	2.280701754385965	1306.1169590643274	0.035665832	171	0	1	1	11	13	11	1.0	1.0	0.2283929155232805	True	False	False	False	P↔T	T_A__P_B	TP:rpsI--group_3096	17	34.0	0.20163636612694016	0.2236275569010351	0.22839291552328053	1.0	True
1041858	309	1456	rpsI	group_827	TP	0.5185594154774653	0.6958889784197461	147.6209677419355	133817.43548387097	0.06666426	124	0	1	1	11	13	11	1.0	1.0	0.4869206249272111	True	True	False	False	P↔T	T_A__P_B	TP:rpsI--group_827	148	10641.0	0.22730636303357493	0.385790964314127	0.48692062492721117	0.9995301193496852	True
1043048	309	2646	rpsI	group_437	TP	0.4631105777087342	0.7089290120194355	224.16666666666666	236103.91666666666	0.33786243	12	0	1	1	11	13	11	1.0	1.0	0.460990287300509	True	True	False	False	P↔T	T_A__P_B	TP:rpsI--group_437	162	7828.0	0.24869316427324445	0.37233550229445356	0.46099028730050906	0.9991057741440981	True
1153589	344	1362	thiM_1	group_1898	TP	0.1912677566698604	0.2333357684821194	3.3495934959349594	2175.008130081301	0.05850843	123	0	1	1	15	3	15	1.0	1.0	0.1906316637732844	True	False	False	False	P↔T	T_A__P_B	TP:thiM_1--group_1898	26	59.0	0.17008567534537966	0.18490682770410022	0.1906316637732844	1.0	True
1165687	348	758	kdgK	group_3656	TP	0.470025683476877	0.8297680346552924	97.42857142857143	98455.28571428571	0.022488894	7	0	0	1	29	2	29	1.0	1.0	0.4510635116352017	True	False	False	False	P↔T	T_A__P_B	TP:kdgK--group_3656	133	9918.0	0.19826412341749286	0.3066890165063561	0.4510635116352017	0.9991933857632587	True
1166835	348	1906	kdgK	group_624	TP	0.5164572715912291	0.9261078220989657	50.44897959183673	56185.816326530614	0.115075365	49	0	1	1	29	2	29	1.0	1.0	0.5147212013475813	True	False	False	False	P↔T	T_A__P_B	TP:kdgK--group_624	111	5400.0	0.19314499193001441	0.3249746430076733	0.5147212013475813	0.9992592592592593	True
1219492	365	758	galK_2	group_3656	TP	0.4734232518978595	0.6131658721536344	81.9090909090909	86905.54545454546	0.022168018	11	0	0	1	30	2	30	1.0	1.0	0.4615616280296593	True	False	False	False	P↔T	T_A__P_B	TP:galK_2--group_3656	127	9160.0	0.18357250042703588	0.29353086401861	0.4615616280296593	0.9991266375545852	True
1383393	417	1873	ugl	group_1656	TP	0.4697344919742864	0.6206751239131654	7.987804878048781	7599.621951219512	0.11097365	82	0	1	2	29	2	28	0.9655172	1.0713376	0.4489051413642368	True	False	True	False	P↔T	T_A__P_B	TP:ugl--group_1656	51	736.0	0.23231534268656218	0.3325079378018436	0.44890514136423687	1.0	True
1407082	425	758	yhaM	group_3656	TP	0.5258160568303114	0.7360591297194705	68.82608695652173	72514.91304347826	0.022613036	23	2	0	1	11	2	11	1.0	1.0	0.4434913562725833	True	False	False	False	P↔T	T_A__P_B	TP:yhaM--group_3656	122	7928.0	0.19534472572533212	0.3143485639798963	0.4434913562725833	0.9998738647830474	True
1407091	425	767	yhaM	group_3978	TP	0.494712750561652	0.679642670700268	48.333333333333336	46728.166666666664	0.022828156	6	2	0	1	11	2	11	1.0	1.0	0.4584263331603573	True	False	False	False	P↔T	T_A__P_B	TP:yhaM--group_3978	110	5154.0	0.1878255681340647	0.32827451374301087	0.4584263331603573	0.9996119518820333	True
1407099	425	775	yhaM	group_4326	TP	0.5196204838090651	0.7181380002475966	102.25	100571.375	0.023042714	8	2	0	1	11	2	11	1.0	1.0	0.4729031778618347	True	True	False	False	P↔T	T_A__P_B	TP:yhaM--group_4326	135	10445.0	0.19427115083720545	0.31339558513779836	0.4729031778618347	0.9996170416467209	True
1408106	425	1782	yhaM	tetM	TP	0.494712750561652	0.679642670700268	34.265822784810126	35608.620253164554	0.09876111	79	2	1	1	11	2	11	1.0	1.0	0.4895560267703576	True	False	False	False	P↔T	T_A__P_B	TP:yhaM--tetM	98	3092.0	0.1984339742158721	0.3226608853125784	0.4895560267703576	0.9996765847347995	True
1408160	425	1836	yhaM	group_5418	TP	0.5196204838090651	0.7181380002475966	65.0	62000.6	0.10560115	5	2	1	1	11	2	11	1.0	1.0	0.4503584700779963	True	False	False	False	P↔T	T_A__P_B	TP:yhaM--group_5418	120	7451.0	0.1868584539432542	0.30575012260572776	0.4503584700779963	0.9998657898268689	True
1408161	425	1837	yhaM	group_5996	TP	0.5196204838090651	0.7181380002475966	113.22222222222223	110297.33333333333	0.10560115	9	2	1	1	11	2	11	1.0	1.0	0.4707176508234734	True	True	False	False	P↔T	T_A__P_B	TP:yhaM--group_5996	138	10415.0	0.2022911687580762	0.31450568392964134	0.47071765082347344	0.999807969275084	True
1408162	425	1838	yhaM	group_5997	TP	0.5196204838090651	0.7181380002475966	92.85714285714286	89926.42857142857	0.10560115	7	2	1	1	11	2	11	1.0	1.0	0.4453124539158722	True	False	False	False	P↔T	T_A__P_B	TP:yhaM--group_5997	132	9646.0	0.19268124749264082	0.31008739560375653	0.4453124539158722	0.999688990255028	True
1410232	426	812	pepC	group_2605	TP	0.4578369772779761	0.6502790631618098	115.2	111230.6	0.023746455	5	1	0	1	29	2	29	1.0	1.0	0.4480416103913727	True	True	False	False	P↔T	T_A__P_B	TP:pepC--group_2605	139	10221.0	0.20489226871164087	0.32643918991900917	0.44804161039137275	0.9993151355053321	True
1411172	426	1752	pepC	group_4882	TP	0.4822384834278255	0.6880136201369916	66.0952380952381	65842.33333333333	0.093302935	84	1	1	1	29	2	29	1.0	1.0	0.4503584700779963	True	False	False	False	P↔T	T_A__P_B	TP:pepC--group_4882	120	7451.0	0.1868584539432542	0.30575012260572776	0.4503584700779963	0.9995973694806066	True
1411293	426	1873	pepC	group_1656	TP	0.5525992926834128	0.7962018515430174	19.063291139240505	16728.46835443038	0.11069085	79	1	1	2	29	2	28	0.9655172	1.0713376	0.5274476195527773	True	False	True	False	P↔T	T_A__P_B	TP:pepC--group_1656	79	1406.0	0.21800128376311176	0.345533328920671	0.5274476195527773	0.9992887624466572	True
1411326	426	1906	pepC	group_624	TP	0.5064180233696658	0.7377996396134464	73.83333333333333	76974.6875	0.114619195	48	1	1	1	29	2	29	1.0	1.0	0.4523804792945393	True	False	False	False	P↔T	T_A__P_B	TP:pepC--group_624	124	8493.0	0.18885285462170537	0.29965325605561777	0.45238047929453934	0.9997645119510185	True
1414251	427	1736	ybiV	group_852	TP	0.12344626055462672	0.17004007284364045	1.485981308411215	557.607476635514	0.09290942	107	0	1	1	7	3	7	1.0	1.0	0.1233677191143568	True	False	False	False	P↔T	T_A__P_B	TP:ybiV--group_852	7	22.0	0.11873661115529109	0.1226608461519276	0.1233677191143568	1.0	True
1450335	439	758	group_1393	group_3656	TP	0.5164565558869559	0.5223086968406295	137.6	141236.6	0.022662092	5	4	1	28	76	9	17	0.2236842	8.968945	0.4671066682257567	True	True	True	True	P↔T	T_A__P_B	TP:group_1393--group_3656	145	10489.0	0.20390163535341135	0.33111220016910736	0.4671066682257567	0.9997139860806559	True
1450352	439	775	group_1393	group_4326	TP	0.5296932176188046	0.5352982636710478	92.375	87970.625	0.023094907	8	4	1	28	76	9	17	0.2236842	8.968945	0.4453124539158722	True	False	True	False	P↔T	T_A__P_B	TP:group_1393--group_4326	132	9646.0	0.19268124749264082	0.31008739560375653	0.4453124539158722	0.9998963300850093	True
1450382	439	805	group_1393	group_5291	TP	0.5092470499564825	0.514297191347669	122.0	120634.0	0.023674937	5	4	1	27	75	9	17	0.22666667	8.748056	0.4638188177778241	True	True	True	True	P↔T	T_A__P_B	TP:group_1393--group_5291	141	10327.0	0.2151252996707094	0.3408525996411131	0.4638188177778241	0.9992253316548853	True
1450389	439	812	group_1393	group_2605	TP	0.5445947228446042	0.5499954028318409	103.25	97172.0	0.023796346	8	4	1	28	76	9	17	0.2236842	8.968945	0.4729031778618347	True	True	True	True	P↔T	T_A__P_B	TP:group_1393--group_2605	135	10445.0	0.19427115083720545	0.31339558513779836	0.4729031778618347	0.9997127812350407	True
1450395	439	818	group_1393	group_2606	TP	0.4800185346767004	0.4850979389494005	84.66666666666667	81075.33333333333	0.023997715	9	4	1	27	75	9	17	0.22666667	8.748056	0.4725713629677123	True	False	True	False	P↔T	T_A__P_B	TP:group_1393--group_2606	129	9397.0	0.1931279185498127	0.3174617321682907	0.47257136296771235	0.9990422475258061	True
1451062	439	1485	group_1393	group_4891	TP	0.4600774002927278	0.46357466239627926	72.16949152542372	56659.09322033898	0.06764972	118	4	0	22	70	9	17	0.24285714	7.6802506	0.4579689613721261	True	False	True	False	P↔T	T_A__P_B	TP:group_1393--group_4891	123	8316.0	0.19010081088265815	0.32001205527176424	0.45796896137212617	0.9992784992784993	True
1451091	439	1514	group_1393	group_5990	TP	0.4578917766531767	0.46148563234043644	74.10619469026548	58033.06194690266	0.06967085	113	4	0	23	71	9	17	0.23943663	7.888889	0.4523804792945393	True	False	True	False	P↔T	T_A__P_B	TP:group_1393--group_5990	124	8493.0	0.18885285462170537	0.29965325605561777	0.45238047929453934	0.9990580478040739	True
1451111	439	1534	group_1393	gutB	TP	0.47268415672031294	0.4765110734781797	136.11111111111111	144239.14444444445	0.073100545	90	4	0	24	72	9	17	0.2361111	8.1	0.4671066682257567	True	True	True	True	P↔T	T_A__P_B	TP:group_1393--gutB	145	10489.0	0.20390163535341135	0.33111220016910736	0.4671066682257567	0.9992372962150825	True
1451165	439	1588	group_1393	group_3705	TP	0.4741918181683039	0.47783543906283865	81.26495726495726	64128.58974358974	0.077243686	117	4	0	23	71	9	17	0.23943663	7.888889	0.4615616280296593	True	False	True	False	P↔T	T_A__P_B	TP:group_1393--group_3705	127	9160.0	0.18357250042703588	0.29353086401861	0.4615616280296593	0.999235807860262	True
1451167	439	1590	group_1393	group_5408	TP	0.4741918181683039	0.47783543906283865	77.21367521367522	60351.81196581197	0.077243686	117	4	0	23	71	9	17	0.23943663	7.888889	0.4636078413712972	True	False	True	False	P↔T	T_A__P_B	TP:group_1393--group_5408	125	8702.0	0.18612886488451394	0.30603488146960933	0.4636078413712972	0.9993105033325672	True
1451168	439	1591	group_1393	group_5410	TP	0.4741918181683039	0.47783543906283865	80.33035714285714	63093.642857142855	0.07707806	112	4	0	23	71	9	17	0.23943663	7.888889	0.4615616280296593	True	False	True	False	P↔T	T_A__P_B	TP:group_1393--group_5410	127	9160.0	0.18357250042703588	0.29353086401861	0.4615616280296593	0.9993449781659388	True
1451175	439	1598	group_1393	group_5409	TP	0.4741918181683039	0.47783543906283865	78.33035714285714	60852.080357142855	0.07772484	112	4	0	23	71	9	17	0.23943663	7.888889	0.4497911297978875	True	False	True	False	P↔T	T_A__P_B	TP:group_1393--group_5409	126	8978.0	0.1898100553350106	0.30541859476748784	0.4497911297978875	0.9994430830920027	True
1451217	439	1640	group_1393	group_4892	TP	0.4891466457964518	0.4929858116092746	85.37962962962963	67064.56481481482	0.08133999	108	4	0	24	72	9	17	0.2361111	8.1	0.4725713629677123	True	False	True	False	P↔T	T_A__P_B	TP:group_1393--group_4892	129	9397.0	0.1931279185498127	0.3174617321682907	0.47257136296771235	0.9992550814089604	True
1451228	439	1651	group_1393	group_5412	TP	0.4891466457964518	0.4929858116092746	84.37962962962963	65930.02777777778	0.08205793	108	4	0	24	72	9	17	0.2361111	8.1	0.4636078413712972	True	False	True	False	P↔T	T_A__P_B	TP:group_1393--group_5412	128	9305.0	0.18907041720569973	0.30619747206200915	0.4636078413712972	0.9993551853842021	True
1451233	439	1656	group_1393	group_3419	TP	0.4891466457964518	0.4929858116092746	71.39449541284404	55405.71559633027	0.08279083	109	4	0	24	72	9	17	0.2361111	8.1	0.4579689613721261	True	False	True	False	P↔T	T_A__P_B	TP:group_1393--group_3419	123	8316.0	0.19010081088265815	0.32001205527176424	0.45796896137212617	0.9995189995189995	True
1451237	439	1660	group_1393	group_5411	TP	0.5050940342092888	0.5091833458486417	83.38317757009345	64827.90654205607	0.08282468	107	4	0	25	73	9	17	0.23287672	8.313573	0.4636078413712972	True	False	True	False	P↔T	T_A__P_B	TP:group_1393--group_5411	128	9305.0	0.18907041720569973	0.30619747206200915	0.4636078413712972	0.999785061794734	True
1451240	439	1663	group_1393	group_5991	TP	0.4891466457964518	0.4929858116092746	79.4090909090909	62166.98181818182	0.08279083	110	4	0	24	72	9	17	0.2361111	8.1	0.4497911297978875	True	False	True	False	P↔T	T_A__P_B	TP:group_1393--group_5991	126	8978.0	0.1898100553350106	0.30541859476748784	0.4497911297978875	0.9997772332368011	True
1451261	439	1684	group_1393	group_4888	TP	0.4908863514677098	0.49546944652553043	88.3103448275862	96488.57471264368	0.087289825	87	4	0	27	74	9	17	0.22972973	8.55625	0.4623694281200661	True	False	True	False	P↔T	T_A__P_B	TP:group_1393--group_4888	130	9741.0	0.19144718291664398	0.3001116172301682	0.4623694281200661	0.9993840468124423	True
1451329	439	1752	group_1393	group_4882	TP	0.4908863514677098	0.49546944652553043	85.41666666666667	91353.59523809524	0.09476341	84	4	0	27	74	9	17	0.22972973	8.55625	0.4725713629677123	True	False	True	False	P↔T	T_A__P_B	TP:group_1393--group_4882	129	9397.0	0.1931279185498127	0.3174617321682907	0.47257136296771235	0.9993614983505374	True
1451483	439	1906	group_1393	group_624	TP	0.48750197893437086	0.49343314780411873	92.79591836734694	102094.32653061225	0.11424316	49	4	0	28	76	9	17	0.2236842	8.968945	0.4453124539158722	True	False	True	False	P↔T	T_A__P_B	TP:group_1393--group_624	132	9646.0	0.19268124749264082	0.31008739560375653	0.4453124539158722	0.999377980510056	True
1597780	487	1395	group_2881	lolD	TP	0.16621443301912014	0.21069138786513228	1.3142857142857143	403.64285714285717	0.060419213	140	4	1	1	10	2	10	1.0	1.0	0.1656752280247728	True	False	False	False	P↔T	T_A__P_B	TP:group_2881--lolD	5	15.0	0.13925418330175487	0.16082238307564709	0.16567522802477286	1.0	True
1663672	509	770	fpgS_2	galE	TP	0.512588432187681	0.560728364479235	134.33333333333334	134100.0	0.022899657	9	1	0	2	27	2	26	0.962963	1.0768094	0.485564597768414	True	True	True	True	P↔T	T_A__P_B	TP:fpgS_2--galE	144	10335.0	0.2042225686961178	0.34049151864976346	0.485564597768414	0.9994194484760522	True
1663714	509	812	fpgS_2	group_2605	TP	0.46378964057824723	0.49916926380173354	117.2	113299.6	0.023625914	5	1	0	2	28	2	27	0.96428573	1.0739726	0.4511704467790327	True	True	True	True	P↔T	T_A__P_B	TP:fpgS_2--group_2605	140	10352.0	0.20911143075537533	0.3289027557887971	0.4511704467790327	0.999227202472952	True
1664586	509	1684	fpgS_2	group_4888	TP	0.4185447885023481	0.45047296374340023	59.91860465116279	62566.17441860465	0.09820882	86	1	1	1	27	2	27	1.0	1.0	0.4117413502757499	True	False	False	False	P↔T	T_A__P_B	TP:fpgS_2--group_4888	117	6863.0	0.18890577979392698	0.3051439369531576	0.4117413502757499	0.9991257467579776	True
1681726	515	767	hepC	group_3978	TP	0.46342806836061406	0.6980803074348655	192.875	190044.75	0.022769408	8	1	0	1	27	2	27	1.0	1.0	0.4594130094976121	True	True	False	False	P↔T	T_A__P_B	TP:hepC--group_3978	157	9172.0	0.22800226591397058	0.3397986272798108	0.45941300949761216	0.9991277802006105	True
1681763	515	804	hepC	hemH	TP	0.471940833719545	0.7036008360973879	67.85714285714286	69441.0	0.023480883	7	1	0	1	28	2	28	1.0	1.0	0.4281425937816016	True	False	False	False	P↔T	T_A__P_B	TP:hepC--hemH	121	7928.0	0.18981485405516565	0.3083675815386238	0.4281425937816016	0.9996215943491423	True
1682711	515	1752	hepC	group_4882	TP	0.4924705263964298	0.737921741288929	34.02469135802469	36415.71604938272	0.10575771	81	1	1	1	28	2	28	1.0	1.0	0.4895560267703576	True	False	False	False	P↔T	T_A__P_B	TP:hepC--group_4882	98	3092.0	0.1984339742158721	0.3226608853125784	0.4895560267703576	0.9990297542043984	True
1682832	515	1873	hepC	group_1656	TP	0.5564716812254008	0.8338215791157293	12.9625	11314.9	0.11997782	80	1	1	2	29	2	28	0.9655172	1.0713376	0.5228300595527771	True	False	True	False	P↔T	T_A__P_B	TP:hepC--group_1656	66	1036.0	0.21950992227652508	0.31749888633319195	0.5228300595527771	1.0	True
1682865	515	1906	hepC	group_624	TP	0.4874133560076187	0.7382751261038096	41.361702127659576	48382.70212765958	0.12175031	47	1	1	1	27	2	27	1.0	1.0	0.4584007321846909	True	False	False	False	P↔T	T_A__P_B	TP:hepC--group_624	104	4069.0	0.18308720438697423	0.3154179676479793	0.4584007321846909	0.9995084787417056	True
1736565	533	1651	group_4675	group_5412	TP	0.4247332562276225	0.5563251367450197	16.464646464646464	13329.68686868687	0.10173015	99	1	1	1	30	2	30	1.0	1.0	0.4245804367616829	True	False	False	False	P↔T	T_A__P_B	TP:group_4675--group_5412	74	1077.0	0.21326996111400717	0.3157518711282317	0.4245804367616829	0.9990714948932219	True
1736574	533	1660	group_4675	group_5411	TP	0.4247332562276225	0.5563251367450197	17.329896907216494	14322.59793814433	0.10288482	97	1	1	1	30	2	30	1.0	1.0	0.3855219155238851	True	False	False	False	P↔T	T_A__P_B	TP:group_4675--group_5411	76	1197.0	0.2179503936555948	0.313688816817749	0.38552191552388515	1.0	True
1736577	533	1663	group_4675	group_5991	TP	0.4368028161111126	0.5741987425828047	21.448979591836736	17843.377551020407	0.10285057	98	1	1	1	30	2	30	1.0	1.0	0.421010860773454	True	False	False	False	P↔T	T_A__P_B	TP:group_4675--group_5991	83	1670.0	0.21343014953840975	0.3179045954014367	0.421010860773454	0.9994011976047904	True
1907323	591	758	tcyA	group_3656	TP	0.5081640110422097	0.5707270119646632	141.14285714285714	141019.14285714287	0.024405055	7	3	0	1	30	2	30	1.0	1.0	0.4848323580993047	True	True	False	False	P↔T	T_A__P_B	TP:tcyA--group_3656	146	10299.0	0.22485448112403592	0.36155200654189734	0.48483235809930475	0.9998058063889698	True
1908050	591	1485	tcyA	group_4891	TP	0.4487460145440892	0.4929534596880803	39.00952380952381	33930.50476190476	0.074783	105	3	1	1	30	2	30	1.0	1.0	0.4402654368315187	True	False	False	False	P↔T	T_A__P_B	TP:tcyA--group_4891	102	3739.0	0.20262828177816317	0.33636505251606474	0.4402654368315187	0.9991976464295266	True
1908153	591	1588	tcyA	group_3705	TP	0.4604430579780166	0.5071927745718234	29.9811320754717	26541.27358490566	0.08567752	106	3	1	1	30	2	30	1.0	1.0	0.4006615557584166	True	False	False	False	P↔T	T_A__P_B	TP:tcyA--group_3705	94	2417.0	0.21320924608595246	0.3139444091759289	0.40066155575841667	0.9995862639635912	True
1908163	591	1598	tcyA	group_5409	TP	0.4378081414951598	0.4796837718561757	33.00961538461539	29070.048076923078	0.07937147	104	3	1	1	30	2	30	1.0	1.0	0.4289160197555114	True	False	False	False	P↔T	T_A__P_B	TP:tcyA--group_5409	97	2898.0	0.19625038243911883	0.31484434943624234	0.42891601975551147	0.9993098688750862	True
1908205	591	1640	tcyA	group_4892	TP	0.47302430558694974	0.5225539753633767	26.03846153846154	23198.30769230769	0.08326732	104	3	1	1	30	2	30	1.0	1.0	0.4364121558380347	True	False	False	False	P↔T	T_A__P_B	TP:tcyA--group_4892	89	2063.0	0.21543283438144933	0.3249018528126272	0.4364121558380347	1.0	True
1908216	591	1651	tcyA	group_5412	TP	0.47302430558694974	0.5225539753633767	27.028846153846153	23809.365384615383	0.0840451	104	3	1	1	30	2	30	1.0	1.0	0.4502085658130336	True	False	False	False	P↔T	T_A__P_B	TP:tcyA--group_5412	90	2114.0	0.22660988751596448	0.3287424035192702	0.45020856581303365	1.0	True
1908221	591	1656	tcyA	group_3419	TP	0.47302430558694974	0.5225539753633767	40.019417475728154	34605.74757281553	0.084840216	103	3	1	1	30	2	30	1.0	1.0	0.4671773235460157	True	False	False	False	P↔T	T_A__P_B	TP:tcyA--group_3419	103	3805.0	0.19102836274155932	0.30462681634741307	0.4671773235460157	0.9992115637319317	True
1908225	591	1660	tcyA	group_5411	TP	0.47302430558694974	0.5225539753633767	28.02857142857143	24978.466666666667	0.08342208	105	3	1	1	30	2	30	1.0	1.0	0.4373232933206934	True	False	False	False	P↔T	T_A__P_B	TP:tcyA--group_5411	91	2160.0	0.23008963524055204	0.3316785748748303	0.4373232933206934	0.999537037037037	True
1908228	591	1663	tcyA	group_5991	TP	0.47302430558694974	0.5225539753633767	32.00961538461539	28339.83653846154	0.084840216	104	3	1	1	30	2	30	1.0	1.0	0.4560099525668841	True	False	False	False	P↔T	T_A__P_B	TP:tcyA--group_5991	96	2801.0	0.1991342542850062	0.3425198782464123	0.45600995256688415	0.9996429846483399	True
1908242	591	1677	tcyA	group_5361	TP	0.48665808875993544	0.539240012798751	119.0	111696.5	0.084556445	8	3	1	1	30	2	30	1.0	1.0	0.4511704467790327	True	True	False	False	P↔T	T_A__P_B	TP:tcyA--group_5361	140	10352.0	0.20911143075537533	0.3289027557887971	0.4511704467790327	0.9995170015455951	True
1908249	591	1684	tcyA	group_4888	TP	0.48796431292899434	0.5406873705102733	196.48837209302326	185645.9534883721	0.08209152	86	3	1	1	30	2	30	1.0	1.0	0.4594130094976121	True	True	False	False	P↔T	T_A__P_B	TP:tcyA--group_4888	157	9172.0	0.22800226591397058	0.3397986272798108	0.45941300949761216	0.9993458351504579	True
1908250	591	1685	tcyA	group_5944	TP	0.48665808875993544	0.539240012798751	119.71428571428571	113146.28571428571	0.085362785	7	3	1	1	30	2	30	1.0	1.0	0.4511704467790327	True	True	False	False	P↔T	T_A__P_B	TP:tcyA--group_5944	140	10352.0	0.20911143075537533	0.3289027557887971	0.4511704467790327	0.999613601236476	True
1908308	591	1743	tcyA	group_4895	TP	0.5238738788646277	0.5842388887957073	165.83333333333334	158651.88888888888	0.09997538	18	3	1	1	30	2	30	1.0	1.0	0.4884936686160739	True	True	False	False	P↔T	T_A__P_B	TP:tcyA--group_4895	152	10786.0	0.22550428321809185	0.3493053612327472	0.48849366861607396	0.9994437233450769	True
1908309	591	1744	tcyA	erm	TP	0.5370094805261585	0.6009570568576785	166.83333333333334	159109.22222222222	0.10572483	18	3	1	1	30	2	30	1.0	1.0	0.4884936686160739	True	True	False	False	P↔T	T_A__P_B	TP:tcyA--erm	152	10786.0	0.22550428321809185	0.3493053612327472	0.48849366861607396	0.9997218616725385	True
1908317	591	1752	tcyA	group_4882	TP	0.5181604330548663	0.5778670932820164	193.55421686746988	180532.09638554216	0.08894881	83	3	1	1	30	2	30	1.0	1.0	0.4594130094976121	True	True	False	False	P↔T	T_A__P_B	TP:tcyA--group_4882	157	9172.0	0.22800226591397058	0.3397986272798108	0.45941300949761216	0.9996729175752289	True
1908318	591	1753	tcyA	group_5422	TP	0.5238738788646277	0.5842388887957073	164.83333333333334	157982.72222222222	0.100934274	18	3	1	1	30	2	30	1.0	1.0	0.4867813349051285	True	True	False	False	P↔T	T_A__P_B	TP:tcyA--group_5422	151	10832.0	0.22913031554138144	0.3510825961738888	0.4867813349051285	0.9994460856720827	True
1908347	591	1782	tcyA	tetM	TP	0.5181604330548663	0.5778670932820164	158.76470588235293	151053.35294117648	0.094141915	17	3	1	1	30	2	30	1.0	1.0	0.5128217656534273	True	True	False	False	P↔T	T_A__P_B	TP:tcyA--tetM	150	10867.0	0.22948210615913214	0.36890238885126486	0.5128217656534273	0.9990797828287475	True
1908357	591	1792	tcyA	group_3724	TP	0.5370094805261585	0.6009570568576785	169.8235294117647	161789.17647058822	0.1048696	17	3	1	1	30	2	30	1.0	1.0	0.4884936686160739	True	True	False	False	P↔T	T_A__P_B	TP:tcyA--group_3724	152	10786.0	0.22550428321809185	0.3493053612327472	0.48849366861607396	0.999814574448359	True
1908471	591	1906	tcyA	group_624	TP	0.4732889052799961	0.5378335523430712	202.66666666666666	193279.60416666666	0.109157674	48	3	1	1	29	2	29	1.0	1.0	0.4495451588683012	True	True	False	False	P↔T	T_A__P_B	TP:tcyA--group_624	158	9065.0	0.23362085440445762	0.35204446739901274	0.4495451588683012	0.999338113623828	True
2009725	626	1205	phnU_1	potA_2	TP	0.24758580641483624	0.2506127723273346	1.251207729468599	310.78743961352654	0.041284796	207	0	1	1	28	2	28	1.0	1.0	0.2467443224436868	True	False	False	False	P↔T	T_A__P_B	TP:phnU_1--potA_2	4	17.0	0.20551160785736752	0.23917096670334248	0.24674432244368688	1.0	True
2010393	626	1873	phnU_1	group_1656	TP	0.46855746934816955	0.48250376513016857	59.0	63890.65	0.10151911	80	0	1	1	28	2	28	1.0	1.0	0.4556815364948874	True	False	False	False	P↔T	T_A__P_B	TP:phnU_1--group_1656	116	6667.0	0.188799130087854	0.31087503039127046	0.4556815364948874	0.9992500374981251	True
2058369	643	770	yheI	galE	TP	0.4237927963866764	0.5521524610518934	25.28980891719745	23448.732484076434	0.02563957	314	1	0	1	17	2	17	1.0	1.0	0.4237927963866764	True	False	False	False	P↔T	T_A__P_B	TP:yheI--galE	88	1892.0	0.2218905186657826	0.35051721431970345	0.4237927963866764	0.9989429175475687	True
2059396	643	1797	yheI	group_1754	TP	0.42379279638667644	0.5521524610518935	24.435294117647057	22560.235294117647	0.09886943	85	1	1	1	17	2	17	1.0	1.0	0.4236900669073686	True	False	False	False	P↔T	T_A__P_B	TP:yheI--group_1754	87	1805.0	0.22295724698314753	0.3160826928608941	0.4236900669073686	0.9994459833795014	True
2059461	643	1862	yheI	group_1976	TP	0.42379279638667644	0.5521524610518935	4.444444444444445	3978.925925925926	0.10020979	54	1	1	1	17	2	17	1.0	1.0	0.4234404785952407	True	False	False	False	P↔T	T_A__P_B	TP:yheI--group_1976	34	98.0	0.2138898907003322	0.4202696184723193	0.42344047859524075	1.0	True
2059466	643	1867	yheI	group_4451	TP	0.42379279638667644	0.5521524610518935	25.4	23431.0	0.10253928	80	1	1	1	17	2	17	1.0	1.0	0.4237927963866764	True	False	False	False	P↔T	T_A__P_B	TP:yheI--group_4451	88	1892.0	0.2218905186657826	0.35051721431970345	0.4237927963866764	0.9994714587737844	True
2064166	645	812	group_5208	group_2605	TP	0.4539848726546313	0.7959856721673783	114.8	111144.4	0.02672431	5	0	0	1	30	2	30	1.0	1.0	0.4480416103913727	True	True	False	False	P↔T	T_A__P_B	TP:group_5208--group_2605	139	10221.0	0.20489226871164087	0.32643918991900917	0.44804161039137275	0.9991194599354271	True
2065106	645	1752	group_5208	group_4882	TP	0.43754203235230016	0.762020083186889	68.04705882352941	68311.58823529411	0.0855311	85	0	1	1	30	2	30	1.0	1.0	0.4281425937816016	True	False	False	False	P↔T	T_A__P_B	TP:group_5208--group_4882	121	7928.0	0.18981485405516565	0.3083675815386238	0.4281425937816016	0.999117053481332	True
2078482	650	758	tag	group_3656	TP	0.48093160414086084	0.5151880191522976	137.0	138810.66666666666	0.025429543	6	3	0	1	27	2	27	1.0	1.0	0.4671066682257567	True	True	False	False	P↔T	T_A__P_B	TP:tag--group_3656	145	10489.0	0.20390163535341135	0.33111220016910736	0.4671066682257567	0.9994279721613119	True
2078528	650	804	tag	hemH	TP	0.4892489129785642	0.5216920684225135	48.2	45205.0	0.02546766	5	0	0	1	30	2	30	1.0	1.0	0.4584263331603573	True	False	False	False	P↔T	T_A__P_B	TP:tag--hemH	110	5154.0	0.1878255681340647	0.32827451374301087	0.4584263331603573	0.9994179278230501	True
2078691	650	967	tag	ykfA	TP	0.314989838505217	0.3343516104043133	2.19672131147541	1244.7770491803278	0.026882311	305	3	0	1	27	2	27	1.0	1.0	0.3112332107026121	True	False	False	False	P↔T	T_A__P_B	TP:tag--ykfA	16	61.0	0.20011722925299086	0.27742356047916944	0.3112332107026121	1.0	True
2079209	650	1485	tag	group_4891	TP	0.42069685919427735	0.44647196069456285	19.640776699029125	15196.883495145632	0.06949574	103	4	0	28	70	9	13	0.18571429	12.068966	0.4170143916260584	True	False	True	False	P↔T	T_A__P_B	TP:tag--group_4891	80	1477.0	0.2111303893682677	0.33070198731224887	0.41701439162605847	0.999322951929587	True
2079315	650	1591	tag	group_5410	TP	0.47209264522930794	0.5013952171102499	11.683673469387756	8285.816326530612	0.070493445	98	4	0	28	74	9	13	0.17567568	12.915094	0.4552094376065154	True	False	True	False	P↔T	T_A__P_B	TP:tag--group_5410	63	801.0	0.21920675124877229	0.3237357696897371	0.45520943760651544	1.0	True
2079322	650	1598	tag	group_5409	TP	0.47209264522930794	0.5013952171102499	13.683673469387756	10018.489795918367	0.07107402	98	4	0	28	74	9	13	0.17567568	12.915094	0.4485306165916139	True	False	True	False	P↔T	T_A__P_B	TP:tag--group_5409	68	950.0	0.22568942079618465	0.3256934787544733	0.4485306165916139	1.0	True
2079375	650	1651	tag	group_5412	TP	0.5019783966675205	0.5336405314238305	7.724489795918367	4782.061224489796	0.07498901	98	4	0	30	76	9	13	0.17105263	13.558685	0.4879449397564636	True	False	True	False	P↔T	T_A__P_B	TP:tag--group_5412	50	429.0	0.23117587897483297	0.40542025092436074	0.4879449397564636	1.0	True
2079380	650	1656	tag	group_3419	TP	0.5019783966675205	0.5336405314238305	20.690721649484537	15742.783505154639	0.075646035	97	4	0	30	76	9	13	0.17105263	13.558685	0.4183237804463235	True	False	True	False	P↔T	T_A__P_B	TP:tag--group_3419	81	1450.0	0.21911027076372405	0.3221762855444995	0.4183237804463235	1.0	True
2079384	650	1660	tag	group_5411	TP	0.5019783966675205	0.5336405314238305	8.721649484536082	5963.350515463918	0.07568447	97	4	0	30	76	9	13	0.17105263	13.558685	0.4871152707829888	True	False	True	False	P↔T	T_A__P_B	TP:tag--group_5411	54	617.0	0.22327085496251484	0.3444812356710586	0.4871152707829888	1.0	True
2079467	650	1743	tag	group_4895	TP	0.4892489129785642	0.5216920684225135	196.36363636363637	187775.36363636365	0.08669845	11	0	1	1	30	2	30	1.0	1.0	0.4594130094976121	True	True	False	False	P↔T	T_A__P_B	TP:tag--group_4895	157	9172.0	0.22800226591397058	0.3397986272798108	0.45941300949761216	0.9994548626253816	True
2079468	650	1744	tag	erm	TP	0.4607983259918889	0.49051389280051944	197.36363636363637	188359.18181818182	0.08635534	11	0	1	1	30	2	30	1.0	1.0	0.4594130094976121	True	True	False	False	P↔T	T_A__P_B	TP:tag--erm	157	9172.0	0.22800226591397058	0.3397986272798108	0.45941300949761216	0.9990187527256869	True
2079476	650	1752	tag	group_4882	TP	0.5218569830346722	0.557633765355598	174.01351351351352	161608.66216216216	0.09171759	74	0	1	1	30	2	30	1.0	1.0	0.4822446250268134	True	True	False	False	P↔T	T_A__P_B	TP:tag--group_4882	153	10364.0	0.22839731187146514	0.356249497460672	0.4822446250268134	0.9993245851022771	True
2079477	650	1753	tag	group_5422	TP	0.4892489129785642	0.5216920684225135	195.36363636363637	187438.9090909091	0.087446004	11	0	1	1	30	2	30	1.0	1.0	0.4594130094976121	True	True	False	False	P↔T	T_A__P_B	TP:tag--group_5422	157	9172.0	0.22800226591397058	0.3397986272798108	0.45941300949761216	0.9995638901003053	True
2079516	650	1792	tag	group_3724	TP	0.5218569830346722	0.557633765355598	198.36363636363637	190501.81818181818	0.09036137	11	0	1	1	30	2	30	1.0	1.0	0.4495451588683012	True	True	False	False	P↔T	T_A__P_B	TP:tag--group_3724	158	9065.0	0.23362085440445762	0.35204446739901274	0.4495451588683012	0.9997793712079427	True
2095693	656	758	group_2623	group_3656	TP	0.5528216064275375	0.7477170600300161	98.6	102542.3	0.025387963	10	0	0	1	26	2	26	1.0	1.0	0.4497386959303774	True	False	False	False	P↔T	T_A__P_B	TP:group_2623--group_3656	134	10173.0	0.19511130437945876	0.30647824497783543	0.4497386959303774	1.0	True
2095705	656	770	group_2623	galE	TP	0.5611181591492924	0.7509355058515331	81.0	84028.5	0.02579954	6	0	0	1	27	2	27	1.0	1.0	0.4615616280296593	True	False	False	False	P↔T	T_A__P_B	TP:group_2623--galE	127	9160.0	0.18357250042703588	0.29353086401861	0.4615616280296593	1.0	True
2095739	656	804	group_2623	hemH	TP	0.5251034287165836	0.6995175233807112	90.33333333333333	90418.16666666667	0.026817117	6	0	0	1	27	2	27	1.0	1.0	0.4371971181537173	True	False	False	False	P↔T	T_A__P_B	TP:group_2623--hemH	131	9803.0	0.19555522658943136	0.31235116181542244	0.43719711815371737	0.9997959808221973	True
2095767	656	832	group_2623	ponA	TP	0.49515755922730564	0.6569010822598114	53.49315068493151	54048.53424657534	0.02778062	146	0	0	1	27	2	27	1.0	1.0	0.4788884023765363	True	False	False	False	P↔T	T_A__P_B	TP:group_2623--ponA	113	5941.0	0.18985898570518456	0.31222258097360567	0.47888840237653635	0.9991583908432924	True
2095808	656	873	group_2623	group_1973	TP	0.4616450137670317	0.6149812761661934	90.0	94297.28571428571	0.0300896	7	0	0	1	26	2	26	1.0	1.0	0.4371971181537173	True	False	False	False	P↔T	T_A__P_B	TP:group_2623--group_1973	131	9803.0	0.19555522658943136	0.31235116181542244	0.43719711815371737	0.9993879424665919	True
2096469	656	1534	group_2623	gutB	TP	0.44565815069083053	0.5871343978648232	5.2100840336134455	4304.134453781513	0.06635632	119	0	1	1	27	2	27	1.0	1.0	0.4416567908531705	True	False	False	False	P↔T	T_A__P_B	TP:group_2623--gutB	38	184.0	0.21773388803388025	0.3408264345379977	0.4416567908531705	1.0	True
2096475	656	1540	group_2623	group_6012	TP	0.5251034287165837	0.6995175233807113	124.88888888888889	126518.0	0.06716582	9	0	1	1	27	2	27	1.0	1.0	0.4822776444081364	True	True	False	False	P↔T	T_A__P_B	TP:group_2623--group_6012	142	10625.0	0.208132684526371	0.3292462678341217	0.4822776444081364	0.9996235294117647	True
2096573	656	1638	group_2623	group_2704	TP	0.6138416260198573	0.8256616190846863	71.15	81816.91666666667	0.07463896	60	0	1	1	27	2	27	1.0	1.0	0.4579689613721261	True	False	False	False	P↔T	T_A__P_B	TP:group_2623--group_2704	123	8316.0	0.19010081088265815	0.32001205527176424	0.45796896137212617	1.0	True
2096612	656	1677	group_2623	group_5361	TP	0.5206741557660045	0.6907526908427747	359.57142857142856	340244.14285714284	0.080114365	7	0	1	1	27	2	27	1.0	1.0	0.5156840732485811	True	True	False	False	P↔T	T_A__P_B	TP:group_2623--group_5361	178	2683.0	0.344660845195104	0.46165215980684055	0.5156840732485811	0.9992545657845695	True
2096619	656	1684	group_2623	group_4888	TP	0.4900830394258185	0.6477711764532331	43.66	43235.6	0.07916051	100	0	1	1	27	2	27	1.0	1.0	0.4786156708682058	True	False	False	False	P↔T	T_A__P_B	TP:group_2623--group_4888	106	4503.0	0.19497167577292587	0.3363326410471943	0.4786156708682058	0.9993337774816788	True
2096620	656	1685	group_2623	group_5944	TP	0.5206741557660045	0.6907526908427747	359.8333333333333	341336.1666666667	0.0808833	6	0	1	1	27	2	27	1.0	1.0	0.5156840732485811	True	True	False	False	P↔T	T_A__P_B	TP:group_2623--group_5944	178	2683.0	0.344660845195104	0.46165215980684055	0.5156840732485811	0.9996272828922848	True
2096678	656	1743	group_2623	group_4895	TP	0.5573425727256055	0.7424649599042634	351.8235294117647	335650.0588235294	0.08449037	17	0	1	1	27	2	27	1.0	1.0	0.5573425727256055	True	True	False	False	P↔T	T_A__P_B	TP:group_2623--group_4895	177	2932.0	0.3287921109198606	0.47649639354599094	0.5573425727256055	0.9986357435197817	True
2096679	656	1744	group_2623	erm	TP	0.5573425727256055	0.7424649599042634	352.8235294117647	336075.82352941175	0.08560604	17	0	1	1	27	2	27	1.0	1.0	0.5573425727256055	True	True	False	False	P↔T	T_A__P_B	TP:group_2623--erm	177	2932.0	0.3287921109198606	0.47649639354599094	0.5573425727256055	0.9989768076398363	True
2096687	656	1752	group_2623	group_4882	TP	0.6138416260198573	0.8256616190846863	46.637362637362635	49023.142857142855	0.08584479	91	0	1	1	27	2	27	1.0	1.0	0.4611277576072534	True	False	False	False	P↔T	T_A__P_B	TP:group_2623--group_4882	108	4634.0	0.19290423631470557	0.3216300979088631	0.4611277576072534	1.0	True
2096688	656	1753	group_2623	group_5422	TP	0.5573425727256055	0.7424649599042634	350.8235294117647	334949.5294117647	0.08513833	17	0	1	1	27	2	27	1.0	1.0	0.5573425727256055	True	True	False	False	P↔T	T_A__P_B	TP:group_2623--group_5422	177	2932.0	0.3287921109198606	0.47649639354599094	0.5573425727256055	0.9993178717598908	True
2096717	656	1782	group_2623	tetM	TP	0.5611181591492925	0.7509355058515333	342.7647058823529	327132.64705882355	0.092850104	17	0	1	1	27	2	27	1.0	1.0	0.5511309254021438	True	True	False	False	P↔T	T_A__P_B	TP:group_2623--tetM	176	3481.0	0.3306868110574498	0.43954626227847926	0.5511309254021438	0.9991381786842861	True
2096727	656	1792	group_2623	group_3724	TP	0.5611181591492925	0.7509355058515333	353.8235294117647	337868.4705882353	0.091479	17	0	1	1	27	2	27	1.0	1.0	0.5573425727256055	True	True	False	False	P↔T	T_A__P_B	TP:group_2623--group_3724	177	2932.0	0.3287921109198606	0.47649639354599094	0.5573425727256055	0.9996589358799455	True
2096732	656	1797	group_2623	group_1754	TP	0.5611181591492925	0.7509355058515333	447.89473684210526	440456.15789473685	0.09317734	19	0	1	1	27	2	27	1.0	1.0	0.5611181591492925	True	True	False	False	P↔T	T_A__P_B	TP:group_2623--group_1754	186	929.0	0.25175750172385536	0.3893772362904819	0.5611181591492925	0.9989235737351991	True
2096797	656	1862	group_2623	group_1976	TP	0.5528216064275375	0.7477170600300161	445.1	434816.1	0.100617856	10	0	1	1	26	2	26	1.0	1.0	0.5339397572276786	True	True	False	False	P↔T	T_A__P_B	TP:group_2623--group_1976	185	1036.0	0.27763128243506446	0.46569789037101944	0.5339397572276786	1.0	True
2096802	656	1867	group_2623	group_4451	TP	0.5611181591492925	0.7509355058515333	448.89473684210526	441529.5263157895	0.10074039	19	0	1	1	27	2	27	1.0	1.0	0.5611181591492925	True	True	False	False	P↔T	T_A__P_B	TP:group_2623--group_4451	186	929.0	0.25175750172385536	0.3893772362904819	0.5611181591492925	1.0	True
2096808	656	1873	group_2623	group_1656	TP	0.6365141682948128	0.8609151615119305	94.55844155844156	99459.97402597402	0.104445495	77	0	1	1	27	2	27	1.0	1.0	0.4453124539158722	True	False	False	False	P↔T	T_A__P_B	TP:group_2623--group_1656	132	9646.0	0.19268124749264082	0.31008739560375653	0.4453124539158722	1.0	True
2096841	656	1906	group_2623	group_624	TP	0.5528216064275375	0.7477170600300161	39.36538461538461	37614.807692307695	0.10582508	52	0	1	1	26	2	26	1.0	1.0	0.4671773235460157	True	False	False	False	P↔T	T_A__P_B	TP:group_2623--group_624	103	3805.0	0.19102836274155932	0.30462681634741307	0.4671773235460157	0.9997371879106439	True
2141413	672	758	ywtF	group_3656	TP	0.46037499852083563	0.75605576058923	118.8	120997.6	0.025799375	5	0	0	1	31	2	31	1.0	1.0	0.4511704467790327	True	True	False	False	P↔T	T_A__P_B	TP:ywtF--group_3656	140	10352.0	0.20911143075537533	0.3289027557887971	0.4511704467790327	0.9991306027820711	True
2141487	672	832	ywtF	ponA	TP	0.3865257879611329	0.6200665601702438	17.31896551724138	19594.655172413793	0.028116083	116	0	0	1	31	2	31	1.0	1.0	0.3855219155238851	True	False	False	False	P↔T	T_A__P_B	TP:ywtF--ponA	76	1197.0	0.2179503936555948	0.313688816817749	0.38552191552388515	0.9991645781119465	True
2144377	673	873	group_2049	group_1973	TP	0.3629395270568332	0.3923779735904485	4.0965732087227416	3187.143302180685	0.023006877	321	3	0	1	17	2	17	1.0	1.0	0.3626412806855389	True	False	False	False	P↔T	T_A__P_B	TP:group_2049--group_1973	32	126.0	0.17787196039878006	0.3559884129779968	0.3626412806855389	1.0	True
2213034	697	1454	group_4291	group_1298	TP	0.49519566948615545	0.6316941357776332	168.7058823529412	163802.35294117648	0.05565101	17	0	1	1	10	2	10	1.0	1.0	0.4884936686160739	True	True	False	False	P↔T	T_A__P_B	TP:group_4291--group_1298	152	10786.0	0.22550428321809185	0.3493053612327472	0.48849366861607396	0.999072872241795	True
2213236	697	1656	group_4291	group_3419	TP	0.4733262361311498	0.5868736736008816	63.84313725490196	53946.24509803922	0.07155439	102	0	1	1	10	2	10	1.0	1.0	0.4244377135316222	True	False	False	False	P↔T	T_A__P_B	TP:group_4291--group_3419	119	7426.0	0.18284300916437904	0.2929883771368866	0.4244377135316222	0.9997306760032318	True
2213240	697	1660	group_4291	group_5411	TP	0.4733262361311498	0.5868736736008816	51.72549019607843	44183.98039215686	0.07157745	102	0	1	1	10	2	10	1.0	1.0	0.4638793218811508	True	False	False	False	P↔T	T_A__P_B	TP:group_4291--group_5411	112	5749.0	0.1826228823897008	0.305321109708178	0.4638793218811508	0.99913028352757	True
2213257	697	1677	group_4291	group_5361	TP	0.49519566948615545	0.6316941357776332	95.5	93974.75	0.072437376	8	0	1	1	10	2	10	1.0	1.0	0.4510635116352017	True	False	False	False	P↔T	T_A__P_B	TP:group_4291--group_5361	133	9918.0	0.19826412341749286	0.3066890165063561	0.4510635116352017	0.9994958661020367	True
2213263	697	1683	group_4291	Int-Tn_2	TP	0.49519566948615545	0.6316941357776332	128.05555555555554	121255.38888888889	0.0730979	18	0	1	1	10	2	10	1.0	1.0	0.4951956694861554	True	True	False	False	P↔T	T_A__P_B	TP:group_4291--Int-Tn_2	143	10696.0	0.20891625980446152	0.33272057308449343	0.49519566948615545	0.9989715781600599	True
2213265	697	1685	group_4291	group_5944	TP	0.49519566948615545	0.6316941357776332	96.28571428571429	95713.71428571429	0.0730979	7	0	1	1	10	2	10	1.0	1.0	0.4510635116352017	True	False	False	False	P↔T	T_A__P_B	TP:group_4291--group_5944	133	9918.0	0.19826412341749286	0.3066890165063561	0.4510635116352017	0.9995966928816293	True
2213266	697	1686	group_4291	group_5945	TP	0.49519566948615545	0.6316941357776332	129.05555555555554	122357.66666666667	0.0730979	18	0	1	1	10	2	10	1.0	1.0	0.4951956694861554	True	True	False	False	P↔T	T_A__P_B	TP:group_4291--group_5945	143	10696.0	0.20891625980446152	0.33272057308449343	0.49519566948615545	0.9990650710545999	True
2213271	697	1691	group_4291	group_5360	TP	0.49519566948615545	0.6316941357776332	132.8235294117647	126610.17647058824	0.07375065	17	0	1	1	10	2	10	1.0	1.0	0.485564597768414	True	True	False	False	P↔T	T_A__P_B	TP:group_4291--group_5360	144	10335.0	0.2042225686961178	0.34049151864976346	0.485564597768414	0.9991291727140784	True
2213358	697	1778	group_4291	group_4894	TP	0.49519566948615545	0.6316941357776332	225.14285714285714	227025.2380952381	0.08414236	21	0	1	1	10	2	10	1.0	1.0	0.460990287300509	True	True	False	False	P↔T	T_A__P_B	TP:group_4291--group_4894	162	7828.0	0.24869316427324445	0.37233550229445356	0.46099028730050906	0.9996167603474706	True
2213362	697	1782	group_4291	tetM	TP	0.49519566948615545	0.6316941357776332	140.64705882352942	136450.4705882353	0.08492804	17	0	1	1	10	2	10	1.0	1.0	0.4848323580993047	True	True	False	False	P↔T	T_A__P_B	TP:group_4291--tetM	146	10299.0	0.22485448112403592	0.36155200654189734	0.48483235809930475	0.9991261287503641	True
2280953	721	1873	group_1079	group_1656	TP	0.4857339481111625	0.813540799859189	12.425	10238.825	0.094192244	80	0	1	2	27	2	26	0.962963	1.0768094	0.4532220793441069	True	False	True	False	P↔T	T_A__P_B	TP:group_1079--group_1656	65	723.0	0.23749082717859687	0.370811697615655	0.4532220793441069	1.0	True
2280986	721	1906	group_1079	group_624	TP	0.4585127277840982	0.7796428983169118	67.10416666666667	71353.95833333333	0.10693059	48	0	1	1	26	2	26	1.0	1.0	0.4281425937816016	True	False	False	False	P↔T	T_A__P_B	TP:group_1079--group_624	121	7928.0	0.18981485405516565	0.3083675815386238	0.4281425937816016	0.9992431886982845	True
2282638	722	758	group_3268	group_3656	TP	0.4593986150973516	0.7501845718494803	68.06666666666666	71154.0	0.027572142	15	2	0	1	8	2	8	1.0	1.0	0.4281425937816016	True	False	False	False	P↔T	T_A__P_B	TP:group_3268--group_3656	121	7928.0	0.18981485405516565	0.3083675815386238	0.4281425937816016	0.9993693239152371	True
2303050	729	1598	lytB_1	group_5409	TP	0.432975199395264	0.6005046498404891	63.98837209302326	54996.441860465115	0.09877042	86	0	1	1	28	2	28	1.0	1.0	0.4244377135316222	True	False	False	False	P↔T	T_A__P_B	TP:lytB_1--group_5409	119	7426.0	0.18284300916437904	0.2929883771368866	0.4244377135316222	0.9991920280096956	True
2303115	729	1663	lytB_1	group_5991	TP	0.432975199395264	0.6005046498404891	62.98837209302326	54273.941860465115	0.105609454	86	0	1	1	28	2	28	1.0	1.0	0.4244377135316222	True	False	False	False	P↔T	T_A__P_B	TP:lytB_1--group_5991	119	7426.0	0.18284300916437904	0.2929883771368866	0.4244377135316222	0.9993266900080797	True
2313372	733	758	group_3678	group_3656	TP	0.5645871048712305	0.9218130012232524	103.38461538461539	110908.46153846153	0.027906025	13	0	0	1	30	2	30	1.0	1.0	0.4729031778618347	True	True	False	False	P↔T	T_A__P_B	TP:group_3678--group_3656	135	10445.0	0.19427115083720545	0.31339558513779836	0.4729031778618347	0.9998085208233605	True
2313384	733	770	group_3678	galE	TP	0.48300922224369325	0.7886191110874164	115.75	112961.5	0.028424136	8	0	0	1	29	2	29	1.0	1.0	0.4480416103913727	True	True	False	False	P↔T	T_A__P_B	TP:group_3678--galE	139	10221.0	0.20489226871164087	0.32643918991900917	0.44804161039137275	0.9995108110752372	True
2313389	733	775	group_3678	group_4326	TP	0.5087919630558841	0.820521619353583	84.9	85839.9	0.028650522	10	0	0	1	30	2	30	1.0	1.0	0.4725713629677123	True	False	False	False	P↔T	T_A__P_B	TP:group_3678--group_4326	129	9397.0	0.1931279185498127	0.3174617321682907	0.47257136296771235	0.9997871661168458	True
2313418	733	804	group_3678	hemH	TP	0.5087919630558841	0.820521619353583	34.714285714285715	37149.42857142857	0.029712763	7	0	0	1	30	2	30	1.0	1.0	0.5075608628604846	True	False	False	False	P↔T	T_A__P_B	TP:group_3678--hemH	99	3194.0	0.20572179940872756	0.32715258296309996	0.5075608628604846	0.9990607388854101	True
2313419	733	805	group_3678	group_5291	TP	0.5087919630558841	0.820521619353583	111.5	112064.0	0.029847516	8	0	0	1	30	2	30	1.0	1.0	0.4707176508234734	True	True	False	False	P↔T	T_A__P_B	TP:group_3678--group_5291	138	10415.0	0.2022911687580762	0.31450568392964134	0.47071765082347344	0.999423907825252	True
2313426	733	812	group_3678	group_2605	TP	0.46620701327796865	0.743788188926391	120.22222222222223	122702.66666666667	0.029724952	9	0	0	1	30	2	30	1.0	1.0	0.4638188177778241	True	True	False	False	P↔T	T_A__P_B	TP:group_3678--group_2605	141	10327.0	0.2151252996707094	0.3408525996411131	0.4638188177778241	0.9990316645686066	True
2313432	733	818	group_3678	group_2606	TP	0.5087919630558841	0.820521619353583	95.5	96580.5	0.030054213	8	0	0	1	30	2	30	1.0	1.0	0.4510635116352017	True	False	False	False	P↔T	T_A__P_B	TP:group_3678--group_2606	133	9918.0	0.19826412341749286	0.3066890165063561	0.4510635116352017	0.9997983464408147	True
2313446	733	832	group_3678	ponA	TP	0.4863942627580583	0.7800381094234011	9.288537549407115	9107.505928853754	0.02984436	253	0	0	1	30	2	30	1.0	1.0	0.4439781924878137	True	False	False	False	P↔T	T_A__P_B	TP:group_3678--ponA	56	405.0	0.22048653803249008	0.3350810676193725	0.4439781924878137	1.0	True
2314366	733	1752	group_3678	group_4882	TP	0.5087919630558841	0.820521619353583	9.204081632653061	11523.173469387755	0.08379968	98	0	1	1	30	2	30	1.0	1.0	0.4771458687113473	True	False	False	False	P↔T	T_A__P_B	TP:group_3678--group_4882	55	696.0	0.2248536602208897	0.3951287099758071	0.4771458687113473	1.0	True
2314374	733	1760	group_3678	group_4448	TP	0.45800021447479533	0.7430335842753312	66.51190476190476	69085.28571428571	0.086820714	84	0	1	1	29	2	29	1.0	1.0	0.4503584700779963	True	False	False	False	P↔T	T_A__P_B	TP:group_3678--group_4448	120	7451.0	0.1868584539432542	0.30575012260572776	0.4503584700779963	0.9991947389612132	True
2314394	733	1780	group_3678	group_15	TP	0.45800021447479533	0.7430335842753312	71.9746835443038	75483.15189873418	0.0906895	79	0	1	1	29	2	29	1.0	1.0	0.4579689613721261	True	False	False	False	P↔T	T_A__P_B	TP:group_3678--group_15	123	8316.0	0.19010081088265815	0.32001205527176424	0.45796896137212617	0.9990379990379991	True
2314396	733	1782	group_3678	tetM	TP	0.5645871048712304	0.9218130012232523	313.70588235294116	298958.82352941175	0.1028484	17	0	1	1	30	2	30	1.0	1.0	0.5462153733518725	True	True	False	False	P↔T	T_A__P_B	TP:group_3678--tetM	173	4267.0	0.3313521235794704	0.4543886035648884	0.5462153733518725	0.9992969299273494	True
2314487	733	1873	group_3678	group_1656	TP	0.512881512618158	0.8431023270114091	55.89473684210526	61175.82894736842	0.0999675	76	0	1	1	29	2	29	1.0	1.0	0.4778499455562671	True	False	False	False	P↔T	T_A__P_B	TP:group_3678--group_1656	115	6555.0	0.18659759578688714	0.3121595860775297	0.4778499455562671	0.9995423340961098	True
2314520	733	1906	group_3678	group_624	TP	0.5645871048712304	0.9218130012232523	2.0	1067.25	0.09677118	52	0	1	1	30	2	30	1.0	1.0	0.5113040731673137	True	False	False	False	P↔T	T_A__P_B	TP:group_3678--group_624	13	858.0	0.24892591642124354	0.35282413805729107	0.5113040731673137	1.0	True
2375497	755	1778	group_952	group_4894	TP	0.4908103595520275	0.7132614574554227	219.95238095238096	222301.04761904763	0.095358655	21	1	1	1	23	2	23	1.0	1.0	0.4844131039521858	True	True	False	False	P↔T	T_A__P_B	TP:group_952--group_4894	161	7560.0	0.23628115157323065	0.35115320246362075	0.48441310395218584	0.9990740740740741	True
2375517	755	1798	group_952	group_3080	TP	0.507895596807165	0.7572402994765904	57.63095238095238	50204.48809523809	0.091362484	84	1	1	1	22	2	22	1.0	1.0	0.4556815364948874	True	False	False	False	P↔T	T_A__P_B	TP:group_952--group_3080	116	6667.0	0.188799130087854	0.31087503039127046	0.4556815364948874	0.9994000299985001	True
2405963	766	1873	group_3709	group_1656	TP	0.4629356167125068	0.5477595462103537	65.83116883116882	70804.87012987013	0.10200111	77	0	1	1	26	2	26	1.0	1.0	0.4503584700779963	True	False	False	False	P↔T	T_A__P_B	TP:group_3709--group_1656	120	7451.0	0.1868584539432542	0.30575012260572776	0.4503584700779963	0.9993289491343443	True
2465274	788	805	group_1409	group_5291	TP	0.47885070313619477	0.6353766611993067	89.2	87046.6	0.03260097	5	0	0	1	30	2	30	1.0	1.0	0.4623694281200661	True	False	False	False	P↔T	T_A__P_B	TP:group_1409--group_5291	130	9741.0	0.19144718291664398	0.3001116172301682	0.4623694281200661	0.9991787290832563	True
2465281	788	812	group_1409	group_2605	TP	0.5314035384702831	0.7095636522385402	121.22222222222223	123798.11111111111	0.032270193	9	0	0	1	30	2	30	1.0	1.0	0.4638188177778241	True	True	False	False	P↔T	T_A__P_B	TP:group_1409--group_2605	141	10327.0	0.2151252996707094	0.3408525996411131	0.4638188177778241	0.999709499370582	True
2465287	788	818	group_1409	group_2606	TP	0.4566130494553874	0.6042512819447815	96.5	97714.0	0.03266215	8	0	0	1	30	2	30	1.0	1.0	0.4510635116352017	True	False	False	False	P↔T	T_A__P_B	TP:group_1409--group_2606	133	9918.0	0.19826412341749286	0.3066890165063561	0.4510635116352017	0.9990925589836661	True
2465301	788	832	group_1409	ponA	TP	0.5645510445061248	0.7565703195138597	10.175510204081633	10340.310204081632	0.032056164	245	0	0	1	30	2	30	1.0	1.0	0.5645510445061248	True	False	False	False	P↔T	T_A__P_B	TP:group_1409--ponA	59	488.0	0.1966828795180061	0.31143222974526114	0.5645510445061248	0.9979508196721312	True
2465326	788	857	group_1409	group_2233	TP	0.48223187746400825	0.6342177279082263	74.55555555555556	76732.44444444444	0.033235688	9	0	0	1	30	2	30	1.0	1.0	0.4523804792945393	True	False	False	False	P↔T	T_A__P_B	TP:group_1409--group_2233	124	8493.0	0.18885285462170537	0.29965325605561777	0.45238047929453934	0.9992935358530555	True
2465329	788	860	group_1409	group_3847	TP	0.47885070313619477	0.6353766611993067	79.0	80269.53846153847	0.03173904	13	0	0	1	30	2	30	1.0	1.0	0.4497911297978875	True	False	False	False	P↔T	T_A__P_B	TP:group_1409--group_3847	126	8978.0	0.1898100553350106	0.30541859476748784	0.4497911297978875	0.9995544664736021	True
2465332	788	863	group_1409	celA_1	TP	0.47885070313619477	0.6353766611993067	83.72727272727273	84863.63636363637	0.031662177	11	0	0	1	30	2	30	1.0	1.0	0.4636078413712972	True	False	False	False	P↔T	T_A__P_B	TP:group_1409--celA_1	128	9305.0	0.18907041720569973	0.30619747206200915	0.4636078413712972	0.999247716281569	True
2465369	788	900	group_1409	group_789	TP	0.5035192667253453	0.6633806309756665	126.8	129605.2	0.036598116	5	0	0	1	30	2	30	1.0	1.0	0.4822776444081364	True	True	False	False	P↔T	T_A__P_B	TP:group_1409--group_789	142	10625.0	0.208132684526371	0.3292462678341217	0.4822776444081364	0.9992470588235294	True
2466019	788	1550	group_1409	Int-Tn_1	TP	0.5522160860901267	0.7307659698479342	182.37362637362637	174912.010989011	0.08076908	91	0	1	1	30	2	30	1.0	1.0	0.5227654098814415	True	True	False	False	P↔T	T_A__P_B	TP:group_1409--Int-Tn_1	155	9591.0	0.23574501803149556	0.38088356576024535	0.5227654098814415	0.999687206756334	True
2466057	788	1588	group_1409	group_3705	TP	0.5522160860901267	0.7307659698479342	177.42222222222222	170852.8777777778	0.08026139	90	0	1	1	30	2	30	1.0	1.0	0.5509865752942332	True	True	False	False	P↔T	T_A__P_B	TP:group_1409--group_3705	154	10147.0	0.23925083268906638	0.3677343582400997	0.5509865752942332	0.9991130383364542	True
2466059	788	1590	group_1409	group_5408	TP	0.5522160860901267	0.7307659698479342	173.4	167039.67777777778	0.08026139	90	0	1	1	30	2	30	1.0	1.0	0.4822446250268134	True	True	False	False	P↔T	T_A__P_B	TP:group_1409--group_5408	153	10364.0	0.22839731187146514	0.356249497460672	0.4822446250268134	0.9995175607873408	True
2466060	788	1591	group_1409	group_5410	TP	0.5810696400329596	0.771008762001165	176.1818181818182	169774.48863636365	0.091035075	88	0	1	1	30	2	30	1.0	1.0	0.5509865752942332	True	True	False	False	P↔T	T_A__P_B	TP:group_1409--group_5410	154	10147.0	0.23925083268906638	0.3677343582400997	0.5509865752942332	0.9997043461121514	True
2466067	788	1598	group_1409	group_5409	TP	0.5810696400329596	0.771008762001165	174.1818181818182	167417.26136363635	0.09029883	88	0	1	1	30	2	30	1.0	1.0	0.4822446250268134	True	True	False	False	P↔T	T_A__P_B	TP:group_1409--group_5409	153	10364.0	0.22839731187146514	0.356249497460672	0.4822446250268134	0.9997105364724045	True
2466071	788	1602	group_1409	group_1119	TP	0.4542429247963683	0.599694299691985	113.91304347826087	125683.93478260869	0.08836573	92	0	1	1	29	2	29	1.0	1.0	0.4480416103913727	True	True	False	False	P↔T	T_A__P_B	TP:group_1409--group_1119	139	10221.0	0.20489226871164087	0.32643918991900917	0.44804161039137275	0.9992172977203796	True
2466109	788	1640	group_1409	group_4892	TP	0.5522160860901267	0.7307659698479342	181.1494252873563	174064.72413793104	0.08715528	87	0	1	1	30	2	30	1.0	1.0	0.5227654098814415	True	True	False	False	P↔T	T_A__P_B	TP:group_1409--group_4892	155	9591.0	0.23574501803149556	0.38088356576024535	0.5227654098814415	0.9997914711708894	True
2466120	788	1651	group_1409	group_5412	TP	0.5810696400329596	0.771008762001165	180.1818181818182	172873.95454545456	0.08813157	88	0	1	1	30	2	30	1.0	1.0	0.5509865752942332	True	True	False	False	P↔T	T_A__P_B	TP:group_1409--group_5412	154	10147.0	0.23925083268906638	0.3677343582400997	0.5509865752942332	0.9998028974081009	True
2466125	788	1656	group_1409	group_3419	TP	0.5810696400329596	0.771008762001165	167.22727272727272	162470.79545454544	0.08738117	88	0	1	1	30	2	30	1.0	1.0	0.4884936686160739	True	True	False	False	P↔T	T_A__P_B	TP:group_1409--group_3419	152	10786.0	0.22550428321809185	0.3493053612327472	0.48849366861607396	1.0	True
2466129	788	1660	group_1409	group_5411	TP	0.5810696400329596	0.771008762001165	179.1818181818182	171772.01136363635	0.08916734	88	0	1	1	30	2	30	1.0	1.0	0.5509865752942332	True	True	False	False	P↔T	T_A__P_B	TP:group_1409--group_5411	154	10147.0	0.23925083268906638	0.3677343582400997	0.5509865752942332	0.9999014487040505	True
2466132	788	1663	group_1409	group_5991	TP	0.5810696400329596	0.771008762001165	175.1818181818182	168791.875	0.08738117	88	0	1	1	30	2	30	1.0	1.0	0.4822446250268134	True	True	False	False	P↔T	T_A__P_B	TP:group_1409--group_5991	153	10364.0	0.22839731187146514	0.356249497460672	0.4822446250268134	0.9998070243149363	True
2466153	788	1684	group_1409	group_4888	TP	0.4707742913788536	0.6265305665687934	7.20952380952381	6958.866666666667	0.07564521	105	0	1	1	30	2	30	1.0	1.0	0.4555926643814949	True	False	False	False	P↔T	T_A__P_B	TP:group_1409--group_4888	48	298.0	0.19133191883624684	0.24972663893279715	0.4555926643814949	1.0	True
2466202	788	1733	group_1409	group_3024	TP	0.5550615104044748	0.7468119244825355	317.25	302497.6875	0.0936427	16	0	1	1	30	2	30	1.0	1.0	0.5362446942321507	True	True	False	False	P↔T	T_A__P_B	TP:group_1409--group_3024	174	4367.0	0.3133152048902774	0.4665206558190084	0.5362446942321507	0.9997710098465766	True
2466221	788	1752	group_1409	group_4882	TP	0.5645510445061248	0.7565703195138597	10.16842105263158	12738.094736842106	0.08249441	95	0	1	1	30	2	30	1.0	1.0	0.5645510445061248	True	False	False	False	P↔T	T_A__P_B	TP:group_1409--group_4882	59	488.0	0.1966828795180061	0.31143222974526114	0.5645510445061248	1.0	True
2466251	788	1782	group_1409	tetM	TP	0.6119963804290635	0.8234153982529324	314.47058823529414	299692.9411764706	0.10179814	17	0	1	1	30	2	30	1.0	1.0	0.5462153733518725	True	True	False	False	P↔T	T_A__P_B	TP:group_1409--tetM	173	4267.0	0.3313521235794704	0.4543886035648884	0.5462153733518725	0.9997656433091164	True
2466261	788	1792	group_1409	group_3724	TP	0.6119963804290635	0.8234153982529324	325.52941176470586	310428.76470588235	0.098102115	17	0	1	1	30	2	30	1.0	1.0	0.5403114221760668	True	True	False	False	P↔T	T_A__P_B	TP:group_1409--group_3724	175	3819.0	0.3326430681026033	0.45841715009459055	0.5403114221760668	1.0	True
2466313	788	1844	group_1409	galT_2	TP	0.6119963804290635	0.8234153982529324	397.42105263157896	388991.05263157893	0.0929256	19	0	1	1	30	2	30	1.0	1.0	0.5945432365273329	True	True	False	False	P↔T	T_A__P_B	TP:group_1409--galT_2	181	1579.0	0.3834973253766738	0.4825864171766016	0.5945432365273329	1.0	True
2466331	788	1862	group_1409	group_1976	TP	0.6020246338684441	0.813498544893021	417.4	405652.4	0.0931428	10	0	1	1	30	2	30	1.0	1.0	0.5963715669898623	True	True	False	False	P↔T	T_A__P_B	TP:group_1409--group_1976	183	1152.0	0.3309076242339926	0.4910272936693899	0.5963715669898623	0.9991319444444444	True
2466336	788	1867	group_1409	group_4451	TP	0.5594504832719586	0.7559693216488678	428.4736842105263	420827.2631578947	0.095359184	19	0	1	1	29	2	29	1.0	1.0	0.5421091295875696	True	True	False	False	P↔T	T_A__P_B	TP:group_1409--group_4451	184	997.0	0.322306334062217	0.4763674789217773	0.5421091295875696	1.0	True
2466340	788	1871	group_1409	group_1359	TP	0.6020246338684441	0.813498544893021	398.42105263157896	389627.2631578947	0.09440904	19	0	1	1	30	2	30	1.0	1.0	0.5277319755147447	True	True	False	False	P↔T	T_A__P_B	TP:group_1409--group_1359	182	1505.0	0.32153927586734365	0.45645276744570457	0.5277319755147447	1.0	True
2466342	788	1873	group_1409	group_1656	TP	0.47981609330338804	0.6430146902588857	56.89473684210526	62366.39473684211	0.09461255	76	0	1	1	29	2	29	1.0	1.0	0.4778499455562671	True	False	False	False	P↔T	T_A__P_B	TP:group_1409--group_1656	115	6555.0	0.18659759578688714	0.3121595860775297	0.4778499455562671	0.9992372234935164	True
2466375	788	1906	group_1409	group_624	TP	0.6020246338684441	0.813498544893021	3.0	2123.269230769231	0.09157008	52	0	1	1	30	2	30	1.0	1.0	0.4980704547855727	True	False	False	False	P↔T	T_A__P_B	TP:group_1409--group_624	23	819.0	0.22164348532350145	0.34403066149046524	0.4980704547855727	1.0	True
2478927	793	803	phnV	gpsB	TP	0.5099631877012021	0.5309422701969686	128.0	127032.44444444444	0.029980395	9	3	0	1	16	2	16	1.0	1.0	0.4951956694861554	True	True	False	False	P↔T	T_A__P_B	TP:phnV--gpsB	143	10696.0	0.20891625980446152	0.33272057308449343	0.49519566948615545	0.9993455497382199	True
2478929	793	805	phnV	group_5291	TP	0.5095471477478473	0.5272894096386881	210.33333333333334	209220.15151515152	0.030792229	33	3	0	1	17	2	17	1.0	1.0	0.4908120108542949	True	True	False	False	P↔T	T_A__P_B	TP:phnV--group_5291	160	8107.0	0.24810609129841318	0.36662452662648437	0.4908120108542949	0.9995065992352288	True
2478956	793	832	phnV	ponA	TP	0.4857857632203414	0.49766920433070855	142.16666666666666	139836.5	0.032017227	6	3	0	2	18	2	17	0.9444444	1.1172414	0.4848323580993047	True	True	True	True	P↔T	T_A__P_B	TP:phnV--ponA	146	10299.0	0.22485448112403592	0.36155200654189734	0.48483235809930475	0.999029031944849	True
2478981	793	857	phnV	group_2233	TP	0.4857857632203414	0.49766920433070855	222.30434782608697	223114.60869565216	0.033857077	23	3	0	2	18	2	17	0.9444444	1.1172414	0.460990287300509	True	True	True	True	P↔T	T_A__P_B	TP:phnV--group_2233	162	7828.0	0.24869316427324445	0.37233550229445356	0.46099028730050906	0.9993612672457843	True
2479902	793	1778	phnV	group_4894	TP	0.5177799913999315	0.5358089181633503	34.694117647058825	31733.376470588235	0.08750547	85	3	1	1	17	2	17	1.0	1.0	0.5075608628604846	True	False	False	False	P↔T	T_A__P_B	TP:phnV--group_4894	99	3194.0	0.20572179940872756	0.32715258296309996	0.5075608628604846	0.9996869129618033	True
2479921	793	1797	phnV	group_1754	TP	0.5368300308184454	0.557165011701623	35.18681318681319	33248.57142857143	0.08339776	91	3	1	1	17	2	17	1.0	1.0	0.5075608628604846	True	False	False	False	P↔T	T_A__P_B	TP:phnV--group_1754	99	3194.0	0.20572179940872756	0.32715258296309996	0.5075608628604846	1.0	True
2479960	793	1836	phnV	group_5418	TP	0.5368300308184454	0.557165011701623	199.77777777777777	204750.22222222222	0.08701532	9	3	1	1	17	2	17	1.0	1.0	0.4495451588683012	True	True	False	False	P↔T	T_A__P_B	TP:phnV--group_5418	158	9065.0	0.23362085440445762	0.35204446739901274	0.4495451588683012	0.9998896856039713	True
2479961	793	1837	phnV	group_5996	TP	0.5368300308184454	0.557165011701623	184.15384615384616	188302.15384615384	0.08701532	13	3	1	1	17	2	17	1.0	1.0	0.5227654098814415	True	True	False	False	P↔T	T_A__P_B	TP:phnV--group_5996	155	9591.0	0.23574501803149556	0.38088356576024535	0.5227654098814415	0.9994786779272234	True
2479962	793	1838	phnV	group_5997	TP	0.5368300308184454	0.557165011701623	206.9	211736.8	0.08701532	10	3	1	1	17	2	17	1.0	1.0	0.485384688437638	True	True	False	False	P↔T	T_A__P_B	TP:phnV--group_5997	159	8564.0	0.2423459130179614	0.3683869752229423	0.485384688437638	0.9997664642690332	True
2479968	793	1844	phnV	galT_2	TP	0.5758574790566756	0.5995473489341315	4.888888888888889	3777.7	0.08787906	90	3	1	1	17	2	17	1.0	1.0	0.5047681254084613	True	False	False	False	P↔T	T_A__P_B	TP:phnV--galT_2	37	695.0	0.21672127293412244	0.3811363599317873	0.5047681254084613	1.0	True
2479986	793	1862	phnV	group_1976	TP	0.5758574790566756	0.5995473489341315	6.733333333333333	5552.25	0.088045925	60	3	1	1	17	2	17	1.0	1.0	0.5458625716066782	True	False	False	False	P↔T	T_A__P_B	TP:phnV--group_1976	46	407.0	0.2279851857592044	0.3746224218434543	0.5458625716066782	1.0	True
2479991	793	1867	phnV	group_4451	TP	0.5368300308184454	0.557165011701623	36.125	34084.88636363636	0.08815405	88	3	1	1	17	2	17	1.0	1.0	0.4363816921952335	True	False	False	False	P↔T	T_A__P_B	TP:phnV--group_4451	100	3319.0	0.2020967446659938	0.33813452020724166	0.43638169219523354	0.9996987044290448	True
2627604	848	925	artP_1	group_1257	TP	0.450795649445277	0.4171776784476445	15.596153846153847	14836.447115384615	0.030442217	208	1	0	1	25	2	25	1.0	1.0	0.4381933742783627	True	False	False	False	P↔T	T_A__P_B	TP:artP_1--group_1257	72	1007.0	0.2065750712188385	0.31036050362626993	0.43819337427836275	1.0	True
2628014	848	1335	artP_1	group_1258	TP	0.49683264006906636	0.45708967421897095	17.105263157894736	15193.578947368422	0.10233546	19	1	1	1	26	2	26	1.0	1.0	0.4928356418263929	True	False	False	False	P↔T	T_A__P_B	TP:artP_1--group_1258	75	1235.0	0.22444878885046998	0.36179213846685326	0.4928356418263929	0.9991902834008097	True
2628054	848	1375	artP_1	group_4450	TP	0.45862337387405855	0.41955424788734547	22.436507936507937	20702.34126984127	0.062273636	126	5	0	19	48	13	10	0.20833333	8.533334	0.4305264572258009	True	False	True	False	P↔T	T_A__P_B	TP:artP_1--group_4450	84	1623.0	0.21357717037162124	0.32403820775781095	0.4305264572258009	0.9993838570548367	True
2628104	848	1425	artP_1	group_5992	TP	0.4904963960645555	0.45562138652783923	16.011764705882353	14208.929411764706	0.13718195	85	1	1	1	25	2	25	1.0	1.0	0.4794100279699032	True	False	False	False	P↔T	T_A__P_B	TP:artP_1--group_5992	73	1202.0	0.21635370097796994	0.34557751788183655	0.4794100279699032	0.9991680532445923	True
2628107	848	1428	artP_1	group_5414	TP	0.4904963960645555	0.45562138652783923	18.011764705882353	15242.788235294118	0.13939734	85	1	1	1	25	2	25	1.0	1.0	0.4733671836770173	True	False	False	False	P↔T	T_A__P_B	TP:artP_1--group_5414	77	1317.0	0.21813831240962378	0.32196430052399094	0.47336718367701736	0.9992406985573272	True
2628267	848	1588	artP_1	group_3705	TP	0.48454505104550205	0.4444363075885265	77.14432989690722	67876.88659793814	0.061474986	97	1	1	1	26	2	26	1.0	1.0	0.4636078413712972	True	False	False	False	P↔T	T_A__P_B	TP:artP_1--group_3705	125	8702.0	0.18612886488451394	0.30603488146960933	0.4636078413712972	0.9995403355550448	True
2628269	848	1590	artP_1	group_5408	TP	0.48454505104550205	0.4444363075885265	81.16494845360825	71540.69072164949	0.061474986	97	1	1	1	26	2	26	1.0	1.0	0.4615616280296593	True	False	False	False	P↔T	T_A__P_B	TP:artP_1--group_5408	127	9160.0	0.18357250042703588	0.29353086401861	0.4615616280296593	0.9995633187772925	True
2628270	848	1591	artP_1	group_5410	TP	0.48454505104550205	0.4444363075885265	78.20212765957447	68756.91489361702	0.06349774	94	1	1	1	26	2	26	1.0	1.0	0.4497911297978875	True	False	False	False	P↔T	T_A__P_B	TP:artP_1--group_5410	126	8978.0	0.1898100553350106	0.30541859476748784	0.4497911297978875	0.9996658498552016	True
2628277	848	1598	artP_1	group_5409	TP	0.48454505104550205	0.4444363075885265	80.20212765957447	70450.41489361702	0.06407552	94	1	1	1	26	2	26	1.0	1.0	0.4615616280296593	True	False	False	False	P↔T	T_A__P_B	TP:artP_1--group_5409	127	9160.0	0.18357250042703588	0.29353086401861	0.4615616280296593	0.9996724890829695	True
2628319	848	1640	artP_1	group_4892	TP	0.4994102583132339	0.4584749626512918	73.22105263157894	64680.231578947365	0.063766405	95	1	1	1	26	2	26	1.0	1.0	0.4523804792945393	True	False	False	False	P↔T	T_A__P_B	TP:artP_1--group_4892	124	8493.0	0.18885285462170537	0.29965325605561777	0.45238047929453934	0.999529023902037	True
2628330	848	1651	artP_1	group_5412	TP	0.4994102583132339	0.4584749626512918	74.23404255319149	65296.27659574468	0.06433369	94	1	1	1	26	2	26	1.0	1.0	0.4523804792945393	True	False	False	False	P↔T	T_A__P_B	TP:artP_1--group_5412	124	8493.0	0.18885285462170537	0.29965325605561777	0.45238047929453934	0.9996467679265277	True
2628335	848	1656	artP_1	group_3419	TP	0.4994102583132339	0.4584749626512918	87.19354838709677	75971.08602150538	0.06492864	93	1	1	1	26	2	26	1.0	1.0	0.4623694281200661	True	False	False	False	P↔T	T_A__P_B	TP:artP_1--group_3419	130	9741.0	0.19144718291664398	0.3001116172301682	0.4623694281200661	0.9995893645416282	True
2628339	848	1660	artP_1	group_5411	TP	0.4994102583132339	0.4584749626512918	75.14893617021276	66398.17021276595	0.06495592	94	1	1	1	26	2	26	1.0	1.0	0.4636078413712972	True	False	False	False	P↔T	T_A__P_B	TP:artP_1--group_5411	125	8702.0	0.18612886488451394	0.30603488146960933	0.4636078413712972	0.9996552516662837	True
2628342	848	1663	artP_1	group_5991	TP	0.4994102583132339	0.4584749626512918	79.20212765957447	69692.09574468085	0.06492864	94	1	1	1	26	2	26	1.0	1.0	0.4497911297978875	True	False	False	False	P↔T	T_A__P_B	TP:artP_1--group_5991	126	8978.0	0.1898100553350106	0.30541859476748784	0.4497911297978875	0.9998886166184006	True
2628356	848	1677	artP_1	group_5361	TP	0.49565506590402664	0.45722545621390437	71.25	70050.25	0.07247659	8	1	1	1	26	2	26	1.0	1.0	0.4579689613721261	True	False	False	False	P↔T	T_A__P_B	TP:artP_1--group_5361	123	8316.0	0.19010081088265815	0.32001205527176424	0.45796896137212617	0.9996392496392497	True
2628362	848	1683	artP_1	Int-Tn_2	TP	0.49565506590402664	0.45722545621390437	109.27777777777777	102932.66666666667	0.07322652	18	1	1	1	26	2	26	1.0	1.0	0.4813187017149842	True	True	False	False	P↔T	T_A__P_B	TP:artP_1--Int-Tn_2	137	10349.0	0.20064857616853873	0.32538320593770226	0.48131870171498425	0.9994202338390182	True
2628364	848	1685	artP_1	group_5944	TP	0.49565506590402664	0.45722545621390437	72.0	71544.71428571429	0.07322652	7	1	1	1	26	2	26	1.0	1.0	0.4579689613721261	True	False	False	False	P↔T	T_A__P_B	TP:artP_1--group_5944	123	8316.0	0.19010081088265815	0.32001205527176424	0.45796896137212617	0.9997594997594997	True
2628365	848	1686	artP_1	group_5945	TP	0.49565506590402664	0.45722545621390437	110.27777777777777	104034.94444444444	0.07322652	18	1	1	1	26	2	26	1.0	1.0	0.4707176508234734	True	True	False	False	P↔T	T_A__P_B	TP:artP_1--group_5945	138	10415.0	0.2022911687580762	0.31450568392964134	0.47071765082347344	0.999231877100336	True
2628370	848	1691	artP_1	group_5360	TP	0.49565506590402664	0.45722545621390437	114.3529411764706	108516.29411764706	0.07398009	17	1	1	1	26	2	26	1.0	1.0	0.4480416103913727	True	True	False	False	P↔T	T_A__P_B	TP:artP_1--group_5360	139	10221.0	0.20489226871164087	0.32643918991900917	0.44804161039137275	0.9997064866451424	True
2628412	848	1733	artP_1	group_3024	TP	0.5082342596965704	0.47033281893620077	127.9375	124064.125	0.07716091	16	1	1	1	26	2	26	1.0	1.0	0.4951956694861554	True	True	False	False	P↔T	T_A__P_B	TP:artP_1--group_3024	143	10696.0	0.20891625980446152	0.33272057308449343	0.49519566948615545	0.9992520568436799	True
2628431	848	1752	artP_1	group_4882	TP	0.5297116647799058	0.49109375280573425	242.52777777777777	223579.98611111112	0.08812805	72	1	1	1	26	2	26	1.0	1.0	0.5234061453017568	True	True	False	False	P↔T	T_A__P_B	TP:artP_1--group_4882	165	6896.0	0.2614019625823992	0.40428941286859854	0.5234061453017568	0.9994199535962877	True
2628457	848	1778	artP_1	group_4894	TP	0.5297116647799058	0.49109375280573425	216.85	218775.7	0.0773409	20	1	1	1	26	2	26	1.0	1.0	0.4844131039521858	True	True	False	False	P↔T	T_A__P_B	TP:artP_1--group_4894	161	7560.0	0.23628115157323065	0.35115320246362075	0.48441310395218584	0.9998677248677249	True
2628461	848	1782	artP_1	tetM	TP	0.5409637875927356	0.5006215506069953	122.29411764705883	118562.23529411765	0.07621594	17	1	1	1	26	2	26	1.0	1.0	0.4638188177778241	True	True	False	False	P↔T	T_A__P_B	TP:artP_1--tetM	141	10327.0	0.2151252996707094	0.3408525996411131	0.4638188177778241	0.9998063329137213	True
2628471	848	1792	artP_1	group_3724	TP	0.4894335074363805	0.4521792323000479	133.35294117647058	129298.05882352941	0.078315824	17	1	1	1	26	2	26	1.0	1.0	0.485564597768414	True	True	False	False	P↔T	T_A__P_B	TP:artP_1--group_3724	144	10335.0	0.2042225686961178	0.34049151864976346	0.485564597768414	0.9990324141267537	True
2628541	848	1862	artP_1	group_1976	TP	0.4904963960645555	0.45562138652783923	227.54545454545453	225762.18181818182	0.08639648	11	1	1	1	25	2	25	1.0	1.0	0.460990287300509	True	True	False	False	P↔T	T_A__P_B	TP:artP_1--group_1976	162	7828.0	0.24869316427324445	0.37233550229445356	0.46099028730050906	0.9994890137966275	True
2636379	851	1684	bshA	group_4888	TP	0.4988988516320098	0.5339416707671851	214.8125	201181.7	0.06552002	80	1	1	1	27	2	27	1.0	1.0	0.4908120108542949	True	True	False	False	P↔T	T_A__P_B	TP:bshA--group_4888	160	8107.0	0.24810609129841318	0.36662452662648437	0.4908120108542949	0.9992598988528433	True
2636447	851	1752	bshA	group_4882	TP	0.4988988516320098	0.5339416707671851	211.84415584415584	196002.6883116883	0.069668494	77	1	1	1	27	2	27	1.0	1.0	0.4908120108542949	True	True	False	False	P↔T	T_A__P_B	TP:bshA--group_4882	160	8107.0	0.24810609129841318	0.36662452662648437	0.4908120108542949	0.999383249044036	True
2779317	905	1873	rmlB	group_1656	TP	0.458765939280359	0.7293014466666117	40.81818181818182	41174.168831168834	0.07250666	77	0	1	2	29	2	28	0.9655172	1.0713376	0.4584007321846909	True	False	True	False	P↔T	T_A__P_B	TP:rmlB--group_1656	104	4069.0	0.18308720438697423	0.3154179676479793	0.4584007321846909	0.9990169574834111	True
2805403	915	1844	sacA	galT_2	TP	0.39649143359785916	0.5028383929881401	28.896551724137932	27352.137931034482	0.074889034	87	2	1	1	10	2	10	1.0	1.0	0.3952633380635135	True	False	False	False	P↔T	T_A__P_B	TP:sacA--galT_2	92	2125.0	0.22049962793348618	0.326206361940437	0.39526333806351355	0.9990588235294118	True
2822731	922	951	cpsB	group_1844	TP	0.5018219820933383	0.603999390459096	96.0	95501.2	0.036086585	5	1	0	1	30	2	30	1.0	1.0	0.4510635116352017	True	False	False	False	P↔T	T_A__P_B	TP:cpsB--group_1844	133	9918.0	0.19826412341749286	0.3066890165063561	0.4510635116352017	0.999697519661222	True
2822761	922	981	cpsB	group_1683	TP	0.45323968018390964	0.5384398296778593	70.69642857142857	76640.83928571429	0.037398692	56	1	0	1	31	2	31	1.0	1.0	0.4434913562725833	True	False	False	False	P↔T	T_A__P_B	TP:cpsB--group_1683	122	7928.0	0.19534472572533212	0.3143485639798963	0.4434913562725833	0.9992431886982845	True
2823069	922	1289	cpsB	group_3703	TP	0.4697027505805208	0.5588656733116202	72.1470588235294	77778.50980392157	0.05390974	102	1	1	1	31	2	31	1.0	1.0	0.4579689613721261	True	False	False	False	P↔T	T_A__P_B	TP:cpsB--group_3703	123	8316.0	0.19010081088265815	0.32001205527176424	0.45796896137212617	0.9993987493987494	True
2823207	922	1427	cpsB	group_4876	TP	0.48738735589125576	0.5809520881836994	164.8	159209.0	0.05725246	5	1	1	1	31	2	31	1.0	1.0	0.4867813349051285	True	True	False	False	P↔T	T_A__P_B	TP:cpsB--group_4876	151	10832.0	0.22913031554138144	0.3510825961738888	0.4867813349051285	0.9990768094534712	True
2823368	922	1588	cpsB	group_3705	TP	0.48738735589125576	0.5809520881836994	149.23333333333332	136334.98888888888	0.06816402	90	1	1	1	31	2	31	1.0	1.0	0.4869206249272111	True	True	False	False	P↔T	T_A__P_B	TP:cpsB--group_3705	148	10641.0	0.22730636303357493	0.385790964314127	0.48692062492721117	0.9990602386993703	True
2823370	922	1590	cpsB	group_5408	TP	0.48738735589125576	0.5809520881836994	145.17777777777778	132420.83333333334	0.06816402	90	1	1	1	31	2	31	1.0	1.0	0.4871561782106265	True	True	False	False	P↔T	T_A__P_B	TP:cpsB--group_5408	147	10318.0	0.2240150343862563	0.3704410052249503	0.48715617821062657	0.9990308199263424	True
2823371	922	1591	cpsB	group_5410	TP	0.5065282104223571	0.6050054678778021	147.51764705882354	134755.50588235294	0.07191221	85	1	1	1	31	2	31	1.0	1.0	0.4869206249272111	True	True	False	False	P↔T	T_A__P_B	TP:cpsB--group_5410	148	10641.0	0.22730636303357493	0.385790964314127	0.48692062492721117	0.9994361432196223	True
2823378	922	1598	cpsB	group_5409	TP	0.5274578804818371	0.631454900181644	145.51764705882354	132372.55294117646	0.072733864	85	1	1	1	31	2	31	1.0	1.0	0.4871561782106265	True	True	False	False	P↔T	T_A__P_B	TP:cpsB--group_5409	147	10318.0	0.2240150343862563	0.3704410052249503	0.48715617821062657	0.9997092459779027	True
2823420	922	1640	cpsB	group_4892	TP	0.5274578804818371	0.631454900181644	152.34939759036143	138876.93975903615	0.07280939	83	1	1	1	31	2	31	1.0	1.0	0.5188868186701031	True	True	False	False	P↔T	T_A__P_B	TP:cpsB--group_4892	149	10619.0	0.23329372527485046	0.39653805781618356	0.5188868186701031	0.9992466333929748	True
2823431	922	1651	cpsB	group_5412	TP	0.5274578804818371	0.631454900181644	151.36904761904762	137677.61904761905	0.072214775	84	1	1	1	31	2	31	1.0	1.0	0.4869206249272111	True	True	False	False	P↔T	T_A__P_B	TP:cpsB--group_5412	148	10641.0	0.22730636303357493	0.385790964314127	0.48692062492721117	0.9996240954797482	True
2823436	922	1656	cpsB	group_3419	TP	0.5506827612727886	0.6609457539475704	138.41666666666666	127276.72619047618	0.0730501	84	1	1	1	31	2	31	1.0	1.0	0.4671066682257567	True	True	False	False	P↔T	T_A__P_B	TP:cpsB--group_3419	145	10489.0	0.20390163535341135	0.33111220016910736	0.4671066682257567	1.0	True
2823440	922	1660	cpsB	group_5411	TP	0.5274578804818371	0.631454900181644	150.36904761904762	136568.5357142857	0.07305968	84	1	1	1	31	2	31	1.0	1.0	0.4869206249272111	True	True	False	False	P↔T	T_A__P_B	TP:cpsB--group_5411	148	10641.0	0.22730636303357493	0.385790964314127	0.48692062492721117	0.9997180716098111	True
2823443	922	1663	cpsB	group_5991	TP	0.5506827612727886	0.6609457539475704	146.36904761904762	133585.7619047619	0.0730501	84	1	1	1	31	2	31	1.0	1.0	0.4871561782106265	True	True	False	False	P↔T	T_A__P_B	TP:cpsB--group_5991	147	10318.0	0.2240150343862563	0.3704410052249503	0.48715617821062657	0.9998061639852684	True
2823532	922	1752	cpsB	group_4882	TP	0.5065282104223571	0.6050054678778021	18.022222222222222	19583.98888888889	0.06583882	90	1	1	1	31	2	31	1.0	1.0	0.4733671836770173	True	False	False	False	P↔T	T_A__P_B	TP:cpsB--group_4882	77	1317.0	0.21813831240962378	0.32196430052399094	0.47336718367701736	1.0	True
2823562	922	1782	cpsB	tetM	TP	0.5770670708700674	0.6945653468697732	293.05882352941177	273902.17647058825	0.08146376	17	1	1	1	31	2	31	1.0	1.0	0.5373939396899984	True	True	False	False	P↔T	T_A__P_B	TP:cpsB--tetM	171	4936.0	0.3232153444496031	0.45119838305172694	0.5373939396899984	1.0	True
2823577	922	1797	cpsB	group_1754	TP	0.5277319755147447	0.6416013327922657	408.27777777777777	396236.3333333333	0.080116704	18	1	1	1	30	2	30	1.0	1.0	0.5277319755147447	True	True	False	False	P↔T	T_A__P_B	TP:cpsB--group_1754	182	1505.0	0.32153927586734365	0.45645276744570457	0.5277319755147447	0.998671096345515	True
2823647	922	1867	cpsB	group_4451	TP	0.5277319755147447	0.6416013327922657	409.27777777777777	397329.55555555556	0.079718925	18	1	1	1	30	2	30	1.0	1.0	0.5277319755147447	True	True	False	False	P↔T	T_A__P_B	TP:cpsB--group_4451	182	1505.0	0.32153927586734365	0.45645276744570457	0.5277319755147447	0.9993355481727575	True
2823653	922	1873	cpsB	group_1656	TP	0.4922638400165421	0.5963155564042011	28.871794871794872	28230.30769230769	0.07388459	78	1	1	1	29	2	29	1.0	1.0	0.3952633380635135	True	False	False	False	P↔T	T_A__P_B	TP:cpsB--group_1656	92	2125.0	0.22049962793348618	0.326206361940437	0.39526333806351355	1.0	True
2823686	922	1906	cpsB	group_624	TP	0.48262218109838023	0.5867581442754163	25.428571428571427	31124.163265306124	0.080149025	49	1	1	1	30	2	30	1.0	1.0	0.4237927963866764	True	False	False	False	P↔T	T_A__P_B	TP:cpsB--group_624	88	1892.0	0.2218905186657826	0.35051721431970345	0.4237927963866764	1.0	True
2833428	926	1258	group_2971	group_1130	TP	0.4623054548814026	0.4440879964280497	30.966442953020135	27187.96644295302	0.04868191	149	4	0	13	26	8	7	0.26923078	7.0416665	0.4476070668496592	True	False	True	False	P↔T	T_A__P_B	TP:group_2971--group_1130	95	2601.0	0.19513821797090528	0.31476290057156325	0.4476070668496592	0.9992310649750096	True
2833468	926	1298	group_2971	ugd	TP	0.4623054548814026	0.4440879964280497	32.58641975308642	28250.54938271605	0.039925493	162	4	0	12	26	8	7	0.26923078	6.3773584	0.4560099525668841	True	False	True	False	P↔T	T_A__P_B	TP:group_2971--ugd	96	2801.0	0.1991342542850062	0.3425198782464123	0.45600995256688415	0.9992859692966798	True
2833626	926	1456	group_2971	group_827	TP	0.5086843208428354	0.48420430464506375	30.034188034188034	26694.752136752137	0.06581259	117	4	0	13	27	8	7	0.25925925	6.813084	0.4006615557584166	True	False	True	False	P↔T	T_A__P_B	TP:group_2971--group_827	94	2417.0	0.21320924608595246	0.3139444091759289	0.40066155575841667	1.0	True
2841377	929	1425	group_654	group_5992	TP	0.3973151168997283	0.5353861161690643	28.40909090909091	26375.477272727272	0.105692245	88	1	1	1	24	2	24	1.0	1.0	0.3952633380635135	True	False	False	False	P↔T	T_A__P_B	TP:group_654--group_5992	92	2125.0	0.22049962793348618	0.326206361940437	0.39526333806351355	0.9995294117647059	True
2851598	933	1284	panM	group_3467	TP	0.2741968229946163	0.27382553801226905	1.5677966101694916	931.7966101694915	0.05017981	118	3	0	4	33	2	30	0.90909094	1.2059801	0.2717317237304994	True	False	True	False	P↔T	T_A__P_B	TP:panM--group_3467	8	25.0	0.16548952337401546	0.24954583035344846	0.2717317237304994	1.0	True
2852257	933	1943	panM	group_1011	TP	0.23745092930024603	0.25860006583286277	1.1875	524.296875	0.09802502	64	0	1	1	9	13	9	1.0	1.0	0.235805253523521	True	False	False	False	P↔T	T_A__P_B	TP:panM--group_1011	3	24.0	0.16517110194818443	0.22099417153299558	0.235805253523521	1.0	True
2872423	941	1433	group_2386	group_5413	TP	0.34933129805007235	0.3558755412932761	1.0649350649350648	149.27272727272728	0.039375074	154	4	0	27	58	9	19	0.3275862	7.715596	0.3437536433895284	True	False	True	False	P↔T	T_A__P_B	TP:group_2386--group_5413	1	58.0	0.16489058167327936	0.2935547514446355	0.34375364338952846	1.0	True
2872489	941	1499	group_2386	group_1306	TP	0.32233901087259104	0.3276519807205405	2.6619718309859155	1620.3450704225352	0.041631363	142	4	0	30	61	9	19	0.3114754	8.476082	0.3131914442512736	True	False	True	False	P↔T	T_A__P_B	TP:group_2386--group_1306	20	68.0	0.16138435862187087	0.23086334465940697	0.3131914442512736	1.0	True
2872674	941	1684	group_2386	group_4888	TP	0.4637428963506291	0.47166419467001186	203.03614457831324	191643.9518072289	0.054400884	83	4	0	34	66	9	19	0.28787878	9.766816	0.4495451588683012	True	True	True	True	P↔T	T_A__P_B	TP:group_2386--group_4888	158	9065.0	0.23362085440445762	0.35204446739901274	0.4495451588683012	0.9992277992277993	True
2872742	941	1752	group_2386	group_4882	TP	0.5064677323814242	0.5159557114260696	200.0875	186494.65	0.05777766	80	4	0	35	69	9	19	0.2753623	10.372549	0.4495451588683012	True	True	True	True	P↔T	T_A__P_B	TP:group_2386--group_4882	158	9065.0	0.23362085440445762	0.35204446739901274	0.4495451588683012	0.999669056811914	True
2872782	941	1792	group_2386	group_3724	TP	0.5064677323814242	0.5159557114260696	166.11764705882354	158397.4705882353	0.05886419	17	4	0	37	69	9	19	0.2753623	10.463737	0.4884936686160739	True	True	True	True	P↔T	T_A__P_B	TP:group_2386--group_3724	152	10786.0	0.22550428321809185	0.3493053612327472	0.48849366861607396	0.9992582977934359	True
2895812	950	1638	epsL	group_2704	TP	0.5207027143892121	0.8141131499687286	133.57407407407408	149003.85185185185	0.08384748	54	0	1	1	30	2	30	1.0	1.0	0.485564597768414	True	True	False	False	P↔T	T_A__P_B	TP:epsL--group_2704	144	10335.0	0.2042225686961178	0.34049151864976346	0.485564597768414	0.9995162070633768	True
2895830	950	1656	epsL	group_3419	TP	0.49637833019479904	0.7723527000135284	141.41666666666666	131470.2142857143	0.0702635	84	0	1	1	30	2	30	1.0	1.0	0.4848323580993047	True	True	False	False	P↔T	T_A__P_B	TP:epsL--group_3419	146	10299.0	0.22485448112403592	0.36155200654189734	0.48483235809930475	0.9992232255558792	True
2895834	950	1660	epsL	group_5411	TP	0.5207027143892121	0.8141131499687286	153.36904761904762	140762.02380952382	0.070272096	84	0	1	1	30	2	30	1.0	1.0	0.5188868186701031	True	True	False	False	P↔T	T_A__P_B	TP:epsL--group_5411	149	10619.0	0.23329372527485046	0.39653805781618356	0.5188868186701031	0.9991524625670967	True
2895837	950	1663	epsL	group_5991	TP	0.49637833019479904	0.7723527000135284	149.36904761904762	137779.25	0.0702635	84	0	1	1	30	2	30	1.0	1.0	0.4869206249272111	True	True	False	False	P↔T	T_A__P_B	TP:epsL--group_5991	148	10641.0	0.22730636303357493	0.385790964314127	0.48692062492721117	0.9992481909594962	True
2895926	950	1752	epsL	group_4882	TP	0.4744545431250244	0.7349928248933438	15.022222222222222	15406.322222222223	0.06328918	90	0	1	1	30	2	30	1.0	1.0	0.4691191435796096	True	False	False	False	P↔T	T_A__P_B	TP:epsL--group_4882	71	1128.0	0.22394914896285145	0.327262402134291	0.4691191435796096	0.999113475177305	True
2895934	950	1760	epsL	group_4448	TP	0.44305791498415525	0.6927163327916017	91.1	98665.6625	0.06739544	80	0	1	1	29	2	29	1.0	1.0	0.4371971181537173	True	False	False	False	P↔T	T_A__P_B	TP:epsL--group_4448	131	9803.0	0.19555522658943136	0.31235116181542244	0.43719711815371737	0.9990819136998877	True
2895956	950	1782	epsL	tetM	TP	0.5483549523883321	0.861849138981328	295.3529411764706	276842.4117647059	0.07827892	17	0	1	1	30	2	30	1.0	1.0	0.5373939396899984	True	True	False	False	P↔T	T_A__P_B	TP:epsL--tetM	171	4936.0	0.3232153444496031	0.45119838305172694	0.5373939396899984	0.9995948136142626	True
2895966	950	1792	epsL	group_3724	TP	0.5483549523883321	0.861849138981328	306.4117647058824	287578.23529411765	0.0676062	17	0	1	1	30	2	30	1.0	1.0	0.5462153733518725	True	True	False	False	P↔T	T_A__P_B	TP:epsL--group_3724	173	4267.0	0.3313521235794704	0.4543886035648884	0.5462153733518725	0.9990625732364659	True
2896080	950	1906	epsL	group_624	TP	0.49401707079769874	0.7808611011251929	22.428571428571427	26855.551020408162	0.07696863	49	0	1	1	29	2	29	1.0	1.0	0.4305264572258009	True	False	False	False	P↔T	T_A__P_B	TP:epsL--group_624	84	1623.0	0.21357717037162124	0.32403820775781095	0.4305264572258009	1.0	True
2905876	954	1424	group_2261	group_4078	TP	0.5235863374812597	0.9999999999999998	17.0	14552.119047619048	0.13185272	84	0	1	1	10	2	10	1.0	1.0	0.4928356418263929	True	False	False	False	P↔T	T_A__P_B	TP:group_2261--group_4078	75	1235.0	0.22444878885046998	0.36179213846685326	0.4928356418263929	1.0	True
2905880	954	1428	group_2261	group_5414	TP	0.5235863374812597	0.9999999999999998	16.0	13335.607142857143	0.13404146	84	0	1	1	10	2	10	1.0	1.0	0.4794100279699032	True	False	False	False	P↔T	T_A__P_B	TP:group_2261--group_5414	73	1202.0	0.21635370097796994	0.34557751788183655	0.4794100279699032	1.0	True
2905881	954	1429	group_2261	group_5993	TP	0.5235863374812597	0.9999999999999998	15.0	12884.82142857143	0.1339846	84	0	1	1	10	2	10	1.0	1.0	0.4691191435796096	True	False	False	False	P↔T	T_A__P_B	TP:group_2261--group_5993	71	1128.0	0.22394914896285145	0.327262402134291	0.4691191435796096	1.0	True
2906040	954	1588	group_2261	group_3705	TP	0.4507385750716594	0.8396285486342067	79.14432989690722	69762.44329896907	0.06129543	97	0	1	1	10	2	10	1.0	1.0	0.4497911297978875	True	False	False	False	P↔T	T_A__P_B	TP:group_2261--group_3705	126	8978.0	0.1898100553350106	0.30541859476748784	0.4497911297978875	0.9991089329472043	True
2906136	954	1684	group_2261	group_4888	TP	0.5235863374812597	0.9999999999999998	247.72972972972974	230693.0945945946	0.083889306	74	0	1	1	10	2	10	1.0	1.0	0.5234061453017568	True	True	False	False	P↔T	T_A__P_B	TP:group_2261--group_4888	165	6896.0	0.2614019625823992	0.40428941286859854	0.5234061453017568	0.9991299303944315	True
2906137	954	1685	group_2261	group_5944	TP	0.4507385750716594	0.8396285486342067	70.0	69131.57142857143	0.07024635	7	0	1	1	10	2	10	1.0	1.0	0.4434913562725833	True	False	False	False	P↔T	T_A__P_B	TP:group_2261--group_5944	122	7928.0	0.19534472572533212	0.3143485639798963	0.4434913562725833	0.999117053481332	True
2906195	954	1743	group_2261	group_4895	TP	0.5235863374812597	0.9999999999999998	127.16666666666667	124310.77777777778	0.06790468	18	0	1	1	10	2	10	1.0	1.0	0.4822776444081364	True	True	False	False	P↔T	T_A__P_B	TP:group_2261--group_4895	142	10625.0	0.208132684526371	0.3292462678341217	0.4822776444081364	0.9994352941176471	True
2906196	954	1744	group_2261	erm	TP	0.5235863374812597	0.9999999999999998	128.16666666666666	124768.11111111111	0.06772168	18	0	1	1	10	2	10	1.0	1.0	0.4951956694861554	True	True	False	False	P↔T	T_A__P_B	TP:group_2261--erm	143	10696.0	0.20891625980446152	0.33272057308449343	0.49519566948615545	0.9995325355272999	True
2906204	954	1752	group_2261	group_4882	TP	0.5235863374812597	0.9999999999999998	244.52777777777777	225420.65277777778	0.08573284	72	0	1	1	10	2	10	1.0	1.0	0.5234061453017568	True	True	False	False	P↔T	T_A__P_B	TP:group_2261--group_4882	165	6896.0	0.2614019625823992	0.40428941286859854	0.5234061453017568	0.9992749419953596	True
2906205	954	1753	group_2261	group_5422	TP	0.5235863374812597	0.9999999999999998	126.16666666666667	123641.61111111111	0.068568535	18	0	1	1	10	2	10	1.0	1.0	0.4822776444081364	True	True	False	False	P↔T	T_A__P_B	TP:group_2261--group_5422	142	10625.0	0.208132684526371	0.3292462678341217	0.4822776444081364	0.9995294117647059	True
2906234	954	1782	group_2261	tetM	TP	0.5235863374812597	0.9999999999999998	120.76470588235294	117451.5294117647	0.07054882	17	0	1	1	10	2	10	1.0	1.0	0.4638188177778241	True	True	False	False	P↔T	T_A__P_B	TP:group_2261--tetM	141	10327.0	0.2151252996707094	0.3408525996411131	0.4638188177778241	0.9995158322843033	True
2906244	954	1792	group_2261	group_3724	TP	0.5235863374812597	0.9999999999999998	131.8235294117647	128187.35294117648	0.0726039	17	0	1	1	10	2	10	1.0	1.0	0.485564597768414	True	True	False	False	P↔T	T_A__P_B	TP:group_2261--group_3724	144	10335.0	0.2042225686961178	0.34049151864976346	0.485564597768414	0.9996129656507015	True
2906314	954	1862	group_2261	group_1976	TP	0.5235863374812597	0.9999999999999998	226.27272727272728	224783.72727272726	0.076943606	11	0	1	1	10	2	10	1.0	1.0	0.460990287300509	True	True	False	False	P↔T	T_A__P_B	TP:group_2261--group_1976	162	7828.0	0.24869316427324445	0.37233550229445356	0.46099028730050906	0.9997445068983137	True
2906319	954	1867	group_2261	group_4451	TP	0.5235863374812597	0.9999999999999998	285.85	285999.5	0.078968205	20	0	1	1	10	2	10	1.0	1.0	0.5107419291721534	True	True	False	False	P↔T	T_A__P_B	TP:group_2261--group_4451	170	5298.0	0.32524529881666403	0.44167257289575557	0.5107419291721534	0.9994337485843715	True
2906955	954	2503	group_2261	group_1578	TP	0.5235863374812597	0.9999999999999998	13.027777777777779	11067.083333333334	0.18621965	36	0	1	1	10	2	10	1.0	1.0	0.5228300595527771	True	False	False	False	P↔T	T_A__P_B	TP:group_2261--group_1578	66	1036.0	0.21950992227652508	0.31749888633319195	0.5228300595527771	0.999034749034749	True
2920966	960	1127	group_579	dinB	TP	0.28980231124115374	0.44616635792044884	2.5082872928176796	1902.779005524862	0.03203665	181	0	0	2	13	2	12	0.9230769	1.1655172	0.284373455778438	True	False	True	False	P↔T	T_A__P_B	TP:group_579--dinB	19	55.0	0.172757889100139	0.23551375661399848	0.284373455778438	1.0	True
2921306	960	1467	group_579	group_2033	TP	0.3652554198500795	0.5691599336960957	2.4719101123595504	2250.2134831460676	0.11964411	89	0	1	2	13	2	12	0.9230769	1.1655172	0.3626305261220118	True	False	True	False	P↔T	T_A__P_B	TP:group_579--group_2033	18	49.0	0.22604643548002115	0.33900648256940374	0.36263052612201185	1.0	True
2926268	962	1308	group_1032	ftsH4	TP	0.4382867599956499	0.4452310588948968	15.416	12339.512	0.05475265	125	3	1	1	17	2	17	1.0	1.0	0.4381933742783627	True	False	False	False	P↔T	T_A__P_B	TP:group_1032--ftsH4	72	1007.0	0.2065750712188385	0.31036050362626993	0.43819337427836275	0.9990069513406157	True
2926316	962	1356	group_1032	group_1077	TP	0.5492163128976567	0.5682592099189866	201.0909090909091	204016.36363636365	0.1038922	22	3	1	1	17	2	17	1.0	1.0	0.4495451588683012	True	True	False	False	P↔T	T_A__P_B	TP:group_1032--group_1077	158	9065.0	0.23362085440445762	0.35204446739901274	0.4495451588683012	1.0	True
2926430	962	1470	group_1032	group_5415	TP	0.4645066466539888	0.4724183318691729	16.422764227642276	13196.333333333334	0.04177324	123	3	1	1	17	2	17	1.0	1.0	0.4245804367616829	True	False	False	False	P↔T	T_A__P_B	TP:group_1032--group_5415	74	1077.0	0.21326996111400717	0.3157518711282317	0.4245804367616829	1.0	True
2926510	962	1550	group_1032	Int-Tn_1	TP	0.5097279543220731	0.5252317522743879	236.95238095238096	238766.04761904763	0.06989816	21	3	1	1	17	2	17	1.0	1.0	0.5097279543220731	True	True	False	False	P↔T	T_A__P_B	TP:group_1032--Int-Tn_1	164	6865.0	0.2630241893124906	0.399875563537318	0.5097279543220731	0.9986890021849963	True
2926548	962	1588	group_1032	group_3705	TP	0.5097279543220731	0.5252317522743879	239.61904761904762	240804.14285714287	0.07520863	21	3	1	1	17	2	17	1.0	1.0	0.5097279543220731	True	True	False	False	P↔T	T_A__P_B	TP:group_1032--group_3705	164	6865.0	0.2630241893124906	0.399875563537318	0.5097279543220731	0.9988346686088857	True
2926550	962	1590	group_1032	group_5408	TP	0.5097279543220731	0.5252317522743879	241.71428571428572	244017.2857142857	0.07520863	21	3	1	1	17	2	17	1.0	1.0	0.5097279543220731	True	True	False	False	P↔T	T_A__P_B	TP:group_1032--group_5408	164	6865.0	0.2630241893124906	0.399875563537318	0.5097279543220731	0.998980335032775	True
2926582	962	1622	group_1032	group_5979	TP	0.48545870562046606	0.49688143387752537	84.8	81525.8	0.048465643	5	3	1	1	17	2	17	1.0	1.0	0.4725713629677123	True	False	False	False	P↔T	T_A__P_B	TP:group_1032--group_5979	129	9397.0	0.1931279185498127	0.3174617321682907	0.47257136296771235	0.9991486644673833	True
2926600	962	1640	group_1032	group_4892	TP	0.5097279543220731	0.5252317522743879	237.52380952380952	238926.7619047619	0.068842754	21	3	1	1	17	2	17	1.0	1.0	0.5097279543220731	True	True	False	False	P↔T	T_A__P_B	TP:group_1032--group_4892	164	6865.0	0.2630241893124906	0.399875563537318	0.5097279543220731	0.9991260014566642	True
2926611	962	1651	group_1032	group_5412	TP	0.5097279543220731	0.5252317522743879	238.04761904761904	238951.61904761905	0.069639005	21	3	1	1	17	2	17	1.0	1.0	0.5097279543220731	True	True	False	False	P↔T	T_A__P_B	TP:group_1032--group_5412	164	6865.0	0.2630241893124906	0.399875563537318	0.5097279543220731	0.9992716678805535	True
2926620	962	1660	group_1032	group_5411	TP	0.5097279543220731	0.5252317522743879	238.57142857142858	239592.42857142858	0.0704705	21	3	1	1	17	2	17	1.0	1.0	0.5097279543220731	True	True	False	False	P↔T	T_A__P_B	TP:group_1032--group_5411	164	6865.0	0.2630241893124906	0.399875563537318	0.5097279543220731	0.9994173343044428	True
2926623	962	1663	group_1032	group_5991	TP	0.5097279543220731	0.5252317522743879	240.66666666666666	241877.09523809524	0.07040084	21	3	1	1	17	2	17	1.0	1.0	0.5097279543220731	True	True	False	False	P↔T	T_A__P_B	TP:group_1032--group_5991	164	6865.0	0.2630241893124906	0.399875563537318	0.5097279543220731	0.9995630007283322	True
2926684	962	1724	group_1032	group_3083	TP	0.5302487072910768	0.5540708372482185	168.44444444444446	178000.77777777778	0.088430904	9	3	1	1	17	2	17	1.0	1.0	0.4884936686160739	True	True	False	False	P↔T	T_A__P_B	TP:group_1032--group_3083	152	10786.0	0.22550428321809185	0.3493053612327472	0.48849366861607396	0.9995364361208975	True
2926716	962	1756	group_1032	group_244	TP	0.5302487072910768	0.5540708372482185	81.8	79021.2	0.06406435	5	3	1	1	17	2	17	1.0	1.0	0.4615616280296593	True	False	False	False	P↔T	T_A__P_B	TP:group_1032--group_244	127	9160.0	0.18357250042703588	0.29353086401861	0.4615616280296593	0.9998908296943232	True
2926738	962	1778	group_1032	group_4894	TP	0.578147465515073	0.6009848883878175	13.456521739130435	10642.902173913044	0.058963913	92	3	1	1	17	2	17	1.0	1.0	0.4941587652523665	True	False	False	False	P↔T	T_A__P_B	TP:group_1032--group_4894	67	773.0	0.20689009211925918	0.3020233069775055	0.49415876525236657	1.0	True
2926757	962	1797	group_1032	group_1754	TP	0.5302487072910768	0.5540708372482185	83.43820224719101	77666.46067415731	0.062238384	89	3	1	1	17	2	17	1.0	1.0	0.4636078413712972	True	False	False	False	P↔T	T_A__P_B	TP:group_1032--group_1754	128	9305.0	0.18907041720569973	0.30619747206200915	0.4636078413712972	0.999892530897367	True
2926796	962	1836	group_1032	group_5418	TP	0.578147465515073	0.6009848883878175	176.77777777777777	187009.88888888888	0.06203076	9	3	1	1	17	2	17	1.0	1.0	0.5509865752942332	True	True	False	False	P↔T	T_A__P_B	TP:group_1032--group_5418	154	10147.0	0.23925083268906638	0.3677343582400997	0.5509865752942332	0.9995072435202523	True
2926797	962	1837	group_1032	group_5996	TP	0.578147465515073	0.6009848883878175	164.92857142857142	170104.42857142858	0.06203076	14	3	1	1	17	2	17	1.0	1.0	0.4867813349051285	True	True	False	False	P↔T	T_A__P_B	TP:group_1032--group_5996	151	10832.0	0.22913031554138144	0.3510825961738888	0.4867813349051285	0.9996307237813885	True
2926798	962	1838	group_1032	group_5997	TP	0.578147465515073	0.6009848883878175	175.8181818181818	184184.18181818182	0.06203076	11	3	1	1	17	2	17	1.0	1.0	0.5509865752942332	True	True	False	False	P↔T	T_A__P_B	TP:group_1032--group_5997	154	10147.0	0.23925083268906638	0.3677343582400997	0.5509865752942332	0.9996057948162018	True
2926804	962	1844	group_1032	galT_2	TP	0.5061494408831196	0.5319523991416529	52.77272727272727	47505.829545454544	0.06403466	88	3	1	1	17	2	17	1.0	1.0	0.4788884023765363	True	False	False	False	P↔T	T_A__P_B	TP:group_1032--galT_2	113	5941.0	0.18985898570518456	0.31222258097360567	0.47888840237653635	0.9993267126746339	True
2926822	962	1862	group_1032	group_1976	TP	0.5302487072910768	0.5540708372482185	54.5	49092.43103448276	0.06409408	58	3	1	1	17	2	17	1.0	1.0	0.4772301973650273	True	False	False	False	P↔T	T_A__P_B	TP:group_1032--group_1976	114	6138.0	0.18838353762034724	0.3055351693171141	0.4772301973650273	0.9991854024112089	True
2926827	962	1867	group_1032	group_4451	TP	0.5875820852151041	0.6175363927646966	84.17045454545455	78186.23863636363	0.06415239	88	3	1	1	17	2	17	1.0	1.0	0.4636078413712972	True	False	False	False	P↔T	T_A__P_B	TP:group_1032--group_4451	128	9305.0	0.18907041720569973	0.30619747206200915	0.4636078413712972	1.0	True
2926831	962	1871	group_1032	group_1359	TP	0.5302487072910768	0.5540708372482185	53.75	48176.65	0.06489342	80	3	1	1	17	2	17	1.0	1.0	0.4788884023765363	True	False	False	False	P↔T	T_A__P_B	TP:group_1032--group_1359	113	5941.0	0.18985898570518456	0.31222258097360567	0.47888840237653635	0.9994950345059754	True
2926925	962	1965	group_1032	group_5998	TP	0.5302487072910768	0.5540708372482185	166.0	176838.33333333334	0.070354134	9	3	1	1	17	2	17	1.0	1.0	0.4884936686160739	True	True	False	False	P↔T	T_A__P_B	TP:group_1032--group_5998	152	10786.0	0.22550428321809185	0.3493053612327472	0.48849366861607396	0.999629148896718	True
2935174	965	2540	group_3319	group_2868	TP	0.15268625149125253	0.1961585629160613	657.2	664384.4	0.18908595	5	3	1	1	6	13	6	1.0	1.0	0.1526434221607253	True	True	False	False	P↔T	T_A__P_B	TP:group_3319--group_2868	199	42.0	0.14767433826900014	0.1522579581859803	0.15264342216072532	0.9230226818662592	True
2936639	966	1449	lytA_2	group_1366	TP	0.4822518893365438	0.7122542048968626	175.26388888888889	168261.30555555556	0.07738856	72	0	1	1	30	2	30	1.0	1.0	0.4822446250268134	True	True	False	False	P↔T	T_A__P_B	TP:lytA_2--group_1366	153	10364.0	0.22839731187146514	0.356249497460672	0.4822446250268134	0.9990351215746816	True
2936675	966	1485	lytA_2	group_4891	TP	0.5083917893043521	0.7525126590975768	165.57534246575344	160718.54794520547	0.07651372	73	0	1	1	30	2	30	1.0	1.0	0.4867813349051285	True	True	False	False	P↔T	T_A__P_B	TP:lytA_2--group_4891	151	10832.0	0.22913031554138144	0.3510825961738888	0.4867813349051285	0.9992614475627769	True
2936704	966	1514	lytA_2	group_5990	TP	0.5083917893043521	0.7525126590975768	167.55555555555554	161703.59722222222	0.077351466	72	0	1	1	30	2	30	1.0	1.0	0.4884936686160739	True	True	False	False	P↔T	T_A__P_B	TP:lytA_2--group_5990	152	10786.0	0.22550428321809185	0.3493053612327472	0.48849366861607396	0.9993510105692565	True
2936710	966	1520	lytA_2	phnU	TP	0.5373939396899984	0.7975900914050931	318.25	307095.6666666667	0.087689355	12	0	1	1	30	2	30	1.0	1.0	0.5362446942321507	True	True	False	False	P↔T	T_A__P_B	TP:lytA_2--phnU	174	4367.0	0.3133152048902774	0.4665206558190084	0.5362446942321507	0.9990840393863064	True
2936778	966	1588	lytA_2	group_3705	TP	0.5373939396899984	0.7975900914050931	174.58904109589042	168009.98630136985	0.076085	73	0	1	1	30	2	30	1.0	1.0	0.4822446250268134	True	True	False	False	P↔T	T_A__P_B	TP:lytA_2--group_3705	153	10364.0	0.22839731187146514	0.356249497460672	0.4822446250268134	0.999421072944809	True
2936780	966	1590	lytA_2	group_5408	TP	0.5373939396899984	0.7975900914050931	170.56164383561645	163998.24657534246	0.076085	73	0	1	1	30	2	30	1.0	1.0	0.4884936686160739	True	True	False	False	P↔T	T_A__P_B	TP:lytA_2--group_5408	152	10786.0	0.22550428321809185	0.3493053612327472	0.48849366861607396	0.9999072872241795	True
2936781	966	1591	lytA_2	group_5410	TP	0.5083917893043521	0.7525126590975768	173.26760563380282	166807.38028169013	0.08061325	71	0	1	1	30	2	30	1.0	1.0	0.4822446250268134	True	True	False	False	P↔T	T_A__P_B	TP:lytA_2--group_5410	153	10364.0	0.22839731187146514	0.356249497460672	0.4822446250268134	0.9991316094172135	True
2936788	966	1598	lytA_2	group_5409	TP	0.5083917893043521	0.7525126590975768	171.26760563380282	164235.46478873238	0.07993185	71	0	1	1	30	2	30	1.0	1.0	0.4822446250268134	True	True	False	False	P↔T	T_A__P_B	TP:lytA_2--group_5409	153	10364.0	0.22839731187146514	0.356249497460672	0.4822446250268134	0.9992280972597453	True
2936792	966	1602	lytA_2	group_1119	TP	0.47687042763502024	0.7100353097262775	111.0945945945946	122734.52702702703	0.08696038	74	0	1	1	29	2	29	1.0	1.0	0.4707176508234734	True	True	False	False	P↔T	T_A__P_B	TP:lytA_2--group_1119	138	10415.0	0.2022911687580762	0.31450568392964134	0.47071765082347344	0.999135861737878	True
2936828	966	1638	lytA_2	group_2704	TP	0.4822518893365438	0.7122542048968626	106.87272727272727	115913.25454545455	0.05928672	55	0	1	1	30	2	30	1.0	1.0	0.4813187017149842	True	True	False	False	P↔T	T_A__P_B	TP:lytA_2--group_2704	137	10349.0	0.20064857616853873	0.32538320593770226	0.48131870171498425	0.9990337230650305	True
2936830	966	1640	lytA_2	group_4892	TP	0.5703639157658722	0.8492422597810358	178.21428571428572	171218.94285714286	0.085602924	70	0	1	1	30	2	30	1.0	1.0	0.5509865752942332	True	True	False	False	P↔T	T_A__P_B	TP:lytA_2--group_4892	154	10147.0	0.23925083268906638	0.3677343582400997	0.5509865752942332	0.9992115896324036	True
2936841	966	1651	lytA_2	group_5412	TP	0.5703639157658722	0.8492422597810358	177.26760563380282	169873.49295774646	0.08489335	71	0	1	1	30	2	30	1.0	1.0	0.5509865752942332	True	True	False	False	P↔T	T_A__P_B	TP:lytA_2--group_5412	154	10147.0	0.23925083268906638	0.3677343582400997	0.5509865752942332	0.9993101409283532	True
2936846	966	1656	lytA_2	group_3419	TP	0.5703639157658722	0.8492422597810358	164.28169014084506	159408.22535211267	0.084136285	71	0	1	1	30	2	30	1.0	1.0	0.4867813349051285	True	True	False	False	P↔T	T_A__P_B	TP:lytA_2--group_3419	151	10832.0	0.22913031554138144	0.3510825961738888	0.4867813349051285	0.9995384047267356	True
2936850	966	1660	lytA_2	group_5411	TP	0.5703639157658722	0.8492422597810358	176.26760563380282	168795.338028169	0.08422418	71	0	1	1	30	2	30	1.0	1.0	0.5509865752942332	True	True	False	False	P↔T	T_A__P_B	TP:lytA_2--group_5411	154	10147.0	0.23925083268906638	0.3677343582400997	0.5509865752942332	0.9994086922243027	True
2936853	966	1663	lytA_2	group_5991	TP	0.5703639157658722	0.8492422597810358	172.26760563380282	165796.39436619717	0.084136285	71	0	1	1	30	2	30	1.0	1.0	0.4822446250268134	True	True	False	False	P↔T	T_A__P_B	TP:lytA_2--group_5991	153	10364.0	0.22839731187146514	0.356249497460672	0.4822446250268134	0.9996140486298727	True
2936873	966	1683	lytA_2	Int-Tn_2	TP	0.5373939396899984	0.7975900914050931	293.72727272727275	275114.0	0.07815982	11	0	1	1	30	2	30	1.0	1.0	0.5373939396899984	True	True	False	False	P↔T	T_A__P_B	TP:lytA_2--Int-Tn_2	171	4936.0	0.3232153444496031	0.45119838305172694	0.5373939396899984	0.9989870340356564	True
2936874	966	1684	lytA_2	group_4888	TP	0.5083917893043521	0.7525126590975768	5.413043478260869	5074.815217391304	0.0648786	92	0	1	1	30	2	30	1.0	1.0	0.4957127306069037	True	False	False	False	P↔T	T_A__P_B	TP:lytA_2--group_4888	40	149.0	0.2917167849029605	0.4166715191445824	0.49571273060690374	1.0	True
2936876	966	1686	lytA_2	group_5945	TP	0.5373939396899984	0.7975900914050931	294.72727272727275	276148.8181818182	0.07815982	11	0	1	1	30	2	30	1.0	1.0	0.5373939396899984	True	True	False	False	P↔T	T_A__P_B	TP:lytA_2--group_5945	171	4936.0	0.3232153444496031	0.45119838305172694	0.5373939396899984	0.9991896272285251	True
2936881	966	1691	lytA_2	group_5360	TP	0.5373939396899984	0.7975900914050931	292.8	276063.7	0.077463485	10	0	1	1	30	2	30	1.0	1.0	0.5373939396899984	True	True	False	False	P↔T	T_A__P_B	TP:lytA_2--group_5360	171	4936.0	0.3232153444496031	0.45119838305172694	0.5373939396899984	0.9993922204213939	True
2936942	966	1752	lytA_2	group_4882	TP	0.5083917893043521	0.7525126590975768	8.367816091954023	10451.632183908046	0.06307437	87	0	1	1	30	2	30	1.0	1.0	0.492581408627734	True	False	False	False	P↔T	T_A__P_B	TP:lytA_2--group_4882	53	406.0	0.21071991096740827	0.29125481309887274	0.49258140862773403	1.0	True
2936950	966	1760	lytA_2	group_4448	TP	0.47687042763502024	0.7100353097262775	67.98648648648648	70998.35135135135	0.07137295	74	0	1	1	29	2	29	1.0	1.0	0.4281425937816016	True	False	False	False	P↔T	T_A__P_B	TP:lytA_2--group_4448	121	7928.0	0.18981485405516565	0.3083675815386238	0.4281425937816016	0.9997477295660948	True
2936970	966	1780	lytA_2	group_15	TP	0.47687042763502024	0.7100353097262775	73.02816901408451	76840.08450704225	0.075036734	71	0	1	1	29	2	29	1.0	1.0	0.4523804792945393	True	False	False	False	P↔T	T_A__P_B	TP:lytA_2--group_15	124	8493.0	0.18885285462170537	0.29965325605561777	0.45238047929453934	0.9991757918285648	True
2936972	966	1782	lytA_2	tetM	TP	0.5703639157658722	0.8492422597810358	303.72727272727275	292480.8181818182	0.07446283	11	0	1	1	30	2	30	1.0	1.0	0.5427275615906816	True	True	False	False	P↔T	T_A__P_B	TP:lytA_2--tetM	172	4689.0	0.3362189976488277	0.45633727941803354	0.5427275615906816	0.99957346982299	True
2937034	966	1844	lytA_2	galT_2	TP	0.6096414951175623	0.9111115740508745	396.2631578947368	388345.7894736842	0.0708465	19	0	1	1	30	2	30	1.0	1.0	0.5945432365273329	True	True	False	False	P↔T	T_A__P_B	TP:lytA_2--galT_2	181	1579.0	0.3834973253766738	0.4825864171766016	0.5945432365273329	0.999366687777074	True
2937052	966	1862	lytA_2	group_1976	TP	0.6096414951175623	0.9111115740508745	415.8	404634.3	0.07097958	10	0	1	1	30	2	30	1.0	1.0	0.5963715669898623	True	True	False	False	P↔T	T_A__P_B	TP:lytA_2--group_1976	183	1152.0	0.3309076242339926	0.4910272936693899	0.5963715669898623	1.0	True
2937063	966	1873	lytA_2	group_1656	TP	0.547752113908741	0.8221069136255094	54.91044776119403	60217.31343283582	0.07217338	67	0	1	1	29	2	29	1.0	1.0	0.4772301973650273	True	False	False	False	P↔T	T_A__P_B	TP:lytA_2--group_1656	114	6138.0	0.18838353762034724	0.3055351693171141	0.4772301973650273	0.999348321928967	True
2937096	966	1906	lytA_2	group_624	TP	0.6096414951175623	0.9111115740508745	1.0	134.30188679245282	0.06816943	53	0	1	1	30	2	30	1.0	1.0	0.5300591875173865	True	False	False	False	P↔T	T_A__P_B	TP:lytA_2--group_624	0	1276.0	0.23204963798903314	0.3603605424101187	0.5300591875173865	1.0	True
2952055	972	1550	ruvB	Int-Tn_1	TP	0.4636078413712972	0.562531104900019	84.2	64858.32	0.0651792	100	2	0	14	46	3	12	0.26086956	5.845304	0.4636078413712972	True	False	True	False	P↔T	T_A__P_B	TP:ruvB--Int-Tn_1	128	9305.0	0.18907041720569973	0.30619747206200915	0.4636078413712972	0.99892530897367	True
2952093	972	1588	ruvB	group_3705	TP	0.4636078413712972	0.562531104900019	79.26	61189.52	0.06346707	100	2	0	14	46	3	12	0.26086956	5.845304	0.4497911297978875	True	False	True	False	P↔T	T_A__P_B	TP:ruvB--group_3705	126	8978.0	0.1898100553350106	0.30541859476748784	0.4497911297978875	0.9992203163288037	True
2952095	972	1590	ruvB	group_5408	TP	0.4636078413712972	0.562531104900019	75.26	57443.67	0.06346707	100	2	0	14	46	3	12	0.26086956	5.845304	0.4636078413712972	True	False	True	False	P↔T	T_A__P_B	TP:ruvB--group_5408	125	8702.0	0.18612886488451394	0.30603488146960933	0.4636078413712972	0.9989657549988509	True
2952096	972	1591	ruvB	group_5410	TP	0.4636078413712972	0.562531104900019	78.26	60454.67	0.058883723	100	2	0	14	46	3	12	0.26086956	5.845304	0.4497911297978875	True	False	True	False	P↔T	T_A__P_B	TP:ruvB--group_5410	126	8978.0	0.1898100553350106	0.30541859476748784	0.4497911297978875	0.9993316997104033	True
2952103	972	1598	ruvB	group_5409	TP	0.4636078413712972	0.562531104900019	76.26	58168.03	0.059466816	100	2	0	14	46	3	12	0.26086956	5.845304	0.4636078413712972	True	False	True	False	P↔T	T_A__P_B	TP:ruvB--group_5409	125	8702.0	0.18612886488451394	0.30603488146960933	0.4636078413712972	0.9990806711100896	True
2952145	972	1640	ruvB	group_4892	TP	0.4636078413712972	0.562531104900019	83.24489795918367	64407.102040816324	0.05928912	98	2	0	14	46	3	12	0.26086956	5.845304	0.4636078413712972	True	False	True	False	P↔T	T_A__P_B	TP:ruvB--group_4892	128	9305.0	0.18907041720569973	0.30619747206200915	0.4636078413712972	0.9990327780763031	True
2952156	972	1651	ruvB	group_5412	TP	0.4636078413712972	0.562531104900019	82.25252525252525	63208.58585858586	0.058782406	99	2	0	14	46	3	12	0.26086956	5.845304	0.4636078413712972	True	False	True	False	P↔T	T_A__P_B	TP:ruvB--group_5412	128	9305.0	0.18907041720569973	0.30619747206200915	0.4636078413712972	0.999140247178936	True
2952161	972	1656	ruvB	group_3419	TP	0.4636078413712972	0.562531104900019	69.31313131313131	52807.555555555555	0.05936656	99	2	0	14	46	3	12	0.26086956	5.845304	0.4434913562725833	True	False	True	False	P↔T	T_A__P_B	TP:ruvB--group_3419	122	7928.0	0.19534472572533212	0.3143485639798963	0.4434913562725833	0.9997477295660948	True
2952165	972	1660	ruvB	group_5411	TP	0.4636078413712972	0.562531104900019	81.23711340206185	62136.865979381444	0.059387837	97	2	0	14	46	3	12	0.26086956	5.845304	0.4615616280296593	True	False	True	False	P↔T	T_A__P_B	TP:ruvB--group_5411	127	9160.0	0.18357250042703588	0.29353086401861	0.4615616280296593	0.9990174672489083	True
2952168	972	1663	ruvB	group_5991	TP	0.4636078413712972	0.562531104900019	77.26	59503.98	0.05936656	100	2	0	14	46	3	12	0.26086956	5.845304	0.4636078413712972	True	False	True	False	P↔T	T_A__P_B	TP:ruvB--group_5991	125	8702.0	0.18612886488451394	0.30603488146960933	0.4636078413712972	0.9991955872213284	True
2952411	972	1906	ruvB	group_624	TP	0.4923286267980416	0.6032514783657036	94.79591836734694	105119.8163265306	0.06747226	49	0	1	1	29	2	29	1.0	1.0	0.4453124539158722	True	False	False	False	P↔T	T_A__P_B	TP:ruvB--group_624	132	9646.0	0.19268124749264082	0.31008739560375653	0.4453124539158722	0.9995853203400373	True
2954666	973	1612	group_3555	group_5355	TP	0.25771170538910115	0.40348554378780777	1.631578947368421	726.6315789473684	0.061561566	95	0	1	1	11	2	11	1.0	1.0	0.2573675659683711	True	False	False	False	P↔T	T_A__P_B	TP:group_3555--group_5355	9	25.0	0.23064536379854209	0.25427031118180116	0.2573675659683711	1.0	True
2980974	983	2485	group_5406	group_5007	TP	0.45884684243710094	0.9999999999999998	105.73684210526316	112342.57894736843	0.17988709	19	0	1	1	11	13	11	1.0	1.0	0.4397637997091607	True	True	False	False	P↔T	T_A__P_B	TP:group_5406--group_5007	136	10419.0	0.19238775690224888	0.306910351125285	0.43976379970916074	0.9993281504942892	True
2980979	983	2490	group_5406	epsJ_1	TP	0.45884684243710094	0.9999999999999998	105.47619047619048	111961.90476190476	0.17988709	21	0	1	1	11	13	11	1.0	1.0	0.4397637997091607	True	True	False	False	P↔T	T_A__P_B	TP:group_5406--epsJ_1	136	10419.0	0.19238775690224888	0.306910351125285	0.43976379970916074	0.9994241289951051	True
2980982	983	2493	group_5406	epsF	TP	0.45884684243710094	0.9999999999999998	106.47619047619048	112742.28571428571	0.17988709	21	0	1	1	11	13	11	1.0	1.0	0.4397637997091607	True	True	False	False	P↔T	T_A__P_B	TP:group_5406--epsF	136	10419.0	0.19238775690224888	0.306910351125285	0.43976379970916074	0.9995201074959209	True
2980983	983	2494	group_5406	group_6453	TP	0.45884684243710094	0.9999999999999998	91.6	97859.86666666667	0.17988709	15	0	1	1	11	13	11	1.0	1.0	0.4371971181537173	True	False	False	False	P↔T	T_A__P_B	TP:group_5406--group_6453	131	9803.0	0.19555522658943136	0.31235116181542244	0.43719711815371737	0.9991839232887891	True
2980984	983	2495	group_5406	group_6454	TP	0.45884684243710094	0.9999999999999998	90.8125	96803.1875	0.17988709	16	0	1	1	11	13	11	1.0	1.0	0.4371971181537173	True	False	False	False	P↔T	T_A__P_B	TP:group_5406--group_6454	131	9803.0	0.19555522658943136	0.31235116181542244	0.43719711815371737	0.9992859328776905	True
2985316	985	1752	group_996	group_4882	TP	0.4030453204248813	0.639708563162265	29.96385542168675	31807.66265060241	0.05880436	83	0	1	1	26	2	26	1.0	1.0	0.4006615557584166	True	False	False	False	P↔T	T_A__P_B	TP:group_996--group_4882	94	2417.0	0.21320924608595246	0.3139444091759289	0.40066155575841667	0.9991725279271825	True
3017503	998	1049	clpC_1	group_2818	TP	0.5056202253994955	0.6744106389330714	67.4	69319.0	0.034770932	5	1	0	1	18	2	18	1.0	1.0	0.4281425937816016	True	False	False	False	P↔T	T_A__P_B	TP:clpC_1--group_2818	121	7928.0	0.18981485405516565	0.3083675815386238	0.4281425937816016	0.9998738647830474	True
3017774	998	1320	clpC_1	group_846	TP	0.5303553335865642	0.7292829747069277	184.73846153846154	165762.36923076923	0.18395053	65	1	1	1	16	2	16	1.0	1.0	0.5227654098814415	True	True	False	False	P↔T	T_A__P_B	TP:clpC_1--group_846	155	9591.0	0.23574501803149556	0.38088356576024535	0.5227654098814415	0.9993744135126681	True
3017838	998	1384	clpC_1	group_4444	TP	0.5056202253994955	0.6744106389330714	143.92	162950.3	0.11053226	50	1	1	1	18	2	18	1.0	1.0	0.4871561782106265	True	True	False	False	P↔T	T_A__P_B	TP:clpC_1--group_4444	147	10318.0	0.2240150343862563	0.3704410052249503	0.48715617821062657	0.9991277379337081	True
3018004	998	1550	clpC_1	Int-Tn_1	TP	0.5056202253994955	0.6744106389330714	148.11494252873564	133909.88505747126	0.07462265	87	1	1	1	18	2	18	1.0	1.0	0.4869206249272111	True	True	False	False	P↔T	T_A__P_B	TP:clpC_1--Int-Tn_1	148	10641.0	0.22730636303357493	0.385790964314127	0.48692062492721117	0.9993421670895593	True
3018040	998	1586	clpC_1	group_1962	TP	0.583519940463185	0.7861780315433348	311.3333333333333	294204.06666666665	0.11290675	15	1	1	1	18	2	18	1.0	1.0	0.5462153733518725	True	True	False	False	P↔T	T_A__P_B	TP:clpC_1--group_1962	173	4267.0	0.3313521235794704	0.4543886035648884	0.5462153733518725	0.999531286618233	True
3018042	998	1588	clpC_1	group_3705	TP	0.5056202253994955	0.6744106389330714	143.17073170731706	129744.84146341463	0.08105632	82	1	1	1	18	2	18	1.0	1.0	0.4848323580993047	True	True	False	False	P↔T	T_A__P_B	TP:clpC_1--group_3705	146	10299.0	0.22485448112403592	0.36155200654189734	0.48483235809930475	0.9994174191669094	True
3018044	998	1590	clpC_1	group_5408	TP	0.5056202253994955	0.6744106389330714	139.1341463414634	126096.80487804877	0.08105632	82	1	1	1	18	2	18	1.0	1.0	0.4848323580993047	True	True	False	False	P↔T	T_A__P_B	TP:clpC_1--group_5408	146	10299.0	0.22485448112403592	0.36155200654189734	0.48483235809930475	0.9995145159724245	True
3018056	998	1602	clpC_1	group_1119	TP	0.47440721826499926	0.6391701587943546	79.8452380952381	84528.33333333333	0.08172945	84	1	1	1	17	2	17	1.0	1.0	0.4615616280296593	True	False	False	False	P↔T	T_A__P_B	TP:clpC_1--group_1119	127	9160.0	0.18357250042703588	0.29353086401861	0.4615616280296593	0.9994541484716157	True
3018092	998	1638	clpC_1	group_2704	TP	0.5056202253994955	0.6744106389330714	142.3877551020408	160014.6530612245	0.08404571	49	1	1	1	18	2	18	1.0	1.0	0.4848323580993047	True	True	False	False	P↔T	T_A__P_B	TP:clpC_1--group_2704	146	10299.0	0.22485448112403592	0.36155200654189734	0.48483235809930475	0.9996116127779396	True
3018094	998	1640	clpC_1	group_4892	TP	0.5056202253994955	0.6744106389330714	146.98717948717947	132864.55128205128	0.08438613	78	1	1	1	18	2	18	1.0	1.0	0.4871561782106265	True	True	False	False	P↔T	T_A__P_B	TP:clpC_1--group_4892	147	10318.0	0.2240150343862563	0.3704410052249503	0.48715617821062657	0.9992246559410739	True
3018105	998	1651	clpC_1	group_5412	TP	0.5056202253994955	0.6744106389330714	145.98717948717947	131675.1923076923	0.083700806	78	1	1	1	18	2	18	1.0	1.0	0.4871561782106265	True	True	False	False	P↔T	T_A__P_B	TP:clpC_1--group_5412	147	10318.0	0.2240150343862563	0.3704410052249503	0.48715617821062657	0.9993215739484396	True
3018110	998	1656	clpC_1	group_3419	TP	0.5056202253994955	0.6744106389330714	133.02564102564102	121408.43589743589	0.08296929	78	1	1	1	18	2	18	1.0	1.0	0.485564597768414	True	True	False	False	P↔T	T_A__P_B	TP:clpC_1--group_3419	144	10335.0	0.2042225686961178	0.34049151864976346	0.485564597768414	0.9993226898887276	True
3018114	998	1660	clpC_1	group_5411	TP	0.5056202253994955	0.6744106389330714	144.98717948717947	130593.76923076923	0.08494084	78	1	1	1	18	2	18	1.0	1.0	0.4871561782106265	True	True	False	False	P↔T	T_A__P_B	TP:clpC_1--group_5411	147	10318.0	0.2240150343862563	0.3704410052249503	0.48715617821062657	0.9994184919558053	True
3018117	998	1663	clpC_1	group_5991	TP	0.5056202253994955	0.6744106389330714	140.98717948717947	127699.92307692308	0.08296929	78	1	1	1	18	2	18	1.0	1.0	0.4848323580993047	True	True	False	False	P↔T	T_A__P_B	TP:clpC_1--group_5991	146	10299.0	0.22485448112403592	0.36155200654189734	0.48483235809930475	0.9997087095834547	True
3018206	998	1752	clpC_1	group_4882	TP	0.5409091930050876	0.724868895740143	23.885714285714286	26583.02857142857	0.09069235	70	1	1	1	18	2	18	1.0	1.0	0.4482493623604552	True	False	False	False	P↔T	T_A__P_B	TP:clpC_1--group_4882	86	1713.0	0.21853654358859992	0.32902048333908834	0.44824936236045526	1.0	True
3018236	998	1782	clpC_1	tetM	TP	0.583519940463185	0.7861780315433348	286.0	268752.6923076923	0.09173354	13	1	1	1	18	2	18	1.0	1.0	0.5107419291721534	True	True	False	False	P↔T	T_A__P_B	TP:clpC_1--tetM	170	5298.0	0.32524529881666403	0.44167257289575557	0.5107419291721534	1.0	True
3018325	998	1871	clpC_1	group_1359	TP	0.583519940463185	0.7861780315433348	376.8888888888889	366068.94444444444	0.08737053	18	1	1	1	18	2	18	1.0	1.0	0.5828268911948791	True	True	False	False	P↔T	T_A__P_B	TP:clpC_1--group_1359	180	2130.0	0.37164060360744455	0.48472570851415564	0.5828268911948791	0.9990610328638497	True
3018327	998	1873	clpC_1	group_1656	TP	0.583519940463185	0.7861780315433348	22.970588235294116	21654.29411764706	0.083228685	68	1	1	1	18	2	18	1.0	1.0	0.4478130719017996	True	False	False	False	P↔T	T_A__P_B	TP:clpC_1--group_1656	85	1727.0	0.21998130558696946	0.33972136991170604	0.4478130719017996	1.0	True
3018360	998	1906	clpC_1	group_624	TP	0.583519940463185	0.7861780315433348	31.25	36276.85	0.08699024	40	1	1	1	18	2	18	1.0	1.0	0.4476070668496592	True	False	False	False	P↔T	T_A__P_B	TP:clpC_1--group_624	95	2601.0	0.19513821797090528	0.31476290057156325	0.4476070668496592	1.0	True
3060893	1015	1684	rmlD	group_4888	TP	0.3705915478713585	0.4664831300967626	8.197916666666666	8643.489583333334	0.06335891	96	0	1	1	28	2	28	1.0	1.0	0.3658548804391809	True	False	False	False	P↔T	T_A__P_B	TP:rmlD--group_4888	52	362.0	0.21266175782496277	0.3001647720477794	0.36585488043918096	1.0	True
3060961	1015	1752	rmlD	group_4882	TP	0.39293928236447917	0.4955882411380487	5.239130434782608	3615.967391304348	0.06280185	92	0	1	1	28	2	28	1.0	1.0	0.3776263079020523	True	False	False	False	P↔T	T_A__P_B	TP:rmlD--group_4882	39	126.0	0.20415108276004212	0.26754513214470826	0.3776263079020523	1.0	True
3061082	1015	1873	rmlD	group_1656	TP	0.5574045110697219	0.7084307533538646	41.794871794871796	44001.205128205125	0.061939538	78	0	1	2	29	2	28	0.9655172	1.0713376	0.4472701835733165	True	False	True	False	P↔T	T_A__P_B	TP:rmlD--group_1656	105	4307.0	0.17960687163668576	0.29399121739062345	0.44727018357331655	0.9997678198281866	True
3075655	1021	1425	msbA	group_5992	TP	0.4594138291316599	0.40042751849125274	48.95402298850575	43749.137931034486	0.08374881	87	1	1	1	24	2	24	1.0	1.0	0.4584263331603573	True	False	False	False	P↔T	T_A__P_B	TP:msbA--group_5992	110	5154.0	0.1878255681340647	0.32827451374301087	0.4584263331603573	0.9990298797050834	True
3075700	1021	1470	msbA	group_5415	TP	0.4986950883017697	0.43266489372370076	233.38095238095238	232818.47619047618	0.057463817	21	1	1	1	24	2	24	1.0	1.0	0.4908116321999718	True	True	False	False	P↔T	T_A__P_B	TP:msbA--group_5415	163	7312.0	0.25010076509932777	0.3837856937996939	0.4908116321999718	0.99945295404814	True
3075861	1021	1631	msbA	group_5416	TP	0.49081220664628633	0.4304032027720322	231.38095238095238	231497.2857142857	0.07141939	21	1	1	1	24	2	24	1.0	1.0	0.4908116321999718	True	True	False	False	P↔T	T_A__P_B	TP:msbA--group_5416	163	7312.0	0.25010076509932777	0.3837856937996939	0.4908116321999718	0.999042669584245	True
3075890	1021	1660	msbA	group_5411	TP	0.45098863570081615	0.39241731213544967	41.81443298969072	36093.77319587629	0.04944929	97	1	1	1	24	2	24	1.0	1.0	0.4472701835733165	True	False	False	False	P↔T	T_A__P_B	TP:msbA--group_5411	105	4307.0	0.17960687163668576	0.29399121739062345	0.44727018357331655	0.9990712793127466	True
3075914	1021	1684	msbA	group_4888	TP	0.49081220664628633	0.4304032027720322	212.06410256410257	198569.57692307694	0.07426085	78	1	1	1	24	2	24	1.0	1.0	0.4908120108542949	True	True	False	False	P↔T	T_A__P_B	TP:msbA--group_4888	160	8107.0	0.24810609129841318	0.36662452662648437	0.4908120108542949	0.9990131984704577	True
3075982	1021	1752	msbA	group_4882	TP	0.49081220664628633	0.4304032027720322	209.33783783783784	193531.7027027027	0.06612132	74	1	1	1	24	2	24	1.0	1.0	0.485384688437638	True	True	False	False	P↔T	T_A__P_B	TP:msbA--group_4882	159	8564.0	0.2423459130179614	0.3683869752229423	0.485384688437638	0.9990658570761326	True
3076008	1021	1778	msbA	group_4894	TP	0.49081220664628633	0.4304032027720322	230.38095238095238	230869.52380952382	0.06297575	21	1	1	1	24	2	24	1.0	1.0	0.4908116321999718	True	True	False	False	P↔T	T_A__P_B	TP:msbA--group_4894	163	7312.0	0.25010076509932777	0.3837856937996939	0.4908116321999718	0.9991794310722101	True
3076022	1021	1792	msbA	group_3724	TP	0.49081220664628633	0.4304032027720322	161.5625	154473.3125	0.062427297	16	1	1	1	24	2	24	1.0	1.0	0.4867813349051285	True	True	False	False	P↔T	T_A__P_B	TP:msbA--group_3724	151	10832.0	0.22913031554138144	0.3510825961738888	0.4867813349051285	0.9991691285081241	True
3076136	1021	1906	msbA	group_624	TP	0.49081220664628633	0.4304032027720322	216.6818181818182	205973.61363636365	0.063500844	44	1	1	1	24	2	24	1.0	1.0	0.4844131039521858	True	True	False	False	P↔T	T_A__P_B	TP:msbA--group_624	161	7560.0	0.23628115157323065	0.35115320246362075	0.48441310395218584	0.9992063492063492	True
3162261	1056	1126	group_4441	group_1825	TP	0.422016860341198	0.42568645046417203	60.91860465116279	64519.70930232558	0.08194148	86	4	0	10	48	9	21	0.4375	3.4803627	0.4117413502757499	True	False	True	False	P↔T	T_A__P_B	TP:group_4441--group_1825	117	6863.0	0.18890577979392698	0.3051439369531576	0.4117413502757499	0.999271455631648	True
3162519	1056	1384	group_4441	group_4444	TP	0.4756053633515414	0.4773627244662643	97.91228070175438	108936.54385964913	0.080139235	57	4	0	12	52	9	21	0.40384614	4.0	0.4497386959303774	True	False	True	False	P↔T	T_A__P_B	TP:group_4441--group_4444	134	10173.0	0.19511130437945876	0.30647824497783543	0.4497386959303774	0.999311904059766	True
3162669	1056	1534	group_4441	gutB	TP	0.4613524392357726	0.4635482597778662	29.24742268041237	27224.9793814433	0.0621888	97	4	0	11	51	9	21	0.4117647	3.8533332	0.437058591918329	True	False	True	False	P↔T	T_A__P_B	TP:group_4441--gutB	93	2435.0	0.20552856466368463	0.31351492796783065	0.437058591918329	0.9995893223819302	True
3162684	1056	1549	group_4441	group_8256	TP	0.4858538659893969	0.4857682043685985	194.97142857142856	186619.27142857143	0.07599941	70	4	0	13	56	9	21	0.375	4.5581393	0.4594130094976121	True	True	True	True	P↔T	T_A__P_B	TP:group_4441--group_8256	157	9172.0	0.22800226591397058	0.3397986272798108	0.45941300949761216	0.9992368076755342	True
3162685	1056	1550	group_4441	Int-Tn_1	TP	0.5227654098814415	0.5234061459682091	193.08860759493672	185432.98734177215	0.0755054	79	4	0	13	55	9	21	0.38181818	4.4160585	0.4594130094976121	True	True	True	True	P↔T	T_A__P_B	TP:group_4441--Int-Tn_1	157	9172.0	0.22800226591397058	0.3397986272798108	0.45941300949761216	0.9997819450501526	True
3162723	1056	1588	group_4441	group_3705	TP	0.5227654098814415	0.5234061459682091	188.12820512820514	181304.2435897436	0.0736823	78	4	0	13	55	9	21	0.38181818	4.4160585	0.5227654098814415	True	True	True	True	P↔T	T_A__P_B	TP:group_4441--group_3705	156	9821.0	0.2278506213944058	0.36729734267133524	0.5227654098814415	0.99887995112514	True
3162725	1056	1590	group_4441	group_5408	TP	0.5227654098814415	0.5234061459682091	184.12820512820514	177526.38461538462	0.0736823	78	4	0	13	55	9	21	0.38181818	4.4160585	0.5227654098814415	True	True	True	True	P↔T	T_A__P_B	TP:group_4441--group_5408	155	9591.0	0.23574501803149556	0.38088356576024535	0.5227654098814415	0.9989573558544469	True
3162745	1056	1610	group_4441	group_4837	TP	0.5403114221760668	0.5406576064510512	329.70588235294116	315937.0588235294	0.07138643	17	4	0	14	56	9	21	0.375	4.571429	0.5403114221760668	True	True	True	True	P↔T	T_A__P_B	TP:group_4441--group_4837	175	3819.0	0.3326430681026033	0.45841715009459055	0.5403114221760668	0.997643362136685	True
3162748	1056	1613	group_4441	group_5357	TP	0.5403114221760668	0.5406576064510512	330.70588235294116	316415.0	0.07138191	17	4	0	14	56	9	21	0.375	4.571429	0.5403114221760668	True	True	True	True	P↔T	T_A__P_B	TP:group_4441--group_5357	175	3819.0	0.3326430681026033	0.45841715009459055	0.5403114221760668	0.9979052107881644	True
3162764	1056	1629	group_4441	group_5358	TP	0.5403114221760668	0.5406576064510512	328.70588235294116	314758.64705882355	0.07011748	17	4	0	14	56	9	21	0.375	4.571429	0.5403114221760668	True	True	True	True	P↔T	T_A__P_B	TP:group_4441--group_5358	175	3819.0	0.3326430681026033	0.45841715009459055	0.5403114221760668	0.9981670594396439	True
3162765	1056	1630	group_4441	group_5359	TP	0.5403114221760668	0.5406576064510512	327.70588235294116	313081.4705882353	0.07016387	17	4	0	14	56	9	21	0.375	4.571429	0.5403114221760668	True	True	True	True	P↔T	T_A__P_B	TP:group_4441--group_5359	175	3819.0	0.3326430681026033	0.45841715009459055	0.5403114221760668	0.9984289080911233	True
3162768	1056	1633	group_4441	iap	TP	0.5403114221760668	0.5406576064510512	325.70588235294116	310849.64705882355	0.07011748	17	4	0	14	56	9	21	0.375	4.571429	0.5403114221760668	True	True	True	True	P↔T	T_A__P_B	TP:group_4441--iap	175	3819.0	0.3326430681026033	0.45841715009459055	0.5403114221760668	0.9986907567426028	True
3162773	1056	1638	group_4441	group_2704	TP	0.49053264324670787	0.49188254231009665	96.5	106356.125	0.05877744	56	4	0	13	53	9	21	0.3962264	4.1491876	0.4510635116352017	True	False	True	False	P↔T	T_A__P_B	TP:group_4441--group_2704	133	9918.0	0.19826412341749286	0.3066890165063561	0.4510635116352017	0.9992942125428513	True
3162775	1056	1640	group_4441	group_4892	TP	0.5227654098814415	0.5234061459682091	192.11688311688312	184938.2857142857	0.07151357	77	4	0	13	55	9	21	0.38181818	4.4160585	0.4594130094976121	True	True	True	True	P↔T	T_A__P_B	TP:group_4441--group_4892	157	9172.0	0.22800226591397058	0.3397986272798108	0.45941300949761216	0.9998909725250763	True
3162786	1056	1651	group_4441	group_5412	TP	0.5227654098814415	0.5234061459682091	191.12820512820514	183707.6794871795	0.070902005	78	4	0	13	55	9	21	0.38181818	4.4160585	0.5227654098814415	True	True	True	True	P↔T	T_A__P_B	TP:group_4441--group_5412	156	9821.0	0.2278506213944058	0.36729734267133524	0.5227654098814415	0.9989817737501273	True
3162795	1056	1660	group_4441	group_5411	TP	0.5227654098814415	0.5234061459682091	190.12820512820514	182550.83333333334	0.070324495	78	4	0	13	55	9	21	0.38181818	4.4160585	0.5227654098814415	True	True	True	True	P↔T	T_A__P_B	TP:group_4441--group_5411	156	9821.0	0.2278506213944058	0.36729734267133524	0.5227654098814415	0.9990835963751146	True
3162798	1056	1663	group_4441	group_5991	TP	0.5227654098814415	0.5234061459682091	186.12820512820514	179578.39743589744	0.070236206	78	4	0	13	55	9	21	0.38181818	4.4160585	0.5227654098814415	True	True	True	True	P↔T	T_A__P_B	TP:group_4441--group_5991	155	9591.0	0.23574501803149556	0.38088356576024535	0.5227654098814415	0.9990616202690021	True
3162819	1056	1684	group_4441	group_4888	TP	0.4613524392357726	0.4635482597778662	18.659574468085108	18613.202127659573	0.057434063	94	4	0	13	51	9	21	0.4117647	3.8995502	0.4348353109448642	True	False	True	False	P↔T	T_A__P_B	TP:group_4441--group_4888	78	1328.0	0.21675705762447184	0.3183680257754281	0.4348353109448642	1.0	True
3162868	1056	1733	group_4441	group_3024	TP	0.5403114221760668	0.5406576064510512	326.25	311559.5	0.06667143	16	4	0	14	56	9	21	0.375	4.571429	0.5403114221760668	True	True	True	True	P↔T	T_A__P_B	TP:group_4441--group_3024	175	3819.0	0.3326430681026033	0.45841715009459055	0.5403114221760668	0.9989526053940823	True
3162878	1056	1743	group_4441	group_4895	TP	0.5403114221760668	0.5406576064510512	332.70588235294116	317498.0	0.061976064	17	4	0	14	56	9	21	0.375	4.571429	0.5403114221760668	True	True	True	True	P↔T	T_A__P_B	TP:group_4441--group_4895	175	3819.0	0.3326430681026033	0.45841715009459055	0.5403114221760668	0.9992144540455616	True
3162879	1056	1744	group_4441	erm	TP	0.5403114221760668	0.5406576064510512	333.70588235294116	317923.76470588235	0.06322551	17	4	0	14	56	9	21	0.375	4.571429	0.5403114221760668	True	True	True	True	P↔T	T_A__P_B	TP:group_4441--erm	175	3819.0	0.3326430681026033	0.45841715009459055	0.5403114221760668	0.9994763026970411	True
3162887	1056	1752	group_4441	group_4882	TP	0.506217698892147	0.5071942535880165	21.666666666666668	24849.58620689655	0.06070369	87	4	0	13	54	9	21	0.3888889	4.27566	0.421010860773454	True	False	True	False	P↔T	T_A__P_B	TP:group_4441--group_4882	83	1670.0	0.21343014953840975	0.3179045954014367	0.421010860773454	1.0	True
3162888	1056	1753	group_4441	group_5422	TP	0.5403114221760668	0.5406576064510512	331.70588235294116	316797.4705882353	0.06267301	17	4	0	14	56	9	21	0.375	4.571429	0.5403114221760668	True	True	True	True	P↔T	T_A__P_B	TP:group_4441--group_5422	175	3819.0	0.3326430681026033	0.45841715009459055	0.5403114221760668	0.9997381513485205	True
3162917	1056	1782	group_4441	tetM	TP	0.5403114221760668	0.5406576064510512	323.6470588235294	308980.5882352941	0.06182725	17	4	0	14	56	9	21	0.375	4.571429	0.5362446942321507	True	True	True	True	P↔T	T_A__P_B	TP:group_4441--tetM	174	4367.0	0.3133152048902774	0.4665206558190084	0.5362446942321507	0.9993130295397298	True
3163008	1056	1873	group_4441	group_1656	TP	0.5461994222004307	0.5459758416805803	68.84	74229.93333333333	0.06265142	75	4	0	15	58	9	21	0.36206895	4.8753624	0.4434913562725833	True	False	True	False	P↔T	T_A__P_B	TP:group_4441--group_1656	122	7928.0	0.19534472572533212	0.3143485639798963	0.4434913562725833	1.0	True
3163041	1056	1906	group_4441	group_624	TP	0.5792013573136279	0.5790992374572076	14.36734693877551	13375.591836734693	0.057710618	49	4	0	15	58	9	21	0.36206895	4.8753624	0.5421035459339846	True	False	True	False	P↔T	T_A__P_B	TP:group_4441--group_624	70	953.0	0.2142466818392234	0.35904313428249623	0.5421035459339846	1.0	True
3286817	1107	1242	group_1200	group_5419	TP	0.46166957786278806	0.4496397203206119	91.3030303030303	85379.18181818182	0.061428916	33	3	1	1	9	2	9	1.0	1.0	0.4371971181537173	True	False	False	False	P↔T	T_A__P_B	TP:group_1200--group_5419	131	9803.0	0.19555522658943136	0.31235116181542244	0.43719711815371737	0.9994899520554932	True
3286818	1107	1243	group_1200	group_6000	TP	0.46166957786278806	0.4496397203206119	91.33333333333333	85586.09090909091	0.060491268	33	3	1	1	9	2	9	1.0	1.0	0.4371971181537173	True	False	False	False	P↔T	T_A__P_B	TP:group_1200--group_6000	131	9803.0	0.19555522658943136	0.31235116181542244	0.43719711815371737	0.9995919616443946	True
3287258	1107	1683	group_1200	Int-Tn_2	TP	0.46790226641977944	0.47961184398791656	136.23529411764707	127771.94117647059	0.06759979	17	3	1	1	9	2	9	1.0	1.0	0.4671066682257567	True	True	False	False	P↔T	T_A__P_B	TP:group_1200--Int-Tn_2	145	10489.0	0.20390163535341135	0.33111220016910736	0.4671066682257567	0.999046620268853	True
3287260	1107	1685	group_1200	group_5944	TP	0.46790226641977944	0.47961184398791656	104.28571428571429	101501.85714285714	0.06759979	7	3	1	1	9	2	9	1.0	1.0	0.4397637997091607	True	True	False	False	P↔T	T_A__P_B	TP:group_1200--group_5944	136	10419.0	0.19238775690224888	0.306910351125285	0.43976379970916074	0.9997120644975526	True
3287261	1107	1686	group_1200	group_5945	TP	0.46790226641977944	0.47961184398791656	137.23529411764707	128873.4705882353	0.06759979	17	3	1	1	9	2	9	1.0	1.0	0.4671066682257567	True	True	False	False	P↔T	T_A__P_B	TP:group_1200--group_5945	145	10489.0	0.20390163535341135	0.33111220016910736	0.4671066682257567	0.9991419582419677	True
3296483	1111	1258	group_2394	group_1130	TP	0.607933038747716	0.8872963022317096	6.920454545454546	5526.431818181818	0.11564075	88	0	1	1	24	2	24	1.0	1.0	0.509069887922216	True	False	False	False	P↔T	T_A__P_B	TP:group_2394--group_1130	47	761.0	0.25446228022899864	0.352352920220259	0.509069887922216	1.0	True
3296676	1111	1451	group_2394	group_3714	TP	0.4778499455562671	0.6945214348213262	56.01149425287356	48205.50574712644	0.045243874	87	0	1	1	24	2	24	1.0	1.0	0.4778499455562671	True	False	False	False	P↔T	T_A__P_B	TP:group_2394--group_3714	115	6555.0	0.18659759578688714	0.3121595860775297	0.4778499455562671	0.998932112890923	True
3296681	1111	1456	group_2394	group_827	TP	0.607933038747716	0.8872963022317096	5.963855421686747	5037.180722891566	0.10253749	83	0	1	1	24	2	24	1.0	1.0	0.5857046758818255	True	False	False	False	P↔T	T_A__P_B	TP:group_2394--group_827	42	694.0	0.24124226373974603	0.3613209816505427	0.5857046758818255	1.0	True
3296710	1111	1485	group_2394	group_4891	TP	0.4778499455562671	0.6945214348213262	57.01149425287356	48773.63218390805	0.043910064	87	0	1	1	24	2	24	1.0	1.0	0.4778499455562671	True	False	False	False	P↔T	T_A__P_B	TP:group_2394--group_4891	115	6555.0	0.18659759578688714	0.3121595860775297	0.4778499455562671	0.9990846681922196	True
3296739	1111	1514	group_2394	group_5990	TP	0.4778499455562671	0.6945214348213262	55.03488372093023	47383.976744186046	0.04417869	86	0	1	1	24	2	24	1.0	1.0	0.4772301973650273	True	False	False	False	P↔T	T_A__P_B	TP:group_2394--group_5990	114	6138.0	0.18838353762034724	0.3055351693171141	0.4772301973650273	0.9990224828934506	True
3296774	1111	1549	group_2394	group_8256	TP	0.529213988405258	0.774941730465148	41.20987654320987	36456.46913580247	0.06272658	81	0	1	1	23	2	23	1.0	1.0	0.4584007321846909	True	False	False	False	P↔T	T_A__P_B	TP:group_2394--group_8256	104	4069.0	0.18308720438697423	0.3154179676479793	0.4584007321846909	0.9997542393708528	True
3296775	1111	1550	group_2394	Int-Tn_1	TP	0.5147212013475813	0.748458182078201	43.01123595505618	37574.76404494382	0.055087578	89	0	1	1	24	2	24	1.0	1.0	0.4786156708682058	True	False	False	False	P↔T	T_A__P_B	TP:group_2394--Int-Tn_1	106	4503.0	0.19497167577292587	0.3363326410471943	0.4786156708682058	0.9995558516544526	True
3296815	1111	1590	group_2394	group_5408	TP	0.5147212013475813	0.748458182078201	52.04545454545455	45257.71590909091	0.052538518	88	0	1	1	24	2	24	1.0	1.0	0.4638793218811508	True	False	False	False	P↔T	T_A__P_B	TP:group_2394--group_5408	112	5749.0	0.1826228823897008	0.305321109708178	0.4638793218811508	0.999652113411028	True
3296816	1111	1591	group_2394	group_5410	TP	0.5147212013475813	0.748458182078201	49.04545454545455	42293.15909090909	0.05027354	88	0	1	1	24	2	24	1.0	1.0	0.4584263331603573	True	False	False	False	P↔T	T_A__P_B	TP:group_2394--group_5410	110	5154.0	0.1878255681340647	0.32827451374301087	0.4584263331603573	0.9998059759410167	True
3296823	1111	1598	group_2394	group_5409	TP	0.5147212013475813	0.748458182078201	51.04545454545455	44002.01136363636	0.05082243	88	0	1	1	24	2	24	1.0	1.0	0.5147212013475813	True	False	False	False	P↔T	T_A__P_B	TP:group_2394--group_5409	111	5400.0	0.19314499193001441	0.3249746430076733	0.5147212013475813	0.9988888888888889	True
3296865	1111	1640	group_2394	group_4892	TP	0.5147212013475813	0.748458182078201	44.04494382022472	38191.87640449438	0.047913637	89	0	1	1	24	2	24	1.0	1.0	0.4801042041125782	True	False	False	False	P↔T	T_A__P_B	TP:group_2394--group_4892	107	4471.0	0.19095946237460704	0.3174277809166389	0.4801042041125782	0.9993290091702081	True
3296876	1111	1651	group_2394	group_5412	TP	0.5147212013475813	0.748458182078201	45.04494382022472	38792.20224719101	0.048419632	89	0	1	1	24	2	24	1.0	1.0	0.4801042041125782	True	False	False	False	P↔T	T_A__P_B	TP:group_2394--group_5412	107	4471.0	0.19095946237460704	0.3174277809166389	0.4801042041125782	0.9995526727801387	True
3296881	1111	1656	group_2394	group_3419	TP	0.5147212013475813	0.748458182078201	58.01149425287356	49403.26436781609	0.04893336	87	0	1	1	24	2	24	1.0	1.0	0.4556815364948874	True	False	False	False	P↔T	T_A__P_B	TP:group_2394--group_3419	116	6667.0	0.188799130087854	0.31087503039127046	0.4556815364948874	0.999550022498875	True
3296885	1111	1660	group_2394	group_5411	TP	0.5147212013475813	0.748458182078201	45.9080459770115	39824.02298850575	0.048953537	87	0	1	1	24	2	24	1.0	1.0	0.4611277576072534	True	False	False	False	P↔T	T_A__P_B	TP:group_2394--group_5411	108	4634.0	0.19290423631470557	0.3216300979088631	0.4611277576072534	0.9993526111350884	True
3296888	1111	1663	group_2394	group_5991	TP	0.5147212013475813	0.748458182078201	50.04545454545455	43284.545454545456	0.04893336	88	0	1	1	24	2	24	1.0	1.0	0.5147212013475813	True	False	False	False	P↔T	T_A__P_B	TP:group_2394--group_5991	111	5400.0	0.19314499193001441	0.3249746430076733	0.5147212013475813	0.9990740740740741	True
3296902	1111	1677	group_2394	group_5361	TP	0.4778499455562671	0.6945214348213262	101.14285714285714	94904.85714285714	0.04684709	7	0	1	1	24	2	24	1.0	1.0	0.4729031778618347	True	True	False	False	P↔T	T_A__P_B	TP:group_2394--group_5361	135	10445.0	0.19427115083720545	0.31339558513779836	0.4729031778618347	0.9991383437051221	True
3296909	1111	1684	group_2394	group_4888	TP	0.5147212013475813	0.748458182078201	214.2716049382716	200902.33333333334	0.04540624	81	0	1	1	24	2	24	1.0	1.0	0.4908120108542949	True	True	False	False	P↔T	T_A__P_B	TP:group_2394--group_4888	160	8107.0	0.24810609129841318	0.36662452662648437	0.4908120108542949	0.9996299494264216	True
3296910	1111	1685	group_2394	group_5944	TP	0.4778499455562671	0.6945214348213262	101.83333333333333	96254.33333333333	0.047329985	6	0	1	1	24	2	24	1.0	1.0	0.4729031778618347	True	True	False	False	P↔T	T_A__P_B	TP:group_2394--group_5944	135	10445.0	0.19427115083720545	0.31339558513779836	0.4729031778618347	0.9992340832934419	True
3296911	1111	1686	group_2394	group_5945	TP	0.4778499455562671	0.6945214348213262	135.52941176470588	126003.88235294117	0.047329985	17	0	1	1	24	2	24	1.0	1.0	0.4671066682257567	True	True	False	False	P↔T	T_A__P_B	TP:group_2394--group_5945	145	10489.0	0.20390163535341135	0.33111220016910736	0.4671066682257567	0.9993326341881972	True
3296977	1111	1752	group_2394	group_4882	TP	0.5147212013475813	0.748458182078201	212.84415584415584	197098.62337662338	0.04846046	77	0	1	1	24	2	24	1.0	1.0	0.4908120108542949	True	True	False	False	P↔T	T_A__P_B	TP:group_2394--group_4882	160	8107.0	0.24810609129841318	0.36662452662648437	0.4908120108542949	0.9997532996176144	True
3297003	1111	1778	group_2394	group_4894	TP	0.4778499455562671	0.6945214348213262	228.28571428571428	229913.2380952381	0.043057624	21	0	1	1	24	2	24	1.0	1.0	0.460990287300509	True	True	False	False	P↔T	T_A__P_B	TP:group_2394--group_4894	162	7828.0	0.24869316427324445	0.37233550229445356	0.46099028730050906	0.9992335206949412	True
3297007	1111	1782	group_2394	tetM	TP	0.5147212013475813	0.748458182078201	145.23529411764707	139404.35294117648	0.04822325	17	0	1	1	24	2	24	1.0	1.0	0.4871561782106265	True	True	False	False	P↔T	T_A__P_B	TP:group_2394--tetM	147	10318.0	0.2240150343862563	0.3704410052249503	0.48715617821062657	0.9995154099631711	True
3297023	1111	1798	group_2394	group_3080	TP	0.47472444718758045	0.6981110603377497	41.725	36590.65	0.056406826	80	0	1	1	22	2	22	1.0	1.0	0.4472701835733165	True	False	False	False	P↔T	T_A__P_B	TP:group_2394--group_3080	105	4307.0	0.17960687163668576	0.29399121739062345	0.44727018357331655	0.99930345948456	True
3297087	1111	1862	group_2394	group_1976	TP	0.607933038747716	0.8872963022317096	246.36363636363637	244908.81818181818	0.04663682	11	0	1	1	24	2	24	1.0	1.0	0.5234061453017568	True	True	False	False	P↔T	T_A__P_B	TP:group_2394--group_1976	165	6896.0	0.2614019625823992	0.40428941286859854	0.5234061453017568	1.0	True
3297098	1111	1873	group_2394	group_1656	TP	0.5147212013475813	0.748458182078201	165.31944444444446	147335.16666666666	0.04642104	72	0	1	1	24	2	24	1.0	1.0	0.4867813349051285	True	True	False	False	P↔T	T_A__P_B	TP:group_2394--group_1656	151	10832.0	0.22913031554138144	0.3510825961738888	0.4867813349051285	0.9993537666174298	True
3297131	1111	1906	group_2394	group_624	TP	0.607933038747716	0.8872963022317096	220.2608695652174	208792.6739130435	0.0478103	46	0	1	1	24	2	24	1.0	1.0	0.4844131039521858	True	True	False	False	P↔T	T_A__P_B	TP:group_2394--group_624	161	7560.0	0.23628115157323065	0.35115320246362075	0.48441310395218584	1.0	True
3401544	1155	1225	group_2492	group_1349	TP	0.32700772164017755	0.34671749235916527	493.75	482049.0	0.06693694	8	3	0	11	27	8	8	0.2962963	5.481203	0.2988911820712692	True	True	True	True	P↔T	T_A__P_B	TP:group_2492--group_1349	189	598.0	0.18081340513226318	0.25248819492336316	0.2988911820712692	1.0	True
3416140	1161	1640	phnV_2	group_4892	TP	0.4336345802508676	0.4171866398207149	63.06521739130435	44615.989130434784	0.0462594	92	4	0	14	30	9	7	0.23333333	8.333333	0.4244377135316222	True	False	True	False	P↔T	T_A__P_B	TP:phnV_2--group_4892	119	7426.0	0.18284300916437904	0.2929883771368866	0.4244377135316222	0.9994613520064638	True
3416151	1161	1651	phnV_2	group_5412	TP	0.4336345802508676	0.4171866398207149	62.075268817204304	43502.10752688172	0.045838382	93	4	0	14	30	9	7	0.23333333	8.333333	0.4336345802508676	True	False	True	False	P↔T	T_A__P_B	TP:phnV_2--group_5412	118	7167.0	0.18350930576511287	0.2976072106247507	0.4336345802508676	0.9988837728477745	True
3416160	1161	1660	phnV_2	group_5411	TP	0.4336345802508676	0.4171866398207149	61.08791208791209	42397.91208791209	0.046381418	91	4	0	14	30	9	7	0.23333333	8.333333	0.4336345802508676	True	False	True	False	P↔T	T_A__P_B	TP:phnV_2--group_5411	118	7167.0	0.18350930576511287	0.2976072106247507	0.4336345802508676	0.9990233012418027	True
3416177	1161	1677	phnV_2	group_5361	TP	0.5091524360174702	0.48847761779073323	205.42857142857142	176509.0	0.048395883	7	4	0	14	29	9	7	0.2413793	8.009523	0.485384688437638	True	True	True	True	P↔T	T_A__P_B	TP:phnV_2--group_5361	159	8564.0	0.2423459130179614	0.3683869752229423	0.485384688437638	0.9992993928070995	True
3416183	1161	1683	phnV_2	Int-Tn_2	TP	0.5091524360174702	0.48847761779073323	216.46666666666667	189573.26666666666	0.047904596	15	4	0	14	29	9	7	0.2413793	8.009523	0.4844131039521858	True	True	True	True	P↔T	T_A__P_B	TP:phnV_2--Int-Tn_2	161	7560.0	0.23628115157323065	0.35115320246362075	0.48441310395218584	0.9993386243386243	True
3416184	1161	1684	phnV_2	group_4888	TP	0.5521700017738462	0.5251133595863693	109.8	118739.2625	0.05986203	80	4	0	16	32	9	7	0.21875	9.309091	0.4813187017149842	True	True	True	True	P↔T	T_A__P_B	TP:phnV_2--group_4888	137	10349.0	0.20064857616853873	0.32538320593770226	0.48131870171498425	0.9997101169195092	True
3416185	1161	1685	phnV_2	group_5944	TP	0.5091524360174702	0.48847761779073323	205.66666666666666	177734.16666666666	0.047904596	6	4	0	14	29	9	7	0.2413793	8.009523	0.485384688437638	True	True	True	True	P↔T	T_A__P_B	TP:phnV_2--group_5944	159	8564.0	0.2423459130179614	0.3683869752229423	0.485384688437638	0.9994161606725829	True
3416186	1161	1686	phnV_2	group_5945	TP	0.5091524360174702	0.48847761779073323	217.46666666666667	190703.06666666668	0.047904596	15	4	0	14	29	9	7	0.2413793	8.009523	0.4844131039521858	True	True	True	True	P↔T	T_A__P_B	TP:phnV_2--group_5945	161	7560.0	0.23628115157323065	0.35115320246362075	0.48441310395218584	0.9994708994708995	True
3416191	1161	1691	phnV_2	group_5360	TP	0.5091524360174702	0.48847761779073323	219.92857142857142	194154.92857142858	0.04745195	14	4	0	14	29	9	7	0.2413793	8.009523	0.4844131039521858	True	True	True	True	P↔T	T_A__P_B	TP:phnV_2--group_5360	161	7560.0	0.23628115157323065	0.35115320246362075	0.48441310395218584	0.9996031746031746	True
3416233	1161	1733	phnV_2	group_3024	TP	0.5344912148368385	0.5114836566616527	232.14285714285714	208764.35714285713	0.049922157	14	4	0	15	30	9	7	0.23333333	8.490566	0.4908116321999718	True	True	True	True	P↔T	T_A__P_B	TP:phnV_2--group_3024	163	7312.0	0.25010076509932777	0.3837856937996939	0.4908116321999718	0.999589715536105	True
3416244	1161	1744	phnV_2	erm	TP	0.5344912148368385	0.5114836566616527	237.33333333333334	212872.13333333333	0.045289483	15	4	0	15	30	9	7	0.23333333	8.490566	0.5097279543220731	True	True	True	True	P↔T	T_A__P_B	TP:phnV_2--erm	164	6865.0	0.2630241893124906	0.399875563537318	0.5097279543220731	1.0	True
3416252	1161	1752	phnV_2	group_4882	TP	0.5521700017738462	0.5251133595863693	106.85526315789474	113418.15789473684	0.055561952	76	4	0	16	32	9	7	0.21875	9.309091	0.4813187017149842	True	True	True	True	P↔T	T_A__P_B	TP:phnV_2--group_4882	137	10349.0	0.20064857616853873	0.32538320593770226	0.48131870171498425	0.9998067446130061	True
3416253	1161	1753	phnV_2	group_5422	TP	0.493825320880969	0.47147751852151626	235.33333333333334	211721.13333333333	0.04592318	15	4	0	15	30	9	7	0.23333333	8.490566	0.4908116321999718	True	True	True	True	P↔T	T_A__P_B	TP:phnV_2--group_5422	163	7312.0	0.25010076509932777	0.3837856937996939	0.4908116321999718	0.999316192560175	True
3416260	1161	1760	phnV_2	group_4448	TP	0.525054028154644	0.49851430436016975	182.94444444444446	196619.29166666666	0.06174112	72	4	0	16	32	9	7	0.21875	9.309091	0.5227654098814415	True	True	True	True	P↔T	T_A__P_B	TP:phnV_2--group_4448	155	9591.0	0.23574501803149556	0.38088356576024535	0.5227654098814415	0.9992701490981128	True
3416282	1161	1782	phnV_2	tetM	TP	0.5521700017738462	0.5251133595863693	227.26666666666668	203718.13333333333	0.052832417	15	4	0	16	32	9	7	0.21875	9.309091	0.460990287300509	True	True	True	True	P↔T	T_A__P_B	TP:phnV_2--tetM	162	7828.0	0.24869316427324445	0.37233550229445356	0.46099028730050906	1.0	True
3416292	1161	1792	phnV_2	group_3724	TP	0.521253593161121	0.4966306866011499	238.33333333333334	214597.66666666666	0.045369342	15	4	0	16	31	9	7	0.22580644	8.981308	0.5097279543220731	True	True	True	True	P↔T	T_A__P_B	TP:phnV_2--group_3724	164	6865.0	0.2630241893124906	0.399875563537318	0.5097279543220731	0.9997086671522214	True
3416373	1161	1873	phnV_2	group_1656	TP	0.5937800659188405	0.5657311636721872	59.973684210526315	64622.05263157895	0.04554167	76	4	0	16	32	9	7	0.21875	9.309091	0.4117413502757499	True	False	True	False	P↔T	T_A__P_B	TP:phnV_2--group_1656	117	6863.0	0.18890577979392698	0.3051439369531576	0.4117413502757499	1.0	True
3416406	1161	1906	phnV_2	group_624	TP	0.5885191399174267	0.5587714671377985	114.20454545454545	125818.45454545454	0.04940356	44	4	0	17	33	9	7	0.21212122	9.810811	0.4480416103913727	True	True	True	True	P↔T	T_A__P_B	TP:phnV_2--group_624	139	10221.0	0.20489226871164087	0.32643918991900917	0.44804161039137275	1.0	True
3425618	1165	1684	group_567	group_4888	TP	0.48242000917340067	0.5990923692276382	107.77358490566037	115918.98113207547	0.08906254	53	0	1	1	22	2	22	1.0	1.0	0.4813187017149842	True	True	False	False	P↔T	T_A__P_B	TP:group_567--group_4888	137	10349.0	0.20064857616853873	0.32538320593770226	0.48131870171498425	0.9991303507585274	True
3425686	1165	1752	group_567	group_4882	TP	0.5119956900970845	0.6379696231390991	110.77358490566037	122454.03773584905	0.09104866	53	0	1	1	22	2	22	1.0	1.0	0.4707176508234734	True	True	False	False	P↔T	T_A__P_B	TP:group_567--group_4882	138	10415.0	0.2022911687580762	0.31450568392964134	0.47071765082347344	0.99951992318771	True
3425840	1165	1906	group_567	group_624	TP	0.5465770359041076	0.6838440665194785	103.84	114360.04	0.092176385	25	0	1	1	22	2	22	1.0	1.0	0.4397637997091607	True	True	False	False	P↔T	T_A__P_B	TP:group_567--group_624	136	10419.0	0.19238775690224888	0.306910351125285	0.43976379970916074	1.0	True
3446819	1174	1717	group_3356	sarA_2	TP	0.4657519398643958	0.4015533751988571	57.72727272727273	59409.818181818184	0.048385233	44	6	0	19	33	13	9	0.27272728	8.312977	0.4556815364948874	True	False	True	False	P↔T	T_A__P_B	TP:group_3356--sarA_2	116	6667.0	0.188799130087854	0.31087503039127046	0.4556815364948874	0.9991000449977501	True
3589966	1236	1241	group_3291	group_5999	TP	0.4416089197179164	0.5297337966138986	106.4	101049.45	0.066182375	20	0	1	1	25	2	25	1.0	1.0	0.4397637997091607	True	True	False	False	P↔T	T_A__P_B	TP:group_3291--group_5999	136	10419.0	0.19238775690224888	0.306910351125285	0.43976379970916074	0.9990402149918418	True
3590153	1236	1428	group_3291	group_5414	TP	0.4512513145316249	0.5366940165838933	11.012048192771084	9039.795180722891	0.07794411	83	0	1	1	24	2	24	1.0	1.0	0.436298733792778	True	False	False	False	P↔T	T_A__P_B	TP:group_3291--group_5414	61	839.0	0.23189556577607023	0.33342137040942976	0.436298733792778	1.0	True
3590311	1236	1586	group_3291	group_1962	TP	0.5290454118414176	0.6297517247813921	194.77777777777777	186930.94444444444	0.058908038	18	0	1	1	25	2	25	1.0	1.0	0.4594130094976121	True	True	False	False	P↔T	T_A__P_B	TP:group_3291--group_1962	157	9172.0	0.22800226591397058	0.3397986272798108	0.45941300949761216	1.0	True
3590335	1236	1610	group_3291	group_4837	TP	0.5290454118414176	0.6297517247813921	125.8125	124223.625	0.037483577	16	0	1	1	25	2	25	1.0	1.0	0.4822776444081364	True	True	False	False	P↔T	T_A__P_B	TP:group_3291--group_4837	142	10625.0	0.208132684526371	0.3292462678341217	0.4822776444081364	0.9997176470588235	True
3590337	1236	1612	group_3291	group_5355	TP	0.5290454118414176	0.6297517247813921	133.8125	131790.3125	0.037539195	16	0	1	1	25	2	25	1.0	1.0	0.485564597768414	True	True	False	False	P↔T	T_A__P_B	TP:group_3291--group_5355	144	10335.0	0.2042225686961178	0.34049151864976346	0.485564597768414	0.9997097242380262	True
3590338	1236	1613	group_3291	group_5357	TP	0.49576289663296924	0.5911377666879875	126.8125	124713.5625	0.036715515	16	0	1	1	25	2	25	1.0	1.0	0.4822776444081364	True	True	False	False	P↔T	T_A__P_B	TP:group_3291--group_5357	142	10625.0	0.208132684526371	0.3292462678341217	0.4822776444081364	0.9990588235294118	True
3590353	1236	1628	group_3291	ftsK_1	TP	0.5290454118414176	0.6297517247813921	131.8125	129201.25	0.036792915	16	0	1	1	25	2	25	1.0	1.0	0.485564597768414	True	True	False	False	P↔T	T_A__P_B	TP:group_3291--ftsK_1	144	10335.0	0.2042225686961178	0.34049151864976346	0.485564597768414	0.9998064828253508	True
3590354	1236	1629	group_3291	group_5358	TP	0.5290454118414176	0.6297517247813921	124.8125	123070.375	0.03750193	16	0	1	1	25	2	25	1.0	1.0	0.4822776444081364	True	True	False	False	P↔T	T_A__P_B	TP:group_3291--group_5358	142	10625.0	0.208132684526371	0.3292462678341217	0.4822776444081364	0.9998117647058824	True
3590355	1236	1630	group_3291	group_5359	TP	0.5290454118414176	0.6297517247813921	123.8125	121371.9375	0.036778554	16	0	1	1	25	2	25	1.0	1.0	0.4822776444081364	True	True	False	False	P↔T	T_A__P_B	TP:group_3291--group_5359	142	10625.0	0.208132684526371	0.3292462678341217	0.4822776444081364	0.9999058823529412	True
3590357	1236	1632	group_3291	group_5942	TP	0.5290454118414176	0.6297517247813921	132.8125	130350.9375	0.036792915	16	0	1	1	25	2	25	1.0	1.0	0.485564597768414	True	True	False	False	P↔T	T_A__P_B	TP:group_3291--group_5942	144	10335.0	0.2042225686961178	0.34049151864976346	0.485564597768414	0.9999032414126754	True
3590358	1236	1633	group_3291	iap	TP	0.5290454118414176	0.6297517247813921	121.8125	119105.75	0.03750193	16	0	1	1	25	2	25	1.0	1.0	0.4638188177778241	True	True	False	False	P↔T	T_A__P_B	TP:group_3291--iap	141	10327.0	0.2151252996707094	0.3408525996411131	0.4638188177778241	0.9996126658274427	True
3590378	1236	1653	group_3291	group_108	TP	0.48914011560986964	0.5817569165232267	151.8125	147635.125	0.05357526	16	0	1	1	24	2	24	1.0	1.0	0.4869206249272111	True	True	False	False	P↔T	T_A__P_B	TP:group_3291--group_108	148	10641.0	0.22730636303357493	0.385790964314127	0.48692062492721117	0.9991542148294333	True
3590402	1236	1677	group_3291	group_5361	TP	0.49576289663296924	0.5911377666879875	64.14285714285714	61418.28571428572	0.03959575	7	0	1	1	25	2	25	1.0	1.0	0.4244377135316222	True	False	False	False	P↔T	T_A__P_B	TP:group_3291--group_5361	119	7426.0	0.18284300916437904	0.2929883771368866	0.4244377135316222	1.0	True
3590408	1236	1683	group_3291	Int-Tn_2	TP	0.5290454118414176	0.6297517247813921	109.0	102843.3125	0.04005877	16	0	1	1	25	2	25	1.0	1.0	0.4813187017149842	True	True	False	False	P↔T	T_A__P_B	TP:group_3291--Int-Tn_2	137	10349.0	0.20064857616853873	0.32538320593770226	0.48131870171498425	0.9996134892260121	True
3590410	1236	1685	group_3291	group_5944	TP	0.5290454118414176	0.6297517247813921	64.83333333333333	62409.0	0.04005877	6	0	1	1	25	2	25	1.0	1.0	0.4503584700779963	True	False	False	False	P↔T	T_A__P_B	TP:group_3291--group_5944	120	7451.0	0.1868584539432542	0.30575012260572776	0.4503584700779963	1.0	True
3590411	1236	1686	group_3291	group_5945	TP	0.5290454118414176	0.6297517247813921	110.0	103972.1875	0.04005877	16	0	1	1	25	2	25	1.0	1.0	0.4707176508234734	True	True	False	False	P↔T	T_A__P_B	TP:group_3291--group_5945	138	10415.0	0.2022911687580762	0.31450568392964134	0.47071765082347344	0.999903984637542	True
3590416	1236	1691	group_3291	group_5360	TP	0.5290454118414176	0.6297517247813921	114.8	109125.13333333333	0.040510863	15	0	1	1	25	2	25	1.0	1.0	0.4480416103913727	True	True	False	False	P↔T	T_A__P_B	TP:group_3291--group_5360	139	10221.0	0.20489226871164087	0.32643918991900917	0.44804161039137275	0.9998043244300949	True
3590458	1236	1733	group_3291	group_3024	TP	0.5290454118414176	0.6297517247813921	125.86666666666666	123265.4	0.03971711	15	0	1	1	25	2	25	1.0	1.0	0.4822776444081364	True	True	False	False	P↔T	T_A__P_B	TP:group_3291--group_3024	142	10625.0	0.208132684526371	0.3292462678341217	0.4822776444081364	1.0	True
3590468	1236	1743	group_3291	group_4895	TP	0.5683590532203286	0.6759756554975294	128.8125	125819.6875	0.039452642	16	0	1	1	25	2	25	1.0	1.0	0.4951956694861554	True	True	False	False	P↔T	T_A__P_B	TP:group_3291--group_4895	143	10696.0	0.20891625980446152	0.33272057308449343	0.49519566948615545	0.9996260284218399	True
3590469	1236	1744	group_3291	erm	TP	0.5683590532203286	0.6759756554975294	129.8125	126234.0	0.038420364	16	0	1	1	25	2	25	1.0	1.0	0.4951956694861554	True	True	False	False	P↔T	T_A__P_B	TP:group_3291--erm	143	10696.0	0.20891625980446152	0.33272057308449343	0.49519566948615545	0.99971952131638	True
3590478	1236	1753	group_3291	group_5422	TP	0.5683590532203286	0.6759756554975294	127.8125	125096.125	0.038897727	16	0	1	1	25	2	25	1.0	1.0	0.4951956694861554	True	True	False	False	P↔T	T_A__P_B	TP:group_3291--group_5422	143	10696.0	0.20891625980446152	0.33272057308449343	0.49519566948615545	0.99981301421092	True
3590503	1236	1778	group_3291	group_4894	TP	0.49576289663296924	0.5911377666879875	213.35	216175.05	0.041261993	20	0	1	1	25	2	25	1.0	1.0	0.4908120108542949	True	True	False	False	P↔T	T_A__P_B	TP:group_3291--group_4894	160	8107.0	0.24810609129841318	0.36662452662648437	0.4908120108542949	0.9991365486616505	True
3590507	1236	1782	group_3291	tetM	TP	0.5290454118414176	0.6297517247813921	119.75	117192.0	0.036988206	16	0	1	1	25	2	25	1.0	1.0	0.4511704467790327	True	True	False	False	P↔T	T_A__P_B	TP:group_3291--tetM	140	10352.0	0.20911143075537533	0.3289027557887971	0.4511704467790327	1.0	True
3590517	1236	1792	group_3291	group_3724	TP	0.5683590532203286	0.6759756554975294	130.8125	127995.1875	0.038163148	16	0	1	1	25	2	25	1.0	1.0	0.4951956694861554	True	True	False	False	P↔T	T_A__P_B	TP:group_3291--group_3724	143	10696.0	0.20891625980446152	0.33272057308449343	0.49519566948615545	0.99990650710546	True
3590522	1236	1797	group_3291	group_1754	TP	0.5290454118414176	0.6297517247813921	282.35	282960.25	0.04303895	20	0	1	1	25	2	25	1.0	1.0	0.5107419291721534	True	True	False	False	P↔T	T_A__P_B	TP:group_3291--group_1754	170	5298.0	0.32524529881666403	0.44167257289575557	0.5107419291721534	0.9996224990562477	True
3590592	1236	1867	group_3291	group_4451	TP	0.5290454118414176	0.6297517247813921	283.35	284015.1	0.040285546	20	0	1	1	25	2	25	1.0	1.0	0.5107419291721534	True	True	False	False	P↔T	T_A__P_B	TP:group_3291--group_4451	170	5298.0	0.32524529881666403	0.44167257289575557	0.5107419291721534	0.9998112495281238	True
3606219	1243	1520	group_6000	phnU	TP	0.4693538123250456	0.5558450449020104	40.55844155844156	38760.74025974026	0.04792149	77	2	0	11	18	9	3	0.16666667	9.0	0.4584007321846909	True	False	True	False	P↔T	T_A__P_B	TP:group_6000--phnU	104	4069.0	0.18308720438697423	0.3154179676479793	0.4584007321846909	0.9992627181125584	True
3606326	1243	1627	group_6000	group_4581	TP	0.35439128815276555	0.419697542245027	4.6	4091.175	0.038884595	80	2	0	10	17	9	3	0.1764706	8.257143	0.3508406612663277	True	False	True	False	P↔T	T_A__P_B	TP:group_6000--group_4581	35	137.0	0.22186292069019448	0.3214564691833773	0.35084066126632774	1.0	True
3606385	1243	1686	group_6000	group_5945	TP	0.4227224737810498	0.5021905380974229	6.616279069767442	6144.918604651163	0.03596788	86	2	0	10	17	9	3	0.1764706	8.257143	0.4227224737810498	True	False	True	False	P↔T	T_A__P_B	TP:group_6000--group_5945	45	223.0	0.23320558306436415	0.3287949387655833	0.4227224737810498	0.9955156950672646	True
3606390	1243	1691	group_6000	group_5360	TP	0.4693538123250456	0.5558450449020104	3.9047619047619047	3176.535714285714	0.03631713	84	2	0	11	18	9	3	0.16666667	9.0	0.4660914920752977	True	False	True	False	P↔T	T_A__P_B	TP:group_6000--group_5360	30	362.0	0.21912841414303894	0.35157483913832577	0.4660914920752977	1.0	True
3606432	1243	1733	group_6000	group_3024	TP	0.4227224737810498	0.5021905380974229	6.469879518072289	6610.036144578313	0.034878846	83	2	0	10	17	9	3	0.1764706	8.257143	0.4227224737810498	True	False	True	False	P↔T	T_A__P_B	TP:group_6000--group_3024	45	223.0	0.23320558306436415	0.3287949387655833	0.4227224737810498	1.0	True
3606481	1243	1782	group_6000	tetM	TP	0.4227224737810498	0.5021905380974229	3.7662337662337664	2927.5974025974024	0.030512385	77	2	0	10	17	9	3	0.1764706	8.257143	0.4063878665983377	True	False	True	False	P↔T	T_A__P_B	TP:group_6000--tetM	29	129.0	0.19593284285090745	0.2887457981334998	0.40638786659833775	1.0	True
3619708	1249	1356	group_4408	group_1077	TP	0.5325035048821389	0.6713042549143775	241.625	248020.25	0.067151986	8	2	0	6	28	4	9	0.32142857	4.0833335	0.5097279543220731	True	True	True	True	P↔T	T_A__P_B	TP:group_4408--group_1077	164	6865.0	0.2630241893124906	0.399875563537318	0.5097279543220731	0.9998543335761108	True
3619736	1249	1384	group_4408	group_4444	TP	0.5325035048821389	0.6713042549143775	132.140350877193	148923.0	0.0617859	57	2	0	7	28	9	10	0.35714287	4.0833335	0.485564597768414	True	True	True	True	P↔T	T_A__P_B	TP:group_4408--group_4444	144	10335.0	0.2042225686961178	0.34049151864976346	0.485564597768414	1.0	True
3619756	1249	1404	group_4408	group_2046	TP	0.6217438715271476	0.7798384882039797	367.8421052631579	357263.05263157893	0.052920498	19	2	0	7	30	9	10	0.33333334	4.245283	0.541388303749566	True	True	True	True	P↔T	T_A__P_B	TP:group_4408--group_2046	179	2126.0	0.3514645368032616	0.46377582596719047	0.541388303749566	1.0	True
3619872	1249	1520	group_4408	phnU	TP	0.5870809905801407	0.7351258474585997	334.70588235294116	314340.1176470588	0.04933834	17	2	0	7	30	9	10	0.33333334	4.245283	0.5511309254021438	True	True	True	True	P↔T	T_A__P_B	TP:group_4408--phnU	176	3481.0	0.3306868110574498	0.43954626227847926	0.5511309254021438	0.9997127262280954	True
3619886	1249	1534	group_4408	gutB	TP	0.4962806185086165	0.6277784627862141	62.68478260869565	65661.89130434782	0.038914196	92	2	0	6	27	9	10	0.37037036	3.591133	0.4336345802508676	True	False	True	False	P↔T	T_A__P_B	TP:group_4408--gutB	118	7167.0	0.18350930576511287	0.2976072106247507	0.4336345802508676	1.0	True
3619902	1249	1550	group_4408	Int-Tn_1	TP	0.6217438715271476	0.7798384882039797	159.1851851851852	146308.54320987655	0.042333983	81	2	0	7	30	9	10	0.33333334	4.245283	0.5128217656534273	True	True	True	True	P↔T	T_A__P_B	TP:group_4408--Int-Tn_1	150	10867.0	0.22948210615913214	0.36890238885126486	0.5128217656534273	0.9998159565657495	True
3619938	1249	1586	group_4408	group_1962	TP	0.5584889044385895	0.699323663615708	318.3	300298.55	0.048341643	20	2	0	7	30	9	10	0.33333334	4.245283	0.5362446942321507	True	True	True	True	P↔T	T_A__P_B	TP:group_4408--group_1962	174	4367.0	0.3133152048902774	0.4665206558190084	0.5362446942321507	1.0	True
3619940	1249	1588	group_4408	group_3705	TP	0.6217438715271476	0.7798384882039797	154.19753086419752	142240.67901234567	0.040209256	81	2	0	7	30	9	10	0.33333334	4.245283	0.5188868186701031	True	True	True	True	P↔T	T_A__P_B	TP:group_4408--group_3705	149	10619.0	0.23329372527485046	0.39653805781618356	0.5188868186701031	0.9997174875223656	True
3619942	1249	1590	group_4408	group_5408	TP	0.6217438715271476	0.7798384882039797	150.19753086419752	138424.2098765432	0.040209256	81	2	0	7	30	9	10	0.33333334	4.245283	0.4869206249272111	True	True	True	True	P↔T	T_A__P_B	TP:group_4408--group_5408	148	10641.0	0.22730636303357493	0.385790964314127	0.48692062492721117	0.999906023869937	True
3619943	1249	1591	group_4408	group_5410	TP	0.6217438715271476	0.7798384882039797	153.19753086419752	141498.77777777778	0.03995833	81	2	0	7	30	9	10	0.33333334	4.245283	0.5188868186701031	True	True	True	True	P↔T	T_A__P_B	TP:group_4408--group_5410	149	10619.0	0.23329372527485046	0.39653805781618356	0.5188868186701031	0.9998116583482437	True
3619950	1249	1598	group_4408	group_5409	TP	0.6217438715271476	0.7798384882039797	151.19753086419752	139070.01234567902	0.0395562	81	2	0	7	30	9	10	0.33333334	4.245283	0.4869206249272111	True	True	True	True	P↔T	T_A__P_B	TP:group_4408--group_5409	148	10641.0	0.22730636303357493	0.385790964314127	0.48692062492721117	1.0	True
3619990	1249	1638	group_4408	group_2704	TP	0.5870809905801407	0.7351258474585997	130.51785714285714	146076.2857142857	0.04210609	56	2	0	7	30	9	10	0.33333334	4.245283	0.4951956694861554	True	True	True	True	P↔T	T_A__P_B	TP:group_4408--group_2704	143	10696.0	0.20891625980446152	0.33272057308449343	0.49519566948615545	1.0	True
3619992	1249	1640	group_4408	group_4892	TP	0.6217438715271476	0.7798384882039797	158.175	145827.1375	0.03792892	80	2	0	7	30	9	10	0.33333334	4.245283	0.5128217656534273	True	True	True	True	P↔T	T_A__P_B	TP:group_4408--group_4892	150	10867.0	0.22948210615913214	0.36890238885126486	0.5128217656534273	0.9999079782828748	True
3620003	1249	1651	group_4408	group_5412	TP	0.6217438715271476	0.7798384882039797	157.19753086419752	144614.97530864197	0.037561677	81	2	0	7	30	9	10	0.33333334	4.245283	0.5128217656534273	True	True	True	True	P↔T	T_A__P_B	TP:group_4408--group_5412	150	10867.0	0.22948210615913214	0.36890238885126486	0.5128217656534273	1.0	True
3620008	1249	1656	group_4408	group_3419	TP	0.6217438715271476	0.7798384882039797	144.20987654320987	134280.72839506174	0.037159543	81	2	0	7	30	9	10	0.33333334	4.245283	0.4871561782106265	True	True	True	True	P↔T	T_A__P_B	TP:group_4408--group_3419	147	10318.0	0.2240150343862563	0.3704410052249503	0.48715617821062657	1.0	True
3620012	1249	1660	group_4408	group_5411	TP	0.6217438715271476	0.7798384882039797	156.19753086419752	143473.46913580247	0.037218012	81	2	0	7	30	9	10	0.33333334	4.245283	0.5188868186701031	True	True	True	True	P↔T	T_A__P_B	TP:group_4408--group_5411	149	10619.0	0.23329372527485046	0.39653805781618356	0.5188868186701031	0.9999058291741219	True
3620015	1249	1663	group_4408	group_5991	TP	0.6217438715271476	0.7798384882039797	152.19753086419752	140501.11111111112	0.037159543	81	2	0	7	30	9	10	0.33333334	4.245283	0.5188868186701031	True	True	True	True	P↔T	T_A__P_B	TP:group_4408--group_5991	149	10619.0	0.23329372527485046	0.39653805781618356	0.5188868186701031	1.0	True
3620104	1249	1752	group_4408	group_4882	TP	0.6217438715271476	0.7798384882039797	12.076923076923077	12582.76923076923	0.035981737	91	2	0	7	30	9	10	0.33333334	4.245283	0.4802350492208568	True	False	True	False	P↔T	T_A__P_B	TP:group_4408--group_4882	64	831.0	0.22227796401208952	0.3382123172572011	0.4802350492208568	1.0	True
3620105	1249	1753	group_4408	group_5422	TP	0.5734152604727226	0.7208401980021812	305.70588235294116	286795.5294117647	0.03419028	17	2	0	6	29	9	10	0.3448276	3.985782	0.5427275615906816	True	True	True	True	P↔T	T_A__P_B	TP:group_4408--group_5422	172	4689.0	0.3362189976488277	0.45633727941803354	0.5427275615906816	0.999786734911495	True
3620134	1249	1782	group_4408	tetM	TP	0.6217438715271476	0.7798384882039797	297.6470588235294	278978.64705882355	0.03468168	17	2	0	7	30	9	10	0.33333334	4.245283	0.5427275615906816	True	True	True	True	P↔T	T_A__P_B	TP:group_4408--tetM	172	4689.0	0.3362189976488277	0.45633727941803354	0.5427275615906816	1.0	True
3620144	1249	1792	group_4408	group_3724	TP	0.6217438715271476	0.7798384882039797	308.70588235294116	289714.4705882353	0.03343344	17	2	0	7	30	9	10	0.33333334	4.245283	0.5462153733518725	True	True	True	True	P↔T	T_A__P_B	TP:group_4408--group_3724	173	4267.0	0.3313521235794704	0.4543886035648884	0.5462153733518725	1.0	True
3620196	1249	1844	group_4408	galT_2	TP	0.6217438715271476	0.7798384882039797	383.7894736842105	372115.36842105264	0.03336129	19	2	0	7	30	9	10	0.33333334	4.245283	0.5828268911948791	True	True	True	True	P↔T	T_A__P_B	TP:group_4408--galT_2	180	2130.0	0.37164060360744455	0.48472570851415564	0.5828268911948791	1.0	True
3620225	1249	1873	group_4408	group_1656	TP	0.5155263083580184	0.6448067771367717	34.87179487179487	35134.91025641026	0.03395157	78	2	0	7	30	9	10	0.33333334	4.245283	0.5075608628604846	True	False	True	False	P↔T	T_A__P_B	TP:group_4408--group_1656	99	3194.0	0.20572179940872756	0.32715258296309996	0.5075608628604846	0.9993738259236068	True
3620258	1249	1906	group_4408	group_624	TP	0.576875491188511	0.7211387127195209	19.423076923076923	23556.826923076922	0.034068875	52	2	0	8	31	9	10	0.32258064	4.511737	0.5274476195527773	True	False	True	False	P↔T	T_A__P_B	TP:group_4408--group_624	79	1406.0	0.21800128376311176	0.345533328920671	0.5274476195527773	1.0	True
3632205	1254	2503	group_5619	group_1578	TP	0.5130308358569238	1.0	206.66666666666666	184298.5	0.09232954	30	0	1	1	9	2	9	1.0	1.0	0.485384688437638	True	True	False	False	P↔T	T_A__P_B	TP:group_5619--group_1578	159	8564.0	0.2423459130179614	0.3683869752229423	0.485384688437638	0.9995329285380663	True
3640030	1258	1266	group_1130	group_5420	TP	0.4914075890522281	0.5230309672628867	97.8	92114.26666666666	0.04593763	30	3	0	7	18	6	5	0.2777778	5.225806	0.4497386959303774	True	False	True	False	P↔T	T_A__P_B	TP:group_1130--group_5420	134	10173.0	0.19511130437945876	0.30647824497783543	0.4497386959303774	0.9995085028998328	True
3640053	1258	1289	group_1130	group_3703	TP	0.5680084844489448	0.6009860744968017	116.21794871794872	92095.76923076923	0.087479055	78	3	0	8	20	6	5	0.25	5.4054055	0.4480416103913727	True	True	True	True	P↔T	T_A__P_B	TP:group_1130--group_3703	139	10221.0	0.20489226871164087	0.32643918991900917	0.44804161039137275	0.9999021622150475	True
3640062	1258	1298	group_1130	ugd	TP	0.34343708783455695	0.3786437197724598	1.7707006369426752	552.6369426751593	0.026800342	157	1	0	1	5	14	5	1.0	1.0	0.3420264747903581	True	False	False	False	P↔T	T_A__P_B	TP:group_1130--ugd	11	46.0	0.1883639590416956	0.3293309573925694	0.34202647479035814	1.0	True
3640113	1258	1349	group_1130	group_3295	TP	0.6179271255663197	0.652523040540498	50.4875	45108.75	0.0783155	80	3	0	8	21	6	5	0.23809524	5.5822783	0.5147212013475813	True	False	True	False	P↔T	T_A__P_B	TP:group_1130--group_3295	111	5400.0	0.19314499193001441	0.3249746430076733	0.5147212013475813	0.9998148148148148	True
3640120	1258	1356	group_1130	group_1077	TP	0.5680084844489448	0.6009860744968017	341.125	340548.25	0.08223327	8	3	0	8	20	6	5	0.25	5.714286	0.5511309254021438	True	True	True	True	P↔T	T_A__P_B	TP:group_1130--group_1077	176	3481.0	0.3306868110574498	0.43954626227847926	0.5511309254021438	0.9994254524561907	True
3640188	1258	1424	group_1130	group_4078	TP	0.6179271255663197	0.652523040540498	55.48717948717949	49192.94871794872	0.06700251	78	3	0	8	21	6	5	0.23809524	5.5822783	0.4772301973650273	True	False	True	False	P↔T	T_A__P_B	TP:group_1130--group_4078	114	6138.0	0.18838353762034724	0.3055351693171141	0.4772301973650273	0.9996741609644836	True
3640189	1258	1425	group_1130	group_5992	TP	0.6179271255663197	0.652523040540498	52.48717948717949	46948.98717948718	0.06697274	78	3	0	8	21	6	5	0.23809524	5.5822783	0.4638793218811508	True	False	True	False	P↔T	T_A__P_B	TP:group_1130--group_5992	112	5749.0	0.1826228823897008	0.305321109708178	0.4638793218811508	0.999826056705514	True
3640192	1258	1428	group_1130	group_5414	TP	0.6179271255663197	0.652523040540498	54.48717948717949	47911.4358974359	0.06805404	78	3	0	8	21	6	5	0.23809524	5.5822783	0.4772301973650273	True	False	True	False	P↔T	T_A__P_B	TP:group_1130--group_5414	114	6138.0	0.18838353762034724	0.3055351693171141	0.4772301973650273	0.9998370804822417	True
3640193	1258	1429	group_1130	group_5993	TP	0.5680084844489448	0.6009860744968017	53.48717948717949	47490.88461538462	0.06654954	78	3	0	8	20	6	5	0.25	5.4054055	0.4788884023765363	True	False	True	False	P↔T	T_A__P_B	TP:group_1130--group_5993	113	5941.0	0.18985898570518456	0.31222258097360567	0.47888840237653635	0.999663356337317	True
3640205	1258	1441	group_1130	group_3071	TP	0.5680084844489448	0.6009860744968017	46.792682926829265	40384.96341463415	0.06304385	82	3	0	7	20	6	5	0.25	5.1282053	0.5150573404539606	True	False	True	False	P↔T	T_A__P_B	TP:group_1130--group_3071	109	4885.0	0.19957937742708456	0.32245920034907044	0.5150573404539606	0.9997952917093142	True
3640213	1258	1449	group_1130	group_1366	TP	0.6179271255663197	0.652523040540498	39.857142857142854	34894.36363636364	0.06935607	77	3	0	8	21	6	5	0.23809524	5.5822783	0.4671773235460157	True	False	True	False	P↔T	T_A__P_B	TP:group_1130--group_1366	103	3805.0	0.19102836274155932	0.30462681634741307	0.4671773235460157	1.0	True
3640215	1258	1451	group_1130	group_3714	TP	0.5680084844489448	0.6009860744968017	48.76543209876543	42003.17283950617	0.061617453	81	3	0	7	20	6	5	0.25	5.1282053	0.4584263331603573	True	False	True	False	P↔T	T_A__P_B	TP:group_1130--group_3714	110	5154.0	0.1878255681340647	0.32827451374301087	0.4584263331603573	1.0	True
3640219	1258	1455	group_1130	group_1989	TP	0.5680084844489448	0.6009860744968017	45.79012345679013	39720.753086419754	0.062528	81	3	0	7	20	6	5	0.25	5.1282053	0.4611277576072534	True	False	True	False	P↔T	T_A__P_B	TP:group_1130--group_1989	108	4634.0	0.19290423631470557	0.3216300979088631	0.4611277576072534	0.9995684074233924	True
3640244	1258	1480	group_1130	pbpX_1	TP	0.6179271255663197	0.652523040540498	184.94736842105263	166520.69736842104	0.0661656	76	3	0	8	21	6	5	0.23809524	5.5822783	0.5227654098814415	True	True	True	True	P↔T	T_A__P_B	TP:group_1130--pbpX_1	155	9591.0	0.23574501803149556	0.38088356576024535	0.5227654098814415	1.0	True
3640249	1258	1485	group_1130	group_4891	TP	0.5680084844489448	0.6009860744968017	49.76543209876543	42592.32098765432	0.058537986	81	3	0	7	20	6	5	0.25	5.1282053	0.5147212013475813	True	False	True	False	P↔T	T_A__P_B	TP:group_1130--group_4891	111	5400.0	0.19314499193001441	0.3249746430076733	0.5147212013475813	0.9996296296296296	True
3640278	1258	1514	group_1130	group_5990	TP	0.5213508871801612	0.5505397837641509	47.7875	41186.8125	0.059534717	80	3	0	7	20	6	5	0.25	5.1282053	0.5150573404539606	True	False	True	False	P↔T	T_A__P_B	TP:group_1130--group_5990	109	4885.0	0.19957937742708456	0.32245920034907044	0.5150573404539606	0.9993858751279426	True
3640298	1258	1534	group_1130	gutB	TP	0.6179271255663197	0.652523040540498	257.4931506849315	244722.5205479452	0.062073052	73	3	0	8	21	6	5	0.23809524	5.5822783	0.5107419291721534	True	True	True	True	P↔T	T_A__P_B	TP:group_1130--gutB	167	6382.0	0.28859550233087417	0.3958517696707674	0.5107419291721534	0.9992165465371357	True
3640313	1258	1549	group_1130	group_8256	TP	0.4995505579789572	0.5275189185090187	33.932432432432435	30002.0	0.055447854	74	3	0	7	20	6	5	0.25	5.1282053	0.4895560267703576	True	False	True	False	P↔T	T_A__P_B	TP:group_1130--group_8256	98	3092.0	0.1984339742158721	0.3226608853125784	0.4895560267703576	1.0	True
3640314	1258	1550	group_1130	Int-Tn_1	TP	0.5680084844489448	0.6009860744968017	35.80952380952381	31261.690476190477	0.05221207	84	3	0	7	20	6	5	0.25	5.1282053	0.4363816921952335	True	False	True	False	P↔T	T_A__P_B	TP:group_1130--Int-Tn_1	100	3319.0	0.2020967446659938	0.33813452020724166	0.43638169219523354	1.0	True
3640352	1258	1588	group_1130	group_3705	TP	0.5680084844489448	0.6009860744968017	40.75903614457831	35234.9156626506	0.04976204	83	3	0	7	20	6	5	0.25	5.1282053	0.4584007321846909	True	False	True	False	P↔T	T_A__P_B	TP:group_1130--group_3705	104	4069.0	0.18308720438697423	0.3154179676479793	0.4584007321846909	1.0	True
3640354	1258	1590	group_1130	group_5408	TP	0.5680084844489448	0.6009860744968017	44.80487804878049	39044.98780487805	0.04976204	82	3	0	7	20	6	5	0.25	5.1282053	0.4801042041125782	True	False	True	False	P↔T	T_A__P_B	TP:group_1130--group_5408	107	4471.0	0.19095946237460704	0.3174277809166389	0.4801042041125782	1.0	True
3640355	1258	1591	group_1130	group_5410	TP	0.6179271255663197	0.652523040540498	41.857142857142854	36119.103896103894	0.057072375	77	3	0	8	21	6	5	0.23809524	5.5822783	0.4472701835733165	True	False	True	False	P↔T	T_A__P_B	TP:group_1130--group_5410	105	4307.0	0.17960687163668576	0.29399121739062345	0.44727018357331655	1.0	True
3640362	1258	1598	group_1130	group_5409	TP	0.6179271255663197	0.652523040540498	43.857142857142854	37809.493506493505	0.05655686	77	3	0	8	21	6	5	0.23809524	5.5822783	0.4786156708682058	True	False	True	False	P↔T	T_A__P_B	TP:group_1130--group_5409	106	4503.0	0.19497167577292587	0.3363326410471943	0.4786156708682058	0.9997779258272262	True
3640366	1258	1602	group_1130	group_1119	TP	0.4990948580676925	0.5260105520931369	103.16216216216216	79491.06756756757	0.06135209	74	3	0	8	21	6	5	0.23809524	5.5822783	0.4729031778618347	True	True	True	True	P↔T	T_A__P_B	TP:group_1130--group_1119	135	10445.0	0.19427115083720545	0.31339558513779836	0.4729031778618347	0.9995213020584012	True
3640374	1258	1610	group_1130	group_4837	TP	0.6179271255663197	0.652523040540498	156.52941176470588	151709.0	0.05403508	17	3	0	8	21	6	5	0.23809524	5.5822783	0.5128217656534273	True	True	True	True	P↔T	T_A__P_B	TP:group_1130--group_4837	150	10867.0	0.22948210615913214	0.36890238885126486	0.5128217656534273	0.999263826262998	True
3640376	1258	1612	group_1130	group_5355	TP	0.6179271255663197	0.652523040540498	164.52941176470588	159243.88235294117	0.054193065	17	3	0	8	21	6	5	0.23809524	5.5822783	0.4867813349051285	True	True	True	True	P↔T	T_A__P_B	TP:group_1130--group_5355	151	10832.0	0.22913031554138144	0.3510825961738888	0.4867813349051285	0.9997230428360414	True
3640377	1258	1613	group_1130	group_5357	TP	0.6179271255663197	0.652523040540498	157.52941176470588	152193.70588235295	0.054090094	17	3	0	8	21	6	5	0.23809524	5.5822783	0.5128217656534273	True	True	True	True	P↔T	T_A__P_B	TP:group_1130--group_5357	150	10867.0	0.22948210615913214	0.36890238885126486	0.5128217656534273	0.9993558479801233	True
3640391	1258	1627	group_1130	group_4581	TP	0.6179271255663197	0.652523040540498	151.52941176470588	145665.82352941178	0.054445725	17	3	0	8	21	6	5	0.23809524	5.5822783	0.4869206249272111	True	True	True	True	P↔T	T_A__P_B	TP:group_1130--group_4581	148	10641.0	0.22730636303357493	0.385790964314127	0.48692062492721117	0.9998120477398741	True
3640392	1258	1628	group_1130	ftsK_1	TP	0.6179271255663197	0.652523040540498	162.52941176470588	156741.41176470587	0.053127725	17	3	0	8	21	6	5	0.23809524	5.5822783	0.4867813349051285	True	True	True	True	P↔T	T_A__P_B	TP:group_1130--ftsK_1	151	10832.0	0.22913031554138144	0.3510825961738888	0.4867813349051285	0.9998153618906942	True
3640393	1258	1629	group_1130	group_5358	TP	0.6179271255663197	0.652523040540498	155.52941176470588	150587.4705882353	0.05308362	17	3	0	8	21	6	5	0.23809524	5.5822783	0.5188868186701031	True	True	True	True	P↔T	T_A__P_B	TP:group_1130--group_5358	149	10619.0	0.23329372527485046	0.39653805781618356	0.5188868186701031	0.999340804218853	True
3640394	1258	1630	group_1130	group_5359	TP	0.6179271255663197	0.652523040540498	154.52941176470588	148960.64705882352	0.054355428	17	3	0	8	21	6	5	0.23809524	5.5822783	0.5188868186701031	True	True	True	True	P↔T	T_A__P_B	TP:group_1130--group_5359	149	10619.0	0.23329372527485046	0.39653805781618356	0.5188868186701031	0.9994349750447311	True
3640395	1258	1631	group_1130	group_5416	TP	0.5680084844489448	0.6009860744968017	229.1904761904762	229584.66666666666	0.05390792	21	3	0	8	20	6	5	0.25	5.4054055	0.4908116321999718	True	True	True	True	P↔T	T_A__P_B	TP:group_1130--group_5416	163	7312.0	0.25010076509932777	0.3837856937996939	0.4908116321999718	0.999863238512035	True
3640396	1258	1632	group_1130	group_5942	TP	0.6179271255663197	0.652523040540498	163.52941176470588	157847.11764705883	0.053127725	17	3	0	8	21	6	5	0.23809524	5.5822783	0.4867813349051285	True	True	True	True	P↔T	T_A__P_B	TP:group_1130--group_5942	151	10832.0	0.22913031554138144	0.3510825961738888	0.4867813349051285	0.9999076809453471	True
3640397	1258	1633	group_1130	iap	TP	0.6179271255663197	0.652523040540498	152.52941176470588	146556.5294117647	0.05308362	17	3	0	8	21	6	5	0.23809524	5.5822783	0.5188868186701031	True	True	True	True	P↔T	T_A__P_B	TP:group_1130--iap	149	10619.0	0.23329372527485046	0.39653805781618356	0.5188868186701031	0.9995291458706093	True
3640404	1258	1640	group_1130	group_4892	TP	0.6179271255663197	0.652523040540498	36.87179487179487	31950.47435897436	0.054069243	78	3	0	8	21	6	5	0.23809524	5.5822783	0.4592358308850546	True	False	True	False	P↔T	T_A__P_B	TP:group_1130--group_4892	101	3574.0	0.19900528661455483	0.32197740960844945	0.45923583088505465	0.9997202014549524	True
3640415	1258	1651	group_1130	group_5412	TP	0.6179271255663197	0.652523040540498	37.87179487179487	32527.410256410258	0.053545523	78	3	0	8	21	6	5	0.23809524	5.5822783	0.4592358308850546	True	False	True	False	P↔T	T_A__P_B	TP:group_1130--group_5412	101	3574.0	0.19900528661455483	0.32197740960844945	0.45923583088505465	1.0	True
3640420	1258	1656	group_1130	group_3419	TP	0.6179271255663197	0.652523040540498	50.81578947368421	43162.71052631579	0.05303001	76	3	0	8	21	6	5	0.23809524	5.5822783	0.5147212013475813	True	False	True	False	P↔T	T_A__P_B	TP:group_1130--group_3419	111	5400.0	0.19314499193001441	0.3249746430076733	0.5147212013475813	1.0	True
3640424	1258	1660	group_1130	group_5411	TP	0.6179271255663197	0.652523040540498	38.87179487179487	33709.794871794875	0.053070597	78	3	0	8	21	6	5	0.23809524	5.5822783	0.4402654368315187	True	False	True	False	P↔T	T_A__P_B	TP:group_1130--group_5411	102	3739.0	0.20262828177816317	0.33636505251606474	0.4402654368315187	1.0	True
3640427	1258	1663	group_1130	group_5991	TP	0.6179271255663197	0.652523040540498	42.857142857142854	37079.48051948052	0.05303001	77	3	0	8	21	6	5	0.23809524	5.5822783	0.4786156708682058	True	False	True	False	P↔T	T_A__P_B	TP:group_1130--group_5991	106	4503.0	0.19497167577292587	0.3363326410471943	0.4786156708682058	1.0	True
3640441	1258	1677	group_1130	group_5361	TP	0.6179271255663197	0.652523040540498	108.5	103791.25	0.050952967	8	3	0	8	21	6	5	0.23809524	5.5822783	0.4813187017149842	True	True	True	True	P↔T	T_A__P_B	TP:group_1130--group_5361	137	10349.0	0.20064857616853873	0.32538320593770226	0.48131870171498425	0.9999033723065031	True
3640447	1258	1683	group_1130	Int-Tn_2	TP	0.6179271255663197	0.652523040540498	140.05882352941177	130854.23529411765	0.050449304	17	3	0	8	21	6	5	0.23809524	5.5822783	0.4848323580993047	True	True	True	True	P↔T	T_A__P_B	TP:group_1130--Int-Tn_2	146	10299.0	0.22485448112403592	0.36155200654189734	0.48483235809930475	0.9999029031944849	True
3640448	1258	1684	group_1130	group_4888	TP	0.6179271255663197	0.652523040540498	209.6164383561644	196672.15068493152	0.052563373	73	3	0	8	21	6	5	0.23809524	5.5822783	0.4908120108542949	True	True	True	True	P↔T	T_A__P_B	TP:group_1130--group_4888	160	8107.0	0.24810609129841318	0.36662452662648437	0.4908120108542949	1.0	True
3640449	1258	1685	group_1130	group_5944	TP	0.6179271255663197	0.652523040540498	109.28571428571429	105604.85714285714	0.050449304	7	3	0	8	21	6	5	0.23809524	5.5822783	0.4813187017149842	True	True	True	True	P↔T	T_A__P_B	TP:group_1130--group_5944	137	10349.0	0.20064857616853873	0.32538320593770226	0.48131870171498425	1.0	True
3640450	1258	1686	group_1130	group_5945	TP	0.6179271255663197	0.652523040540498	141.05882352941177	131955.76470588235	0.050449304	17	3	0	8	21	6	5	0.23809524	5.5822783	0.4848323580993047	True	True	True	True	P↔T	T_A__P_B	TP:group_1130--group_5945	146	10299.0	0.22485448112403592	0.36155200654189734	0.48483235809930475	1.0	True
3640455	1258	1691	group_1130	group_5360	TP	0.6179271255663197	0.652523040540498	144.9375	136367.125	0.049946494	16	3	0	8	21	6	5	0.23809524	5.5822783	0.4871561782106265	True	True	True	True	P↔T	T_A__P_B	TP:group_1130--group_5360	147	10318.0	0.2240150343862563	0.3704410052249503	0.48715617821062657	0.9999030819926342	True
3640497	1258	1733	group_1130	group_3024	TP	0.6179271255663197	0.652523040540498	158.06666666666666	151178.93333333332	0.05050319	15	3	0	8	21	6	5	0.23809524	5.5822783	0.5128217656534273	True	True	True	True	P↔T	T_A__P_B	TP:group_1130--group_3024	150	10867.0	0.22948210615913214	0.36890238885126486	0.5128217656534273	0.9994478696972485	True
3640507	1258	1743	group_1130	group_4895	TP	0.6179271255663197	0.652523040540498	159.52941176470588	153323.23529411765	0.047475167	17	3	0	8	21	6	5	0.23809524	5.5822783	0.5128217656534273	True	True	True	True	P↔T	T_A__P_B	TP:group_1130--group_4895	150	10867.0	0.22948210615913214	0.36890238885126486	0.5128217656534273	0.9995398914143738	True
3640508	1258	1744	group_1130	erm	TP	0.6179271255663197	0.652523040540498	160.52941176470588	153771.64705882352	0.046144463	17	3	0	8	21	6	5	0.23809524	5.5822783	0.5128217656534273	True	True	True	True	P↔T	T_A__P_B	TP:group_1130--erm	150	10867.0	0.22948210615913214	0.36890238885126486	0.5128217656534273	0.999631913131499	True
3640516	1258	1752	group_1130	group_4882	TP	0.6179271255663197	0.652523040540498	206.64285714285714	191585.1	0.047263466	70	3	0	8	21	6	5	0.23809524	5.5822783	0.485384688437638	True	True	True	True	P↔T	T_A__P_B	TP:group_1130--group_4882	159	8564.0	0.2423459130179614	0.3683869752229423	0.485384688437638	1.0	True
3640517	1258	1753	group_1130	group_5422	TP	0.6179271255663197	0.652523040540498	158.52941176470588	152634.23529411765	0.0468151	17	3	0	8	21	6	5	0.23809524	5.5822783	0.5128217656534273	True	True	True	True	P↔T	T_A__P_B	TP:group_1130--group_5422	150	10867.0	0.22948210615913214	0.36890238885126486	0.5128217656534273	0.9997239348486243	True
3640526	1258	1762	group_1130	group_4678	TP	0.3260843860269726	0.36266200256524733	4.2407407407407405	2932.537037037037	0.09853266	54	1	1	1	5	14	5	1.0	1.0	0.32389470163641	True	False	False	False	P↔T	T_A__P_B	TP:group_1130--group_4678	33	117.0	0.2173914654007004	0.2942110776431844	0.32389470163641	1.0	True
3640542	1258	1778	group_1130	group_4894	TP	0.5482282396563025	0.5781689406109003	228.28571428571428	229050.14285714287	0.045836784	21	3	0	8	21	6	5	0.23809524	5.5822783	0.460990287300509	True	True	True	True	P↔T	T_A__P_B	TP:group_1130--group_4894	162	7828.0	0.24869316427324445	0.37233550229445356	0.46099028730050906	0.9998722534491569	True
3640546	1258	1782	group_1130	tetM	TP	0.6179271255663197	0.652523040540498	152.75	145895.8125	0.04504597	16	3	0	8	21	6	5	0.23809524	5.5822783	0.5188868186701031	True	True	True	True	P↔T	T_A__P_B	TP:group_1130--tetM	149	10619.0	0.23329372527485046	0.39653805781618356	0.5188868186701031	0.9996233166964874	True
3640556	1258	1792	group_1130	group_3724	TP	0.6179271255663197	0.652523040540498	163.8125	156699.0	0.04419799	16	3	0	8	21	6	5	0.23809524	5.5822783	0.4867813349051285	True	True	True	True	P↔T	T_A__P_B	TP:group_1130--group_3724	151	10832.0	0.22913031554138144	0.3510825961738888	0.4867813349051285	1.0	True
3640561	1258	1797	group_1130	group_1754	TP	0.5482282396563025	0.5781689406109003	304.15	302880.35	0.04569672	20	3	0	8	21	6	5	0.23809524	5.5822783	0.5427275615906816	True	True	True	True	P↔T	T_A__P_B	TP:group_1130--group_1754	172	4689.0	0.3362189976488277	0.45633727941803354	0.5427275615906816	0.99914693964598	True
3640608	1258	1844	group_1130	galT_2	TP	0.6179271255663197	0.652523040540498	263.5238095238095	261548.61904761905	0.0405824	21	3	0	8	21	6	5	0.23809524	5.5822783	0.5107419291721534	True	True	True	True	P↔T	T_A__P_B	TP:group_1130--galT_2	167	6382.0	0.28859550233087417	0.3958517696707674	0.5107419291721534	0.9993732372297085	True
3640626	1258	1862	group_1130	group_1976	TP	0.6179271255663197	0.652523040540498	234.16666666666666	231958.5	0.03968028	12	3	0	8	21	6	5	0.23809524	5.5822783	0.4908116321999718	True	True	True	True	P↔T	T_A__P_B	TP:group_1130--group_1976	163	7312.0	0.25010076509932777	0.3837856937996939	0.4908116321999718	1.0	True
3640631	1258	1867	group_1130	group_4451	TP	0.5482282396563025	0.5781689406109003	305.15	303935.2	0.041769065	20	3	0	8	21	6	5	0.23809524	5.5822783	0.5427275615906816	True	True	True	True	P↔T	T_A__P_B	TP:group_1130--group_4451	172	4689.0	0.3362189976488277	0.45633727941803354	0.5427275615906816	0.999360204734485	True
3640635	1258	1871	group_1130	group_1359	TP	0.6179271255663197	0.652523040540498	264.42857142857144	262105.95238095237	0.039255075	21	3	0	8	21	6	5	0.23809524	5.5822783	0.5107419291721534	True	True	True	True	P↔T	T_A__P_B	TP:group_1130--group_1359	167	6382.0	0.28859550233087417	0.3958517696707674	0.5107419291721534	0.9995299279222815	True
3640637	1258	1873	group_1130	group_1656	TP	0.5700285688575066	0.6011598636015346	159.2923076923077	142095.21538461538	0.042501807	65	3	0	8	21	6	5	0.23809524	5.5822783	0.5128217656534273	True	True	True	True	P↔T	T_A__P_B	TP:group_1130--group_1656	150	10867.0	0.22948210615913214	0.36890238885126486	0.5128217656534273	0.9991718045458728	True
3640670	1258	1906	group_1130	group_624	TP	0.5700285688575066	0.6011598636015346	214.11904761904762	203631.2142857143	0.039871357	42	3	0	8	21	6	5	0.23809524	5.5822783	0.4908120108542949	True	True	True	True	P↔T	T_A__P_B	TP:group_1130--group_624	160	8107.0	0.24810609129841318	0.36662452662648437	0.4908120108542949	0.9998766498088072	True
3646899	1261	1349	group_2577	group_3295	TP	0.49447171706951976	0.5993583452759339	81.39473684210526	73328.68421052632	0.08698618	76	2	0	16	37	8	10	0.27027026	8.398773	0.4615616280296593	True	False	True	False	P↔T	T_A__P_B	TP:group_2577--group_3295	127	9160.0	0.18357250042703588	0.29353086401861	0.4615616280296593	0.9997816593886463	True
3646974	1261	1424	group_2577	group_4078	TP	0.49447171706951976	0.5993583452759339	86.39189189189189	77478.45945945945	0.078042194	74	2	0	16	37	8	10	0.27027026	8.398773	0.4725713629677123	True	False	True	False	P↔T	T_A__P_B	TP:group_2577--group_4078	129	9397.0	0.1931279185498127	0.3174617321682907	0.47257136296771235	0.9994679152921145	True
3646975	1261	1425	group_2577	group_5992	TP	0.49447171706951976	0.5993583452759339	83.39189189189189	75195.71621621621	0.07610543	74	2	0	16	37	8	10	0.27027026	8.398773	0.4636078413712972	True	False	True	False	P↔T	T_A__P_B	TP:group_2577--group_5992	128	9305.0	0.18907041720569973	0.30619747206200915	0.4636078413712972	0.999462654486835	True
3646978	1261	1428	group_2577	group_5414	TP	0.49447171706951976	0.5993583452759339	85.39189189189189	76163.71621621621	0.07746492	74	2	0	16	37	8	10	0.27027026	8.398773	0.4725713629677123	True	False	True	False	P↔T	T_A__P_B	TP:group_2577--group_5414	129	9397.0	0.1931279185498127	0.3174617321682907	0.47257136296771235	0.9995743322336916	True
3646979	1261	1429	group_2577	group_5993	TP	0.49447171706951976	0.5993583452759339	84.39189189189189	75738.93243243243	0.077414885	74	2	0	16	37	8	10	0.27027026	8.398773	0.4636078413712972	True	False	True	False	P↔T	T_A__P_B	TP:group_2577--group_5993	128	9305.0	0.18907041720569973	0.30619747206200915	0.4636078413712972	0.9995701235894681	True
3646983	1261	1433	group_2577	group_5413	TP	0.4633404324154339	0.5630817486221193	26.06741573033708	23831.539325842696	0.05324028	89	2	0	14	34	8	9	0.2647059	8.140845	0.4364121558380347	True	False	True	False	P↔T	T_A__P_B	TP:group_2577--group_5413	89	2063.0	0.21543283438144933	0.3249018528126272	0.4364121558380347	0.9995152690256908	True
3647030	1261	1480	group_2577	pbpX_1	TP	0.5189693812811891	0.6293237222373415	153.60714285714286	137738.59523809524	0.061016206	84	2	0	16	36	8	10	0.2777778	8.307693	0.5188868186701031	True	True	True	True	P↔T	T_A__P_B	TP:group_2577--pbpX_1	149	10619.0	0.23329372527485046	0.39653805781618356	0.5188868186701031	0.9990582917412185	True
3647188	1261	1638	group_2577	group_2704	TP	0.5509865752942332	0.6678610538025491	294.3191489361702	296817.21276595746	0.048705112	47	2	0	16	37	8	10	0.27027026	8.398773	0.5373939396899984	True	True	True	True	P↔T	T_A__P_B	TP:group_2577--group_2704	171	4936.0	0.3232153444496031	0.45119838305172694	0.5373939396899984	0.9997974068071313	True
3647234	1261	1684	group_2577	group_4888	TP	0.5509865752942332	0.6678610538025491	179.1153846153846	168675.71794871794	0.050667748	78	2	0	16	37	8	10	0.27027026	8.398773	0.5509865752942332	True	True	True	True	P↔T	T_A__P_B	TP:group_2577--group_4888	154	10147.0	0.23925083268906638	0.3677343582400997	0.5509865752942332	0.9989159357445551	True
3647293	1261	1743	group_2577	group_4895	TP	0.5871834925859922	0.7117360090389239	186.73333333333332	177903.6	0.04723281	15	2	0	17	38	8	10	0.2631579	8.804878	0.5227654098814415	True	True	True	True	P↔T	T_A__P_B	TP:group_2577--group_4895	156	9821.0	0.2278506213944058	0.36729734267133524	0.5227654098814415	0.9995927095000509	True
3647294	1261	1744	group_2577	erm	TP	0.5871834925859922	0.7117360090389239	187.73333333333332	178336.46666666667	0.046998926	15	2	0	17	38	8	10	0.2631579	8.804878	0.5227654098814415	True	True	True	True	P↔T	T_A__P_B	TP:group_2577--erm	156	9821.0	0.2278506213944058	0.36729734267133524	0.5227654098814415	0.9996945321250382	True
3647302	1261	1752	group_2577	group_4882	TP	0.5509865752942332	0.6678610538025491	176.16	163606.65333333332	0.045526527	75	2	0	16	37	8	10	0.27027026	8.398773	0.5509865752942332	True	True	True	True	P↔T	T_A__P_B	TP:group_2577--group_4882	154	10147.0	0.23925083268906638	0.3677343582400997	0.5509865752942332	0.9990144870405046	True
3647303	1261	1753	group_2577	group_5422	TP	0.5871834925859922	0.7117360090389239	185.73333333333332	177223.0	0.046577234	15	2	0	17	38	8	10	0.2631579	8.804878	0.5227654098814415	True	True	True	True	P↔T	T_A__P_B	TP:group_2577--group_5422	155	9591.0	0.23574501803149556	0.38088356576024535	0.5227654098814415	0.9998957355854446	True
3647342	1261	1792	group_2577	group_3724	TP	0.5871834925859922	0.7117360090389239	188.73333333333332	180138.33333333334	0.04280527	15	2	0	17	38	8	10	0.2631579	8.804878	0.5227654098814415	True	True	True	True	P↔T	T_A__P_B	TP:group_2577--group_3724	156	9821.0	0.2278506213944058	0.36729734267133524	0.5227654098814415	0.9997963547500255	True
3647417	1261	1867	group_2577	group_4451	TP	0.5509865752942332	0.6678610538025491	323.42105263157896	320842.36842105264	0.04126045	19	2	0	16	37	8	10	0.27027026	8.398773	0.5362446942321507	True	True	True	True	P↔T	T_A__P_B	TP:group_2577--group_4451	174	4367.0	0.3133152048902774	0.4665206558190084	0.5362446942321507	0.9995420196931531	True
3647456	1261	1906	group_2577	group_624	TP	0.5509865752942332	0.6678610538025491	183.5	175034.29545454544	0.04036126	44	2	0	16	37	8	10	0.27027026	8.398773	0.5227654098814415	True	True	True	True	P↔T	T_A__P_B	TP:group_2577--group_624	155	9591.0	0.23574501803149556	0.38088356576024535	0.5227654098814415	0.9995829423417788	True
3687368	1279	1291	group_711	group_5093	TP	0.5927701462228009	0.6848990596563721	208.4	211795.65	0.08513436	20	2	0	6	19	9	10	0.5263158	2.7984495	0.485384688437638	True	True	True	True	P↔T	T_A__P_B	TP:group_711--group_5093	159	8564.0	0.2423459130179614	0.3683869752229423	0.485384688437638	0.9998832321345166	True
3687436	1279	1359	group_711	group_1374	TP	0.47509504777073763	0.5547138350227819	29.11764705882353	26361.717647058824	0.044552132	85	2	0	4	17	9	10	0.5882353	2.2755907	0.437058591918329	True	False	True	False	P↔T	T_A__P_B	TP:group_711--group_1374	93	2435.0	0.20552856466368463	0.31351492796783065	0.437058591918329	1.0	True
3687461	1279	1384	group_711	group_4444	TP	0.5927701462228009	0.6848990596563721	378.0769230769231	382680.23076923075	0.07065392	13	2	0	6	19	9	10	0.5263158	2.7984495	0.5828268911948791	True	True	True	True	P↔T	T_A__P_B	TP:group_711--group_4444	180	2130.0	0.37164060360744455	0.48472570851415564	0.5828268911948791	0.9995305164319249	True
3687562	1279	1485	group_711	group_4891	TP	0.5927701462228009	0.6848990596563721	255.0	253269.47368421053	0.06070121	19	2	0	6	19	9	10	0.5263158	2.7984495	0.5927701462228009	True	True	True	True	P↔T	T_A__P_B	TP:group_711--group_4891	166	6567.0	0.27769632731709515	0.4251110879808286	0.5927701462228009	0.9986295111923252	True
3687591	1279	1514	group_711	group_5990	TP	0.5927701462228009	0.6848990596563721	256.3333333333333	255932.55555555556	0.063284695	18	2	0	6	19	9	10	0.5263158	2.7984495	0.5927701462228009	True	True	True	True	P↔T	T_A__P_B	TP:group_711--group_5990	166	6567.0	0.27769632731709515	0.4251110879808286	0.5927701462228009	0.9987817877265114	True
3687627	1279	1550	group_711	Int-Tn_1	TP	0.5927701462228009	0.6848990596563721	248.3684210526316	247746.68421052632	0.05568436	19	2	0	6	19	9	10	0.5263158	2.7984495	0.5234061453017568	True	True	True	True	P↔T	T_A__P_B	TP:group_711--Int-Tn_1	165	6896.0	0.2614019625823992	0.40428941286859854	0.5234061453017568	0.9995649651972158	True
3687665	1279	1588	group_711	group_3705	TP	0.5927701462228009	0.6848990596563721	250.78947368421052	249567.63157894736	0.05302236	19	2	0	6	19	9	10	0.5263158	2.7984495	0.5927701462228009	True	True	True	True	P↔T	T_A__P_B	TP:group_711--group_3705	166	6567.0	0.27769632731709515	0.4251110879808286	0.5927701462228009	0.9989340642606974	True
3687667	1279	1590	group_711	group_5408	TP	0.5927701462228009	0.6848990596563721	252.68421052631578	252601.68421052632	0.05302236	19	2	0	6	19	9	10	0.5263158	2.7984495	0.5927701462228009	True	True	True	True	P↔T	T_A__P_B	TP:group_711--group_5408	166	6567.0	0.27769632731709515	0.4251110879808286	0.5927701462228009	0.9990863407948835	True
3687708	1279	1631	group_711	group_5416	TP	0.5285303455019462	0.6135060387461423	7.361702127659575	5806.45744680851	0.039950576	94	2	0	5	18	9	10	0.5555556	2.53125	0.4976344469594473	True	False	True	False	P↔T	T_A__P_B	TP:group_711--group_5416	49	293.0	0.23392346756369775	0.35832600826865707	0.4976344469594473	1.0	True
3687717	1279	1640	group_711	group_4892	TP	0.5927701462228009	0.6848990596563721	248.89473684210526	247877.26315789475	0.050145257	19	2	0	6	19	9	10	0.5263158	2.7984495	0.5234061453017568	True	True	True	True	P↔T	T_A__P_B	TP:group_711--group_4892	165	6896.0	0.2614019625823992	0.40428941286859854	0.5234061453017568	0.9997099767981439	True
3687728	1279	1651	group_711	group_5412	TP	0.5927701462228009	0.6848990596563721	249.3684210526316	247840.0	0.04967355	19	2	0	6	19	9	10	0.5263158	2.7984495	0.5234061453017568	True	True	True	True	P↔T	T_A__P_B	TP:group_711--group_5412	165	6896.0	0.2614019625823992	0.40428941286859854	0.5234061453017568	0.9998549883990719	True
3687733	1279	1656	group_711	group_3419	TP	0.5927701462228009	0.6848990596563721	255.47368421052633	253413.36842105264	0.049163647	19	2	0	6	19	9	10	0.5263158	2.7984495	0.5927701462228009	True	True	True	True	P↔T	T_A__P_B	TP:group_711--group_3419	166	6567.0	0.27769632731709515	0.4251110879808286	0.5927701462228009	0.9992386173290696	True
3687737	1279	1660	group_711	group_5411	TP	0.5927701462228009	0.6848990596563721	249.8421052631579	248432.2105263158	0.04923576	19	2	0	6	19	9	10	0.5263158	2.7984495	0.5927701462228009	True	True	True	True	P↔T	T_A__P_B	TP:group_711--group_5411	166	6567.0	0.27769632731709515	0.4251110879808286	0.5927701462228009	0.9993908938632556	True
3687740	1279	1663	group_711	group_5991	TP	0.5927701462228009	0.6848990596563721	251.73684210526315	250566.36842105264	0.049163647	19	2	0	6	19	9	10	0.5263158	2.7984495	0.5927701462228009	True	True	True	True	P↔T	T_A__P_B	TP:group_711--group_5991	166	6567.0	0.27769632731709515	0.4251110879808286	0.5927701462228009	0.9995431703974418	True
3687761	1279	1684	group_711	group_4888	TP	0.5927701462228009	0.6848990596563721	344.8888888888889	338281.5	0.05360476	18	2	0	6	19	9	10	0.5263158	2.7984495	0.5573425727256055	True	True	True	True	P↔T	T_A__P_B	TP:group_711--group_4888	177	2932.0	0.3287921109198606	0.47649639354599094	0.5573425727256055	1.0	True
3687794	1279	1717	group_711	sarA_2	TP	0.5927701462228009	0.6848990596563721	180.625	179617.375	0.040709913	8	2	0	6	19	9	10	0.5263158	2.7984495	0.5509865752942332	True	True	True	True	P↔T	T_A__P_B	TP:group_711--sarA_2	154	10147.0	0.23925083268906638	0.3677343582400997	0.5509865752942332	1.0	True
3687829	1279	1752	group_711	group_4882	TP	0.5927701462228009	0.6848990596563721	343.22222222222223	337564.22222222225	0.047269687	18	2	0	6	19	9	10	0.5263158	2.7984495	0.5511309254021438	True	True	True	True	P↔T	T_A__P_B	TP:group_711--group_4882	176	3481.0	0.3306868110574498	0.43954626227847926	0.5511309254021438	1.0	True
3687855	1279	1778	group_711	group_4894	TP	0.5927701462228009	0.6848990596563721	6.341463414634147	5050.390243902439	0.044393238	82	2	0	6	19	9	10	0.5263158	2.7984495	0.57647837868842	True	False	True	False	P↔T	T_A__P_B	TP:group_711--group_4894	44	195.0	0.22296093993638097	0.4845561866924248	0.57647837868842	1.0	True
3687874	1279	1797	group_711	group_1754	TP	0.528966160386107	0.6090805814331391	76.0886075949367	71788.37974683545	0.043213535	79	2	0	6	19	9	10	0.5263158	2.7984495	0.4636078413712972	True	False	True	False	P↔T	T_A__P_B	TP:group_711--group_1754	125	8702.0	0.18612886488451394	0.30603488146960933	0.4636078413712972	0.9998850838887612	True
3687913	1279	1836	group_711	group_5418	TP	0.5927701462228009	0.6848990596563721	190.625	200597.75	0.040751588	8	2	0	6	19	9	10	0.5263158	2.7984495	0.5227654098814415	True	True	True	True	P↔T	T_A__P_B	TP:group_711--group_5418	156	9821.0	0.2278506213944058	0.36729734267133524	0.5227654098814415	0.9998981773750127	True
3687914	1279	1837	group_711	group_5996	TP	0.5927701462228009	0.6848990596563721	175.5	181429.0	0.040751588	12	2	0	6	19	9	10	0.5263158	2.7984495	0.4822446250268134	True	True	True	True	P↔T	T_A__P_B	TP:group_711--group_5996	153	10364.0	0.22839731187146514	0.356249497460672	0.4822446250268134	1.0	True
3687915	1279	1838	group_711	group_5997	TP	0.5927701462228009	0.6848990596563721	187.0	195118.8	0.040751588	10	2	0	6	19	9	10	0.5263158	2.7984495	0.5227654098814415	True	True	True	True	P↔T	T_A__P_B	TP:group_711--group_5997	156	9821.0	0.2278506213944058	0.36729734267133524	0.5227654098814415	1.0	True
3687921	1279	1844	group_711	galT_2	TP	0.5927701462228009	0.6848990596563721	45.90909090909091	42137.02597402597	0.04350574	77	2	0	6	19	9	10	0.5263158	2.7984495	0.4611277576072534	True	False	True	False	P↔T	T_A__P_B	TP:group_711--galT_2	108	4634.0	0.19290423631470557	0.3216300979088631	0.4611277576072534	0.9997842037116962	True
3687939	1279	1862	group_711	group_1976	TP	0.5927701462228009	0.6848990596563721	47.63265306122449	43638.836734693876	0.04359229	49	2	0	6	19	9	10	0.5263158	2.7984495	0.5150573404539606	True	False	True	False	P↔T	T_A__P_B	TP:group_711--group_1976	109	4885.0	0.19957937742708456	0.32245920034907044	0.5150573404539606	1.0	True
3687944	1279	1867	group_711	group_4451	TP	0.528966160386107	0.6090805814331391	76.97402597402598	72559.38961038961	0.041557256	77	2	0	6	19	9	10	0.5263158	2.7984495	0.4636078413712972	True	False	True	False	P↔T	T_A__P_B	TP:group_711--group_4451	125	8702.0	0.18612886488451394	0.30603488146960933	0.4636078413712972	1.0	True
3687948	1279	1871	group_711	group_1359	TP	0.528966160386107	0.6090805814331391	46.871428571428574	42804.87142857143	0.043110963	70	2	0	6	19	9	10	0.5263158	2.7984495	0.5150573404539606	True	False	True	False	P↔T	T_A__P_B	TP:group_711--group_1359	109	4885.0	0.19957937742708456	0.32245920034907044	0.5150573404539606	0.9995905834186285	True
3687983	1279	1906	group_711	group_624	TP	0.6211568901452116	0.7136063831990954	371.8	361985.8	0.043933824	15	2	0	7	20	9	10	0.5	3.0769231	0.541388303749566	True	True	True	True	P↔T	T_A__P_B	TP:group_711--group_624	179	2126.0	0.3514645368032616	0.46377582596719047	0.541388303749566	0.9995296331138288	True
3703099	1286	1349	group_1314	group_3295	TP	0.4875120410241452	0.46752595104521233	57.19718309859155	50273.98591549296	0.09159922	71	4	0	12	20	14	4	0.2	8.695652	0.4778499455562671	True	False	True	False	P↔T	T_A__P_B	TP:group_1314--group_3295	115	6555.0	0.18659759578688714	0.3121595860775297	0.4778499455562671	0.9993897787948132	True
3703174	1286	1424	group_1314	group_4078	TP	0.4875120410241452	0.46752595104521233	62.2	54481.41428571429	0.08445191	70	4	0	12	20	14	4	0.2	8.695652	0.4336345802508676	True	False	True	False	P↔T	T_A__P_B	TP:group_1314--group_4078	118	7167.0	0.18350930576511287	0.2976072106247507	0.4336345802508676	0.9997209432119436	True
3703175	1286	1425	group_1314	group_5992	TP	0.5152089574551901	0.4924585204539478	59.2	52066.614285714284	0.08651697	70	4	0	13	21	14	4	0.1904762	9.382978	0.4556815364948874	True	False	True	False	P↔T	T_A__P_B	TP:group_1314--group_5992	116	6667.0	0.188799130087854	0.31087503039127046	0.4556815364948874	0.99970001499925	True
3703177	1286	1427	group_1314	group_4876	TP	0.5152089574551901	0.4924585204539478	60.4	55357.2	0.08384947	5	4	0	13	21	14	4	0.1904762	9.382978	0.4117413502757499	True	False	True	False	P↔T	T_A__P_B	TP:group_1314--group_4876	117	6863.0	0.18890577979392698	0.3051439369531576	0.4117413502757499	0.9998542911263296	True
3703178	1286	1428	group_1314	group_5414	TP	0.4875120410241452	0.46752595104521233	61.2	53145.671428571426	0.08386187	70	4	0	12	20	14	4	0.2	8.695652	0.4336345802508676	True	False	True	False	P↔T	T_A__P_B	TP:group_1314--group_5414	118	7167.0	0.18350930576511287	0.2976072106247507	0.4336345802508676	0.9998604716059718	True
3703179	1286	1429	group_1314	group_5993	TP	0.4875120410241452	0.46752595104521233	60.2	52674.014285714286	0.08378536	70	4	0	13	20	14	4	0.2	9.523809	0.4117413502757499	True	False	True	False	P↔T	T_A__P_B	TP:group_1314--group_5993	117	6863.0	0.18890577979392698	0.3051439369531576	0.4117413502757499	0.9997085822526592	True
3703183	1286	1433	group_1314	group_5413	TP	0.4120935207423213	0.3951992955904889	2.0434782608695654	877.5760869565217	0.060657952	92	4	0	10	19	14	4	0.21052632	7.680851	0.3996878251890392	True	False	True	False	P↔T	T_A__P_B	TP:group_1314--group_5413	14	201.0	0.20218548540814557	0.34724505732392164	0.3996878251890392	1.0	True
3703336	1286	1586	group_1314	group_1962	TP	0.4926694889079126	0.46651162377792127	208.94117647058823	197406.88235294117	0.06950251	17	4	0	14	23	14	4	0.17391305	10.372549	0.485384688437638	True	True	True	True	P↔T	T_A__P_B	TP:group_1314--group_1962	159	8564.0	0.2423459130179614	0.3683869752229423	0.485384688437638	0.999182624941616	True
3703434	1286	1684	group_1314	group_4888	TP	0.4934832004174444	0.46913059293227705	202.43939393939394	191019.65151515152	0.06855034	66	4	0	13	22	14	4	0.18181819	9.68	0.4495451588683012	True	True	True	True	P↔T	T_A__P_B	TP:group_1314--group_4888	158	9065.0	0.23362085440445762	0.35204446739901274	0.4495451588683012	0.9994484280198566	True
3703502	1286	1752	group_1314	group_4882	TP	0.4934832004174444	0.46913059293227705	199.46031746031747	186118.17460317462	0.060248587	63	4	0	13	22	14	4	0.18181819	9.68	0.4495451588683012	True	True	True	True	P↔T	T_A__P_B	TP:group_1314--group_4882	158	9065.0	0.23362085440445762	0.35204446739901274	0.4495451588683012	0.9995587424158853	True
3703656	1286	1906	group_1314	group_624	TP	0.5316744131592044	0.5027280526344434	206.90243902439025	197200.36585365853	0.054438796	41	4	0	14	24	14	4	0.16666667	10.666667	0.485384688437638	True	True	True	True	P↔T	T_A__P_B	TP:group_1314--group_624	159	8564.0	0.2423459130179614	0.3683869752229423	0.485384688437638	0.9996496964035497	True
3712557	1290	1873	mnaA	group_1656	TP	0.46424898960277944	0.450117616368252	37.88157894736842	37821.71052631579	0.034116853	76	4	0	10	31	9	13	0.41935483	4.23348	0.4592358308850546	True	False	True	False	P↔T	T_A__P_B	TP:mnaA--group_1656	101	3574.0	0.19900528661455483	0.32197740960844945	0.45923583088505465	0.9991606043648573	True
3721878	1294	2276	group_3320	group_153	TP	0.3467381273866892	0.4727352742422278	3.127659574468085	2003.6808510638298	0.07193057	47	1	1	1	13	3	13	1.0	1.0	0.3446125928614426	True	False	False	False	P↔T	T_A__P_B	TP:group_3320--group_153	24	142.0	0.23186715363777421	0.32798818443824607	0.3446125928614426	1.0	True
3721885	1294	2283	group_3320	group_110	TP	0.3128232995090258	0.42957804527567695	2.152173913043478	1358.3695652173913	0.07362735	46	0	1	1	10	3	10	1.0	1.0	0.3108191492361795	True	False	False	False	P↔T	T_A__P_B	TP:group_3320--group_110	15	69.0	0.18034192004369132	0.29278179678056154	0.3108191492361795	1.0	True
3752556	1308	1867	ftsH4	group_4451	TP	0.4555000215090168	0.5350959093487705	68.75	65223.01136363636	0.030304022	88	2	0	10	20	8	6	0.3	6.060606	0.4434913562725833	True	False	True	False	P↔T	T_A__P_B	TP:ftsH4--group_4451	122	7928.0	0.19534472572533212	0.3143485639798963	0.4434913562725833	0.9993693239152371	True
3765308	1314	1356	group_1296	group_1077	TP	0.4825864171766016	0.5138257290639273	109.91666666666667	106985.58333333333	0.05542774	12	3	0	8	19	13	8	0.42105263	4.05618	0.4813187017149842	True	True	True	True	P↔T	T_A__P_B	TP:group_1296--group_1077	137	10349.0	0.20064857616853873	0.32538320593770226	0.48131870171498425	0.9992269784520244	True
3765380	1314	1428	group_1296	group_5414	TP	0.4825864171766016	0.5138257290639273	137.58823529411765	134403.88235294117	0.054435525	17	3	0	8	19	13	8	0.42105263	4.05618	0.4671066682257567	True	True	True	True	P↔T	T_A__P_B	TP:group_1296--group_5414	145	10489.0	0.20390163535341135	0.33111220016910736	0.4671066682257567	0.9995233101344265	True
3765381	1314	1429	group_1296	group_5993	TP	0.4825864171766016	0.5138257290639273	138.35294117647058	135240.9411764706	0.05442503	17	3	0	8	19	13	8	0.42105263	4.05618	0.4671066682257567	True	True	True	True	P↔T	T_A__P_B	TP:group_1296--group_5993	145	10489.0	0.20390163535341135	0.33111220016910736	0.4671066682257567	0.9996186481075412	True
3765538	1314	1586	group_1296	group_1962	TP	0.4825864171766016	0.5138257290639273	31.879310344827587	27621.44827586207	0.04208573	58	3	0	8	19	13	8	0.42105263	4.05618	0.4560099525668841	True	False	True	False	P↔T	T_A__P_B	TP:group_1296--group_1962	96	2801.0	0.1991342542850062	0.3425198782464123	0.45600995256688415	1.0	True
3765643	1314	1691	group_1296	group_5360	TP	0.4372547168305764	0.4671846192219423	36.21739130434783	36814.45652173913	0.029862426	92	3	0	7	18	13	8	0.44444445	3.6818182	0.4363816921952335	True	False	True	False	P↔T	T_A__P_B	TP:group_1296--group_5360	100	3319.0	0.2020967446659938	0.33813452020724166	0.43638169219523354	0.9990961132871347	True
3765669	1314	1717	group_1296	sarA_2	TP	0.4825864171766016	0.5138257290639273	75.47058823529412	70800.41176470589	0.03018829	17	3	0	8	19	13	8	0.42105263	4.05618	0.4636078413712972	True	False	True	False	P↔T	T_A__P_B	TP:group_1296--sarA_2	125	8702.0	0.18612886488451394	0.30603488146960933	0.4636078413712972	0.999425419443806	True
3765685	1314	1733	group_1296	group_3024	TP	0.4372547168305764	0.4671846192219423	26.11111111111111	24440.344444444443	0.029115615	90	3	0	7	18	13	8	0.44444445	3.6818182	0.4364121558380347	True	False	True	False	P↔T	T_A__P_B	TP:group_1296--group_3024	89	2063.0	0.21543283438144933	0.3249018528126272	0.4364121558380347	0.9990305380513815	True
3765734	1314	1782	group_1296	tetM	TP	0.4372547168305764	0.4671846192219423	28.988095238095237	27622.654761904763	0.026282147	84	3	0	7	18	13	8	0.44444445	3.6818182	0.437058591918329	True	False	True	False	P↔T	T_A__P_B	TP:group_1296--tetM	93	2435.0	0.20552856466368463	0.31351492796783065	0.437058591918329	0.9991786447638604	True
3765789	1314	1837	group_1296	group_5996	TP	0.4825864171766016	0.5138257290639273	120.22222222222223	117486.11111111111	0.028092004	9	3	0	8	19	13	8	0.42105263	4.05618	0.4638188177778241	True	True	True	True	P↔T	T_A__P_B	TP:group_1296--group_5996	141	10327.0	0.2151252996707094	0.3408525996411131	0.4638188177778241	0.9991284981117459	True
3765790	1314	1838	group_1296	group_5997	TP	0.4825864171766016	0.5138257290639273	119.85714285714286	117903.57142857143	0.028092004	7	3	0	8	19	13	8	0.42105263	4.05618	0.4511704467790327	True	True	True	True	P↔T	T_A__P_B	TP:group_1296--group_5997	140	10352.0	0.20911143075537533	0.3289027557887971	0.4511704467790327	0.999420401854714	True
3772368	1317	1798	group_2016	group_3080	TP	0.4139851324877571	0.40111671406477556	2.8979591836734695	1686.234693877551	0.027847094	98	4	0	12	31	8	14	0.4516129	4.23348	0.4090883663471839	True	False	True	False	P↔T	T_A__P_B	TP:group_2016--group_3080	22	181.0	0.20663017713608647	0.32341045687881015	0.4090883663471839	1.0	True
3778678	1320	1499	group_846	group_1306	TP	0.5235863374812597	0.9999999999999998	10.794871794871796	7584.782051282052	0.07649926	78	0	1	1	10	2	10	1.0	1.0	0.5201332069877959	True	False	False	False	P↔T	T_A__P_B	TP:group_846--group_1306	60	658.0	0.23237166467482803	0.36876219359226947	0.5201332069877959	1.0	True
3779682	1320	2503	group_846	group_1578	TP	0.5235863374812597	0.9999999999999998	49.62162162162162	43945.48648648649	0.08450949	37	0	1	1	10	2	10	1.0	1.0	0.5147212013475813	True	False	False	False	P↔T	T_A__P_B	TP:group_846--group_1578	111	5400.0	0.19314499193001441	0.3249746430076733	0.5147212013475813	0.9994444444444445	True
3819008	1338	2364	group_2076	group_5626	TP	0.20362604769065293	0.4836346387624395	592.3333333333334	620798.0	0.14553936	6	0	1	1	7	13	7	1.0	1.0	0.199694681460392	True	True	False	False	P↔T	T_A__P_B	TP:group_2076--group_5626	195	345.0	0.16447233865398259	0.18636884983753305	0.199694681460392	1.0	True
3924900	1387	2465	group_3730	group_6478	TP	0.22252070182573425	0.464842647351206	573.6666666666666	582171.8333333334	0.1322228	6	0	1	1	7	13	7	1.0	1.0	0.2225207018257342	True	True	False	False	P↔T	T_A__P_B	TP:group_3730--group_6478	194	370.0	0.1731376347426988	0.22252070182573425	0.22252070182573425	0.9891891891891892	True
3924901	1387	2466	group_3730	group_6479	TP	0.22252070182573425	0.464842647351206	572.6666666666666	581589.1666666666	0.1322228	6	0	1	1	7	13	7	1.0	1.0	0.2225207018257342	True	True	False	False	P↔T	T_A__P_B	TP:group_3730--group_6479	194	370.0	0.1731376347426988	0.22252070182573425	0.22252070182573425	0.9918918918918919	True
3924970	1387	2535	group_3730	group_6476	TP	0.22252070182573425	0.464842647351206	575.6666666666666	582862.5	0.11995982	6	0	1	1	7	13	7	1.0	1.0	0.2225207018257342	True	True	False	False	P↔T	T_A__P_B	TP:group_3730--group_6476	194	370.0	0.1731376347426988	0.22252070182573425	0.22252070182573425	0.9945945945945946	True
3924975	1387	2540	group_3730	group_2868	TP	0.22252070182573425	0.464842647351206	578.8	581921.8	0.12484476	5	0	1	1	7	13	7	1.0	1.0	0.2225207018257342	True	True	False	False	P↔T	T_A__P_B	TP:group_3730--group_2868	194	370.0	0.1731376347426988	0.22252070182573425	0.22252070182573425	0.9972972972972973	True
3924977	1387	2542	group_3730	group_3051	TP	0.22252070182573425	0.464842647351206	568.6666666666666	579872.1666666666	0.11690952	6	0	1	1	7	13	7	1.0	1.0	0.2225207018257342	True	True	False	False	P↔T	T_A__P_B	TP:group_3730--group_3051	194	370.0	0.1731376347426988	0.22252070182573425	0.22252070182573425	1.0	True
3964234	1406	1424	group_3896	group_4078	TP	0.5233850054371224	0.7891634838885607	88.42857142857143	78871.4025974026	0.053520553	77	0	1	1	9	2	9	1.0	1.0	0.4623694281200661	True	False	False	False	P↔T	T_A__P_B	TP:group_3896--group_4078	130	9741.0	0.19144718291664398	0.3001116172301682	0.4623694281200661	0.9997946822708141	True
3964235	1406	1425	group_3896	group_5992	TP	0.5233850054371224	0.7891634838885607	85.42857142857143	76620.8961038961	0.053470694	77	0	1	1	9	2	9	1.0	1.0	0.4725713629677123	True	False	False	False	P↔T	T_A__P_B	TP:group_3896--group_5992	129	9397.0	0.1931279185498127	0.3174617321682907	0.47257136296771235	0.9998935830584229	True
3964238	1406	1428	group_3896	group_5414	TP	0.5233850054371224	0.7891634838885607	87.42857142857143	77575.07792207792	0.053095743	77	0	1	1	9	2	9	1.0	1.0	0.4623694281200661	True	False	False	False	P↔T	T_A__P_B	TP:group_3896--group_5414	130	9741.0	0.19144718291664398	0.3001116172301682	0.4623694281200661	0.9998973411354071	True
3964239	1406	1429	group_3896	group_5993	TP	0.5233850054371224	0.7891634838885607	86.42857142857143	77157.57142857143	0.05306101	77	0	1	1	9	2	9	1.0	1.0	0.4725713629677123	True	False	False	False	P↔T	T_A__P_B	TP:group_3896--group_5993	129	9397.0	0.1931279185498127	0.3174617321682907	0.47257136296771235	1.0	True
3964243	1406	1433	group_3896	group_5413	TP	0.44479689704825337	0.6641991456939494	28.07608695652174	25268.880434782608	0.038409278	92	0	1	1	9	2	9	1.0	1.0	0.4373232933206934	True	False	False	False	P↔T	T_A__P_B	TP:group_3896--group_5413	91	2160.0	0.23008963524055204	0.3316785748748303	0.4373232933206934	0.9990740740740741	True
3964553	1406	1743	group_3896	group_4895	TP	0.5233850054371224	0.7891634838885607	188.2	178722.66666666666	0.031533554	15	0	1	1	9	2	9	1.0	1.0	0.5227654098814415	True	True	False	False	P↔T	T_A__P_B	TP:group_3896--group_4895	156	9821.0	0.2278506213944058	0.36729734267133524	0.5227654098814415	0.9991854190001018	True
3964554	1406	1744	group_3896	erm	TP	0.5233850054371224	0.7891634838885607	189.2	179155.53333333333	0.031378575	15	0	1	1	9	2	9	1.0	1.0	0.5227654098814415	True	True	False	False	P↔T	T_A__P_B	TP:group_3896--erm	156	9821.0	0.2278506213944058	0.36729734267133524	0.5227654098814415	0.9992872416250891	True
3964563	1406	1753	group_3896	group_5422	TP	0.5233850054371224	0.7891634838885607	187.2	178042.06666666668	0.03103382	15	0	1	1	9	2	9	1.0	1.0	0.5227654098814415	True	True	False	False	P↔T	T_A__P_B	TP:group_3896--group_5422	156	9821.0	0.2278506213944058	0.36729734267133524	0.5227654098814415	0.9993890642500763	True
3964602	1406	1792	group_3896	group_3724	TP	0.5233850054371224	0.7891634838885607	190.2	180957.4	0.028834831	15	0	1	1	9	2	9	1.0	1.0	0.5227654098814415	True	True	False	False	P↔T	T_A__P_B	TP:group_3896--group_3724	156	9821.0	0.2278506213944058	0.36729734267133524	0.5227654098814415	0.9994908868750636	True
3964608	1406	1798	group_3896	group_3080	TP	0.3834973253766738	0.5699320152408965	1.8979591836734695	757.0816326530612	0.02270484	98	0	1	1	9	2	9	1.0	1.0	0.3794231011562431	True	False	False	False	P↔T	T_A__P_B	TP:group_3896--group_3080	12	72.0	0.21634826433134124	0.3427550831723659	0.3794231011562431	1.0	True
3964716	1406	1906	group_3896	group_624	TP	0.5233850054371224	0.7891634838885607	181.51111111111112	173512.82222222222	0.026807187	45	0	1	1	9	2	9	1.0	1.0	0.5227654098814415	True	True	False	False	P↔T	T_A__P_B	TP:group_3896--group_624	155	9591.0	0.23574501803149556	0.38088356576024535	0.5227654098814415	0.9991658846835575	True
4003230	1424	2503	group_4078	group_1578	TP	0.49757478823277834	0.8082501000608949	4.0	2698.4324324324325	0.05607057	37	0	1	1	9	2	9	1.0	1.0	0.4615586057060815	True	False	False	False	P↔T	T_A__P_B	TP:group_4078--group_1578	31	699.0	0.2489890457278282	0.3781521111786646	0.4615586057060815	1.0	True
4012701	1429	1499	group_5993	group_1306	TP	0.45216420674362134	0.5685743058581338	62.188235294117646	54291.07058823529	0.041020997	85	2	0	5	13	9	9	0.6923077	1.9882352	0.4336345802508676	True	False	True	False	P↔T	T_A__P_B	TP:group_5993--group_1306	118	7167.0	0.18350930576511287	0.2976072106247507	0.4336345802508676	0.9991628296358309	True
4068834	1456	1499	group_827	group_1306	TP	0.4786156708682058	0.6493894044455464	9.806818181818182	7056.693181818182	0.04369618	88	0	0	1	5	13	5	1.0	1.0	0.4550116804061067	True	False	False	False	P↔T	T_A__P_B	TP:group_827--group_1306	57	590.0	0.20027311388987684	0.3100487760433114	0.45501168040610673	1.0	True
4068885	1456	1550	group_827	Int-Tn_1	TP	0.4786156708682058	0.6493894044455464	36.80246913580247	31856.95061728395	0.039567165	81	0	0	1	5	13	5	1.0	1.0	0.4363816921952335	True	False	False	False	P↔T	T_A__P_B	TP:group_827--Int-Tn_1	100	3319.0	0.2020967446659938	0.33813452020724166	0.43638169219523354	0.9993974088580898	True
4068923	1456	1588	group_827	group_3705	TP	0.4786156708682058	0.6493894044455464	41.75	35839.6875	0.037495058	80	0	0	1	5	13	5	1.0	1.0	0.4472701835733165	True	False	False	False	P↔T	T_A__P_B	TP:group_827--group_3705	105	4307.0	0.17960687163668576	0.29399121739062345	0.44727018357331655	0.9995356396563734	True
4068925	1456	1590	group_827	group_5408	TP	0.4786156708682058	0.6493894044455464	45.79746835443038	39612.53164556962	0.037495058	79	0	0	1	5	13	5	1.0	1.0	0.4611277576072534	True	False	False	False	P↔T	T_A__P_B	TP:group_827--group_5408	108	4634.0	0.19290423631470557	0.3216300979088631	0.4611277576072534	0.9991368148467846	True
4068926	1456	1591	group_827	group_5410	TP	0.4786156708682058	0.6493894044455464	42.851351351351354	36704.41891891892	0.04328086	74	0	0	1	5	13	5	1.0	1.0	0.4786156708682058	True	False	False	False	P↔T	T_A__P_B	TP:group_827--group_5410	106	4503.0	0.19497167577292587	0.3363326410471943	0.4786156708682058	0.9988896291361314	True
4068975	1456	1640	group_827	group_4892	TP	0.4786156708682058	0.6493894044455464	37.86666666666667	32530.84	0.04075052	75	0	0	1	5	13	5	1.0	1.0	0.4592358308850546	True	False	False	False	P↔T	T_A__P_B	TP:group_827--group_4892	101	3574.0	0.19900528661455483	0.32197740960844945	0.45923583088505465	0.9994404029099049	True
4068986	1456	1651	group_827	group_5412	TP	0.4786156708682058	0.6493894044455464	38.86666666666667	33110.64	0.04030916	75	0	0	1	5	13	5	1.0	1.0	0.4402654368315187	True	False	False	False	P↔T	T_A__P_B	TP:group_827--group_5412	102	3739.0	0.20262828177816317	0.33636505251606474	0.4402654368315187	0.9994650976196844	True
4068991	1456	1656	group_827	group_3419	TP	0.4786156708682058	0.6493894044455464	51.80821917808219	43700.78082191781	0.039854724	73	0	0	1	5	13	5	1.0	1.0	0.4638793218811508	True	False	False	False	P↔T	T_A__P_B	TP:group_827--group_3419	112	5749.0	0.1826228823897008	0.305321109708178	0.4638793218811508	0.999304226822056	True
4068995	1456	1660	group_827	group_5411	TP	0.4786156708682058	0.6493894044455464	39.86666666666667	34293.48	0.039915636	75	0	0	1	5	13	5	1.0	1.0	0.4671773235460157	True	False	False	False	P↔T	T_A__P_B	TP:group_827--group_5411	103	3805.0	0.19102836274155932	0.30462681634741307	0.4671773235460157	0.9994743758212877	True
4068998	1456	1663	group_827	group_5991	TP	0.4786156708682058	0.6493894044455464	43.851351351351354	37651.58108108108	0.039854724	74	0	0	1	5	13	5	1.0	1.0	0.4786156708682058	True	False	False	False	P↔T	T_A__P_B	TP:group_827--group_5991	106	4503.0	0.19497167577292587	0.3363326410471943	0.4786156708682058	0.9991117033089052	True
4069639	1456	2304	group_827	group_3153	TP	0.38074850582113645	0.553340688481824	6.0	4357.545454545455	0.13796793	33	0	1	1	5	13	5	1.0	1.0	0.3721850541871585	True	False	False	False	P↔T	T_A__P_B	TP:group_827--group_3153	43	404.0	0.2233003212107871	0.3075536275688388	0.3721850541871585	1.0	True
4118221	1480	1602	pbpX_1	group_1119	TP	0.5233850054371224	0.7891634838885607	76.9438202247191	81762.96629213484	0.029271938	89	0	1	1	9	2	9	1.0	1.0	0.4636078413712972	True	False	False	False	P↔T	T_A__P_B	TP:pbpX_1--group_1119	125	8702.0	0.18612886488451394	0.30603488146960933	0.4636078413712972	0.9997701677775224	True
4118262	1480	1643	pbpX_1	group_948	TP	0.5233850054371224	0.7891634838885607	77.79518072289157	82283.51807228915	0.032289807	83	0	1	1	9	2	9	1.0	1.0	0.4497911297978875	True	False	False	False	P↔T	T_A__P_B	TP:pbpX_1--group_948	126	8978.0	0.1898100553350106	0.30541859476748784	0.4497911297978875	1.0	True
4118492	1480	1873	pbpX_1	group_1656	TP	0.5233850054371224	0.7891634838885607	21.0125	19713.4125	0.018796528	80	0	1	1	9	2	9	1.0	1.0	0.4791704786902955	True	False	False	False	P↔T	T_A__P_B	TP:pbpX_1--group_1656	82	1513.0	0.22279084258454807	0.32969174689747616	0.4791704786902955	1.0	True
4118525	1480	1906	pbpX_1	group_624	TP	0.5233850054371224	0.7891634838885607	33.38775510204081	38441.102040816324	0.01865128	49	0	1	1	9	2	9	1.0	1.0	0.4289160197555114	True	False	False	False	P↔T	T_A__P_B	TP:pbpX_1--group_624	97	2898.0	0.19625038243911883	0.31484434943624234	0.42891601975551147	1.0	True
4129317	1485	2503	group_4891	group_1578	TP	0.6881388137135884	1.0	101.36111111111111	88788.77777777778	0.042622603	36	0	1	1	9	2	9	1.0	1.0	0.4729031778618347	True	True	False	False	P↔T	T_A__P_B	TP:group_4891--group_1578	135	10445.0	0.19427115083720545	0.31339558513779836	0.4729031778618347	1.0	True
4181109	1511	1684	group_527	group_4888	TP	0.4505612088663046	0.6836398690443689	22.77777777777778	26428.88888888889	1.6778628	9	0	1	1	6	2	6	1.0	1.0	0.4478130719017996	True	False	False	False	P↔T	T_A__P_B	TP:group_527--group_4888	85	1727.0	0.21998130558696946	0.33972136991170604	0.4478130719017996	0.9994209612044007	True
4181145	1511	1720	group_527	group_1728	TP	0.4505612088663046	0.6836398690443689	99.25	109495.125	1.582366	8	0	1	1	6	2	6	1.0	1.0	0.4497386959303774	True	False	False	False	P↔T	T_A__P_B	TP:group_527--group_1728	134	10173.0	0.19511130437945876	0.30647824497783543	0.4497386959303774	0.9990170057996658	True
4181177	1511	1752	group_527	group_4882	TP	0.4505612088663046	0.6836398690443689	19.8	21936.7	2.9789658	10	0	1	1	6	2	6	1.0	1.0	0.4170143916260584	True	False	False	False	P↔T	T_A__P_B	TP:group_527--group_4882	80	1477.0	0.2111303893682677	0.33070198731224887	0.41701439162605847	1.0	True
4181331	1511	1906	group_527	group_624	TP	0.4505612088663046	0.6836398690443689	27.0	32467.166666666668	4.9374843	6	0	1	1	6	2	6	1.0	1.0	0.4502085658130336	True	False	False	False	P↔T	T_A__P_B	TP:group_527--group_624	90	2114.0	0.22660988751596448	0.3287424035192702	0.45020856581303365	0.9990539262062441	True
4249480	1545	2276	group_2689	group_153	TP	0.5350415011992272	0.8015281596043069	104.6086956521739	97128.69565217392	0.054594167	23	0	1	1	10	3	10	1.0	1.0	0.4397637997091607	True	True	False	False	P↔T	T_A__P_B	TP:group_2689--group_153	136	10419.0	0.19238775690224888	0.306910351125285	0.43976379970916074	0.9999040214991842	True
4314365	1578	2481	ltxB	group_4202	TP	0.3405982748582267	0.3654141108203679	1.121212121212121	257.6969696969697	0.05676496	33	2	1	1	8	9	8	1.0	1.0	0.3369926438420245	True	False	False	False	P↔T	T_A__P_B	TP:ltxB--group_4202	2	49.0	0.17119699327747895	0.30454196469620604	0.33699264384202454	1.0	True
4343074	1593	2150	group_991	group_6282	TP	0.3478257678824395	0.5292135558677435	3.391304347826087	3055.608695652174	0.089211	23	0	1	1	7	8	7	1.0	1.0	0.3428845980166153	True	False	False	False	P↔T	T_A__P_B	TP:group_991--group_6282	27	77.0	0.17554831857936962	0.2984140692241934	0.34288459801661536	1.0	True
4353057	1598	2503	group_5409	group_1578	TP	0.5366911898020394	0.7765997862617113	95.38888888888889	84344.47222222222	0.031455982	36	0	1	1	10	2	10	1.0	1.0	0.4510635116352017	True	False	False	False	P↔T	T_A__P_B	TP:group_5409--group_1578	133	9918.0	0.19826412341749286	0.3066890165063561	0.4510635116352017	1.0	True
4363698	1604	1621	group_268	group_2872	TP	0.32586976580821836	0.5932066389465906	532.0	552952.5	0.1220116	6	0	1	1	7	13	7	1.0	1.0	0.3048555645265763	True	True	False	False	P↔T	T_A__P_B	TP:group_268--group_2872	191	455.0	0.21804667590475452	0.26423268181661985	0.30485556452657636	1.0	True
4363861	1604	1784	group_268	group_3921	TP	0.5004024235381879	1.0	21.333333333333332	19281.666666666668	0.9272927	15	0	1	1	7	13	7	1.0	1.0	0.4791704786902955	True	False	False	False	P↔T	T_A__P_B	TP:group_268--group_3921	82	1513.0	0.22279084258454807	0.32969174689747616	0.4791704786902955	0.9993390614672836	True
4363993	1604	1916	group_268	group_3103	TP	0.37612091540384396	0.7847733524562103	603.2	627936.8	0.3620005	5	0	1	1	6	13	6	1.0	1.0	0.3267245991094529	True	True	False	False	P↔T	T_A__P_B	TP:group_268--group_3103	196	369.0	0.18037111291955393	0.24189179503864922	0.32672459910945295	1.0	True
4364116	1604	2039	group_268	group_6045	TP	0.3641922580662197	0.6804472813930371	548.8333333333334	564832.3333333334	0.5189998	6	0	1	1	7	13	7	1.0	1.0	0.335086328585584	True	True	False	False	P↔T	T_A__P_B	TP:group_268--group_6045	192	418.0	0.21650290728031044	0.2943938660263216	0.33508632858558407	1.0	True
4364188	1604	2111	group_268	group_2974	TP	0.3641922580662197	0.6804472813930371	551.8333333333334	567793.3333333334	0.8501712	6	0	1	1	7	13	7	1.0	1.0	0.3483650687636647	True	True	False	False	P↔T	T_A__P_B	TP:group_268--group_2974	193	414.0	0.21804667590475452	0.3225404927653195	0.34836506876366474	1.0	True
4364321	1604	2244	group_268	bca	TP	0.5004024235381879	1.0	23.5	22083.5	0.6208943	6	0	1	1	7	13	7	1.0	1.0	0.4482493623604552	True	False	False	False	P↔T	T_A__P_B	TP:group_268--bca	86	1713.0	0.21853654358859992	0.32902048333908834	0.44824936236045526	0.9994162288382954	True
4364346	1604	2269	group_268	group_3475	TP	0.5004024235381879	1.0	168.92307692307693	174060.15384615384	0.20691973	13	0	1	1	7	13	7	1.0	1.0	0.4884936686160739	True	True	False	False	P↔T	T_A__P_B	TP:group_268--group_3475	152	10786.0	0.22550428321809185	0.3493053612327472	0.48849366861607396	0.9991655850176154	True
4364723	1604	2646	group_268	group_437	TP	0.5004024235381879	1.0	133.76923076923077	144174.07692307694	0.31794274	13	0	1	1	7	13	7	1.0	1.0	0.485564597768414	True	True	False	False	P↔T	T_A__P_B	TP:group_268--group_437	144	10335.0	0.2042225686961178	0.34049151864976346	0.485564597768414	0.999225931301403	True
4430701	1639	2124	group_4454	leuA_2	TP	0.309319103256595	0.30439795788459484	2.7735849056603774	1918.7169811320755	0.02427023	53	0	0	1	7	14	7	1.0	1.0	0.3081778765424853	True	False	False	False	P↔T	T_A__P_B	TP:group_4454--leuA_2	21	52.0	0.201905329656308	0.29790683611549895	0.30817787654248535	1.0	True
4722280	1801	1860	glf	group_1186	TP	0.44167257289575557	0.5220293093205427	103.77777777777777	109998.61111111111	0.08250621	18	2	0	4	9	8	6	0.6666667	2.0769231	0.4397637997091607	True	True	True	True	P↔T	T_A__P_B	TP:glf--group_1186	136	10419.0	0.19238775690224888	0.306910351125285	0.43976379970916074	0.9991361934926577	True
4722689	1801	2269	glf	group_3475	TP	0.5320780943568809	0.620154970862107	138.0	151005.53846153847	0.06325873	13	2	0	5	10	8	6	0.6	2.5	0.4671066682257567	True	True	True	True	P↔T	T_A__P_B	TP:glf--group_3475	145	10489.0	0.20390163535341135	0.33111220016910736	0.4671066682257567	0.9998093240537707	True
4722707	1801	2287	glf	group_4266	TP	0.5320780943568809	0.620154970862107	58.696969696969695	61457.333333333336	0.064396925	33	2	0	5	10	8	6	0.6	2.5	0.4556815364948874	True	False	True	False	P↔T	T_A__P_B	TP:glf--group_4266	116	6667.0	0.188799130087854	0.31087503039127046	0.4556815364948874	0.999850007499625	True
4722905	1801	2485	glf	group_5007	TP	0.44167257289575557	0.5220293093205427	4.705882352941177	4565.882352941177	0.038172208	34	2	0	4	9	8	6	0.6666667	2.0769231	0.4269809970649786	True	False	True	False	P↔T	T_A__P_B	TP:glf--group_5007	36	280.0	0.2727881376785547	0.34409666928375365	0.4269809970649786	1.0	True
4723066	1801	2646	glf	group_437	TP	0.5863592742291206	0.671235843173375	173.0909090909091	182185.18181818182	0.054256093	11	2	0	5	11	8	6	0.54545456	2.8139534	0.4822446250268134	True	True	True	True	P↔T	T_A__P_B	TP:glf--group_437	153	10364.0	0.22839731187146514	0.356249497460672	0.4822446250268134	0.9999035121574682	True
5025632	1987	2497	group_4509	group_6477	TP	0.27125231633672586	0.4356615729256234	632.3333333333334	646172.3333333334	0.0433336	6	0	1	1	7	13	7	1.0	1.0	0.2651453279067259	True	True	False	False	P↔T	T_A__P_B	TP:group_4509--group_6477	197	209.0	0.19905469160895403	0.24189179503864922	0.26514532790672596	1.0	True
5025675	1987	2540	group_4509	group_2868	TP	0.27125231633672586	0.4356615729256234	636.6	647744.2	0.045026183	5	0	1	1	7	13	7	1.0	1.0	0.2627144131808909	True	True	False	False	P↔T	T_A__P_B	TP:group_4509--group_2868	198	109.0	0.15246770923243033	0.18916294817138582	0.26271441318089095	1.0	True
5199355	2105	2111	group_919	group_2974	TP	0.4615641491557875	0.7476032083901433	69.64285714285714	63799.642857142855	0.2391916	14	0	1	1	6	4	6	1.0	1.0	0.4434913562725833	True	False	False	False	P↔T	T_A__P_B	TP:group_919--group_2974	122	7928.0	0.19534472572533212	0.3143485639798963	0.4434913562725833	0.9996215943491423	True
5208038	2111	2313	group_2974	group_5503	TP	0.4257054994342201	0.48656774443562506	61.0	65057.73333333333	0.06787943	15	1	0	1	6	4	6	1.0	1.0	0.4117413502757499	True	False	False	False	P↔T	T_A__P_B	TP:group_2974--group_5503	117	6863.0	0.18890577979392698	0.3051439369531576	0.4117413502757499	0.9994171645053184	True
5208065	2111	2340	group_2974	group_2388	TP	0.5510799280869729	0.6770445403385985	73.16666666666667	66390.25	0.20777842	12	1	1	1	6	4	6	1.0	1.0	0.4523804792945393	True	False	False	False	P↔T	T_A__P_B	TP:group_2974--group_2388	124	8493.0	0.18885285462170537	0.29965325605561777	0.45238047929453934	1.0	True
5208089	2111	2364	group_2974	group_5626	TP	0.4257054994342201	0.48656774443562506	62.94117647058823	66809.23529411765	0.0626838	17	1	0	1	6	4	6	1.0	1.0	0.4244377135316222	True	False	False	False	P↔T	T_A__P_B	TP:group_2974--group_5626	119	7426.0	0.18284300916437904	0.2929883771368866	0.4244377135316222	0.9990573660113116	True
5440789	2287	2304	group_4266	group_3153	TP	0.5452835046657886	0.6333963717124956	121.60714285714286	115089.25	0.030736733	28	2	0	3	8	2	4	0.5	2.4615386	0.4638188177778241	True	True	True	True	P↔T	T_A__P_B	TP:group_4266--group_3153	141	10327.0	0.2151252996707094	0.3408525996411131	0.4638188177778241	0.9999031664568606	True
5440798	2287	2313	group_4266	group_5503	TP	0.6268694575724263	0.7395695833710967	257.75	259331.5	0.024535201	8	2	0	3	8	2	4	0.5	2.4615386	0.5107419291721534	True	True	True	True	P↔T	T_A__P_B	TP:group_4266--group_5503	167	6382.0	0.28859550233087417	0.3958517696707674	0.5107419291721534	0.9996866186148543	True
5440803	2287	2318	group_4266	group_6036	TP	0.5452835046657886	0.6333963717124956	122.60714285714286	116279.5	0.030957311	28	2	0	3	8	2	4	0.5	2.4615386	0.4638188177778241	True	True	True	True	P↔T	T_A__P_B	TP:group_4266--group_6036	141	10327.0	0.2151252996707094	0.3408525996411131	0.4638188177778241	1.0	True
5440804	2287	2319	group_4266	group_6134	TP	0.6268694575724263	0.7395695833710967	257.8	258997.6	0.024535201	10	2	0	3	8	2	4	0.5	2.4615386	0.5107419291721534	True	True	True	True	P↔T	T_A__P_B	TP:group_4266--group_6134	167	6382.0	0.28859550233087417	0.3958517696707674	0.5107419291721534	0.9998433093074272	True
5440819	2287	2334	group_4266	group_6148	TP	0.6268694575724263	0.7395695833710967	275.1818181818182	262511.36363636365	0.023352707	11	2	0	3	8	2	4	0.5	2.4615386	0.5289453394573007	True	True	True	True	P↔T	T_A__P_B	TP:group_4266--group_6148	169	5474.0	0.30550744334912777	0.4273537436110101	0.5289453394573007	0.9994519546949214	True
5440849	2287	2364	group_4266	group_5626	TP	0.6268694575724263	0.7395695833710967	258.8	259712.7	0.022322446	10	2	0	3	8	2	4	0.5	2.4615386	0.5107419291721534	True	True	True	True	P↔T	T_A__P_B	TP:group_4266--group_5626	167	6382.0	0.28859550233087417	0.3958517696707674	0.5107419291721534	1.0	True
5440851	2287	2366	group_4266	group_6468	TP	0.6268694575724263	0.7395695833710967	269.8	268817.2	0.022533495	10	2	0	3	8	2	4	0.5	2.4615386	0.6268694575724263	True	True	True	True	P↔T	T_A__P_B	TP:group_4266--group_6468	168	6112.0	0.3082069094408026	0.423623407996715	0.6268694575724263	0.9988547120418848	True
5440852	2287	2367	group_4266	group_6480	TP	0.6268694575724263	0.7395695833710967	272.8	270231.7	0.022234285	10	2	0	3	8	2	4	0.5	2.4615386	0.5289453394573007	True	True	True	True	P↔T	T_A__P_B	TP:group_4266--group_6480	169	5474.0	0.30550744334912777	0.4273537436110101	0.5289453394573007	0.999634636463281	True
5440866	2287	2381	group_4266	group_6132	TP	0.6268694575724263	0.7395695833710967	255.0	257352.4	0.021191798	10	2	0	3	8	2	4	0.5	2.4615386	0.5927701462228009	True	True	True	True	P↔T	T_A__P_B	TP:group_4266--group_6132	166	6567.0	0.27769632731709515	0.4251110879808286	0.5927701462228009	0.9996954469316278	True
5440884	2287	2399	group_4266	group_4531	TP	0.6268694575724263	0.7395695833710967	268.8	268571.7	0.020378504	10	2	0	3	8	2	4	0.5	2.4615386	0.6268694575724263	True	True	True	True	P↔T	T_A__P_B	TP:group_4266--group_4531	168	6112.0	0.3082069094408026	0.423623407996715	0.6268694575724263	0.9990183246073299	True
5440888	2287	2403	group_4266	group_5501	TP	0.6268694575724263	0.7395695833710967	253.0	256204.0	0.020445295	10	2	0	3	8	2	4	0.5	2.4615386	0.5927701462228009	True	True	True	True	P↔T	T_A__P_B	TP:group_4266--group_5501	166	6567.0	0.27769632731709515	0.4251110879808286	0.5927701462228009	0.999847723465814	True
5440889	2287	2404	group_4266	group_5502	TP	0.6268694575724263	0.7395695833710967	254.0	256818.4	0.020445295	10	2	0	3	8	2	4	0.5	2.4615386	0.5927701462228009	True	True	True	True	P↔T	T_A__P_B	TP:group_4266--group_5502	166	6567.0	0.27769632731709515	0.4251110879808286	0.5927701462228009	1.0	True
5440949	2287	2464	group_4266	group_6467	TP	0.6268694575724263	0.7395695833710967	267.8	268134.7	0.017951513	10	2	0	3	8	2	4	0.5	2.4615386	0.6268694575724263	True	True	True	True	P↔T	T_A__P_B	TP:group_4266--group_6467	168	6112.0	0.3082069094408026	0.423623407996715	0.6268694575724263	0.9991819371727748	True
5440950	2287	2465	group_4266	group_6478	TP	0.6268694575724263	0.7395695833710967	271.90909090909093	261687.27272727274	0.018364722	11	2	0	3	8	2	4	0.5	2.4615386	0.6268694575724263	True	True	True	True	P↔T	T_A__P_B	TP:group_4266--group_6478	168	6112.0	0.3082069094408026	0.423623407996715	0.6268694575724263	0.9993455497382199	True
5440951	2287	2466	group_4266	group_6479	TP	0.6268694575724263	0.7395695833710967	271.09090909090907	261267.0	0.018364722	11	2	0	3	8	2	4	0.5	2.4615386	0.6268694575724263	True	True	True	True	P↔T	T_A__P_B	TP:group_4266--group_6479	168	6112.0	0.3082069094408026	0.423623407996715	0.6268694575724263	0.9995091623036649	True
5440952	2287	2467	group_4266	group_6481	TP	0.6268694575724263	0.7395695833710967	271.8	269781.8	0.018538084	10	2	0	3	8	2	4	0.5	2.4615386	0.6268694575724263	True	True	True	True	P↔T	T_A__P_B	TP:group_4266--group_6481	168	6112.0	0.3082069094408026	0.423623407996715	0.6268694575724263	0.99967277486911	True
5440959	2287	2474	group_4266	group_6482	TP	0.6268694575724263	0.7395695833710967	270.8	269444.6	0.01782415	10	2	0	3	8	2	4	0.5	2.4615386	0.6268694575724263	True	True	True	True	P↔T	T_A__P_B	TP:group_4266--group_6482	168	6112.0	0.3082069094408026	0.423623407996715	0.6268694575724263	0.9998363874345549	True
5440970	2287	2485	group_4266	group_5007	TP	0.6268694575724263	0.7395695833710967	54.14705882352941	55995.617647058825	0.014982088	34	2	0	3	8	2	4	0.5	2.4615386	0.4788884023765363	True	False	True	False	P↔T	T_A__P_B	TP:group_4266--group_5007	113	5941.0	0.18985898570518456	0.31222258097360567	0.47888840237653635	0.9998316781686585	True
5440975	2287	2490	group_4266	epsJ_1	TP	0.6268694575724263	0.7395695833710967	53.19444444444444	55232.47222222222	0.014982088	36	2	0	3	8	2	4	0.5	2.4615386	0.4788884023765363	True	False	True	False	P↔T	T_A__P_B	TP:group_4266--epsJ_1	113	5941.0	0.18985898570518456	0.31222258097360567	0.47888840237653635	1.0	True
5440978	2287	2493	group_4266	epsF	TP	0.6268694575724263	0.7395695833710967	52.19444444444444	54302.02777777778	0.014982088	36	2	0	3	8	2	4	0.5	2.4615386	0.4638793218811508	True	False	True	False	P↔T	T_A__P_B	TP:group_4266--epsF	112	5749.0	0.1826228823897008	0.305321109708178	0.4638793218811508	1.0	True
5440979	2287	2494	group_4266	group_6453	TP	0.6268694575724263	0.7395695833710967	55.03333333333333	56427.433333333334	0.014982088	30	2	0	3	8	2	4	0.5	2.4615386	0.4772301973650273	True	False	True	False	P↔T	T_A__P_B	TP:group_4266--group_6453	114	6138.0	0.18838353762034724	0.3055351693171141	0.4772301973650273	1.0	True
5440980	2287	2495	group_4266	group_6454	TP	0.6268694575724263	0.7395695833710967	55.96774193548387	57998.06451612903	0.014982088	31	2	0	3	8	2	4	0.5	2.4615386	0.4778499455562671	True	False	True	False	P↔T	T_A__P_B	TP:group_4266--group_6454	115	6555.0	0.18659759578688714	0.3121595860775297	0.4778499455562671	0.9998474446987032	True
5440981	2287	2496	group_4266	group_6455	TP	0.6268694575724263	0.7395695833710967	56.857142857142854	59585.8	0.014982088	35	2	0	3	8	2	4	0.5	2.4615386	0.4778499455562671	True	False	True	False	P↔T	T_A__P_B	TP:group_4266--group_6455	115	6555.0	0.18659759578688714	0.3121595860775297	0.4778499455562671	1.0	True
5440982	2287	2497	group_4266	group_6477	TP	0.5452835046657886	0.6333963717124956	272.72727272727275	261753.63636363635	0.021330524	11	2	0	3	8	2	4	0.5	2.4615386	0.5289453394573007	True	True	True	True	P↔T	T_A__P_B	TP:group_4266--group_6477	169	5474.0	0.30550744334912777	0.4273537436110101	0.5289453394573007	0.9990865911582024	True
5440983	2287	2498	group_4266	group_683	TP	0.464390369263808	0.5333620858198066	27.096774193548388	32896.1935483871	0.021038065	31	2	0	3	8	2	4	0.5	2.4615386	0.4502085658130336	True	False	True	False	P↔T	T_A__P_B	TP:group_4266--group_683	90	2114.0	0.22660988751596448	0.3287424035192702	0.45020856581303365	0.9995269631031221	True
5441000	2287	2515	group_4266	wecH	TP	0.6268694575724263	0.7395695833710967	57.77142857142857	60642.0	0.014541841	35	2	0	3	8	2	4	0.5	2.4615386	0.4556815364948874	True	False	True	False	P↔T	T_A__P_B	TP:group_4266--wecH	116	6667.0	0.188799130087854	0.31087503039127046	0.4556815364948874	1.0	True
5441020	2287	2535	group_4266	group_6476	TP	0.6268694575724263	0.7395695833710967	273.54545454545456	262086.0909090909	0.015333277	11	2	0	3	8	2	4	0.5	2.4615386	0.5289453394573007	True	True	True	True	P↔T	T_A__P_B	TP:group_4266--group_6476	169	5474.0	0.30550744334912777	0.4273537436110101	0.5289453394573007	0.9998173182316404	True
5441025	2287	2540	group_4266	group_2868	TP	0.6268694575724263	0.7395695833710967	274.4	261061.3	0.015833227	10	2	0	3	8	2	4	0.5	2.4615386	0.5289453394573007	True	True	True	True	P↔T	T_A__P_B	TP:group_4266--group_2868	169	5474.0	0.30550744334912777	0.4273537436110101	0.5289453394573007	1.0	True
5441027	2287	2542	group_4266	group_3051	TP	0.6268694575724263	0.7395695833710967	267.8181818181818	260123.63636363635	0.014562462	11	2	0	3	8	2	4	0.5	2.4615386	0.6268694575724263	True	True	True	True	P↔T	T_A__P_B	TP:group_4266--group_3051	168	6112.0	0.3082069094408026	0.423623407996715	0.6268694575724263	1.0	True
5441058	2287	2573	group_4266	group_682	TP	0.6268694575724263	0.7395695833710967	28.0	33742.382352941175	0.015482237	34	2	0	3	8	2	4	0.5	2.4615386	0.4373232933206934	True	False	True	False	P↔T	T_A__P_B	TP:group_4266--group_682	91	2160.0	0.23008963524055204	0.3316785748748303	0.4373232933206934	1.0	True
5441131	2287	2646	group_4266	group_437	TP	0.5452835046657886	0.6333963717124956	231.16666666666666	243688.5	0.019974174	12	2	0	3	8	2	4	0.5	2.4615386	0.4908116321999718	True	True	True	True	P↔T	T_A__P_B	TP:group_4266--group_437	163	7312.0	0.25010076509932777	0.3837856937996939	0.4908116321999718	0.99972647702407	True
361549	104	722	ndk	group_3268	TT	0.6460905050608089	1.0	1.5324675324675325	589.4831168831168	0.021464728	385	0	2	1	8	2	8	1.0	1.0	0.645946253033474	True	False	False	False	TT	T_A__T_B	TT:ndk--group_3268	1	3.0	0.6388779036940604	0.6446479847874592	0.645946253033474	1.0	True
701427	205	533	group_5878	group_4675	TT	0.7098148364870057	0.7364641013500087	1.9168356997971603	937.105476673428	0.019148154	493	2	2	1	7	3	7	1.0	1.0	0.7094821427053289	True	False	False	False	TT	T_A__T_B	TT:group_5878--group_4675	2	12.0	0.6931801474031682	0.7064878986702382	0.7094821427053289	1.0	True
875817	258	553	group_8491	group_1460	TT	0.6645284386549151	1.0	2.6092436974789917	1573.3844537815125	0.019373298	476	0	2	1	8	13	8	1.0	1.0	0.6644829391142175	True	False	False	False	TT	T_A__T_B	TT:group_8491--group_1460	4	13.0	0.6622534616200396	0.6640734432479399	0.6644829391142175	1.0	True
5209138	2111	3413	group_2974	ftsX	TT	0.4242730942075692	0.4904219803929734	583.375	595081.375	NA	8	1	2	1	6	4	6	1.0	1.0	0.4239631911237315	True	True	False	False	TT	T_A__T_B	TT:group_2974--ftsX	44	2.0	0.40877794001568535	0.4211740633691924	0.4239631911237315	0.22558108880003516	True
5964931	2831	2846	divIB	rsuA_2	TT	2.210363714728297	0.8302771302064652	8.1796875	8530.251953125	NA	512	3	19	1	6	38	6	1.0	1.0	2.19653346930392	True	False	False	False	TT	T_A__T_B	TT:divIB--rsuA_2	11	151.0	1.73265819632032	2.079164460408421	2.1965334693039202	1.0	True
5964964	2831	2879	divIB	murD	TT	2.231555535362405	0.8451868650173899	2.0	1072.437969924812	NA	532	19	19	1	5	12	5	1.0	1.0	2.2297372487840232	True	False	False	False	TT	T_A__T_B	TT:divIB--murD	3	231.0	1.9101006038909776	2.1677874747391175	2.2297372487840232	1.0	True
5965240	2831	3155	divIB	xseA	TT	2.102742755707667	0.7689773354829508	64.3076923076923	67535.92307692308	NA	26	14	23	1	6	31	6	1.0	1.0	2.09995601233249	True	False	False	False	TT	T_A__T_B	TT:divIB--xseA	27	1089.0	1.8416896968573466	2.008087699549727	2.09995601233249	0.9990817263544536	True
5967704	2835	2865	rnhC	plsX	TT	2.0890345263031023	0.8008076515619744	318.45	325583.9	NA	20	8	3	1	7	31	7	1.0	1.0	2.088687616316885	True	True	False	False	TT	T_A__T_B	TT:rnhC--plsX	39	2085.0	1.8807677432907817	2.0391921109456272	2.088687616316885	0.9990407673860912	True
5967710	2835	2871	rnhC	mutM	TT	2.171928750351832	0.817052112836522	194.0	182562.2	NA	5	1	10	1	16	20	16	1.0	1.0	2.1340583093616834	True	True	False	False	TT	T_A__T_B	TT:rnhC--mutM	35	5035.0	1.8681671198616785	2.0270708795631442	2.1340583093616834	1.0	True
5967729	2835	2890	rnhC	trpE	TT	2.1465914604303085	0.7914337045083557	345.125	338651.25	NA	24	0	3	1	6	38	6	1.0	1.0	2.1078359997157	True	True	False	False	TT	T_A__T_B	TT:rnhC--trpE	40	1235.0	1.924428418766399	2.03827820201801	2.1078359997157	1.0	True
5968027	2835	3188	rnhC	accA	TT	2.0950652188275707	0.77815091399593	22.924385633270322	21240.368620037807	NA	529	4	12	1	20	14	20	1.0	1.0	2.089279958757457	True	False	False	False	TT	T_A__T_B	TT:rnhC--accA	19	345.0	1.891071380169729	2.0364967870686397	2.089279958757457	1.0	True
5968100	2835	3261	rnhC	prfC	TT	2.140019899829528	0.7761663911778097	32.202298850574714	28832.445977011495	NA	435	0	20	1	6	38	6	1.0	1.0	2.132404844705289	True	False	False	False	TT	T_A__T_B	TT:rnhC--prfC	21	438.0	1.847074067436462	2.018576749002539	2.132404844705289	1.0	True
5968157	2835	3318	rnhC	glyQ	TT	2.146230017458576	0.801318776480387	192.4	193861.8	NA	5	8	4	1	7	31	7	1.0	1.0	2.1340583093616834	True	True	False	False	TT	T_A__T_B	TT:rnhC--glyQ	35	5035.0	1.8681671198616785	2.0270708795631442	2.1340583093616834	0.9992055610724926	True
5973189	2843	2890	arnB	trpE	TT	2.1040571601473514	0.7639087813810294	13.626637554585153	14776.465065502183	NA	458	11	2	1	6	1	6	1.0	1.0	2.089257742428729	True	False	False	False	TT	T_A__T_B	TT:arnB--trpE	15	231.0	1.791592236010944	2.011987441285006	2.089257742428729	1.0	True
5973802	2843	3503	arnB	glyS	TT	2.137407372367595	0.7722231286444144	242.2	240658.72	NA	25	18	4	1	6	38	6	1.0	1.0	2.1094866911881733	True	True	False	False	TT	T_A__T_B	TT:arnB--glyS	37	2690.0	1.8861998105467888	2.0209838763612473	2.1094866911881733	0.9996282527881041	True
5975181	2846	2851	rsuA_2	murG	TT	2.1764340149156083	0.8082629268687315	7.1796875	7465.341796875	NA	512	19	1	1	6	38	6	1.0	1.0	2.1698973232044203	True	False	False	False	TT	T_A__T_B	TT:rsuA_2--murG	10	149.0	1.9399645729589723	2.0932257562137595	2.1698973232044203	1.0	True
5975195	2846	2865	rsuA_2	plsX	TT	2.134740317660284	0.8178675500743509	497.1818181818182	520466.2727272727	NA	11	6	15	1	17	20	17	1.0	1.0	2.1306587228680014	True	True	False	False	TT	T_A__T_B	TT:rsuA_2--plsX	42	564.0	1.9385012489570448	2.050462133166137	2.1306587228680014	1.0	True
5975209	2846	2879	rsuA_2	murD	TT	2.2610740820026995	0.8447678474060555	6.180392156862745	6106.339215686275	NA	510	19	1	1	6	38	6	1.0	1.0	2.246596900604062	True	False	False	False	TT	T_A__T_B	TT:rsuA_2--murD	9	157.0	1.9378631413681275	2.1407595548374965	2.246596900604062	1.0	True
5975217	2846	2887	rsuA_2	aroE	TT	2.148887653948851	0.791804437756462	180.63636363636363	180985.18181818182	NA	11	4	17	1	5	23	5	1.0	1.0	2.1340583093616834	True	True	False	False	TT	T_A__T_B	TT:rsuA_2--aroE	35	5035.0	1.8681671198616785	2.0270708795631442	2.1340583093616834	0.9994041708043694	True
5975258	2846	2928	rsuA_2	rlmI	TT	2.160190434859032	0.7848249996679098	181.1818181818182	181307.36363636365	NA	11	4	17	1	5	23	5	1.0	1.0	2.1340583093616834	True	True	False	False	TT	T_A__T_B	TT:rsuA_2--rlmI	35	5035.0	1.8681671198616785	2.0270708795631442	2.1340583093616834	0.9996027805362463	True
5975280	2846	2950	rsuA_2	gyrB	TT	2.1812492167171134	0.8102634278068788	109.56603773584905	102263.17924528301	NA	106	4	12	1	5	23	5	1.0	1.0	2.132712508408717	True	True	False	False	TT	T_A__T_B	TT:rsuA_2--gyrB	31	2556.0	1.8366031751124232	2.0056483404426575	2.1327125084087175	1.0	True
5975318	2846	2988	rsuA_2	radA	TT	2.1536940885847944	0.8082164185230261	508.27272727272725	532717.8181818182	NA	11	4	12	1	5	23	5	1.0	1.0	2.144184456004475	True	True	False	False	TT	T_A__T_B	TT:rsuA_2--radA	43	109.0	2.0112585337596927	2.0642040621928657	2.144184456004475	1.0	True
5975336	2846	3006	rsuA_2	exoA	TT	2.1341473023482074	0.7955516194809578	189.6	175105.0	NA	5	0	13	1	10	21	10	1.0	1.0	2.1340583093616834	True	True	False	False	TT	T_A__T_B	TT:rsuA_2--exoA	35	5035.0	1.8681671198616785	2.0270708795631442	2.1340583093616834	0.9990069513406157	True
5975485	2846	3155	rsuA_2	xseA	TT	2.159284191195345	0.7793369966706116	54.69230769230769	57446.07692307692	NA	26	4	3	1	5	23	5	1.0	1.0	2.1445780466426108	True	False	False	False	TT	T_A__T_B	TT:rsuA_2--xseA	25	763.0	1.8936920252132066	2.0406596233102148	2.1445780466426108	1.0	True
5975504	2846	3174	rsuA_2	tyrS	TT	2.142635668794788	0.8102130839277584	274.4	278934.8	NA	5	19	14	1	6	38	6	1.0	1.0	2.1280389980730083	True	True	False	False	TT	T_A__T_B	TT:rsuA_2--tyrS	38	3053.0	1.859673080033995	2.014282895841766	2.1280389980730083	0.9996724533245988	True
5975648	2846	3318	rsuA_2	glyQ	TT	2.213761302845229	0.8252436770345318	128.72881355932202	122842.67796610169	NA	59	0	2	1	10	21	10	1.0	1.0	2.1986685285841863	True	True	False	False	TT	T_A__T_B	TT:rsuA_2--glyQ	32	2708.0	1.8610797768508234	2.029631656481069	2.1986685285841863	0.9996307237813885	True
5975833	2846	3503	rsuA_2	glyS	TT	2.2440369610247237	0.822930002026307	129.6271186440678	123799.7627118644	NA	59	4	16	1	5	23	5	1.0	1.0	2.1986685285841863	True	True	False	False	TT	T_A__T_B	TT:rsuA_2--glyS	32	2708.0	1.8610797768508234	2.029631656481069	2.1986685285841863	1.0	True
5976629	2848	2950	uvrB	gyrB	TT	2.1286705497654497	0.8040979622043477	300.2	293188.4	NA	5	11	10	1	6	38	6	1.0	1.0	2.1280389980730083	True	True	False	False	TT	T_A__T_B	TT:uvrB--gyrB	38	3053.0	1.859673080033995	2.014282895841766	2.1280389980730083	0.9990173599737963	True
5987972	2865	2988	plsX	radA	TT	2.1166189440142547	0.8213813851183537	12.423404255319149	10770.86170212766	NA	470	3	1	1	7	31	7	1.0	1.0	2.113654418435492	True	False	False	False	TT	T_A__T_B	TT:plsX--radA	14	204.0	1.8485206001725663	2.093257717991781	2.113654418435492	1.0	True
5991788	2871	2883	mutM	proA	TT	2.1607865065773906	0.812864183711109	34.71117166212534	28758.040871934605	NA	367	1	7	1	9	21	9	1.0	1.0	2.155879552106714	True	False	False	False	TT	T_A__T_B	TT:mutM--proA	22	456.0	1.8375482716694238	2.018189486765414	2.155879552106714	1.0	True
5991881	2871	2976	mutM	rnr	TT	2.21970940344867	0.8221149890788381	4.001883239171375	2315.3427495291903	NA	531	9	24	1	5	40	5	1.0	1.0	2.201211434999432	True	False	False	False	TT	T_A__T_B	TT:mutM--rnr	7	156.0	2.0220963806664107	2.0956540287658165	2.201211434999432	1.0	True
5992408	2871	3503	mutM	glyS	TT	2.1997491245010634	0.817401336850263	126.6	123235.2	NA	10	1	18	1	9	21	9	1.0	1.0	2.1986685285841863	True	True	False	False	TT	T_A__T_B	TT:mutM--glyS	32	2708.0	1.8610797768508234	2.029631656481069	2.1986685285841863	0.9992614475627769	True
5999567	2883	2928	proA	rlmI	TT	2.140109762704464	0.7788868068635416	146.25	140947.16666666666	NA	12	13	20	1	6	38	6	1.0	1.0	2.1386143348102773	True	True	False	False	TT	T_A__T_B	TT:proA--rlmI	33	3329.0	1.8786781267912487	2.023144041260392	2.1386143348102773	0.9990988284770201	True
5999615	2883	2976	proA	rnr	TT	2.118470591211901	0.7760380592825333	38.72207084468665	31905.283378746593	NA	367	10	5	1	6	8	6	1.0	1.0	2.088552874744352	True	False	False	False	TT	T_A__T_B	TT:proA--rnr	23	471.0	1.833142691581326	1.9751551473879736	2.0885528747443516	1.0	True
5999818	2883	3179	proA	aguA	TT	2.188570480375202	0.8083160685485468	10.045454545454545	8676.594696969696	NA	528	0	20	1	9	15	9	1.0	1.0	2.158654668046632	True	False	False	False	TT	T_A__T_B	TT:proA--aguA	13	220.0	1.8783748150417414	2.039608871829625	2.158654668046632	1.0	True
5999900	2883	3261	proA	prfC	TT	2.1855524414749232	0.7942870330200203	68.5	66433.0	NA	16	1	3	2	5	16	3	0.6	1.9230769	2.09995601233249	True	False	True	False	TT	T_A__T_B	TT:proA--prfC	27	1089.0	1.8416896968573466	2.008087699549727	2.09995601233249	1.0	True
5999957	2883	3318	proA	glyQ	TT	2.1755068031454114	0.8118448486865909	104.6875	102997.3125	NA	16	7	2	1	10	21	10	1.0	1.0	2.1742607814066504	True	True	False	False	TT	T_A__T_B	TT:proA--glyQ	30	2151.0	1.9253161058587165	2.0635659782050055	2.1742607814066504	0.99907019990702	True
6002135	2887	2950	aroE	gyrB	TT	2.1686074875666237	0.8009388643107073	147.0952380952381	139042.95238095237	NA	21	17	12	1	5	23	5	1.0	1.0	2.1386143348102773	True	True	False	False	TT	T_A__T_B	TT:aroE--gyrB	33	3329.0	1.8786781267912487	2.023144041260392	2.1386143348102773	0.99969960949234	True
6002688	2887	3503	aroE	glyS	TT	2.194907263698982	0.8002724775656723	90.07391304347826	82287.4	NA	230	17	16	1	5	23	5	1.0	1.0	2.167191352935953	True	False	False	False	TT	T_A__T_B	TT:aroE--glyS	29	1666.0	1.962481945441112	2.081036272720307	2.167191352935953	0.9993997599039616	True
6004012	2890	2928	trpE	rlmI	TT	2.136958058708052	0.771861835097391	268.7894736842105	269350.1052631579	NA	19	3	20	1	6	38	6	1.0	1.0	2.1280389980730083	True	True	False	False	TT	T_A__T_B	TT:trpE--rlmI	38	3053.0	1.859673080033995	2.014282895841766	2.1280389980730083	0.9993449066491975	True
6004090	2890	3006	trpE	exoA	TT	2.121322085773276	0.7861127615015964	20.593478260869563	21648.869565217392	NA	460	18	3	1	7	32	7	1.0	1.0	2.106386689688877	True	False	False	False	TT	T_A__T_B	TT:trpE--exoA	18	292.0	1.8387127164263344	2.036287032885518	2.106386689688877	1.0	True
6004587	2890	3503	trpE	glyS	TT	2.201570623166559	0.8026306490801535	231.20833333333334	227660.79166666666	NA	24	6	6	1	5	12	5	1.0	1.0	2.1864111750716506	True	True	False	False	TT	T_A__T_B	TT:trpE--glyS	36	3638.0	1.8860442198630556	2.0526448837258635	2.1864111750716506	0.9997251236943375	True
6027538	2928	3179	rlmI	aguA	TT	2.168544688809708	0.7837167419648109	142.91666666666666	137753.0	NA	12	9	14	1	10	6	10	1.0	1.0	2.1386143348102773	True	True	False	False	TT	T_A__T_B	TT:rlmI--aguA	33	3329.0	1.8786781267912487	2.023144041260392	2.1386143348102773	0.9993992189846801	True
6027738	2928	3379	rlmI	tyrA	TT	2.1596090017669534	0.7899889135058441	5.00187617260788	3789.9774859287054	NA	533	20	13	1	6	38	6	1.0	1.0	2.1561525311773546	True	False	False	False	TT	T_A__T_B	TT:rlmI--tyrA	8	194.0	1.9473898129670868	2.1214956225246073	2.1561525311773546	1.0	True
6027783	2928	3424	rlmI	hom	TT	2.120058696973326	0.7638678628586423	17.0	15998.449056603773	NA	530	15	9	1	42	8	42	1.0	1.0	2.101250575574703	True	False	False	False	TT	T_A__T_B	TT:rlmI--hom	17	299.0	1.8317048484533247	2.0215816125725055	2.101250575574703	1.0	True
6027862	2928	3503	rlmI	glyS	TT	2.1993933975393434	0.7908593411300087	88.1608695652174	80533.02608695652	NA	230	17	16	1	5	23	5	1.0	1.0	2.167191352935953	True	False	False	False	TT	T_A__T_B	TT:rlmI--glyS	29	1666.0	1.962481945441112	2.081036272720307	2.167191352935953	1.0	True
6040329	2950	3155	gyrB	xseA	TT	2.2007677826153924	0.7961069393233079	299.3333333333333	292331.8333333333	NA	6	12	3	1	5	23	5	1.0	1.0	2.1280389980730083	True	True	False	False	TT	T_A__T_B	TT:gyrB--xseA	38	3053.0	1.859673080033995	2.014282895841766	2.1280389980730083	1.0	True
6040353	2950	3179	gyrB	aguA	TT	2.160210467076942	0.7982993337075359	120.28571428571429	118613.0	NA	7	17	19	3	7	16	3	0.42857143	2.5789473	2.132712508408717	True	True	True	True	TT	T_A__T_B	TT:gyrB--aguA	31	2556.0	1.8366031751124232	2.0056483404426575	2.1327125084087175	0.9996087636932708	True
6040435	2950	3261	gyrB	prfC	TT	2.1917872326870924	0.7970340296446504	225.8	231595.6	NA	5	10	20	1	6	38	6	1.0	1.0	2.1864111750716506	True	True	False	False	TT	T_A__T_B	TT:gyrB--prfC	36	3638.0	1.8860442198630556	2.0526448837258635	2.1864111750716506	0.9991753710830127	True
6040677	2950	3503	gyrB	glyS	TT	2.2296435265966417	0.819561020950819	26.22093023255814	24821.5	NA	86	12	16	1	5	23	5	1.0	1.0	2.2292835752872	True	False	False	False	TT	T_A__T_B	TT:gyrB--glyS	20	408.0	1.9266369033128112	2.0819711981863422	2.2292835752872	1.0	True
6051592	2970	3188	group_4364	accA	TT	2.0987247634337516	0.8002726942876831	338.3157894736842	345133.4736842105	NA	19	14	17	2	6	16	3	0.5	2.0	2.088687616316885	True	True	True	True	TT	T_A__T_B	TT:group_4364--accA	39	2085.0	1.8807677432907817	2.0391921109456272	2.088687616316885	0.9995203836930455	True
6054874	2976	3179	rnr	aguA	TT	2.174807010118166	0.7912383442523425	48.74175824175824	41838.76098901099	NA	364	15	16	1	7	32	7	1.0	1.0	2.169390749271955	True	False	False	False	TT	T_A__T_B	TT:rnr--aguA	24	619.0	1.8453257323842462	2.0333861390803545	2.169390749271955	1.0	True
6054956	2976	3261	rnr	prfC	TT	2.117927699644759	0.758095572984376	178.6	167735.0	NA	5	5	0	1	6	8	6	1.0	1.0	2.115938026769439	True	True	False	False	TT	T_A__T_B	TT:rnr--prfC	34	3888.0	1.8644645181355985	2.0113916571994204	2.115938026769439	0.9992283950617284	True
6058453	2982	3503	tig	glyS	TT	2.1607964759044735	0.7922708200725095	188.4	187045.2	NA	5	11	15	1	17	20	17	1.0	1.0	2.1340583093616834	True	True	False	False	TT	T_A__T_B	TT:tig--glyS	35	5035.0	1.8681671198616785	2.0270708795631442	2.1340583093616834	0.9998013902681231	True
6059719	2985	3155	lacC_1	xseA	TT	2.1079171619167503	0.7728503847131996	16.7	11392.570833333333	NA	240	10	4	1	8	24	8	1.0	1.0	2.105660574122057	True	False	False	False	TT	T_A__T_B	TT:lacC_1--xseA	16	232.0	1.9318349867188913	2.0537250981042012	2.105660574122057	1.0	True
6060465	2986	3365	rplU	pta	TT	1.0879654223604733	0.6213249926034201	3.8817891373801916	2479.0255591054315	NA	313	4	12	1	6	38	6	1.0	1.0	1.0864651831121328	True	False	False	False	TT	T_A__T_B	TT:rplU--pta	6	39.0	0.8140053901698189	1.072963029877066	1.0864651831121328	1.0	True
6070765	3006	3155	exoA	xseA	TT	2.1105361352866954	0.7659781199077651	362.5	362429.8333333333	NA	6	10	17	1	36	13	36	1.0	1.0	2.1078359997157	True	True	False	False	TT	T_A__T_B	TT:exoA--xseA	40	1235.0	1.924428418766399	2.03827820201801	2.1078359997157	0.9991902834008097	True
6070928	3006	3318	exoA	glyQ	TT	2.140413624270495	0.8020825857208769	245.56	243994.2	NA	25	13	2	1	10	21	10	1.0	1.0	2.1094866911881733	True	True	False	False	TT	T_A__T_B	TT:exoA--glyQ	37	2690.0	1.8861998105467888	2.0209838763612473	2.1094866911881733	1.0	True
6071113	3006	3503	exoA	glyS	TT	2.1288003498037456	0.7849364079904538	246.08	244324.24	NA	25	13	18	1	10	21	10	1.0	1.0	2.1094866911881733	True	True	False	False	TT	T_A__T_B	TT:exoA--glyS	37	2690.0	1.8861998105467888	2.0209838763612473	2.1094866911881733	0.9992565055762082	True
6093766	3052	3501	fieF	dapB	TT	2.275310954153556	0.8616294182294633	3.0	3207.0420650095602	NA	523	3	5	2	5	30	4	0.8	1.4705882	2.2697068620800973	True	False	True	False	TT	T_A__T_B	TT:fieF--dapB	5	214.0	1.952491019645687	2.2159082164489905	2.2697068620800973	1.0	True
6101815	3070	3261	rlmL	prfC	TT	2.1271727236814684	0.7705765564878898	57.93769470404985	55712.11214953271	NA	321	11	20	1	6	38	6	1.0	1.0	2.1251296288104693	True	False	False	False	TT	T_A__T_B	TT:rlmL--prfC	26	970.0	1.8565116185977284	2.0039045295847195	2.1251296288104693	1.0	True
6125844	3127	3179	purH	aguA	TT	2.1457649701466748	0.8008288088454798	109.4	99692.8	NA	5	6	20	1	9	15	9	1.0	1.0	2.132712508408717	True	True	False	False	TT	T_A__T_B	TT:purH--aguA	31	2556.0	1.8366031751124232	2.0056483404426575	2.1327125084087175	0.9992175273865415	True
6125926	3127	3261	purH	prfC	TT	2.0990575060364476	0.7706087121496812	333.6842105263158	335435.2631578947	NA	19	18	0	1	6	8	6	1.0	1.0	2.088687616316885	True	True	False	False	TT	T_A__T_B	TT:purH--prfC	39	2085.0	1.8807677432907817	2.0391921109456272	2.088687616316885	1.0	True
6136498	3155	3179	xseA	aguA	TT	2.1895929840514223	0.7863949957162378	144.8	138615.6	NA	5	17	5	1	35	13	35	1.0	1.0	2.1386143348102773	True	True	False	False	TT	T_A__T_B	TT:xseA--aguA	33	3329.0	1.8786781267912487	2.023144041260392	2.1386143348102773	1.0	True
6136822	3155	3503	xseA	glyS	TT	2.213861339802722	0.790903909376727	226.91935483870967	220543.01612903227	NA	62	3	16	1	5	23	5	1.0	1.0	2.1864111750716506	True	True	False	False	TT	T_A__T_B	TT:xseA--glyS	36	3638.0	1.8860442198630556	2.0526448837258635	2.1864111750716506	1.0	True
6143257	3173	3503	malP	glyS	TT	2.1417274179195216	0.7967129013877908	171.0	169180.0	NA	5	2	4	1	6	38	6	1.0	1.0	2.115938026769439	True	True	False	False	TT	T_A__T_B	TT:malP--glyS	34	3888.0	1.8644645181355985	2.0113916571994204	2.115938026769439	0.9994855967078189	True
6143420	3174	3318	tyrS	glyQ	TT	2.1583835678486025	0.821333514115513	172.4	172149.4	NA	5	16	19	1	17	20	17	1.0	1.0	2.115938026769439	True	True	False	False	TT	T_A__T_B	TT:tyrS--glyQ	34	3888.0	1.8644645181355985	2.0113916571994204	2.115938026769439	1.0	True
6143605	3174	3503	tyrS	glyS	TT	2.154217373645728	0.8058866675606053	172.2	171252.2	NA	5	14	4	1	6	38	6	1.0	1.0	2.115938026769439	True	True	False	False	TT	T_A__T_B	TT:tyrS--glyS	34	3888.0	1.8644645181355985	2.0113916571994204	2.115938026769439	0.9997427983539094	True
6145145	3179	3318	aguA	glyQ	TT	2.2036056868826486	0.8170599607800246	99.6875	98101.75	NA	16	0	5	1	6	26	6	1.0	1.0	2.1742607814066504	True	False	False	False	TT	T_A__T_B	TT:aguA--glyQ	30	2151.0	1.9253161058587165	2.0635659782050055	2.1742607814066504	0.99953509995351	True
6145330	3179	3503	aguA	glyS	TT	2.2093850657957987	0.8056625767039839	100.0625	98178.4375	NA	16	4	8	1	16	14	16	1.0	1.0	2.1742607814066504	True	True	False	False	TT	T_A__T_B	TT:aguA--glyS	30	2151.0	1.9253161058587165	2.0635659782050055	2.1742607814066504	1.0	True
6148130	3188	3261	accA	prfC	TT	2.203344060703065	0.8006128150203513	9.070615034168565	6591.984054669704	NA	439	1	9	1	36	9	36	1.0	1.0	2.186089900020607	True	False	False	False	TT	T_A__T_B	TT:accA--prfC	12	144.0	1.863755009775737	2.0488138656497394	2.186089900020607	1.0	True
6148372	3188	3503	accA	glyS	TT	2.19789261744241	0.8072380858569691	213.4	212672.2	NA	5	9	10	1	10	15	10	1.0	1.0	2.1864111750716506	True	True	False	False	TT	T_A__T_B	TT:accA--glyS	36	3638.0	1.8860442198630556	2.0526448837258635	2.1864111750716506	0.999450247388675	True
6169833	3261	3283	prfC	tgt	TT	2.08796249310662	0.7689440077763748	422.1	403332.4	NA	10	20	3	1	6	38	6	1.0	1.0	2.0847775297875715	True	True	False	False	TT	T_A__T_B	TT:prfC--tgt	41	246.0	1.9170582853760525	2.003194448343832	2.0847775297875715	1.0	True
6183275	3318	3501	glyQ	dapB	TT	2.1670118354041956	0.8084293181276246	73.81481481481481	73826.33333333333	NA	108	4	8	1	7	31	7	1.0	1.0	2.1646109511033744	True	False	False	False	TT	T_A__T_B	TT:glyQ--dapB	28	1312.0	1.840632740019742	2.0109966345698593	2.1646109511033744	0.9992378048780488	True
6183277	3318	3503	glyQ	glyS	TT	2.326519732302537	0.8582856369093463	1.0	225.75046904315198	NA	533	12	21	2	7	40	5	0.71428573	1.6896552	2.322090864507949	True	False	True	False	TT	T_A__T_B	TT:glyQ--glyS	0	329.0	2.0198843430101636	2.208581666776896	2.322090864507949	1.0	True
6203773	3501	3503	dapB	glyS	TT	2.221469685364596	0.8153914442835284	74.81481481481481	74960.66666666667	NA	108	9	16	1	5	23	5	1.0	1.0	2.1646109511033744	True	False	False	False	TT	T_A__T_B	TT:dapB--glyS	28	1312.0	1.840632740019742	2.0109966345698593	2.1646109511033744	1.0	True
