pair_position	i	j	locus_A	locus_B	channel	MIraw	NMI	order_distance	bp_distance	phylo_dist	n_same_contig_observations	enriched_driver_A_state	enriched_driver_B_state	HC_supported	HC_driver_counts_total	HC69_dominant_cluster	HC69_max_driver_count	HC69_fmax	Neff	order_Q99_9	high_score_Q99_9	order_filter_ge_100	legacy_development_HC69_recurrence_ge_2	legacy_development_final_355	display_channel	orientation	edge_id	order_bin	local_background_N	conditional_Q95	conditional_Q99	conditional_Q99_9	empirical_percentile	high_information_pass	HC_driver_distribution	HC_testable	order_neff_bin	order_neff_background_N	order_neff_background_mean	order_neff_background_Q95	order_neff_empirical_percentile	Neff_excess	Neff_ratio_to_order_mean	population_count_pass	Neff_above_order_mean_pass	Neff_Q95_sensitivity_pass	Neff_filter_pass	HC_level	order_threshold	order_filter_pass	HC_recurrence_pass	final_pass
3339600	1129	1148	group_1922	group_2348	PP	0.26957858237662036	0.3899660883411208	135.14285714285714	136738.7142857143	0.02383157	7	1	1	25	211	9	58	0.2748815	6.2608633	0.2448827076162332	True	True	True	True	PP	P_A__P_B	PP:group_1922--group_2348	145	6974.0	0.07406310532732605	0.149634419516591	0.24488270761623324	0.9992830513335246	True	6:10;8:44;9:58;13:37;21:10;24:8;25:1;26:7;31:7;33:2;34:4;37:1;39:4;40:5;41:1;46:2;47:1;49:1;51:1;53:2;57:1;59:1;60:1;63:1;66:1	NA	145	6974	3.2296990755296964	8.066666603088379	0.8928878692285632	3.031164228608487	1.9385283760875933	True	True	False	True	69	100.0	True	True	True
3358702	1137	1142	yxlF	group_5417	PP	0.2928027577364576	0.4234561633746656	152.0	150310.7857142857	0.023824135	14	1	1	13	215	2	94	0.4372093	3.4157245	0.2790734676864135	True	True	True	True	PP	P_A__P_B	PP:yxlF--group_5417	149	7173.0	0.08341222594638732	0.16186191601190375	0.27907346768641356	0.999721176634602	True	2:94;3:63;12:7;14:20;15:10;18:1;20:13;25:1;33:2;37:1;56:1;63:1;64:1	NA	149	7173	3.1886390827032174	7.902439117431641	0.6638784330126865	0.2270854332116996	1.0712170387810667	True	True	False	True	69	100.0	True	True	True
3358705	1137	1145	yxlF	group_1482	PP	0.2791310095456147	0.4038233135364636	152.85714285714286	151256.35714285713	0.02435081	14	1	1	12	212	2	94	0.44339624	3.331653	0.2790734676864135	True	True	True	True	PP	P_A__P_B	PP:yxlF--group_1482	149	7173.0	0.08341222594638732	0.16186191601190375	0.27907346768641356	0.9990241182211069	True	2:94;3:63;12:7;14:19;15:10;18:1;20:13;25:1;33:1;37:1;56:1;63:1	NA	149	7173	3.1886390827032174	7.902439117431641	0.6542590269064548	0.14301403543032754	1.0448511204062283	True	True	False	True	69	100.0	True	True	True
3868384	1361	1784	group_1888	group_3921	PP	0.174108199911863	0.3104716089399468	575.375	588944.375	0.035226487	8	1	1	4	92	8	40	0.4347826	2.6938255	0.1495364557199526	True	True	True	True	PP	P_A__P_B	PP:group_1888--group_3921	194	339.0	0.04254342763282427	0.0911479723091607	0.1495364557199526	1.0	True	8:40;11:7;13:38;24:7	NA	194	339	2.3272801859188923	5.0	0.7463126843657817	0.36654529740325126	1.1574994277100874	True	True	False	True	69	100.0	True	True	True
2247689	709	2287	group_2753	group_4266	PT	0.5452835046657886	0.6333963717124956	225.6	217077.6	1.7555146	5	1	2	3	8	2	4	0.5	2.4615386	0.5413836004686878	True	True	True	True	P↔T	P_A__T_B	PT:group_2753--group_4266	163	5948.0	0.39222965366257195	0.46771821073727887	0.5413836004686878	0.9996637525218561	True	1:3;2:4;9:1	NA	163	14043	1.8601868568148903	5.450989484786985	0.8540685944855414	0.6013516964230248	1.3232748872619662	True	True	False	True	69	100.0	True	True	True
2323262	736	2287	glf_2	group_4266	PT	0.6268694575724263	0.7395695833710967	134.16666666666666	122644.25	1.8933095	12	1	2	3	8	2	4	0.5	2.4615386	0.5407323985278885	True	True	True	True	P↔T	P_A__T_B	PT:glf_2--group_4266	146	7243.0	0.3985379884054626	0.4711160910096245	0.5407323985278885	1.0	True	1:3;2:4;9:1	NA	146	17887	1.803369324336732	5.333333492279053	0.8622117906944636	0.6581692289011831	1.364966410384769	True	True	False	True	69	100.0	True	True	True
2383070	758	1056	group_3656	group_4441	PT	0.6011919136548338	0.6009458225842075	103.57142857142857	106442.57142857143	0.06061098	7	1	4	15	59	9	21	0.3559322	5.008633	0.5315847205535043	True	True	True	True	P↔T	P_A__T_B	PT:group_3656--group_4441	138	7091.0	0.3981037355735937	0.4751136246144751	0.5315847205535043	1.0	True	2:3;3:14;6:3;8:1;9:21;12:3;15:2;20:4;27:1;42:1;46:1;48:1;51:1;54:1;61:2	NA	138	17942	1.7996992428171743	5.310766386985789	0.9758849245522493	3.2089338939320933	2.783038975395112	True	True	False	True	69	100.0	True	True	True
2506617	803	1258	gpsB	group_1130	PT	0.6179271255663197	0.652523040540498	192.97058823529412	189997.88235294117	0.119551465	34	1	3	8	21	6	5	0.23809524	5.5822783	0.5413618801996942	True	True	True	True	P↔T	P_A__T_B	PT:gpsB--group_1130	158	7119.0	0.40751075935490166	0.4786089151492017	0.5413618801996942	0.9997190616659644	True	4:3;6:5;8:1;13:5;14:4;24:1;40:1;59:1	NA	158	17093	1.870046175147612	5.55555534362793	0.97724399494311	3.712232076500337	2.98510182573824	True	True	True	True	69	100.0	True	True	True
2506620	803	1261	gpsB	group_2577	PT	0.5509865752942333	0.6678610538025493	184.16666666666666	177779.08333333334	0.11610002	12	1	2	16	37	8	10	0.27027026	8.398773	0.5463577586943603	True	True	True	True	P↔T	P_A__T_B	PT:gpsB--group_2577	157	7369.0	0.39746671270646744	0.47722938257552205	0.5463577586943603	0.9991857782602795	True	1:4;3:1;5:1;7:1;8:10;10:1;11:2;14:3;16:1;24:3;29:1;32:3;36:1;50:2;54:2;55:1	NA	157	17419	1.8672670979431107	5.472362041473389	0.9948432623151038	6.5315060954162645	4.497895990675918	True	True	True	True	69	100.0	True	True	True
2585033	832	1258	ponA	group_1130	PT	0.6179271255663197	0.652523040540498	190.13513513513513	186659.94594594595	0.12028751	37	1	3	8	21	6	5	0.23809524	5.5822783	0.5413618801996942	True	True	True	True	P↔T	P_A__T_B	PT:ponA--group_1130	158	7119.0	0.40751075935490166	0.4786089151492017	0.5413618801996942	0.9998595308329822	True	4:3;6:5;8:1;13:5;14:4;24:1;40:1;59:1	NA	158	17093	1.870046175147612	5.55555534362793	0.9773844641101278	3.712232076500337	2.98510182573824	True	True	True	True	69	100.0	True	True	True
2651979	857	1279	group_2233	group_711	PT	0.5285303455019461	0.6135060387461422	174.57142857142858	181918.0	0.15002702	7	1	2	6	18	9	10	0.5555556	2.7	0.5276160322713785	True	True	True	True	P↔T	P_A__T_B	PT:group_2233--group_711	155	7412.0	0.38892000468947596	0.4653771741862497	0.5276160322713785	0.999055585536967	True	7:1;9:10;14:4;21:1;42:1;45:1	NA	155	18260	1.8470378414237094	5.538461685180664	0.8684565569347005	0.8529622062600064	1.4618000709733903	True	True	False	True	69	100.0	True	True	True
2755113	896	1258	group_2568	group_1130	PT	0.6179271255663197	0.652523040540498	169.92	160276.14	0.11124479	50	1	3	8	21	6	5	0.23809524	5.5822783	0.546038452356308	True	True	True	True	P↔T	P_A__T_B	PT:group_2568--group_1130	154	7155.0	0.4005528880979349	0.47750188380058434	0.546038452356308	0.9998602375960867	True	4:3;6:5;8:1;13:5;14:4;24:1;40:1;59:1	NA	154	18015	1.8516442143913776	5.582278251647949	0.9772187281621244	3.7306340372565714	3.0147682844583645	True	True	False	True	69	100.0	True	True	True
2802210	914	1258	group_2556	group_1130	PT	0.6179271255663197	0.652523040540498	306.84615384615387	315278.46153846156	0.108859494	13	1	3	8	21	6	5	0.23809524	5.5822783	0.546391606804913	True	True	True	True	P↔T	P_A__T_B	PT:group_2556--group_1130	173	3102.0	0.4202058119151096	0.4872892599227348	0.546391606804913	1.0	True	4:3;6:5;8:1;13:5;14:4;24:1;40:1;59:1	NA	173	7947	1.8558135772630435	5.578121042251585	0.9738878143133463	3.7264646743849057	3.0079951564319845	True	True	True	True	69	100.0	True	True	True
2873277	941	2287	group_2386	group_4266	PT	0.6268694575724263	0.7395695833710967	128.58333333333334	117799.33333333333	1.6539729	12	1	2	3	8	2	4	0.5	2.4615386	0.5349641700005964	True	True	True	True	P↔T	P_A__T_B	PT:group_2386--group_4266	145	7304.0	0.3878549399318433	0.47243878077081425	0.5349641700005964	0.9998630887185104	True	1:3;2:4;9:1	NA	145	18405	1.8014155383733135	5.333333492279053	0.8610350492880613	0.6601230148646016	1.366446830729958	True	True	False	True	69	100.0	True	True	True
2886167	946	2287	wfgD	group_4266	PT	0.6268694575724263	0.7395695833710967	139.9090909090909	126733.36363636363	1.9719115	11	1	2	3	8	2	4	0.5	2.4615386	0.5278959988823944	True	True	True	True	P↔T	P_A__T_B	PT:wfgD--group_4266	148	7014.0	0.3872508087143199	0.4707294104569887	0.5278959988823944	1.0	True	1:3;2:4;9:1	NA	148	17624	1.842426439976346	5.44444465637207	0.8594240091246079	0.6191121132615691	1.3360308448838356	True	True	False	True	69	100.0	True	True	True
3121978	1039	2901	group_2751	sorB	PT	0.5453052179711018	0.5076960786197134	161.59574468085106	153231.5744680851	NA	47	1	1	14	68	13	34	0.5	3.4977307	0.5235805508804294	True	True	True	True	P↔T	P_A__T_B	PT:group_2751--sorB	152	7432.0	0.3944546112106894	0.4644477840770286	0.5235805508804294	0.9993272335844995	True	9:1;13:34;16:3;17:2;21:10;22:1;24:1;27:3;31:5;49:1;50:3;53:2;62:1;63:1	NA	152	18733	1.841368417849831	5.54159421920776	0.9172497308934338	1.6563623141142803	1.8995279261107438	True	True	False	True	69	100.0	True	True	True
3176398	1061	2948	group_2421	folD	PT	0.5434283552432793	0.35583989304957947	149.33333333333334	148247.0	NA	6	0	2	5	162	2	93	0.5740741	2.2146835	0.5237519847899347	True	True	True	True	P↔T	P_A__T_B	PT:group_2421--folD	150	7437.0	0.3911741891394638	0.4657936908457945	0.5237519847899347	0.9997310743579401	True	1:6;2:93;9:56;40:5;53:2	NA	150	18327	1.8351021224207318	5.401869297027588	0.8235847788086594	0.37958141029411196	1.2068448429417085	True	True	False	True	69	100.0	True	True	True
3192936	1068	2287	ygaZ	group_4266	PT	0.6268694575724264	0.7395695833710968	120.06451612903226	112791.16129032258	0.20279017	31	0	2	3	8	2	4	0.5	2.4615386	0.5308723356946042	True	True	True	True	P↔T	P_A__T_B	PT:ygaZ--group_4266	143	7375.0	0.3892867715236539	0.465944154279683	0.5308723356946042	1.0	True	1:3;2:4;9:1	NA	143	18128	1.8018726339236573	5.400000095367432	0.8585762711864406	0.6596659193142578	1.3661001931517247	True	True	False	True	69	100.0	True	True	True
3211503	1076	1258	group_5169	group_1130	PT	0.5268969176510274	0.5589536886891495	308.61538461538464	317320.1538461539	0.12829179	13	1	3	8	19	6	5	0.2631579	5.084507	0.5165281309090163	True	True	True	True	P↔T	P_A__T_B	PT:group_5169--group_1130	174	2770.0	0.41357427129786367	0.4791488749926245	0.5165281309090163	1.0	True	4:1;6:5;8:1;13:5;14:4;24:1;40:1;59:1	NA	174	7250	1.870894259156852	5.75856847763061	0.9610108303249097	3.2136127293685384	2.717688059407913	True	True	False	True	69	100.0	True	True	True
3247413	1090	3029	celD	pyrF	PT	0.5237286705395949	0.3340372479956572	160.66666666666666	149248.33333333334	NA	6	1	5	5	122	8	44	0.36065573	3.7396984	0.5235805508804294	True	True	True	True	P↔T	P_A__T_B	PT:celD--pyrF	152	7432.0	0.3944546112106894	0.4644477840770286	0.5235805508804294	0.9990581270182992	True	8:44;13:38;14:20;15:10;21:10	NA	152	18733	1.841368417849831	5.54159421920776	0.936221743810549	1.8983299921843486	2.030934371298185	True	True	False	True	69	100.0	True	True	True
3279576	1104	1249	group_2522	group_4408	PT	0.5870809905801407	0.7351258474585997	136.12244897959184	153104.5306122449	0.11334905	49	0	2	7	30	9	10	0.33333334	4.245283	0.5185137616003813	True	True	True	True	P↔T	P_A__T_B	PT:group_2522--group_4408	147	7193.0	0.3914997417947871	0.46727837387359594	0.5185137616003813	1.0	True	1:2;2:1;4:9;9:10;20:4;21:3;53:1	NA	147	18131	1.8106780502630617	5.400000095367432	0.9499513415820937	2.434605076567993	2.3445819792283253	True	True	False	True	69	100.0	True	True	True
3366510	1140	1801	group_860	glf	PT	0.532078094356881	0.6201549708621072	204.08333333333334	216671.41666666666	0.3093973	12	0	2	5	10	8	6	0.6	2.5	0.5252361461537143	True	True	True	True	P↔T	P_A__T_B	PT:group_860--glf	160	6267.0	0.4018437936070797	0.4723210133605855	0.5252361461537143	0.9992021700973353	True	8:6;13:1;34:1;39:1;46:1	NA	160	15356	1.8603871921351502	5.448009490966797	0.8527205999680868	0.6396128078648498	1.3438062842879346	True	True	False	True	69	100.0	True	True	True
3367657	1140	2948	group_860	folD	PT	0.5246364110720015	0.34345396636127007	164.9	167609.7	NA	10	1	2	5	162	2	93	0.5740741	2.2146835	0.5229541676739113	True	True	True	True	P↔T	P_A__T_B	PT:group_860--folD	153	7357.0	0.3875685866379974	0.461561628741317	0.5229541676739113	0.9993203751529156	True	1:6;2:93;9:56;40:5;53:2	NA	153	18722	1.8240242178923247	5.454115462303163	0.825064564360473	0.39065931482251903	1.2141744122640703	True	True	False	True	69	100.0	True	True	True
3368891	1141	1801	group_2416	glf	PT	0.532078094356881	0.6201549708621072	206.58333333333334	218474.0	0.30893955	12	0	2	5	10	8	6	0.6	2.5	0.5252361461537143	True	True	True	True	P↔T	P_A__T_B	PT:group_2416--glf	160	6267.0	0.4018437936070797	0.4723210133605855	0.5252361461537143	0.9993617360778682	True	8:6;13:1;34:1;39:1;46:1	NA	160	15356	1.8603871921351502	5.448009490966797	0.8528801659486197	0.6396128078648498	1.3438062842879346	True	True	False	True	69	100.0	True	True	True
3370038	1141	2948	group_2416	folD	PT	0.5248229396336043	0.3436014454044114	164.3	167978.9	NA	10	1	2	5	162	2	93	0.5740741	2.2146835	0.5229541676739113	True	True	True	True	P↔T	P_A__T_B	PT:group_2416--folD	153	7357.0	0.3875685866379974	0.461561628741317	0.5229541676739113	0.9994563001223324	True	1:6;2:93;9:56;40:5;53:2	NA	153	18722	1.8240242178923247	5.454115462303163	0.8252004893298899	0.39065931482251903	1.2141744122640703	True	True	False	True	69	100.0	True	True	True
3466137	1182	2287	group_4466	group_4266	PT	0.6268694575724264	0.7395695833710968	276.3076923076923	295326.0	0.15638399	13	0	2	3	8	2	4	0.5	2.4615386	0.5572412141756375	True	True	True	True	P↔T	P_A__T_B	PT:group_4466--group_4266	170	4350.0	0.41698755685469835	0.48456443129473364	0.5572412141756375	0.9997701149425288	True	1:3;2:4;9:1	NA	170	10049	1.945771443024122	6.122457695007326	0.8335632183908046	0.5157671102137931	1.265070757443221	True	True	False	True	69	100.0	True	True	True
3574989	1229	2287	group_4912	group_4266	PT	0.6268694575724264	0.7395695833710968	168.68	159155.76	0.12294042	25	0	2	3	8	2	4	0.5	2.4615386	0.546038452356308	True	True	True	True	P↔T	P_A__T_B	PT:group_4912--group_4266	154	7155.0	0.4005528880979349	0.47750188380058434	0.546038452356308	1.0	True	1:3;2:4;9:1	NA	154	18015	1.8516442143913776	5.582278251647949	0.8591194968553459	0.6098943388465374	1.3293798744414869	True	True	False	True	69	100.0	True	True	True
3666550	1269	2948	group_5893	folD	PT	0.5771011743865724	0.38128071349214404	107.42857142857143	110187.85714285714	NA	7	1	2	5	163	2	93	0.5705522	2.2209313	0.5583716907218641	True	True	True	True	P↔T	P_A__T_B	PT:group_5893--folD	139	7470.0	0.4039879220229497	0.47413304049816535	0.5583716907218641	0.9998661311914324	True	1:6;2:93;9:57;40:5;53:2	NA	139	18344	1.793957371042121	5.333333492279053	0.843908969210174	0.42697392053807914	1.2380067260405676	True	True	False	True	69	100.0	True	True	True
3862401	1358	2287	group_1322	group_4266	PT	0.6268694575724264	0.7395695833710968	131.06451612903226	123747.06451612903	0.11616103	31	0	2	3	8	2	4	0.5	2.4615386	0.5349641700005964	True	True	True	True	P↔T	P_A__T_B	PT:group_1322--group_4266	145	7304.0	0.3878549399318433	0.47243878077081425	0.5349641700005964	1.0	True	1:3;2:4;9:1	NA	145	18405	1.8014155383733135	5.333333492279053	0.8613088718510405	0.6601230148646016	1.366446830729958	True	True	False	True	69	100.0	True	True	True
3899650	1375	2901	group_4450	sorB	PT	0.5336256711601667	0.4965009125331588	181.2183908045977	161308.8735632184	NA	87	0	1	14	68	13	34	0.5	3.4977307	0.5287792974125534	True	True	True	True	P↔T	P_A__T_B	PT:group_4450--sorB	156	7473.0	0.3899028010488324	0.473850126100351	0.5287792974125534	0.9991971095945403	True	9:1;13:34;16:3;17:2;21:10;22:1;24:1;27:3;31:5;49:1;50:3;53:2;62:1;63:1	NA	156	17651	1.87652034734803	5.568420886993408	0.9112806101967081	1.6212103846160812	1.8639450069951213	True	True	False	True	69	100.0	True	True	True
4288821	1565	2287	group_2856	group_4266	PT	0.6268694575724264	0.7395695833710968	269.53846153846155	287091.6923076923	0.079943776	13	0	2	3	8	2	4	0.5	2.4615386	0.6087443308342555	True	True	True	True	P↔T	P_A__T_B	PT:group_2856--group_4266	169	4479.0	0.40207819214322427	0.4730930617839842	0.6087443308342555	0.9991069435141773	True	1:3;2:4;9:1	NA	169	10858	1.9433712373563303	6.050054121017456	0.8289796829649475	0.5181673158815847	1.266633212389453	True	True	False	True	69	100.0	True	True	True
4396817	1621	2287	group_2872	group_4266	PT	0.6268694575724264	0.7395695833710968	245.9090909090909	246876.18181818182	0.08593537	11	0	2	3	8	2	4	0.5	2.4615386	0.5193783119600369	True	True	True	True	P↔T	P_A__T_B	PT:group_2872--group_4266	166	5137.0	0.3932103505718579	0.46372119274965456	0.5193783119600369	1.0	True	1:3;2:4;9:1	NA	166	12247	1.9401841025805293	5.8275861740112305	0.8372591006423983	0.5213544506573857	1.2687139070792104	True	True	False	True	69	100.0	True	True	True
4534716	1695	2287	argH	group_4266	PT	0.6268694575724264	0.7395695833710968	163.79166666666666	154006.79166666666	0.06638675	24	0	2	3	8	2	4	0.5	2.4615386	0.5229541676739113	True	True	True	True	P↔T	P_A__T_B	PT:argH--group_4266	153	7357.0	0.3875685866379974	0.461561628741317	0.5229541676739113	1.0	True	1:3;2:4;9:1	NA	153	18722	1.8240242178923247	5.454115462303163	0.8495310588555117	0.6375143353455903	1.3495097976726667	True	True	False	True	69	100.0	True	True	True
4545657	1701	2287	group_6020	group_4266	PT	0.6268694575724264	0.7395695833710968	207.92307692307693	224475.23076923078	0.083366744	13	0	2	3	8	2	4	0.5	2.4615386	0.5417174321406638	True	True	True	True	P↔T	P_A__T_B	PT:group_6020--group_4266	161	6396.0	0.40269179499689234	0.4716752021482288	0.5417174321406638	1.0	True	1:3;2:4;9:1	NA	161	14953	1.8541512875973736	5.44444465637207	0.840368980612883	0.6073872656405415	1.32758236596087	True	True	False	True	69	100.0	True	True	True
4693314	1784	2287	group_3921	group_4266	PT	0.6268694575724264	0.7395695833710968	341.8333333333333	361045.0833333333	0.06723683	12	0	2	3	8	2	4	0.5	2.4615386	0.5429788119089445	True	True	True	True	P↔T	P_A__T_B	PT:group_3921--group_4266	177	2116.0	0.4323586248143557	0.4904347943867734	0.5429788119089445	1.0	True	1:3;2:4;9:1	NA	177	5489	1.7581783054434856	5.235597515106198	0.8497164461247637	0.7033602477944294	1.4000505782699968	True	True	False	True	69	100.0	True	True	True
4767102	1827	2287	group_1172	group_4266	PT	0.5193783119600369	0.6033051349009347	244.9090909090909	246355.9090909091	0.07693357	11	0	2	3	8	2	4	0.5	2.4615386	0.5193783119600369	True	True	True	True	P↔T	P_A__T_B	PT:group_1172--group_4266	166	5137.0	0.3932103505718579	0.46372119274965456	0.5193783119600369	0.9988320031146584	True	1:3;2:4;9:1	NA	166	12247	1.9401841025805293	5.8275861740112305	0.8376484329375121	0.5213544506573857	1.2687139070792104	True	True	False	True	69	100.0	True	True	True
4822476	1860	2287	group_1186	group_4266	PT	0.6268694575724264	0.7395695833710968	161.94736842105263	172616.36842105264	0.049427133	19	0	2	3	8	2	4	0.5	2.4615386	0.5235805508804294	True	True	True	True	P↔T	P_A__T_B	PT:group_1186--group_4266	152	7432.0	0.3944546112106894	0.4644477840770286	0.5235805508804294	1.0	True	1:3;2:4;9:1	NA	152	18733	1.841368417849831	5.54159421920776	0.8591227125941873	0.620170135388084	1.3367985077707902	True	True	False	True	69	100.0	True	True	True
4837389	1869	2287	group_5527	group_4266	PT	0.6268694575724264	0.7395695833710968	188.78571428571428	205020.35714285713	0.05374972	14	0	2	3	8	2	4	0.5	2.4615386	0.5463577586943603	True	True	True	True	P↔T	P_A__T_B	PT:group_5527--group_4266	157	7369.0	0.39746671270646744	0.47722938257552205	0.5463577586943603	0.9998642963767133	True	1:3;2:4;9:1	NA	157	17419	1.8672670979431107	5.472362041473389	0.8410910571312255	0.5942714552948043	1.3182573376617754	True	True	False	True	69	100.0	True	True	True
4913952	1916	2287	group_3103	group_4266	PT	0.5193783119600369	0.6033051349009347	246.9090909090909	247468.36363636365	0.05856729	11	0	2	3	8	2	4	0.5	2.4615386	0.5193783119600369	True	True	True	True	P↔T	P_A__T_B	PT:group_3103--group_4266	166	5137.0	0.3932103505718579	0.46372119274965456	0.5193783119600369	0.9990266692622153	True	1:3;2:4;9:1	NA	166	12247	1.9401841025805293	5.8275861740112305	0.8378430990850692	0.5213544506573857	1.2687139070792104	True	True	False	True	69	100.0	True	True	True
5033082	1992	2287	group_5452	group_4266	PT	0.6268694575724264	0.7395695833710968	201.13333333333333	194780.06666666668	0.042270612	15	0	2	3	8	2	4	0.5	2.4615386	0.5724348833960944	True	True	True	True	P↔T	P_A__T_B	PT:group_5452--group_4266	159	6639.0	0.3978346012983011	0.4785392022326528	0.5724348833960944	0.9995481247175779	True	1:3;2:4;9:1	NA	159	16146	1.8426474396748036	5.44444465637207	0.8502786564241602	0.6188911135631114	1.3358706067354564	True	True	False	True	69	100.0	True	True	True
5034611	1993	2287	group_6043	group_4266	PT	0.6268694575724264	0.7395695833710968	200.13333333333333	194069.2	0.042270612	15	0	2	3	8	2	4	0.5	2.4615386	0.5724348833960944	True	True	True	True	P↔T	P_A__T_B	PT:group_6043--group_4266	159	6639.0	0.3978346012983011	0.4785392022326528	0.5724348833960944	0.9996987498117186	True	1:3;2:4;9:1	NA	159	16146	1.8426474396748036	5.44444465637207	0.850429281518301	0.6188911135631114	1.3358706067354564	True	True	False	True	69	100.0	True	True	True
5043764	1999	2287	group_4105	group_4266	PT	0.6268694575724264	0.7395695833710968	199.13333333333333	193011.0	0.041652247	15	0	2	3	8	2	4	0.5	2.4615386	0.5724348833960944	True	True	True	True	P↔T	P_A__T_B	PT:group_4105--group_4266	159	6639.0	0.3978346012983011	0.4785392022326528	0.5724348833960944	0.9998493749058593	True	1:3;2:4;9:1	NA	159	16146	1.8426474396748036	5.44444465637207	0.8505799066124416	0.6188911135631114	1.3358706067354564	True	True	False	True	69	100.0	True	True	True
5048327	2002	2287	maa	group_4266	PT	0.6268694575724264	0.7395695833710968	197.13333333333333	187995.53333333333	0.041830365	15	0	2	3	8	2	4	0.5	2.4615386	0.5724348833960944	True	True	True	True	P↔T	P_A__T_B	PT:maa--group_4266	159	6639.0	0.3978346012983011	0.4785392022326528	0.5724348833960944	1.0	True	1:3;2:4;9:1	NA	159	16146	1.8426474396748036	5.44444465637207	0.8507305317065823	0.6188911135631114	1.3358706067354564	True	True	False	True	69	100.0	True	True	True
5055912	2007	2287	licC_3	group_4266	PT	0.6268694575724264	0.7395695833710968	157.14285714285714	166960.66666666666	0.04173715	21	0	2	3	8	2	4	0.5	2.4615386	0.5418130524014179	True	True	True	True	P↔T	P_A__T_B	PT:licC_3--group_4266	151	7301.0	0.3921240553854216	0.4786156708682058	0.5418130524014179	0.9998630324613067	True	1:3;2:4;9:1	NA	151	18376	1.825828799805176	5.44444465637207	0.8565949869880838	0.6357097534327389	1.3481759919114935	True	True	False	True	69	100.0	True	True	True
5103864	2039	2287	group_6045	group_4266	PT	0.6268694575724264	0.7395695833710968	192.13333333333333	183169.6	0.0421258	15	0	2	3	8	2	4	0.5	2.4615386	0.5413618801996942	True	True	True	True	P↔T	P_A__T_B	PT:group_6045--group_4266	158	7119.0	0.40751075935490166	0.4786089151492017	0.5413618801996942	1.0	True	1:3;2:4;9:1	NA	158	17093	1.870046175147612	5.55555534362793	0.8436578171091446	0.591492378090303	1.3162982743159342	True	True	False	True	69	100.0	True	True	True
5111264	2044	2287	group_3157	group_4266	PT	0.6268694575724264	0.7395695833710968	268.6363636363636	260380.63636363635	0.044712648	11	0	2	3	8	2	4	0.5	2.4615386	0.6087443308342555	True	True	True	True	P↔T	P_A__T_B	PT:group_3157--group_4266	169	4479.0	0.40207819214322427	0.4730930617839842	0.6087443308342555	0.999330207635633	True	1:3;2:4;9:1	NA	169	10858	1.9433712373563303	6.050054121017456	0.8292029470864032	0.5181673158815847	1.266633212389453	True	True	False	True	69	100.0	True	True	True
5133314	2059	2287	group_3144	group_4266	PT	0.6268694575724264	0.7395695833710968	273.8	270496.9	0.044014253	10	0	2	3	8	2	4	0.5	2.4615386	0.5572412141756375	True	True	True	True	P↔T	P_A__T_B	PT:group_3144--group_4266	170	4350.0	0.41698755685469835	0.48456443129473364	0.5572412141756375	1.0	True	1:3;2:4;9:1	NA	170	10049	1.945771443024122	6.122457695007326	0.8340229885057471	0.5157671102137931	1.265070757443221	True	True	False	True	69	100.0	True	True	True
5270472	2156	2287	group_3469	group_4266	PT	0.6268694575724264	0.7395695833710968	251.1	253508.7	0.034890436	10	0	2	3	8	2	4	0.5	2.4615386	0.585342065690689	True	True	True	True	P↔T	P_A__T_B	PT:group_3469--group_4266	167	4861.0	0.39145679725215143	0.46645311733563194	0.585342065690689	0.9993828430364122	True	1:3;2:4;9:1	NA	167	11745	1.990375276848122	6.246153831481919	0.8311047109648221	0.47116327638979305	1.236720824394437	True	True	False	True	69	100.0	True	True	True
5274564	2159	2287	group_4136	group_4266	PT	0.6268694575724264	0.7395695833710968	250.1	252864.9	0.034890436	10	0	2	3	8	2	4	0.5	2.4615386	0.585342065690689	True	True	True	True	P↔T	P_A__T_B	PT:group_4136--group_4266	167	4861.0	0.39145679725215143	0.46645311733563194	0.585342065690689	0.9995885620242748	True	1:3;2:4;9:1	NA	167	11745	1.990375276848122	6.246153831481919	0.8313104299526847	0.47116327638979305	1.236720824394437	True	True	False	True	69	100.0	True	True	True
5277287	2161	2287	group_4951	group_4266	PT	0.6268694575724264	0.7395695833710968	252.33333333333334	256151.33333333334	0.034890436	9	0	2	3	8	2	4	0.5	2.4615386	0.585342065690689	True	True	True	True	P↔T	P_A__T_B	PT:group_4951--group_4266	167	4861.0	0.39145679725215143	0.46645311733563194	0.585342065690689	0.9997942810121374	True	1:3;2:4;9:1	NA	167	11745	1.990375276848122	6.246153831481919	0.8315161489405473	0.47116327638979305	1.236720824394437	True	True	False	True	69	100.0	True	True	True
5278647	2162	2287	group_4952	group_4266	PT	0.6268694575724264	0.7395695833710968	263.8	264342.2	0.034890436	10	0	2	3	8	2	4	0.5	2.4615386	0.6268694575724264	True	True	True	True	P↔T	P_A__T_B	PT:group_4952--group_4266	168	4612.0	0.39201979489926325	0.4617603086912223	0.6268694575724264	0.998915871639202	True	1:3;2:4;9:1	NA	168	11213	1.9016865377792715	5.772191429138181	0.8399826539462273	0.5598520154586435	1.294397633014966	True	True	False	True	69	100.0	True	True	True
5280006	2163	2287	group_5505	group_4266	PT	0.6268694575724264	0.7395695833710968	259.8	260546.8	0.034890436	10	0	2	3	8	2	4	0.5	2.4615386	0.6268694575724264	True	True	True	True	P↔T	P_A__T_B	PT:group_5505--group_4266	168	4612.0	0.39201979489926325	0.4617603086912223	0.6268694575724264	0.9991326973113617	True	1:3;2:4;9:1	NA	168	11213	1.9016865377792715	5.772191429138181	0.8401994796183868	0.5598520154586435	1.294397633014966	True	True	False	True	69	100.0	True	True	True
5281364	2164	2287	group_5506	group_4266	PT	0.6268694575724264	0.7395695833710968	260.8	261703.0	0.034890436	10	0	2	3	8	2	4	0.5	2.4615386	0.6268694575724264	True	True	True	True	P↔T	P_A__T_B	PT:group_5506--group_4266	168	4612.0	0.39201979489926325	0.4617603086912223	0.6268694575724264	0.9993495229835212	True	1:3;2:4;9:1	NA	168	11213	1.9016865377792715	5.772191429138181	0.8404163052905465	0.5598520154586435	1.294397633014966	True	True	False	True	69	100.0	True	True	True
5282721	2165	2287	group_5508	group_4266	PT	0.6268694575724264	0.7395695833710968	265.8	266457.9	0.034890436	10	0	2	3	8	2	4	0.5	2.4615386	0.6087443308342555	True	True	True	True	P↔T	P_A__T_B	PT:group_5508--group_4266	169	4479.0	0.40207819214322427	0.4730930617839842	0.6087443308342555	0.9995534717570886	True	1:3;2:4;9:1	NA	169	10858	1.9433712373563303	6.050054121017456	0.8294262112078589	0.5181673158815847	1.266633212389453	True	True	False	True	69	100.0	True	True	True
5284077	2166	2287	group_6135	group_4266	PT	0.6268694575724264	0.7395695833710968	264.8	264806.6	0.034890436	10	0	2	3	8	2	4	0.5	2.4615386	0.6087443308342555	True	True	True	True	P↔T	P_A__T_B	PT:group_6135--group_4266	169	4479.0	0.40207819214322427	0.4730930617839842	0.6087443308342555	0.9997767358785443	True	1:3;2:4;9:1	NA	169	10858	1.9433712373563303	6.050054121017456	0.8296494753293145	0.5181673158815847	1.266633212389453	True	True	False	True	69	100.0	True	True	True
5292192	2172	2287	group_5507	group_4266	PT	0.6268694575724264	0.7395695833710968	261.8	262606.1	0.034177344	10	0	2	3	8	2	4	0.5	2.4615386	0.6268694575724264	True	True	True	True	P↔T	P_A__T_B	PT:group_5507--group_4266	168	4612.0	0.39201979489926325	0.4617603086912223	0.6268694575724264	0.9995663486556808	True	1:3;2:4;9:1	NA	168	11213	1.9016865377792715	5.772191429138181	0.840633130962706	0.5598520154586435	1.294397633014966	True	True	False	True	69	100.0	True	True	True
5306976	2183	2287	group_4501	group_4266	PT	0.6268694575724264	0.7395695833710968	262.8	263166.1	0.03345328	10	0	2	3	8	2	4	0.5	2.4615386	0.6268694575724264	True	True	True	True	P↔T	P_A__T_B	PT:group_4501--group_4266	168	4612.0	0.39201979489926325	0.4617603086912223	0.6268694575724264	0.9997831743278404	True	1:3;2:4;9:1	NA	168	11213	1.9016865377792715	5.772191429138181	0.8408499566348656	0.5598520154586435	1.294397633014966	True	True	False	True	69	100.0	True	True	True
5332227	2202	2287	group_6133	group_4266	PT	0.6268694575724264	0.7395695833710968	256.0	257795.2	0.031547032	10	0	2	3	8	2	4	0.5	2.4615386	0.585342065690689	True	True	True	True	P↔T	P_A__T_B	PT:group_6133--group_4266	167	4861.0	0.39145679725215143	0.46645311733563194	0.585342065690689	1.0	True	1:3;2:4;9:1	NA	167	11745	1.990375276848122	6.246153831481919	0.8317218679284097	0.47116327638979305	1.236720824394437	True	True	False	True	69	100.0	True	True	True
5386764	2244	2287	bca	group_4266	PT	0.6268694575724264	0.7395695833710968	291.8	307326.0	0.027304024	5	0	2	3	8	2	4	0.5	2.4615386	0.538637613543026	True	True	True	True	P↔T	P_A__T_B	PT:bca--group_4266	172	3348.0	0.4155455576610918	0.4910481058387643	0.538637613543026	1.0	True	1:3;2:4;9:1	NA	172	8361	1.8442579112316972	5.622073650360107	0.8434886499402628	0.6172806420062178	1.3347040770420031	True	True	False	True	69	100.0	True	True	True
5394411	2250	2287	group_5627	group_4266	PT	0.6268694575724264	0.7395695833710968	266.8	267191.6	0.029563747	10	0	2	3	8	2	4	0.5	2.4615386	0.6087443308342555	True	True	True	True	P↔T	P_A__T_B	PT:group_5627--group_4266	169	4479.0	0.40207819214322427	0.4730930617839842	0.6087443308342555	1.0	True	1:3;2:4;9:1	NA	169	10858	1.9433712373563303	6.050054121017456	0.8298727394507702	0.5181673158815847	1.266633212389453	True	True	False	True	69	100.0	True	True	True
5418389	2269	2287	group_3475	group_4266	PT	0.6268694575724264	0.7395695833710968	187.85714285714286	204178.42857142858	0.02666696	14	0	2	3	8	2	4	0.5	2.4615386	0.5463577586943603	True	True	True	True	P↔T	P_A__T_B	PT:group_3475--group_4266	157	7369.0	0.39746671270646744	0.47722938257552205	0.5463577586943603	1.0	True	1:3;2:4;9:1	NA	157	17419	1.8672670979431107	5.472362041473389	0.8412267607545122	0.5942714552948043	1.3182573376617754	True	True	False	True	69	100.0	True	True	True
5432106	2280	2287	group_4953	group_4266	PT	0.6268694575724264	0.7395695833710968	261.27272727272725	257986.72727272726	0.026030747	11	0	2	3	8	2	4	0.5	2.4615386	0.6268694575724264	True	True	True	True	P↔T	P_A__T_B	PT:group_4953--group_4266	168	4612.0	0.39201979489926325	0.4617603086912223	0.6268694575724264	1.0	True	1:3;2:4;9:1	NA	168	11213	1.9016865377792715	5.772191429138181	0.8410667823070251	0.5598520154586435	1.294397633014966	True	True	False	True	69	100.0	True	True	True
320662	92	917	thrB_2	mutX_1	TP	0.45140401683956954	0.4962177357186143	119.14285714285714	118417.14285714286	0.027056675	7	4	1	36	97	8	14	0.14432989	16.89228	0.4511704467790327	True	True	True	True	P↔T	T_A__P_B	TP:thrB_2--mutX_1	140	10352.0	0.20911143075537533	0.3289027557887971	0.4511704467790327	0.9990340030911901	True	1:2;4:3;5:1;6:3;7:1;8:14;9:8;10:1;11:8;13:10;14:1;15:2;16:2;18:1;19:1;20:3;21:4;23:2;24:4;26:1;27:3;30:3;31:1;32:3;33:1;34:1;35:1;40:3;46:2;49:1;50:1;52:1;55:1;61:1;62:1;68:1	NA	142	18181	1.8044241354558723	5.405405521392822	0.9996288047512992	15.08785644315741	9.361590906866024	True	True	True	True	69	100.0	True	True	True
1450335	439	758	group_1393	group_3656	TP	0.5164565558869559	0.5223086968406295	137.6	141236.6	0.022662092	5	4	1	28	76	9	17	0.2236842	8.968945	0.4671066682257567	True	True	True	True	P↔T	T_A__P_B	TP:group_1393--group_3656	145	10489.0	0.20390163535341135	0.33111220016910736	0.4671066682257567	0.9997139860806559	True	1:2;3:13;4:11;6:3;7:1;9:17;11:1;12:1;13:4;14:3;15:2;18:1;19:1;20:1;21:1;23:2;24:1;29:1;30:1;31:1;32:1;34:1;39:1;40:1;46:1;47:1;50:1;61:1	NA	147	18131	1.8106780502630617	5.400000095367432	0.981440848418358	7.158266499297485	4.95336238723251	True	True	True	True	69	100.0	True	True	True
1450382	439	805	group_1393	group_5291	TP	0.5092470499564825	0.514297191347669	122.0	120634.0	0.023674937	5	4	1	27	75	9	17	0.22666667	8.748056	0.4638188177778241	True	True	True	True	P↔T	T_A__P_B	TP:group_1393--group_5291	141	10327.0	0.2151252996707094	0.3408525996411131	0.4638188177778241	0.9992253316548853	True	1:2;3:13;4:11;6:3;7:1;9:17;11:1;12:1;13:4;14:3;15:2;18:1;19:1;21:1;23:2;24:1;29:1;30:1;31:1;32:1;34:1;39:1;40:1;46:1;47:1;50:1;61:1	NA	143	18128	1.8018726339236573	5.400000095367432	0.9813075420812797	6.946183777819507	4.854980450362845	True	True	True	True	69	100.0	True	True	True
1450389	439	812	group_1393	group_2605	TP	0.5445947228446042	0.5499954028318409	103.25	97172.0	0.023796346	8	4	1	28	76	9	17	0.2236842	8.968945	0.4729031778618347	True	True	True	True	P↔T	T_A__P_B	TP:group_1393--group_2605	135	10445.0	0.19427115083720545	0.31339558513779836	0.4729031778618347	0.9997127812350407	True	1:2;3:13;4:11;6:3;7:1;9:17;11:1;12:1;13:4;14:3;15:2;18:1;19:1;20:1;21:1;23:2;24:1;29:1;30:1;31:1;32:1;34:1;39:1;40:1;46:1;47:1;50:1;61:1	NA	138	17942	1.7996992428171743	5.310766386985789	0.9817528338401991	7.169245306743372	4.9835796649672055	True	True	True	True	69	100.0	True	True	True
1451111	439	1534	group_1393	gutB	TP	0.47268415672031294	0.4765110734781797	136.11111111111111	144239.14444444445	0.073100545	90	4	0	24	72	9	17	0.2361111	8.1	0.4671066682257567	True	True	True	True	P↔T	T_A__P_B	TP:group_1393--gutB	145	10489.0	0.20390163535341135	0.33111220016910736	0.4671066682257567	0.9992372962150825	True	1:2;3:13;4:11;6:3;7:1;9:17;11:1;13:4;14:3;15:2;18:1;20:1;23:2;24:1;30:1;31:1;32:1;34:1;39:1;40:1;46:1;47:1;50:1;61:1	NA	147	18131	1.8106780502630617	5.400000095367432	0.9744925946242458	6.289322331206665	4.473462513279448	True	True	True	True	69	100.0	True	True	True
2872674	941	1684	group_2386	group_4888	TP	0.4637428963506291	0.47166419467001186	203.03614457831324	191643.9518072289	0.054400884	83	4	0	34	66	9	19	0.28787878	9.766816	0.4495451588683012	True	True	True	True	P↔T	T_A__P_B	TP:group_2386--group_4888	158	9065.0	0.23362085440445762	0.35204446739901274	0.4495451588683012	0.9992277992277993	True	1:2;6:4;9:19;10:1;11:1;12:1;14:2;16:1;18:1;20:2;21:1;23:1;24:1;25:1;26:1;28:1;29:1;30:1;31:2;32:3;33:2;34:2;35:1;36:1;38:3;40:1;42:1;44:1;46:1;50:2;51:1;54:1;58:1;62:1	NA	160	15356	1.8603871921351502	5.448009490966797	0.9809660028606008	7.906428947086042	5.249883562148104	True	True	True	True	69	100.0	True	True	True
2872742	941	1752	group_2386	group_4882	TP	0.5064677323814242	0.5159557114260696	200.0875	186494.65	0.05777766	80	4	0	35	69	9	19	0.2753623	10.372549	0.4495451588683012	True	True	True	True	P↔T	T_A__P_B	TP:group_2386--group_4882	158	9065.0	0.23362085440445762	0.35204446739901274	0.4495451588683012	0.999669056811914	True	1:2;6:4;9:19;10:1;11:1;12:1;14:2;16:1;18:1;20:4;21:1;23:1;24:1;25:1;26:1;28:1;29:1;30:1;31:2;32:3;33:2;34:2;35:1;36:1;38:3;40:1;42:1;44:1;46:1;50:2;51:1;53:1;54:1;58:1;62:1	NA	159	16146	1.8426474396748036	5.44444465637207	0.9876932786367939	8.529901617332033	5.629155547432024	True	True	True	True	69	100.0	True	True	True
2872782	941	1792	group_2386	group_3724	TP	0.5064677323814242	0.5159557114260696	166.11764705882354	158397.4705882353	0.05886419	17	4	0	37	69	9	19	0.2753623	10.463737	0.4884936686160739	True	True	True	True	P↔T	T_A__P_B	TP:group_2386--group_3724	152	10786.0	0.22550428321809185	0.3493053612327472	0.48849366861607396	0.9992582977934359	True	1:1;2:1;6:4;9:19;10:1;11:1;12:1;14:2;15:1;16:1;18:1;20:4;21:1;23:1;24:1;25:1;26:1;28:1;29:1;30:1;31:1;32:3;33:2;34:2;35:1;36:1;38:3;40:1;42:1;44:1;46:1;50:2;51:1;53:1;54:1;58:1;62:1	NA	153	18722	1.8240242178923247	5.454115462303163	0.9872415310162781	8.639712316226328	5.736621494099233	True	True	True	True	69	100.0	True	True	True
3162684	1056	1549	group_4441	group_8256	TP	0.4858538659893969	0.4857682043685985	194.97142857142856	186619.27142857143	0.07599941	70	4	0	13	56	9	21	0.375	4.5581393	0.4594130094976121	True	True	True	True	P↔T	T_A__P_B	TP:group_4441--group_8256	157	9172.0	0.22800226591397058	0.3397986272798108	0.45941300949761216	0.9992368076755342	True	2:2;3:14;6:3;8:1;9:21;12:3;15:2;20:4;42:1;46:1;48:1;51:1;61:2	NA	158	17093	1.870046175147612	5.55555534362793	0.9036494886705434	2.68809314904062	2.437447473096987	True	True	False	True	69	100.0	True	True	True
3162685	1056	1550	group_4441	Int-Tn_1	TP	0.5227654098814415	0.5234061459682091	193.08860759493672	185432.98734177215	0.0755054	79	4	0	13	55	9	21	0.38181818	4.4160585	0.4594130094976121	True	True	True	True	P↔T	T_A__P_B	TP:group_4441--Int-Tn_1	157	9172.0	0.22800226591397058	0.3397986272798108	0.45941300949761216	0.9997819450501526	True	3:14;6:3;8:1;9:21;12:3;15:2;20:4;27:1;42:1;46:1;48:1;51:1;61:2	NA	158	17093	1.870046175147612	5.55555534362793	0.8945257669941848	2.546012365196626	2.361470320376264	True	True	False	True	69	100.0	True	True	True
3162723	1056	1588	group_4441	group_3705	TP	0.5227654098814415	0.5234061459682091	188.12820512820514	181304.2435897436	0.0736823	78	4	0	13	55	9	21	0.38181818	4.4160585	0.5227654098814415	True	True	True	True	P↔T	T_A__P_B	TP:group_4441--group_3705	156	9821.0	0.2278506213944058	0.36729734267133524	0.5227654098814415	0.99887995112514	True	3:14;6:3;8:1;9:21;12:3;15:2;20:4;27:1;42:1;46:1;48:1;51:1;61:2	NA	157	17419	1.8672670979431107	5.472362041473389	0.8959203980099503	2.5487914424011278	2.3649849264782477	True	True	False	True	69	100.0	True	True	True
3162725	1056	1590	group_4441	group_5408	TP	0.5227654098814415	0.5234061459682091	184.12820512820514	177526.38461538462	0.0736823	78	4	0	13	55	9	21	0.38181818	4.4160585	0.5227654098814415	True	True	True	True	P↔T	T_A__P_B	TP:group_4441--group_5408	155	9591.0	0.23574501803149556	0.38088356576024535	0.5227654098814415	0.9989573558544469	True	3:14;6:3;8:1;9:21;12:3;15:2;20:4;27:1;42:1;46:1;48:1;51:1;61:2	NA	157	17419	1.8672670979431107	5.472362041473389	0.8960199004975125	2.5487914424011278	2.3649849264782477	True	True	False	True	69	100.0	True	True	True
3162745	1056	1610	group_4441	group_4837	TP	0.5403114221760668	0.5406576064510512	329.70588235294116	315937.0588235294	0.07138643	17	4	0	14	56	9	21	0.375	4.571429	0.5403114221760668	True	True	True	True	P↔T	T_A__P_B	TP:group_4441--group_4837	175	3819.0	0.3326430681026033	0.45841715009459055	0.5403114221760668	0.997643362136685	True	3:14;6:3;8:1;9:21;12:3;15:2;20:4;27:1;42:1;46:1;48:1;51:1;54:1;61:2	NA	176	6375	1.8860996431836894	5.764705657958984	0.9038755736868944	2.6853291326036643	2.423747224760032	True	True	False	True	69	100.0	True	True	True
3162748	1056	1613	group_4441	group_5357	TP	0.5403114221760668	0.5406576064510512	330.70588235294116	316415.0	0.07138191	17	4	0	14	56	9	21	0.375	4.571429	0.5403114221760668	True	True	True	True	P↔T	T_A__P_B	TP:group_4441--group_5357	175	3819.0	0.3326430681026033	0.45841715009459055	0.5403114221760668	0.9979052107881644	True	3:14;6:3;8:1;9:21;12:3;15:2;20:4;27:1;42:1;46:1;48:1;51:1;54:1;61:2	NA	176	6375	1.8860996431836894	5.764705657958984	0.9041305456399796	2.6853291326036643	2.423747224760032	True	True	False	True	69	100.0	True	True	True
3162764	1056	1629	group_4441	group_5358	TP	0.5403114221760668	0.5406576064510512	328.70588235294116	314758.64705882355	0.07011748	17	4	0	14	56	9	21	0.375	4.571429	0.5403114221760668	True	True	True	True	P↔T	T_A__P_B	TP:group_4441--group_5358	175	3819.0	0.3326430681026033	0.45841715009459055	0.5403114221760668	0.9981670594396439	True	3:14;6:3;8:1;9:21;12:3;15:2;20:4;27:1;42:1;46:1;48:1;51:1;54:1;61:2	NA	176	6375	1.8860996431836894	5.764705657958984	0.90464048954615	2.6853291326036643	2.423747224760032	True	True	False	True	69	100.0	True	True	True
3162765	1056	1630	group_4441	group_5359	TP	0.5403114221760668	0.5406576064510512	327.70588235294116	313081.4705882353	0.07016387	17	4	0	14	56	9	21	0.375	4.571429	0.5403114221760668	True	True	True	True	P↔T	T_A__P_B	TP:group_4441--group_5359	175	3819.0	0.3326430681026033	0.45841715009459055	0.5403114221760668	0.9984289080911233	True	3:14;6:3;8:1;9:21;12:3;15:2;20:4;27:1;42:1;46:1;48:1;51:1;54:1;61:2	NA	176	6375	1.8860996431836894	5.764705657958984	0.904895461499235	2.6853291326036643	2.423747224760032	True	True	False	True	69	100.0	True	True	True
3162768	1056	1633	group_4441	iap	TP	0.5403114221760668	0.5406576064510512	325.70588235294116	310849.64705882355	0.07011748	17	4	0	14	56	9	21	0.375	4.571429	0.5403114221760668	True	True	True	True	P↔T	T_A__P_B	TP:group_4441--iap	175	3819.0	0.3326430681026033	0.45841715009459055	0.5403114221760668	0.9986907567426028	True	3:14;6:3;8:1;9:21;12:3;15:2;20:4;27:1;42:1;46:1;48:1;51:1;54:1;61:2	NA	175	6982	1.8838952545346588	5.812149190902706	0.906981981981982	2.6875335212526945	2.426583306467611	True	True	False	True	69	100.0	True	True	True
3162775	1056	1640	group_4441	group_4892	TP	0.5227654098814415	0.5234061459682091	192.11688311688312	184938.2857142857	0.07151357	77	4	0	13	55	9	21	0.38181818	4.4160585	0.4594130094976121	True	True	True	True	P↔T	T_A__P_B	TP:group_4441--group_4892	157	9172.0	0.22800226591397058	0.3397986272798108	0.45941300949761216	0.9998909725250763	True	3:14;6:3;8:1;9:21;12:3;15:2;20:4;27:1;42:1;46:1;48:1;51:1;61:2	NA	158	17093	1.870046175147612	5.55555534362793	0.8946260276719471	2.546012365196626	2.361470320376264	True	True	False	True	69	100.0	True	True	True
3162786	1056	1651	group_4441	group_5412	TP	0.5227654098814415	0.5234061459682091	191.12820512820514	183707.6794871795	0.070902005	78	4	0	13	55	9	21	0.38181818	4.4160585	0.5227654098814415	True	True	True	True	P↔T	T_A__P_B	TP:group_4441--group_5412	156	9821.0	0.2278506213944058	0.36729734267133524	0.5227654098814415	0.9989817737501273	True	3:14;6:3;8:1;9:21;12:3;15:2;20:4;27:1;42:1;46:1;48:1;51:1;61:2	NA	158	17093	1.870046175147612	5.55555534362793	0.8947262883497092	2.546012365196626	2.361470320376264	True	True	False	True	69	100.0	True	True	True
3162795	1056	1660	group_4441	group_5411	TP	0.5227654098814415	0.5234061459682091	190.12820512820514	182550.83333333334	0.070324495	78	4	0	13	55	9	21	0.38181818	4.4160585	0.5227654098814415	True	True	True	True	P↔T	T_A__P_B	TP:group_4441--group_5411	156	9821.0	0.2278506213944058	0.36729734267133524	0.5227654098814415	0.9990835963751146	True	3:14;6:3;8:1;9:21;12:3;15:2;20:4;27:1;42:1;46:1;48:1;51:1;61:2	NA	158	17093	1.870046175147612	5.55555534362793	0.8948265490274714	2.546012365196626	2.361470320376264	True	True	False	True	69	100.0	True	True	True
3162798	1056	1663	group_4441	group_5991	TP	0.5227654098814415	0.5234061459682091	186.12820512820514	179578.39743589744	0.070236206	78	4	0	13	55	9	21	0.38181818	4.4160585	0.5227654098814415	True	True	True	True	P↔T	T_A__P_B	TP:group_4441--group_5991	155	9591.0	0.23574501803149556	0.38088356576024535	0.5227654098814415	0.9990616202690021	True	3:14;6:3;8:1;9:21;12:3;15:2;20:4;27:1;42:1;46:1;48:1;51:1;61:2	NA	157	17419	1.8672670979431107	5.472362041473389	0.8961194029850746	2.5487914424011278	2.3649849264782477	True	True	False	True	69	100.0	True	True	True
3162868	1056	1733	group_4441	group_3024	TP	0.5403114221760668	0.5406576064510512	326.25	311559.5	0.06667143	16	4	0	14	56	9	21	0.375	4.571429	0.5403114221760668	True	True	True	True	P↔T	T_A__P_B	TP:group_4441--group_3024	175	3819.0	0.3326430681026033	0.45841715009459055	0.5403114221760668	0.9989526053940823	True	3:14;6:3;8:1;9:21;12:3;15:2;20:4;27:1;42:1;46:1;48:1;51:1;54:1;61:2	NA	175	6982	1.8838952545346588	5.812149190902706	0.9072072072072072	2.6875335212526945	2.426583306467611	True	True	False	True	69	100.0	True	True	True
3162878	1056	1743	group_4441	group_4895	TP	0.5403114221760668	0.5406576064510512	332.70588235294116	317498.0	0.061976064	17	4	0	14	56	9	21	0.375	4.571429	0.5403114221760668	True	True	True	True	P↔T	T_A__P_B	TP:group_4441--group_4895	175	3819.0	0.3326430681026033	0.45841715009459055	0.5403114221760668	0.9992144540455616	True	3:14;6:3;8:1;9:21;12:3;15:2;20:4;27:1;42:1;46:1;48:1;51:1;54:1;61:2	NA	176	6375	1.8860996431836894	5.764705657958984	0.9059153493115757	2.6853291326036643	2.423747224760032	True	True	False	True	69	100.0	True	True	True
3162879	1056	1744	group_4441	erm	TP	0.5403114221760668	0.5406576064510512	333.70588235294116	317923.76470588235	0.06322551	17	4	0	14	56	9	21	0.375	4.571429	0.5403114221760668	True	True	True	True	P↔T	T_A__P_B	TP:group_4441--erm	175	3819.0	0.3326430681026033	0.45841715009459055	0.5403114221760668	0.9994763026970411	True	3:14;6:3;8:1;9:21;12:3;15:2;20:4;27:1;42:1;46:1;48:1;51:1;54:1;61:2	NA	176	6375	1.8860996431836894	5.764705657958984	0.9061703212646609	2.6853291326036643	2.423747224760032	True	True	False	True	69	100.0	True	True	True
3162888	1056	1753	group_4441	group_5422	TP	0.5403114221760668	0.5406576064510512	331.70588235294116	316797.4705882353	0.06267301	17	4	0	14	56	9	21	0.375	4.571429	0.5403114221760668	True	True	True	True	P↔T	T_A__P_B	TP:group_4441--group_5422	175	3819.0	0.3326430681026033	0.45841715009459055	0.5403114221760668	0.9997381513485205	True	3:14;6:3;8:1;9:21;12:3;15:2;20:4;27:1;42:1;46:1;48:1;51:1;54:1;61:2	NA	176	6375	1.8860996431836894	5.764705657958984	0.906425293217746	2.6853291326036643	2.423747224760032	True	True	False	True	69	100.0	True	True	True
3162917	1056	1782	group_4441	tetM	TP	0.5403114221760668	0.5406576064510512	323.6470588235294	308980.5882352941	0.06182725	17	4	0	14	56	9	21	0.375	4.571429	0.5362446942321507	True	True	True	True	P↔T	T_A__P_B	TP:group_4441--tetM	174	4367.0	0.3133152048902774	0.4665206558190084	0.5362446942321507	0.9993130295397298	True	3:14;6:3;8:1;9:21;12:3;15:2;20:4;27:1;42:1;46:1;48:1;51:1;54:1;61:2	NA	175	6982	1.8838952545346588	5.812149190902706	0.9074324324324324	2.6875335212526945	2.426583306467611	True	True	False	True	69	100.0	True	True	True
3401544	1155	1225	group_2492	group_1349	TP	0.32700772164017755	0.34671749235916527	493.75	482049.0	0.06693694	8	3	0	11	27	8	8	0.2962963	5.481203	0.2988911820712692	True	True	True	True	P↔T	T_A__P_B	TP:group_2492--group_1349	189	598.0	0.18081340513226318	0.25248819492336316	0.2988911820712692	1.0	True	2:2;4:7;8:8;10:1;15:1;21:1;32:3;37:1;39:1;56:1;60:1	NA	189	1014	1.4499290223422605	3.4190485000610322	0.982532751091703	4.031274056881372	3.7803251019619752	True	True	True	True	69	100.0	True	True	True
3416177	1161	1677	phnV_2	group_5361	TP	0.5091524360174702	0.48847761779073323	205.42857142857142	176509.0	0.048395883	7	4	0	14	29	9	7	0.2413793	8.009523	0.485384688437638	True	True	True	True	P↔T	T_A__P_B	TP:phnV_2--group_5361	159	8564.0	0.2423459130179614	0.3683869752229423	0.485384688437638	0.9992993928070995	True	4:1;9:7;14:5;21:2;26:1;28:1;29:1;30:3;31:1;37:1;40:3;50:1;52:1;61:1	NA	160	15356	1.8603871921351502	5.448009490966797	0.9666629992298382	6.149136199588483	4.305299147179772	True	True	True	True	69	100.0	True	True	True
3416183	1161	1683	phnV_2	Int-Tn_2	TP	0.5091524360174702	0.48847761779073323	216.46666666666667	189573.26666666666	0.047904596	15	4	0	14	29	9	7	0.2413793	8.009523	0.4844131039521858	True	True	True	True	P↔T	T_A__P_B	TP:phnV_2--Int-Tn_2	161	7560.0	0.23628115157323065	0.35115320246362075	0.48441310395218584	0.9993386243386243	True	4:1;9:7;14:5;21:2;26:1;28:1;29:1;30:3;31:1;37:1;40:3;50:1;52:1;61:1	NA	162	14220	1.8563262752675138	5.451612949371338	0.96833938180453	6.153197116456119	4.314717460199386	True	True	True	True	69	100.0	True	True	True
3416184	1161	1684	phnV_2	group_4888	TP	0.5521700017738462	0.5251133595863693	109.8	118739.2625	0.05986203	80	4	0	16	32	9	7	0.21875	9.309091	0.4813187017149842	True	True	True	True	P↔T	T_A__P_B	TP:phnV_2--group_4888	137	10349.0	0.20064857616853873	0.32538320593770226	0.48131870171498425	0.9997101169195092	True	1:2;4:1;9:7;14:5;21:2;26:1;28:1;29:1;30:3;31:1;37:1;40:3;50:1;52:1;61:1;62:1	NA	140	18065	1.7765889019046237	5.232558250427246	0.9831188211154636	7.5325017124142235	5.239867593644693	True	True	True	True	69	100.0	True	True	True
3416185	1161	1685	phnV_2	group_5944	TP	0.5091524360174702	0.48847761779073323	205.66666666666666	177734.16666666666	0.047904596	6	4	0	14	29	9	7	0.2413793	8.009523	0.485384688437638	True	True	True	True	P↔T	T_A__P_B	TP:phnV_2--group_5944	159	8564.0	0.2423459130179614	0.3683869752229423	0.485384688437638	0.9994161606725829	True	4:1;9:7;14:5;21:2;26:1;28:1;29:1;30:3;31:1;37:1;40:3;50:1;52:1;61:1	NA	160	15356	1.8603871921351502	5.448009490966797	0.9667730223346903	6.149136199588483	4.305299147179772	True	True	True	True	69	100.0	True	True	True
3416186	1161	1686	phnV_2	group_5945	TP	0.5091524360174702	0.48847761779073323	217.46666666666667	190703.06666666668	0.047904596	15	4	0	14	29	9	7	0.2413793	8.009523	0.4844131039521858	True	True	True	True	P↔T	T_A__P_B	TP:phnV_2--group_5945	161	7560.0	0.23628115157323065	0.35115320246362075	0.48441310395218584	0.9994708994708995	True	4:1;9:7;14:5;21:2;26:1;28:1;29:1;30:3;31:1;37:1;40:3;50:1;52:1;61:1	NA	162	14220	1.8563262752675138	5.451612949371338	0.9684645225879114	6.153197116456119	4.314717460199386	True	True	True	True	69	100.0	True	True	True
3416191	1161	1691	phnV_2	group_5360	TP	0.5091524360174702	0.48847761779073323	219.92857142857142	194154.92857142858	0.04745195	14	4	0	14	29	9	7	0.2413793	8.009523	0.4844131039521858	True	True	True	True	P↔T	T_A__P_B	TP:phnV_2--group_5360	161	7560.0	0.23628115157323065	0.35115320246362075	0.48441310395218584	0.9996031746031746	True	4:1;9:7;14:5;21:2;26:1;28:1;29:1;30:3;31:1;37:1;40:3;50:1;52:1;61:1	NA	162	14220	1.8563262752675138	5.451612949371338	0.9685896633712927	6.153197116456119	4.314717460199386	True	True	True	True	69	100.0	True	True	True
3416233	1161	1733	phnV_2	group_3024	TP	0.5344912148368385	0.5114836566616527	232.14285714285714	208764.35714285713	0.049922157	14	4	0	15	30	9	7	0.23333333	8.490566	0.4908116321999718	True	True	True	True	P↔T	T_A__P_B	TP:phnV_2--group_3024	163	7312.0	0.25010076509932777	0.3837856937996939	0.4908116321999718	0.999589715536105	True	1:1;4:1;9:7;14:5;21:2;26:1;28:1;29:1;30:3;31:1;37:1;40:3;50:1;52:1;61:1	NA	164	13219	1.8855704890950309	5.761904716491699	0.9709227190488499	6.604995764567079	4.502916386720239	True	True	True	True	69	100.0	True	True	True
3416244	1161	1744	phnV_2	erm	TP	0.5344912148368385	0.5114836566616527	237.33333333333334	212872.13333333333	0.045289483	15	4	0	15	30	9	7	0.23333333	8.490566	0.5097279543220731	True	True	True	True	P↔T	T_A__P_B	TP:phnV_2--erm	164	6865.0	0.2630241893124906	0.399875563537318	0.5097279543220731	1.0	True	1:1;4:1;9:7;14:5;21:2;26:1;28:1;29:1;30:3;37:1;40:3;50:1;52:1;61:1;62:1	NA	165	12418	1.9032631265807984	5.689376497268674	0.9729169545391737	6.587303127081311	4.461057504390034	True	True	True	True	69	100.0	True	True	True
3416252	1161	1752	phnV_2	group_4882	TP	0.5521700017738462	0.5251133595863693	106.85526315789474	113418.15789473684	0.055561952	76	4	0	16	32	9	7	0.21875	9.309091	0.4813187017149842	True	True	True	True	P↔T	T_A__P_B	TP:phnV_2--group_4882	137	10349.0	0.20064857616853873	0.32538320593770226	0.48131870171498425	0.9998067446130061	True	1:2;4:1;9:7;14:5;21:2;26:1;28:1;29:1;30:3;31:1;37:1;40:3;50:1;52:1;61:1;62:1	NA	139	18344	1.793957371042121	5.333333492279053	0.982527128931396	7.515133243276726	5.189137024427252	True	True	True	True	69	100.0	True	True	True
3416253	1161	1753	phnV_2	group_5422	TP	0.493825320880969	0.47147751852151626	235.33333333333334	211721.13333333333	0.04592318	15	4	0	15	30	9	7	0.23333333	8.490566	0.4908116321999718	True	True	True	True	P↔T	T_A__P_B	TP:phnV_2--group_5422	163	7312.0	0.25010076509932777	0.3837856937996939	0.4908116321999718	0.999316192560175	True	1:1;4:1;9:7;14:5;21:2;26:1;28:1;29:1;30:3;37:1;40:3;50:1;52:1;61:1;62:1	NA	165	12418	1.9032631265807984	5.689376497268674	0.9730551333425452	6.587303127081311	4.461057504390034	True	True	True	True	69	100.0	True	True	True
3416260	1161	1760	phnV_2	group_4448	TP	0.525054028154644	0.49851430436016975	182.94444444444446	196619.29166666666	0.06174112	72	4	0	16	32	9	7	0.21875	9.309091	0.5227654098814415	True	True	True	True	P↔T	T_A__P_B	TP:phnV_2--group_4448	155	9591.0	0.23574501803149556	0.38088356576024535	0.5227654098814415	0.9992701490981128	True	1:2;2:1;4:1;9:7;14:5;21:2;26:1;28:1;29:1;30:3;31:1;40:3;50:1;52:1;61:1;62:1	NA	156	17651	1.87652034734803	5.568420886993408	0.9799567695028493	7.432570266970817	4.96082583249087	True	True	True	True	69	100.0	True	True	True
3416282	1161	1782	phnV_2	tetM	TP	0.5521700017738462	0.5251133595863693	227.26666666666668	203718.13333333333	0.052832417	15	4	0	16	32	9	7	0.21875	9.309091	0.460990287300509	True	True	True	True	P↔T	T_A__P_B	TP:phnV_2--tetM	162	7828.0	0.24869316427324445	0.37233550229445356	0.46099028730050906	1.0	True	1:2;4:1;9:7;14:5;21:2;26:1;28:1;29:1;30:3;31:1;37:1;40:3;50:1;52:1;61:1;62:1	NA	164	13219	1.8855704890950309	5.761904716491699	0.9775135693977772	7.423520125223817	4.937015438116394	True	True	True	True	69	100.0	True	True	True
3416292	1161	1792	phnV_2	group_3724	TP	0.521253593161121	0.4966306866011499	238.33333333333334	214597.66666666666	0.045369342	15	4	0	16	31	9	7	0.22580644	8.981308	0.5097279543220731	True	True	True	True	P↔T	T_A__P_B	TP:phnV_2--group_3724	164	6865.0	0.2630241893124906	0.399875563537318	0.5097279543220731	0.9997086671522214	True	1:1;4:1;9:7;14:5;21:2;26:1;28:1;29:1;30:3;31:1;37:1;40:3;50:1;52:1;61:1;62:1	NA	165	12418	1.9032631265807984	5.689376497268674	0.9763714246234627	7.078044856817639	4.718899797913548	True	True	True	True	69	100.0	True	True	True
3416406	1161	1906	phnV_2	group_624	TP	0.5885191399174267	0.5587714671377985	114.20454545454545	125818.45454545454	0.04940356	44	4	0	17	33	9	7	0.21212122	9.810811	0.4480416103913727	True	True	True	True	P↔T	T_A__P_B	TP:phnV_2--group_624	139	10221.0	0.20489226871164087	0.32643918991900917	0.44804161039137275	1.0	True	1:2;2:1;4:1;9:7;14:5;21:2;26:1;28:1;29:1;30:3;31:1;37:1;40:3;50:1;52:1;61:1;62:1	NA	141	18014	1.7948387480078574	5.333333492279053	0.9858743761182786	8.015972294777788	5.466123936579229	True	True	True	True	69	100.0	True	True	True
3619708	1249	1356	group_4408	group_1077	TP	0.5325035048821389	0.6713042549143775	241.625	248020.25	0.067151986	8	2	0	6	28	4	9	0.32142857	4.0833335	0.5097279543220731	True	True	True	True	P↔T	T_A__P_B	TP:group_4408--group_1077	164	6865.0	0.2630241893124906	0.399875563537318	0.5097279543220731	0.9998543335761108	True	1:2;4:9;9:9;20:4;21:3;53:1	NA	166	12247	1.9401841025805293	5.8275861740112305	0.8732770745428974	2.1431493896985234	2.1046113545864236	True	True	False	True	69	100.0	True	True	True
3619736	1249	1384	group_4408	group_4444	TP	0.5325035048821389	0.6713042549143775	132.140350877193	148923.0	0.0617859	57	2	0	7	28	9	10	0.35714287	4.0833335	0.485564597768414	True	True	True	True	P↔T	T_A__P_B	TP:group_4408--group_4444	144	10335.0	0.2042225686961178	0.34049151864976346	0.485564597768414	1.0	True	1:1;3:1;4:8;9:10;20:4;21:3;53:1	NA	146	17887	1.803369324336732	5.333333492279053	0.894870349492672	2.279964167942321	2.264280221014005	True	True	False	True	69	100.0	True	True	True
3619756	1249	1404	group_4408	group_2046	TP	0.6217438715271476	0.7798384882039797	367.8421052631579	357263.05263157893	0.052920498	19	2	0	7	30	9	10	0.33333334	4.245283	0.541388303749566	True	True	True	True	P↔T	T_A__P_B	TP:group_4408--group_2046	179	2126.0	0.3514645368032616	0.46377582596719047	0.541388303749566	1.0	True	1:2;3:1;4:9;9:10;20:4;21:3;53:1	NA	179	4414	1.7697273588418205	5.400000095367432	0.9020700636942676	2.475555767989234	2.3988345468136605	True	True	False	True	69	100.0	True	True	True
3619872	1249	1520	group_4408	phnU	TP	0.5870809905801407	0.7351258474585997	334.70588235294116	314340.1176470588	0.04933834	17	2	0	7	30	9	10	0.33333334	4.245283	0.5511309254021438	True	True	True	True	P↔T	T_A__P_B	TP:group_4408--phnU	176	3481.0	0.3306868110574498	0.43954626227847926	0.5511309254021438	0.9997127262280954	True	1:2;3:1;4:9;9:10;20:4;21:3;53:1	NA	176	6375	1.8860996431836894	5.764705657958984	0.8949515553289138	2.3591834836473655	2.25082653621901	True	True	False	True	69	100.0	True	True	True
3619902	1249	1550	group_4408	Int-Tn_1	TP	0.6217438715271476	0.7798384882039797	159.1851851851852	146308.54320987655	0.042333983	81	2	0	7	30	9	10	0.33333334	4.245283	0.5128217656534273	True	True	True	True	P↔T	T_A__P_B	TP:group_4408--Int-Tn_1	150	10867.0	0.22948210615913214	0.36890238885126486	0.5128217656534273	0.9998159565657495	True	1:2;3:1;4:9;9:10;20:4;21:3;53:1	NA	152	18733	1.841368417849831	5.54159421920776	0.8932837801964428	2.4039147089812234	2.3055044746494993	True	True	False	True	69	100.0	True	True	True
3619938	1249	1586	group_4408	group_1962	TP	0.5584889044385895	0.699323663615708	318.3	300298.55	0.048341643	20	2	0	7	30	9	10	0.33333334	4.245283	0.5362446942321507	True	True	True	True	P↔T	T_A__P_B	TP:group_4408--group_1962	174	4367.0	0.3133152048902774	0.4665206558190084	0.5362446942321507	1.0	True	1:2;3:1;4:9;9:10;20:4;21:3;53:1	NA	175	6982	1.8838952545346588	5.812149190902706	0.8930180180180181	2.3613878722963957	2.253460279499288	True	True	False	True	69	100.0	True	True	True
3619940	1249	1588	group_4408	group_3705	TP	0.6217438715271476	0.7798384882039797	154.19753086419752	142240.67901234567	0.040209256	81	2	0	7	30	9	10	0.33333334	4.245283	0.5188868186701031	True	True	True	True	P↔T	T_A__P_B	TP:group_4408--group_3705	149	10619.0	0.23329372527485046	0.39653805781618356	0.5188868186701031	0.9997174875223656	True	1:2;3:1;4:9;9:10;20:4;21:3;53:1	NA	151	18376	1.825828799805176	5.44444465637207	0.8972460496613995	2.4194543270258784	2.325126609506896	True	True	False	True	69	100.0	True	True	True
3619942	1249	1590	group_4408	group_5408	TP	0.6217438715271476	0.7798384882039797	150.19753086419752	138424.2098765432	0.040209256	81	2	0	7	30	9	10	0.33333334	4.245283	0.4869206249272111	True	True	True	True	P↔T	T_A__P_B	TP:group_4408--group_5408	148	10641.0	0.22730636303357493	0.385790964314127	0.48692062492721117	0.999906023869937	True	1:2;3:1;4:9;9:10;20:4;21:3;53:1	NA	150	18327	1.8351021224207318	5.401869297027588	0.8982552800734619	2.410181004410323	2.3133770458676106	True	True	False	True	69	100.0	True	True	True
3619943	1249	1591	group_4408	group_5410	TP	0.6217438715271476	0.7798384882039797	153.19753086419752	141498.77777777778	0.03995833	81	2	0	7	30	9	10	0.33333334	4.245283	0.5188868186701031	True	True	True	True	P↔T	T_A__P_B	TP:group_4408--group_5410	149	10619.0	0.23329372527485046	0.39653805781618356	0.5188868186701031	0.9998116583482437	True	1:2;3:1;4:9;9:10;20:4;21:3;53:1	NA	151	18376	1.825828799805176	5.44444465637207	0.8973363431151241	2.4194543270258784	2.325126609506896	True	True	False	True	69	100.0	True	True	True
3619950	1249	1598	group_4408	group_5409	TP	0.6217438715271476	0.7798384882039797	151.19753086419752	139070.01234567902	0.0395562	81	2	0	7	30	9	10	0.33333334	4.245283	0.4869206249272111	True	True	True	True	P↔T	T_A__P_B	TP:group_4408--group_5409	148	10641.0	0.22730636303357493	0.385790964314127	0.48692062492721117	1.0	True	1:2;3:1;4:9;9:10;20:4;21:3;53:1	NA	150	18327	1.8351021224207318	5.401869297027588	0.8983471074380165	2.410181004410323	2.3133770458676106	True	True	False	True	69	100.0	True	True	True
3619990	1249	1638	group_4408	group_2704	TP	0.5870809905801407	0.7351258474585997	130.51785714285714	146076.2857142857	0.04210609	56	2	0	7	30	9	10	0.33333334	4.245283	0.4951956694861554	True	True	True	True	P↔T	T_A__P_B	TP:group_4408--group_2704	143	10696.0	0.20891625980446152	0.33272057308449343	0.49519566948615545	1.0	True	1:2;3:1;4:9;9:10;20:4;21:3;53:1	NA	145	18405	1.8014155383733135	5.333333492279053	0.8991081884514909	2.443867588457741	2.3566373423560925	True	True	False	True	69	100.0	True	True	True
3619992	1249	1640	group_4408	group_4892	TP	0.6217438715271476	0.7798384882039797	158.175	145827.1375	0.03792892	80	2	0	7	30	9	10	0.33333334	4.245283	0.5128217656534273	True	True	True	True	P↔T	T_A__P_B	TP:group_4408--group_4892	150	10867.0	0.22948210615913214	0.36890238885126486	0.5128217656534273	0.9999079782828748	True	1:2;3:1;4:9;9:10;20:4;21:3;53:1	NA	152	18733	1.841368417849831	5.54159421920776	0.8933722679408902	2.4039147089812234	2.3055044746494993	True	True	False	True	69	100.0	True	True	True
3620003	1249	1651	group_4408	group_5412	TP	0.6217438715271476	0.7798384882039797	157.19753086419752	144614.97530864197	0.037561677	81	2	0	7	30	9	10	0.33333334	4.245283	0.5128217656534273	True	True	True	True	P↔T	T_A__P_B	TP:group_4408--group_5412	150	10867.0	0.22948210615913214	0.36890238885126486	0.5128217656534273	1.0	True	1:2;3:1;4:9;9:10;20:4;21:3;53:1	NA	151	18376	1.825828799805176	5.44444465637207	0.8974266365688488	2.4194543270258784	2.325126609506896	True	True	False	True	69	100.0	True	True	True
3620008	1249	1656	group_4408	group_3419	TP	0.6217438715271476	0.7798384882039797	144.20987654320987	134280.72839506174	0.037159543	81	2	0	7	30	9	10	0.33333334	4.245283	0.4871561782106265	True	True	True	True	P↔T	T_A__P_B	TP:group_4408--group_3419	147	10318.0	0.2240150343862563	0.3704410052249503	0.48715617821062657	1.0	True	1:2;3:1;4:9;9:10;20:4;21:3;53:1	NA	149	18234	1.8450757545821823	5.44444465637207	0.8921014228383801	2.4002073722488726	2.300871991997098	True	True	False	True	69	100.0	True	True	True
3620012	1249	1660	group_4408	group_5411	TP	0.6217438715271476	0.7798384882039797	156.19753086419752	143473.46913580247	0.037218012	81	2	0	7	30	9	10	0.33333334	4.245283	0.5188868186701031	True	True	True	True	P↔T	T_A__P_B	TP:group_4408--group_5411	149	10619.0	0.23329372527485046	0.39653805781618356	0.5188868186701031	0.9999058291741219	True	1:2;3:1;4:9;9:10;20:4;21:3;53:1	NA	151	18376	1.825828799805176	5.44444465637207	0.8975169300225734	2.4194543270258784	2.325126609506896	True	True	False	True	69	100.0	True	True	True
3620015	1249	1663	group_4408	group_5991	TP	0.6217438715271476	0.7798384882039797	152.19753086419752	140501.11111111112	0.037159543	81	2	0	7	30	9	10	0.33333334	4.245283	0.5188868186701031	True	True	True	True	P↔T	T_A__P_B	TP:group_4408--group_5991	149	10619.0	0.23329372527485046	0.39653805781618356	0.5188868186701031	1.0	True	1:2;3:1;4:9;9:10;20:4;21:3;53:1	NA	150	18327	1.8351021224207318	5.401869297027588	0.8984389348025712	2.410181004410323	2.3133770458676106	True	True	False	True	69	100.0	True	True	True
3620105	1249	1753	group_4408	group_5422	TP	0.5734152604727226	0.7208401980021812	305.70588235294116	286795.5294117647	0.03419028	17	2	0	6	29	9	10	0.3448276	3.985782	0.5427275615906816	True	True	True	True	P↔T	T_A__P_B	TP:group_4408--group_5422	172	4689.0	0.3362189976488277	0.45633727941803354	0.5427275615906816	0.999786734911495	True	1:2;3:1;4:9;9:10;20:4;21:3	NA	173	7947	1.8558135772630435	5.578121042251585	0.8922600619195047	2.129968330772235	2.1477275287065822	True	True	False	True	69	100.0	True	True	True
3620134	1249	1782	group_4408	tetM	TP	0.6217438715271476	0.7798384882039797	297.6470588235294	278978.64705882355	0.03468168	17	2	0	7	30	9	10	0.33333334	4.245283	0.5427275615906816	True	True	True	True	P↔T	T_A__P_B	TP:group_4408--tetM	172	4689.0	0.3362189976488277	0.45633727941803354	0.5427275615906816	1.0	True	1:2;3:1;4:9;9:10;20:4;21:3;53:1	NA	172	8361	1.8442579112316972	5.622073650360107	0.8952722920406941	2.4010252155993577	2.3018923226393104	True	True	False	True	69	100.0	True	True	True
3620144	1249	1792	group_4408	group_3724	TP	0.6217438715271476	0.7798384882039797	308.70588235294116	289714.4705882353	0.03343344	17	2	0	7	30	9	10	0.33333334	4.245283	0.5462153733518725	True	True	True	True	P↔T	T_A__P_B	TP:group_4408--group_3724	173	4267.0	0.3313521235794704	0.4543886035648884	0.5462153733518725	1.0	True	1:2;3:1;4:9;9:10;20:4;21:3;53:1	NA	174	7250	1.870894259156852	5.75856847763061	0.8973214285714286	2.3743888676742024	2.2691197570643347	True	True	False	True	69	100.0	True	True	True
3620196	1249	1844	group_4408	galT_2	TP	0.6217438715271476	0.7798384882039797	383.7894736842105	372115.36842105264	0.03336129	19	2	0	7	30	9	10	0.33333334	4.245283	0.5828268911948791	True	True	True	True	P↔T	T_A__P_B	TP:group_4408--galT_2	180	2130.0	0.37164060360744455	0.48472570851415564	0.5828268911948791	1.0	True	1:2;3:1;4:9;9:10;20:4;21:3;53:1	NA	181	3179	1.7409974420621883	4.857504558563232	0.9117797042325344	2.5042856847688664	2.4384200828018296	True	True	False	True	69	100.0	True	True	True
3640053	1258	1289	group_1130	group_3703	TP	0.5680084844489448	0.6009860744968017	116.21794871794872	92095.76923076923	0.087479055	78	3	0	8	20	6	5	0.25	5.4054055	0.4480416103913727	True	True	True	True	P↔T	T_A__P_B	TP:group_1130--group_3703	139	10221.0	0.20489226871164087	0.32643918991900917	0.44804161039137275	0.9999021622150475	True	4:2;6:5;8:1;13:5;14:4;24:1;40:1;59:1	NA	141	18014	1.7948387480078574	5.333333492279053	0.9365288633581317	3.610566773384965	3.011638525963648	True	True	True	True	69	100.0	True	True	True
3640120	1258	1356	group_1130	group_1077	TP	0.5680084844489448	0.6009860744968017	341.125	340548.25	0.08223327	8	3	0	8	20	6	5	0.25	5.714286	0.5511309254021438	True	True	True	True	P↔T	T_A__P_B	TP:group_1130--group_1077	176	3481.0	0.3306868110574498	0.43954626227847926	0.5511309254021438	0.9994254524561907	True	4:3;6:5;8:1;13:4;14:4;24:1;40:1;59:1	NA	177	5489	1.7581783054434856	5.235597515106198	0.9445597391046546	3.9561075450814167	3.2501173702535944	True	True	True	True	69	100.0	True	True	True
3640244	1258	1480	group_1130	pbpX_1	TP	0.6179271255663197	0.652523040540498	184.94736842105263	166520.69736842104	0.0661656	76	3	0	8	21	6	5	0.23809524	5.5822783	0.5227654098814415	True	True	True	True	P↔T	T_A__P_B	TP:group_1130--pbpX_1	155	9591.0	0.23574501803149556	0.38088356576024535	0.5227654098814415	1.0	True	4:3;6:5;8:1;13:5;14:4;24:1;40:1;59:1	NA	157	17419	1.8672670979431107	5.472362041473389	0.9339303482587065	3.7150111537048387	2.989544590485802	True	True	True	True	69	100.0	True	True	True
3640298	1258	1534	group_1130	gutB	TP	0.6179271255663197	0.652523040540498	257.4931506849315	244722.5205479452	0.062073052	73	3	0	8	21	6	5	0.23809524	5.5822783	0.5107419291721534	True	True	True	True	P↔T	T_A__P_B	TP:group_1130--gutB	167	6382.0	0.28859550233087417	0.3958517696707674	0.5107419291721534	0.9992165465371357	True	4:3;6:5;8:1;13:5;14:4;24:1;40:1;59:1	NA	168	11213	1.9016865377792715	5.772191429138181	0.9266777760945312	3.6805917138686777	2.9354355414256412	True	True	False	True	69	100.0	True	True	True
3640366	1258	1602	group_1130	group_1119	TP	0.4990948580676925	0.5260105520931369	103.16216216216216	79491.06756756757	0.06135209	74	3	0	8	21	6	5	0.23809524	5.5822783	0.4729031778618347	True	True	True	True	P↔T	T_A__P_B	TP:group_1130--group_1119	135	10445.0	0.19427115083720545	0.31339558513779836	0.4729031778618347	0.9995213020584012	True	4:3;6:5;8:1;13:5;14:4;24:1;40:1;59:1	NA	138	17942	1.7996992428171743	5.310766386985789	0.9406506312782232	3.782579008830775	3.1017839641415215	True	True	True	True	69	100.0	True	True	True
3640374	1258	1610	group_1130	group_4837	TP	0.6179271255663197	0.652523040540498	156.52941176470588	151709.0	0.05403508	17	3	0	8	21	6	5	0.23809524	5.5822783	0.5128217656534273	True	True	True	True	P↔T	T_A__P_B	TP:group_1130--group_4837	150	10867.0	0.22948210615913214	0.36890238885126486	0.5128217656534273	0.999263826262998	True	4:3;6:5;8:1;13:5;14:4;24:1;40:1;59:1	NA	151	18376	1.825828799805176	5.44444465637207	0.937155756207675	3.756449451842773	3.0573941282137747	True	True	True	True	69	100.0	True	True	True
3640376	1258	1612	group_1130	group_5355	TP	0.6179271255663197	0.652523040540498	164.52941176470588	159243.88235294117	0.054193065	17	3	0	8	21	6	5	0.23809524	5.5822783	0.4867813349051285	True	True	True	True	P↔T	T_A__P_B	TP:group_1130--group_5355	151	10832.0	0.22913031554138144	0.3510825961738888	0.4867813349051285	0.9997230428360414	True	4:3;6:5;8:1;13:5;14:4;24:1;40:1;59:1	NA	153	18722	1.8240242178923247	5.454115462303163	0.9361196656401232	3.7582540337556245	3.060418933526178	True	True	True	True	69	100.0	True	True	True
3640377	1258	1613	group_1130	group_5357	TP	0.6179271255663197	0.652523040540498	157.52941176470588	152193.70588235295	0.054090094	17	3	0	8	21	6	5	0.23809524	5.5822783	0.5128217656534273	True	True	True	True	P↔T	T_A__P_B	TP:group_1130--group_5357	150	10867.0	0.22948210615913214	0.36890238885126486	0.5128217656534273	0.9993558479801233	True	4:3;6:5;8:1;13:5;14:4;24:1;40:1;59:1	NA	151	18376	1.825828799805176	5.44444465637207	0.9372460496613996	3.756449451842773	3.0573941282137747	True	True	True	True	69	100.0	True	True	True
3640391	1258	1627	group_1130	group_4581	TP	0.6179271255663197	0.652523040540498	151.52941176470588	145665.82352941178	0.054445725	17	3	0	8	21	6	5	0.23809524	5.5822783	0.4869206249272111	True	True	True	True	P↔T	T_A__P_B	TP:group_1130--group_4581	148	10641.0	0.22730636303357493	0.385790964314127	0.48692062492721117	0.9998120477398741	True	4:3;6:5;8:1;13:5;14:4;24:1;40:1;59:1	NA	150	18327	1.8351021224207318	5.401869297027588	0.9393939393939394	3.7471761292272174	3.0419441966991014	True	True	True	True	69	100.0	True	True	True
3640392	1258	1628	group_1130	ftsK_1	TP	0.6179271255663197	0.652523040540498	162.52941176470588	156741.41176470587	0.053127725	17	3	0	8	21	6	5	0.23809524	5.5822783	0.4867813349051285	True	True	True	True	P↔T	T_A__P_B	TP:group_1130--ftsK_1	151	10832.0	0.22913031554138144	0.3510825961738888	0.4867813349051285	0.9998153618906942	True	4:3;6:5;8:1;13:5;14:4;24:1;40:1;59:1	NA	152	18733	1.841368417849831	5.54159421920776	0.9346960445978232	3.740909833798118	3.0315922644998903	True	True	True	True	69	100.0	True	True	True
3640393	1258	1629	group_1130	group_5358	TP	0.6179271255663197	0.652523040540498	155.52941176470588	150587.4705882353	0.05308362	17	3	0	8	21	6	5	0.23809524	5.5822783	0.5188868186701031	True	True	True	True	P↔T	T_A__P_B	TP:group_1130--group_5358	149	10619.0	0.23329372527485046	0.39653805781618356	0.5188868186701031	0.999340804218853	True	4:3;6:5;8:1;13:5;14:4;24:1;40:1;59:1	NA	151	18376	1.825828799805176	5.44444465637207	0.9373363431151241	3.756449451842773	3.0573941282137747	True	True	True	True	69	100.0	True	True	True
3640394	1258	1630	group_1130	group_5359	TP	0.6179271255663197	0.652523040540498	154.52941176470588	148960.64705882352	0.054355428	17	3	0	8	21	6	5	0.23809524	5.5822783	0.5188868186701031	True	True	True	True	P↔T	T_A__P_B	TP:group_1130--group_5359	149	10619.0	0.23329372527485046	0.39653805781618356	0.5188868186701031	0.9994349750447311	True	4:3;6:5;8:1;13:5;14:4;24:1;40:1;59:1	NA	151	18376	1.825828799805176	5.44444465637207	0.9374266365688487	3.756449451842773	3.0573941282137747	True	True	True	True	69	100.0	True	True	True
3640395	1258	1631	group_1130	group_5416	TP	0.5680084844489448	0.6009860744968017	229.1904761904762	229584.66666666666	0.05390792	21	3	0	8	20	6	5	0.25	5.4054055	0.4908116321999718	True	True	True	True	P↔T	T_A__P_B	TP:group_1130--group_5416	163	7312.0	0.25010076509932777	0.3837856937996939	0.4908116321999718	0.999863238512035	True	4:2;6:5;8:1;13:5;14:4;24:1;40:1;59:1	NA	164	13219	1.8855704890950309	5.761904716491699	0.9200051692943914	3.5198350322977916	2.866721532106242	True	True	False	True	69	100.0	True	True	True
3640396	1258	1632	group_1130	group_5942	TP	0.6179271255663197	0.652523040540498	163.52941176470588	157847.11764705883	0.053127725	17	3	0	8	21	6	5	0.23809524	5.5822783	0.4867813349051285	True	True	True	True	P↔T	T_A__P_B	TP:group_1130--group_5942	151	10832.0	0.22913031554138144	0.3510825961738888	0.4867813349051285	0.9999076809453471	True	4:3;6:5;8:1;13:5;14:4;24:1;40:1;59:1	NA	153	18722	1.8240242178923247	5.454115462303163	0.9362076550813903	3.7582540337556245	3.060418933526178	True	True	True	True	69	100.0	True	True	True
3640397	1258	1633	group_1130	iap	TP	0.6179271255663197	0.652523040540498	152.52941176470588	146556.5294117647	0.05308362	17	3	0	8	21	6	5	0.23809524	5.5822783	0.5188868186701031	True	True	True	True	P↔T	T_A__P_B	TP:group_1130--iap	149	10619.0	0.23329372527485046	0.39653805781618356	0.5188868186701031	0.9995291458706093	True	4:3;6:5;8:1;13:5;14:4;24:1;40:1;59:1	NA	150	18327	1.8351021224207318	5.401869297027588	0.939485766758494	3.7471761292272174	3.0419441966991014	True	True	True	True	69	100.0	True	True	True
3640441	1258	1677	group_1130	group_5361	TP	0.6179271255663197	0.652523040540498	108.5	103791.25	0.050952967	8	3	0	8	21	6	5	0.23809524	5.5822783	0.4813187017149842	True	True	True	True	P↔T	T_A__P_B	TP:group_1130--group_5361	137	10349.0	0.20064857616853873	0.32538320593770226	0.48131870171498425	0.9999033723065031	True	4:3;6:5;8:1;13:5;14:4;24:1;40:1;59:1	NA	139	18344	1.793957371042121	5.333333492279053	0.9383851388633437	3.788320880605828	3.111711761804668	True	True	True	True	69	100.0	True	True	True
3640447	1258	1683	group_1130	Int-Tn_2	TP	0.6179271255663197	0.652523040540498	140.05882352941177	130854.23529411765	0.050449304	17	3	0	8	21	6	5	0.23809524	5.5822783	0.4848323580993047	True	True	True	True	P↔T	T_A__P_B	TP:group_1130--Int-Tn_2	146	10299.0	0.22485448112403592	0.36155200654189734	0.48483235809930475	0.9999029031944849	True	4:3;6:5;8:1;13:5;14:4;24:1;40:1;59:1	NA	148	17624	1.842426439976346	5.44444465637207	0.9360037700282752	3.7398518116716035	3.0298513582553763	True	True	True	True	69	100.0	True	True	True
3640448	1258	1684	group_1130	group_4888	TP	0.6179271255663197	0.652523040540498	209.6164383561644	196672.15068493152	0.052563373	73	3	0	8	21	6	5	0.23809524	5.5822783	0.4908120108542949	True	True	True	True	P↔T	T_A__P_B	TP:group_1130--group_4888	160	8107.0	0.24810609129841318	0.36662452662648437	0.4908120108542949	1.0	True	4:3;6:5;8:1;13:5;14:4;24:1;40:1;59:1	NA	161	14953	1.8541512875973736	5.44444465637207	0.9331541428070586	3.728126964050576	3.0106918939077065	True	True	True	True	69	100.0	True	True	True
3640449	1258	1685	group_1130	group_5944	TP	0.6179271255663197	0.652523040540498	109.28571428571429	105604.85714285714	0.050449304	7	3	0	8	21	6	5	0.23809524	5.5822783	0.4813187017149842	True	True	True	True	P↔T	T_A__P_B	TP:group_1130--group_5944	137	10349.0	0.20064857616853873	0.32538320593770226	0.48131870171498425	1.0	True	4:3;6:5;8:1;13:5;14:4;24:1;40:1;59:1	NA	139	18344	1.793957371042121	5.333333492279053	0.9384771013426522	3.788320880605828	3.111711761804668	True	True	True	True	69	100.0	True	True	True
3640450	1258	1686	group_1130	group_5945	TP	0.6179271255663197	0.652523040540498	141.05882352941177	131955.76470588235	0.050449304	17	3	0	8	21	6	5	0.23809524	5.5822783	0.4848323580993047	True	True	True	True	P↔T	T_A__P_B	TP:group_1130--group_5945	146	10299.0	0.22485448112403592	0.36155200654189734	0.48483235809930475	1.0	True	4:3;6:5;8:1;13:5;14:4;24:1;40:1;59:1	NA	148	17624	1.842426439976346	5.44444465637207	0.9360980207351555	3.7398518116716035	3.0298513582553763	True	True	True	True	69	100.0	True	True	True
3640455	1258	1691	group_1130	group_5360	TP	0.6179271255663197	0.652523040540498	144.9375	136367.125	0.049946494	16	3	0	8	21	6	5	0.23809524	5.5822783	0.4871561782106265	True	True	True	True	P↔T	T_A__P_B	TP:group_1130--group_5360	147	10318.0	0.2240150343862563	0.3704410052249503	0.48715617821062657	0.9999030819926342	True	4:3;6:5;8:1;13:5;14:4;24:1;40:1;59:1	NA	149	18234	1.8450757545821823	5.44444465637207	0.9383436701933601	3.737202497065767	3.025500843412284	True	True	True	True	69	100.0	True	True	True
3640497	1258	1733	group_1130	group_3024	TP	0.6179271255663197	0.652523040540498	158.06666666666666	151178.93333333332	0.05050319	15	3	0	8	21	6	5	0.23809524	5.5822783	0.5128217656534273	True	True	True	True	P↔T	T_A__P_B	TP:group_1130--group_3024	150	10867.0	0.22948210615913214	0.36890238885126486	0.5128217656534273	0.9994478696972485	True	4:3;6:5;8:1;13:5;14:4;24:1;40:1;59:1	NA	152	18733	1.841368417849831	5.54159421920776	0.9347845323422705	3.740909833798118	3.0315922644998903	True	True	True	True	69	100.0	True	True	True
3640507	1258	1743	group_1130	group_4895	TP	0.6179271255663197	0.652523040540498	159.52941176470588	153323.23529411765	0.047475167	17	3	0	8	21	6	5	0.23809524	5.5822783	0.5128217656534273	True	True	True	True	P↔T	T_A__P_B	TP:group_1130--group_4895	150	10867.0	0.22948210615913214	0.36890238885126486	0.5128217656534273	0.9995398914143738	True	4:3;6:5;8:1;13:5;14:4;24:1;40:1;59:1	NA	152	18733	1.841368417849831	5.54159421920776	0.934873020086718	3.740909833798118	3.0315922644998903	True	True	True	True	69	100.0	True	True	True
3640508	1258	1744	group_1130	erm	TP	0.6179271255663197	0.652523040540498	160.52941176470588	153771.64705882352	0.046144463	17	3	0	8	21	6	5	0.23809524	5.5822783	0.5128217656534273	True	True	True	True	P↔T	T_A__P_B	TP:group_1130--erm	150	10867.0	0.22948210615913214	0.36890238885126486	0.5128217656534273	0.999631913131499	True	4:3;6:5;8:1;13:5;14:4;24:1;40:1;59:1	NA	152	18733	1.841368417849831	5.54159421920776	0.9349615078311654	3.740909833798118	3.0315922644998903	True	True	True	True	69	100.0	True	True	True
3640516	1258	1752	group_1130	group_4882	TP	0.6179271255663197	0.652523040540498	206.64285714285714	191585.1	0.047263466	70	3	0	8	21	6	5	0.23809524	5.5822783	0.485384688437638	True	True	True	True	P↔T	T_A__P_B	TP:group_1130--group_4882	159	8564.0	0.2423459130179614	0.3683869752229423	0.485384688437638	1.0	True	4:3;6:5;8:1;13:5;14:4;24:1;40:1;59:1	NA	160	15356	1.8603871921351502	5.448009490966797	0.9349763450324569	3.721891059512799	3.000600238083351	True	True	True	True	69	100.0	True	True	True
3640517	1258	1753	group_1130	group_5422	TP	0.6179271255663197	0.652523040540498	158.52941176470588	152634.23529411765	0.0468151	17	3	0	8	21	6	5	0.23809524	5.5822783	0.5128217656534273	True	True	True	True	P↔T	T_A__P_B	TP:group_1130--group_5422	150	10867.0	0.22948210615913214	0.36890238885126486	0.5128217656534273	0.9997239348486243	True	4:3;6:5;8:1;13:5;14:4;24:1;40:1;59:1	NA	152	18733	1.841368417849831	5.54159421920776	0.9350499955756127	3.740909833798118	3.0315922644998903	True	True	True	True	69	100.0	True	True	True
3640542	1258	1778	group_1130	group_4894	TP	0.5482282396563025	0.5781689406109003	228.28571428571428	229050.14285714287	0.045836784	21	3	0	8	21	6	5	0.23809524	5.5822783	0.460990287300509	True	True	True	True	P↔T	T_A__P_B	TP:group_1130--group_4894	162	7828.0	0.24869316427324445	0.37233550229445356	0.46099028730050906	0.9998722534491569	True	4:3;6:5;8:1;13:5;14:4;24:1;40:1;59:1	NA	164	13219	1.8855704890950309	5.761904716491699	0.9269837167226673	3.6967077625529186	2.9605248299824276	True	True	False	True	69	100.0	True	True	True
3640546	1258	1782	group_1130	tetM	TP	0.6179271255663197	0.652523040540498	152.75	145895.8125	0.04504597	16	3	0	8	21	6	5	0.23809524	5.5822783	0.5188868186701031	True	True	True	True	P↔T	T_A__P_B	TP:group_1130--tetM	149	10619.0	0.23329372527485046	0.39653805781618356	0.5188868186701031	0.9996233166964874	True	4:3;6:5;8:1;13:5;14:4;24:1;40:1;59:1	NA	150	18327	1.8351021224207318	5.401869297027588	0.9395775941230486	3.7471761292272174	3.0419441966991014	True	True	True	True	69	100.0	True	True	True
3640556	1258	1792	group_1130	group_3724	TP	0.6179271255663197	0.652523040540498	163.8125	156699.0	0.04419799	16	3	0	8	21	6	5	0.23809524	5.5822783	0.4867813349051285	True	True	True	True	P↔T	T_A__P_B	TP:group_1130--group_3724	151	10832.0	0.22913031554138144	0.3510825961738888	0.4867813349051285	1.0	True	4:3;6:5;8:1;13:5;14:4;24:1;40:1;59:1	NA	153	18722	1.8240242178923247	5.454115462303163	0.9362956445226572	3.7582540337556245	3.060418933526178	True	True	True	True	69	100.0	True	True	True
3640561	1258	1797	group_1130	group_1754	TP	0.5482282396563025	0.5781689406109003	304.15	302880.35	0.04569672	20	3	0	8	21	6	5	0.23809524	5.5822783	0.5427275615906816	True	True	True	True	P↔T	T_A__P_B	TP:group_1130--group_1754	172	4689.0	0.3362189976488277	0.45633727941803354	0.5427275615906816	0.99914693964598	True	4:3;6:5;8:1;13:5;14:4;24:1;40:1;59:1	NA	173	7947	1.8558135772630435	5.578121042251585	0.9351909184726522	3.7264646743849057	3.0079951564319845	True	True	True	True	69	100.0	True	True	True
3640608	1258	1844	group_1130	galT_2	TP	0.6179271255663197	0.652523040540498	263.5238095238095	261548.61904761905	0.0405824	21	3	0	8	21	6	5	0.23809524	5.5822783	0.5107419291721534	True	True	True	True	P↔T	T_A__P_B	TP:group_1130--galT_2	167	6382.0	0.28859550233087417	0.3958517696707674	0.5107419291721534	0.9993732372297085	True	4:3;6:5;8:1;13:5;14:4;24:1;40:1;59:1	NA	168	11213	1.9016865377792715	5.772191429138181	0.926829268292683	3.6805917138686777	2.9354355414256412	True	True	False	True	69	100.0	True	True	True
3640626	1258	1862	group_1130	group_1976	TP	0.6179271255663197	0.652523040540498	234.16666666666666	231958.5	0.03968028	12	3	0	8	21	6	5	0.23809524	5.5822783	0.4908116321999718	True	True	True	True	P↔T	T_A__P_B	TP:group_1130--group_1976	163	7312.0	0.25010076509932777	0.3837856937996939	0.4908116321999718	1.0	True	4:3;6:5;8:1;13:5;14:4;24:1;40:1;59:1	NA	164	13219	1.8855704890950309	5.761904716491699	0.9271129490824502	3.6967077625529186	2.9605248299824276	True	True	False	True	69	100.0	True	True	True
3640631	1258	1867	group_1130	group_4451	TP	0.5482282396563025	0.5781689406109003	305.15	303935.2	0.041769065	20	3	0	8	21	6	5	0.23809524	5.5822783	0.5427275615906816	True	True	True	True	P↔T	T_A__P_B	TP:group_1130--group_4451	172	4689.0	0.3362189976488277	0.45633727941803354	0.5427275615906816	0.999360204734485	True	4:3;6:5;8:1;13:5;14:4;24:1;40:1;59:1	NA	173	7947	1.8558135772630435	5.578121042251585	0.9353973168214654	3.7264646743849057	3.0079951564319845	True	True	True	True	69	100.0	True	True	True
3640635	1258	1871	group_1130	group_1359	TP	0.6179271255663197	0.652523040540498	264.42857142857144	262105.95238095237	0.039255075	21	3	0	8	21	6	5	0.23809524	5.5822783	0.5107419291721534	True	True	True	True	P↔T	T_A__P_B	TP:group_1130--group_1359	167	6382.0	0.28859550233087417	0.3958517696707674	0.5107419291721534	0.9995299279222815	True	4:3;6:5;8:1;13:5;14:4;24:1;40:1;59:1	NA	169	10858	1.9433712373563303	6.050054121017456	0.9173851700893557	3.638907014291619	2.872471375691355	True	True	False	True	69	100.0	True	True	True
3640637	1258	1873	group_1130	group_1656	TP	0.5700285688575066	0.6011598636015346	159.2923076923077	142095.21538461538	0.042501807	65	3	0	8	21	6	5	0.23809524	5.5822783	0.5128217656534273	True	True	True	True	P↔T	T_A__P_B	TP:group_1130--group_1656	150	10867.0	0.22948210615913214	0.36890238885126486	0.5128217656534273	0.9991718045458728	True	4:3;6:5;8:1;13:5;14:4;24:1;40:1;59:1	NA	152	18733	1.841368417849831	5.54159421920776	0.9351384833200602	3.740909833798118	3.0315922644998903	True	True	True	True	69	100.0	True	True	True
3640670	1258	1906	group_1130	group_624	TP	0.5700285688575066	0.6011598636015346	214.11904761904762	203631.2142857143	0.039871357	42	3	0	8	21	6	5	0.23809524	5.5822783	0.4908120108542949	True	True	True	True	P↔T	T_A__P_B	TP:group_1130--group_624	160	8107.0	0.24810609129841318	0.36662452662648437	0.4908120108542949	0.9998766498088072	True	4:3;6:5;8:1;13:5;14:4;24:1;40:1;59:1	NA	162	14220	1.8563262752675138	5.451612949371338	0.9319234138405706	3.7259519763804354	3.007164379464214	True	True	True	True	69	100.0	True	True	True
3647030	1261	1480	group_2577	pbpX_1	TP	0.5189693812811891	0.6293237222373415	153.60714285714286	137738.59523809524	0.061016206	84	2	0	16	36	8	10	0.2777778	8.307693	0.5188868186701031	True	True	True	True	P↔T	T_A__P_B	TP:group_2577--pbpX_1	149	10619.0	0.23329372527485046	0.39653805781618356	0.5188868186701031	0.9990582917412185	True	1:3;3:1;5:1;7:1;8:10;10:1;11:2;14:3;16:1;24:3;29:1;32:3;36:1;50:2;54:2;55:1	NA	151	18376	1.825828799805176	5.44444465637207	0.9747178329571106	6.48186372796582	4.55009392373341	True	True	True	True	69	100.0	True	True	True
3647188	1261	1638	group_2577	group_2704	TP	0.5509865752942332	0.6678610538025491	294.3191489361702	296817.21276595746	0.048705112	47	2	0	16	37	8	10	0.27027026	8.398773	0.5373939396899984	True	True	True	True	P↔T	T_A__P_B	TP:group_2577--group_2704	171	4936.0	0.3232153444496031	0.45119838305172694	0.5373939396899984	0.9997974068071313	True	1:4;3:1;5:1;7:1;8:10;10:1;11:2;14:3;16:1;24:3;29:1;32:3;36:1;50:2;54:2;55:1	NA	172	8361	1.8442579112316972	5.622073650360107	0.974067424695791	6.554515282127678	4.554012289826757	True	True	True	True	69	100.0	True	True	True
3647234	1261	1684	group_2577	group_4888	TP	0.5509865752942332	0.6678610538025491	179.1153846153846	168675.71794871794	0.050667748	78	2	0	16	37	8	10	0.27027026	8.398773	0.5509865752942332	True	True	True	True	P↔T	T_A__P_B	TP:group_2577--group_4888	154	10147.0	0.23925083268906638	0.3677343582400997	0.5509865752942332	0.9989159357445551	True	1:4;3:1;5:1;7:1;8:10;10:1;11:2;14:3;16:1;24:3;29:1;32:3;36:1;50:2;54:2;55:1	NA	156	17651	1.87652034734803	5.568420886993408	0.9732756926704658	6.5222528460113445	4.475716559763842	True	True	True	True	69	100.0	True	True	True
3647293	1261	1743	group_2577	group_4895	TP	0.5871834925859922	0.7117360090389239	186.73333333333332	177903.6	0.04723281	15	2	0	17	38	8	10	0.2631579	8.804878	0.5227654098814415	True	True	True	True	P↔T	T_A__P_B	TP:group_2577--group_4895	156	9821.0	0.2278506213944058	0.36729734267133524	0.5227654098814415	0.9995927095000509	True	1:4;2:1;3:1;5:1;7:1;8:10;10:1;11:2;14:3;16:1;24:3;29:1;32:3;36:1;50:2;54:2;55:1	NA	157	17419	1.8672670979431107	5.472362041473389	0.9752238805970149	6.937611136920171	4.715382306346157	True	True	True	True	69	100.0	True	True	True
3647294	1261	1744	group_2577	erm	TP	0.5871834925859922	0.7117360090389239	187.73333333333332	178336.46666666667	0.046998926	15	2	0	17	38	8	10	0.2631579	8.804878	0.5227654098814415	True	True	True	True	P↔T	T_A__P_B	TP:group_2577--erm	156	9821.0	0.2278506213944058	0.36729734267133524	0.5227654098814415	0.9996945321250382	True	1:4;2:1;3:1;5:1;7:1;8:10;10:1;11:2;14:3;16:1;24:3;29:1;32:3;36:1;50:2;54:2;55:1	NA	157	17419	1.8672670979431107	5.472362041473389	0.9753233830845771	6.937611136920171	4.715382306346157	True	True	True	True	69	100.0	True	True	True
3647302	1261	1752	group_2577	group_4882	TP	0.5509865752942332	0.6678610538025491	176.16	163606.65333333332	0.045526527	75	2	0	16	37	8	10	0.27027026	8.398773	0.5509865752942332	True	True	True	True	P↔T	T_A__P_B	TP:group_2577--group_4882	154	10147.0	0.23925083268906638	0.3677343582400997	0.5509865752942332	0.9990144870405046	True	1:4;3:1;5:1;7:1;8:10;10:1;11:2;14:3;16:1;24:3;29:1;32:3;36:1;50:2;54:2;55:1	NA	155	18260	1.8470378414237094	5.538461685180664	0.9761246312684366	6.551735351935665	4.547158160487683	True	True	True	True	69	100.0	True	True	True
3647303	1261	1753	group_2577	group_5422	TP	0.5871834925859922	0.7117360090389239	185.73333333333332	177223.0	0.046577234	15	2	0	17	38	8	10	0.2631579	8.804878	0.5227654098814415	True	True	True	True	P↔T	T_A__P_B	TP:group_2577--group_5422	155	9591.0	0.23574501803149556	0.38088356576024535	0.5227654098814415	0.9998957355854446	True	1:4;2:1;3:1;5:1;7:1;8:10;10:1;11:2;14:3;16:1;24:3;29:1;32:3;36:1;50:2;54:2;55:1	NA	157	17419	1.8672670979431107	5.472362041473389	0.9754228855721393	6.937611136920171	4.715382306346157	True	True	True	True	69	100.0	True	True	True
3647342	1261	1792	group_2577	group_3724	TP	0.5871834925859922	0.7117360090389239	188.73333333333332	180138.33333333334	0.04280527	15	2	0	17	38	8	10	0.2631579	8.804878	0.5227654098814415	True	True	True	True	P↔T	T_A__P_B	TP:group_2577--group_3724	156	9821.0	0.2278506213944058	0.36729734267133524	0.5227654098814415	0.9997963547500255	True	1:4;2:1;3:1;5:1;7:1;8:10;10:1;11:2;14:3;16:1;24:3;29:1;32:3;36:1;50:2;54:2;55:1	NA	157	17419	1.8672670979431107	5.472362041473389	0.9755223880597015	6.937611136920171	4.715382306346157	True	True	True	True	69	100.0	True	True	True
3647417	1261	1867	group_2577	group_4451	TP	0.5509865752942332	0.6678610538025491	323.42105263157896	320842.36842105264	0.04126045	19	2	0	16	37	8	10	0.27027026	8.398773	0.5362446942321507	True	True	True	True	P↔T	T_A__P_B	TP:group_2577--group_4451	174	4367.0	0.3133152048902774	0.4665206558190084	0.5362446942321507	0.9995420196931531	True	1:4;3:1;5:1;7:1;8:10;10:1;11:2;14:3;16:1;24:3;29:1;32:3;36:1;50:2;54:2;55:1	NA	175	6982	1.8838952545346588	5.812149190902706	0.9718468468468469	6.514877938824716	4.458195418849844	True	True	True	True	69	100.0	True	True	True
3647456	1261	1906	group_2577	group_624	TP	0.5509865752942332	0.6678610538025491	183.5	175034.29545454544	0.04036126	44	2	0	16	37	8	10	0.27027026	8.398773	0.5227654098814415	True	True	True	True	P↔T	T_A__P_B	TP:group_2577--group_624	155	9591.0	0.23574501803149556	0.38088356576024535	0.5227654098814415	0.9995829423417788	True	1:4;3:1;5:1;7:1;8:10;10:1;11:2;14:3;16:1;24:3;29:1;32:3;36:1;50:2;54:2;55:1	NA	156	17651	1.87652034734803	5.568420886993408	0.9733739438003537	6.5222528460113445	4.475716559763842	True	True	True	True	69	100.0	True	True	True
3687368	1279	1291	group_711	group_5093	TP	0.5927701462228009	0.6848990596563721	208.4	211795.65	0.08513436	20	2	0	6	19	9	10	0.5263158	2.7984495	0.485384688437638	True	True	True	True	P↔T	T_A__P_B	TP:group_711--group_5093	159	8564.0	0.2423459130179614	0.3683869752229423	0.485384688437638	0.9998832321345166	True	7:1;9:10;14:5;21:1;42:1;45:1	NA	161	14953	1.8541512875973736	5.44444465637207	0.8211990183475517	0.9442982286990131	1.5092886621580073	True	True	False	True	69	100.0	True	True	True
3687461	1279	1384	group_711	group_4444	TP	0.5927701462228009	0.6848990596563721	378.0769230769231	382680.23076923075	0.07065392	13	2	0	6	19	9	10	0.5263158	2.7984495	0.5828268911948791	True	True	True	True	P↔T	T_A__P_B	TP:group_711--group_4444	180	2130.0	0.37164060360744455	0.48472570851415564	0.5828268911948791	0.9995305164319249	True	7:1;9:10;14:5;21:1;42:1;45:1	NA	180	3704	1.6938711680294884	4.731997346878046	0.8498431196772748	1.1045783482668983	1.6521029279646307	True	True	False	True	69	100.0	True	True	True
3687562	1279	1485	group_711	group_4891	TP	0.5927701462228009	0.6848990596563721	255.0	253269.47368421053	0.06070121	19	2	0	6	19	9	10	0.5263158	2.7984495	0.5927701462228009	True	True	True	True	P↔T	T_A__P_B	TP:group_711--group_4891	166	6567.0	0.27769632731709515	0.4251110879808286	0.5927701462228009	0.9986295111923252	True	7:1;9:10;14:5;21:1;42:1;45:1	NA	167	11745	1.990375276848122	6.246153831481919	0.7976467170249855	0.8080742394482647	1.4059908947059967	True	True	False	True	69	100.0	True	True	True
3687591	1279	1514	group_711	group_5990	TP	0.5927701462228009	0.6848990596563721	256.3333333333333	255932.55555555556	0.063284695	18	2	0	6	19	9	10	0.5263158	2.7984495	0.5927701462228009	True	True	True	True	P↔T	T_A__P_B	TP:group_711--group_5990	166	6567.0	0.27769632731709515	0.4251110879808286	0.5927701462228009	0.9987817877265114	True	7:1;9:10;14:5;21:1;42:1;45:1	NA	167	11745	1.990375276848122	6.246153831481919	0.7977919814061593	0.8080742394482647	1.4059908947059967	True	True	False	True	69	100.0	True	True	True
3687627	1279	1550	group_711	Int-Tn_1	TP	0.5927701462228009	0.6848990596563721	248.3684210526316	247746.68421052632	0.05568436	19	2	0	6	19	9	10	0.5263158	2.7984495	0.5234061453017568	True	True	True	True	P↔T	T_A__P_B	TP:group_711--Int-Tn_1	165	6896.0	0.2614019625823992	0.40428941286859854	0.5234061453017568	0.9995649651972158	True	7:1;9:10;14:5;21:1;42:1;45:1	NA	166	12247	1.9401841025805293	5.8275861740112305	0.7954992967651195	0.8582654137158574	1.442362872973924	True	True	False	True	69	100.0	True	True	True
3687665	1279	1588	group_711	group_3705	TP	0.5927701462228009	0.6848990596563721	250.78947368421052	249567.63157894736	0.05302236	19	2	0	6	19	9	10	0.5263158	2.7984495	0.5927701462228009	True	True	True	True	P↔T	T_A__P_B	TP:group_711--group_3705	166	6567.0	0.27769632731709515	0.4251110879808286	0.5927701462228009	0.9989340642606974	True	7:1;9:10;14:5;21:1;42:1;45:1	NA	167	11745	1.990375276848122	6.246153831481919	0.7979372457873329	0.8080742394482647	1.4059908947059967	True	True	False	True	69	100.0	True	True	True
3687667	1279	1590	group_711	group_5408	TP	0.5927701462228009	0.6848990596563721	252.68421052631578	252601.68421052632	0.05302236	19	2	0	6	19	9	10	0.5263158	2.7984495	0.5927701462228009	True	True	True	True	P↔T	T_A__P_B	TP:group_711--group_5408	166	6567.0	0.27769632731709515	0.4251110879808286	0.5927701462228009	0.9990863407948835	True	7:1;9:10;14:5;21:1;42:1;45:1	NA	167	11745	1.990375276848122	6.246153831481919	0.7980825101685067	0.8080742394482647	1.4059908947059967	True	True	False	True	69	100.0	True	True	True
3687717	1279	1640	group_711	group_4892	TP	0.5927701462228009	0.6848990596563721	248.89473684210526	247877.26315789475	0.050145257	19	2	0	6	19	9	10	0.5263158	2.7984495	0.5234061453017568	True	True	True	True	P↔T	T_A__P_B	TP:group_711--group_4892	165	6896.0	0.2614019625823992	0.40428941286859854	0.5234061453017568	0.9997099767981439	True	7:1;9:10;14:5;21:1;42:1;45:1	NA	167	11745	1.990375276848122	6.246153831481919	0.7982277745496804	0.8080742394482647	1.4059908947059967	True	True	False	True	69	100.0	True	True	True
3687728	1279	1651	group_711	group_5412	TP	0.5927701462228009	0.6848990596563721	249.3684210526316	247840.0	0.04967355	19	2	0	6	19	9	10	0.5263158	2.7984495	0.5234061453017568	True	True	True	True	P↔T	T_A__P_B	TP:group_711--group_5412	165	6896.0	0.2614019625823992	0.40428941286859854	0.5234061453017568	0.9998549883990719	True	7:1;9:10;14:5;21:1;42:1;45:1	NA	167	11745	1.990375276848122	6.246153831481919	0.7983730389308542	0.8080742394482647	1.4059908947059967	True	True	False	True	69	100.0	True	True	True
3687733	1279	1656	group_711	group_3419	TP	0.5927701462228009	0.6848990596563721	255.47368421052633	253413.36842105264	0.049163647	19	2	0	6	19	9	10	0.5263158	2.7984495	0.5927701462228009	True	True	True	True	P↔T	T_A__P_B	TP:group_711--group_3419	166	6567.0	0.27769632731709515	0.4251110879808286	0.5927701462228009	0.9992386173290696	True	7:1;9:10;14:5;21:1;42:1;45:1	NA	167	11745	1.990375276848122	6.246153831481919	0.7985183033120279	0.8080742394482647	1.4059908947059967	True	True	False	True	69	100.0	True	True	True
3687737	1279	1660	group_711	group_5411	TP	0.5927701462228009	0.6848990596563721	249.8421052631579	248432.2105263158	0.04923576	19	2	0	6	19	9	10	0.5263158	2.7984495	0.5927701462228009	True	True	True	True	P↔T	T_A__P_B	TP:group_711--group_5411	166	6567.0	0.27769632731709515	0.4251110879808286	0.5927701462228009	0.9993908938632556	True	7:1;9:10;14:5;21:1;42:1;45:1	NA	167	11745	1.990375276848122	6.246153831481919	0.7986635676932017	0.8080742394482647	1.4059908947059967	True	True	False	True	69	100.0	True	True	True
3687740	1279	1663	group_711	group_5991	TP	0.5927701462228009	0.6848990596563721	251.73684210526315	250566.36842105264	0.049163647	19	2	0	6	19	9	10	0.5263158	2.7984495	0.5927701462228009	True	True	True	True	P↔T	T_A__P_B	TP:group_711--group_5991	166	6567.0	0.27769632731709515	0.4251110879808286	0.5927701462228009	0.9995431703974418	True	7:1;9:10;14:5;21:1;42:1;45:1	NA	167	11745	1.990375276848122	6.246153831481919	0.7988088320743754	0.8080742394482647	1.4059908947059967	True	True	False	True	69	100.0	True	True	True
3687761	1279	1684	group_711	group_4888	TP	0.5927701462228009	0.6848990596563721	344.8888888888889	338281.5	0.05360476	18	2	0	6	19	9	10	0.5263158	2.7984495	0.5573425727256055	True	True	True	True	P↔T	T_A__P_B	TP:group_711--group_4888	177	2932.0	0.3287921109198606	0.47649639354599094	0.5573425727256055	1.0	True	7:1;9:10;14:5;21:1;42:1;45:1	NA	177	5489	1.7581783054434856	5.235597515106198	0.8479098725170472	1.040271210852901	1.5916756040227111	True	True	False	True	69	100.0	True	True	True
3687794	1279	1717	group_711	sarA_2	TP	0.5927701462228009	0.6848990596563721	180.625	179617.375	0.040709913	8	2	0	6	19	9	10	0.5263158	2.7984495	0.5509865752942332	True	True	True	True	P↔T	T_A__P_B	TP:group_711--sarA_2	154	10147.0	0.23925083268906638	0.3677343582400997	0.5509865752942332	1.0	True	7:1;9:10;14:5;21:1;42:1;45:1	NA	156	17651	1.87652034734803	5.568420886993408	0.8210846924739634	0.9219291689483566	1.491297187505194	True	True	False	True	69	100.0	True	True	True
3687829	1279	1752	group_711	group_4882	TP	0.5927701462228009	0.6848990596563721	343.22222222222223	337564.22222222225	0.047269687	18	2	0	6	19	9	10	0.5263158	2.7984495	0.5511309254021438	True	True	True	True	P↔T	T_A__P_B	TP:group_711--group_4882	176	3481.0	0.3306868110574498	0.43954626227847926	0.5511309254021438	1.0	True	7:1;9:10;14:5;21:1;42:1;45:1	NA	177	5489	1.7581783054434856	5.235597515106198	0.8482063445004447	1.040271210852901	1.5916756040227111	True	True	False	True	69	100.0	True	True	True
3687913	1279	1836	group_711	group_5418	TP	0.5927701462228009	0.6848990596563721	190.625	200597.75	0.040751588	8	2	0	6	19	9	10	0.5263158	2.7984495	0.5227654098814415	True	True	True	True	P↔T	T_A__P_B	TP:group_711--group_5418	156	9821.0	0.2278506213944058	0.36729734267133524	0.5227654098814415	0.9998981773750127	True	7:1;9:10;14:5;21:1;42:1;45:1	NA	158	17093	1.870046175147612	5.55555534362793	0.814016442751153	0.9284033411487747	1.4964601160586268	True	True	False	True	69	100.0	True	True	True
3687914	1279	1837	group_711	group_5996	TP	0.5927701462228009	0.6848990596563721	175.5	181429.0	0.040751588	12	2	0	6	19	9	10	0.5263158	2.7984495	0.4822446250268134	True	True	True	True	P↔T	T_A__P_B	TP:group_711--group_5996	153	10364.0	0.22839731187146514	0.356249497460672	0.4822446250268134	1.0	True	7:1;9:10;14:5;21:1;42:1;45:1	NA	155	18260	1.8470378414237094	5.538461685180664	0.8307522123893806	0.9514116748726773	1.515101344182165	True	True	False	True	69	100.0	True	True	True
3687915	1279	1838	group_711	group_5997	TP	0.5927701462228009	0.6848990596563721	187.0	195118.8	0.040751588	10	2	0	6	19	9	10	0.5263158	2.7984495	0.5227654098814415	True	True	True	True	P↔T	T_A__P_B	TP:group_711--group_5997	156	9821.0	0.2278506213944058	0.36729734267133524	0.5227654098814415	1.0	True	7:1;9:10;14:5;21:1;42:1;45:1	NA	157	17419	1.8672670979431107	5.472362041473389	0.825771144278607	0.931182418353276	1.498687316548886	True	True	False	True	69	100.0	True	True	True
3687983	1279	1906	group_711	group_624	TP	0.6211568901452116	0.7136063831990954	371.8	361985.8	0.043933824	15	2	0	7	20	9	10	0.5	3.0769231	0.541388303749566	True	True	True	True	P↔T	T_A__P_B	TP:group_711--group_624	179	2126.0	0.3514645368032616	0.46377582596719047	0.541388303749566	0.9995296331138288	True	2:1;7:1;9:10;14:5;21:1;42:1;45:1	NA	180	3704	1.6938711680294884	4.731997346878046	0.868668758404303	1.3830519639132606	1.8165036338166087	True	True	False	True	69	100.0	True	True	True
3703336	1286	1586	group_1314	group_1962	TP	0.4926694889079126	0.46651162377792127	208.94117647058823	197406.88235294117	0.06950251	17	4	0	14	23	14	4	0.17391305	10.372549	0.485384688437638	True	True	True	True	P↔T	T_A__P_B	TP:group_1314--group_1962	159	8564.0	0.2423459130179614	0.3683869752229423	0.485384688437638	0.999182624941616	True	2:1;4:3;7:1;8:1;11:2;14:4;21:1;26:1;30:1;32:3;34:2;36:1;46:1;68:1	NA	161	14953	1.8541512875973736	5.44444465637207	0.9845740329554751	8.518397769409463	5.594230161470632	True	True	True	True	69	100.0	True	True	True
3703434	1286	1684	group_1314	group_4888	TP	0.4934832004174444	0.46913059293227705	202.43939393939394	191019.65151515152	0.06855034	66	4	0	13	22	14	4	0.18181819	9.68	0.4495451588683012	True	True	True	True	P↔T	T_A__P_B	TP:group_1314--group_4888	158	9065.0	0.23362085440445762	0.35204446739901274	0.4495451588683012	0.9994484280198566	True	4:3;7:1;8:1;11:2;14:4;21:1;26:1;30:1;32:3;34:2;36:1;46:1;68:1	NA	160	15356	1.8603871921351502	5.448009490966797	0.9801958411266366	7.8196131130406314	5.203218096801735	True	True	True	True	69	100.0	True	True	True
3703502	1286	1752	group_1314	group_4882	TP	0.4934832004174444	0.46913059293227705	199.46031746031747	186118.17460317462	0.060248587	63	4	0	13	22	14	4	0.18181819	9.68	0.4495451588683012	True	True	True	True	P↔T	T_A__P_B	TP:group_1314--group_4882	158	9065.0	0.23362085440445762	0.35204446739901274	0.4495451588683012	0.9995587424158853	True	4:3;7:1;8:1;11:2;14:4;21:1;26:1;30:1;32:3;34:2;36:1;46:1;68:1	NA	159	16146	1.8426474396748036	5.44444465637207	0.9838014094877459	7.837352865500978	5.253311130904206	True	True	True	True	69	100.0	True	True	True
3703656	1286	1906	group_1314	group_624	TP	0.5316744131592044	0.5027280526344434	206.90243902439025	197200.36585365853	0.054438796	41	4	0	14	24	14	4	0.16666667	10.666667	0.485384688437638	True	True	True	True	P↔T	T_A__P_B	TP:group_1314--group_624	159	8564.0	0.2423459130179614	0.3683869752229423	0.485384688437638	0.9996496964035497	True	2:2;4:3;7:1;8:1;11:2;14:4;21:1;26:1;30:1;32:3;34:2;36:1;46:1;68:1	NA	160	15356	1.8603871921351502	5.448009490966797	0.9863571349983496	8.806279792422956	5.733573650502326	True	True	True	True	69	100.0	True	True	True
3765308	1314	1356	group_1296	group_1077	TP	0.4825864171766016	0.5138257290639273	109.91666666666667	106985.58333333333	0.05542774	12	3	0	8	19	13	8	0.42105263	4.05618	0.4813187017149842	True	True	True	True	P↔T	T_A__P_B	TP:group_1296--group_1077	137	10349.0	0.20064857616853873	0.32538320593770226	0.48131870171498425	0.9992269784520244	True	8:1;13:8;14:4;31:2;32:1;36:1;52:1;58:1	NA	140	18065	1.7765889019046237	5.232558250427246	0.8976869986942735	2.279591098400552	2.2831280753564744	True	True	False	True	69	100.0	True	True	True
3765380	1314	1428	group_1296	group_5414	TP	0.4825864171766016	0.5138257290639273	137.58823529411765	134403.88235294117	0.054435525	17	3	0	8	19	13	8	0.42105263	4.05618	0.4671066682257567	True	True	True	True	P↔T	T_A__P_B	TP:group_1296--group_5414	145	10489.0	0.20390163535341135	0.33111220016910736	0.4671066682257567	0.9995233101344265	True	8:1;13:8;14:4;31:2;32:1;36:1;52:1;58:1	NA	147	18131	1.8106780502630617	5.400000095367432	0.8948619491680381	2.2455019500421143	2.240144237522446	True	True	False	True	69	100.0	True	True	True
3765381	1314	1429	group_1296	group_5993	TP	0.4825864171766016	0.5138257290639273	138.35294117647058	135240.9411764706	0.05442503	17	3	0	8	19	13	8	0.42105263	4.05618	0.4671066682257567	True	True	True	True	P↔T	T_A__P_B	TP:group_1296--group_5993	145	10489.0	0.20390163535341135	0.33111220016910736	0.4671066682257567	0.9996186481075412	True	8:1;13:8;14:4;31:2;32:1;36:1;52:1;58:1	NA	147	18131	1.8106780502630617	5.400000095367432	0.8949533735600659	2.2455019500421143	2.240144237522446	True	True	False	True	69	100.0	True	True	True
3765789	1314	1837	group_1296	group_5996	TP	0.4825864171766016	0.5138257290639273	120.22222222222223	117486.11111111111	0.028092004	9	3	0	8	19	13	8	0.42105263	4.05618	0.4638188177778241	True	True	True	True	P↔T	T_A__P_B	TP:group_1296--group_5996	141	10327.0	0.2151252996707094	0.3408525996411131	0.4638188177778241	0.9991284981117459	True	8:1;13:8;14:4;31:2;32:1;36:1;52:1;58:1	NA	143	18128	1.8018726339236573	5.400000095367432	0.8969589881893425	2.2543073663815187	2.251091405652055	True	True	False	True	69	100.0	True	True	True
3765790	1314	1838	group_1296	group_5997	TP	0.4825864171766016	0.5138257290639273	119.85714285714286	117903.57142857143	0.028092004	7	3	0	8	19	13	8	0.42105263	4.05618	0.4511704467790327	True	True	True	True	P↔T	T_A__P_B	TP:group_1296--group_5997	140	10352.0	0.20911143075537533	0.3289027557887971	0.4511704467790327	0.999420401854714	True	8:1;13:8;14:4;31:2;32:1;36:1;52:1;58:1	NA	142	18181	1.8044241354558723	5.405405521392822	0.8940237564959168	2.2517558648493035	2.2479083052612885	True	True	False	True	69	100.0	True	True	True
4722280	1801	1860	glf	group_1186	TP	0.44167257289575557	0.5220293093205427	103.77777777777777	109998.61111111111	0.08250621	18	2	0	4	9	8	6	0.6666667	2.0769231	0.4397637997091607	True	True	True	True	P↔T	T_A__P_B	TP:glf--group_1186	136	10419.0	0.19238775690224888	0.306910351125285	0.43976379970916074	0.9991361934926577	True	8:6;34:1;39:1;46:1	NA	138	17942	1.7996992428171743	5.310766386985789	0.7772555524836421	0.2772238891255747	1.1540390097023212	True	True	False	True	69	100.0	True	True	True
4722689	1801	2269	glf	group_3475	TP	0.5320780943568809	0.620154970862107	138.0	151005.53846153847	0.06325873	13	2	0	5	10	8	6	0.6	2.5	0.4671066682257567	True	True	True	True	P↔T	T_A__P_B	TP:glf--group_3475	145	10489.0	0.20390163535341135	0.33111220016910736	0.4671066682257567	0.9998093240537707	True	8:6;13:1;34:1;39:1;46:1	NA	147	18131	1.8106780502630617	5.400000095367432	0.8033461327482172	0.6893219497369383	1.3806982415437086	True	True	False	True	69	100.0	True	True	True
4723066	1801	2646	glf	group_437	TP	0.5863592742291206	0.671235843173375	173.0909090909091	182185.18181818182	0.054256093	11	2	0	5	11	8	6	0.54545456	2.8139534	0.4822446250268134	True	True	True	True	P↔T	T_A__P_B	TP:glf--group_437	153	10364.0	0.22839731187146514	0.356249497460672	0.4822446250268134	0.9999035121574682	True	8:6;13:2;34:1;39:1;46:1	NA	155	18260	1.8470378414237094	5.538461685180664	0.8316740412979351	0.9669155582344937	1.523495261737133	True	True	False	True	69	100.0	True	True	True
5440789	2287	2304	group_4266	group_3153	TP	0.5452835046657886	0.6333963717124956	121.60714285714286	115089.25	0.030736733	28	2	0	3	8	2	4	0.5	2.4615386	0.4638188177778241	True	True	True	True	P↔T	T_A__P_B	TP:group_4266--group_3153	141	10327.0	0.2151252996707094	0.3408525996411131	0.4638188177778241	0.9999031664568606	True	1:3;2:4;9:1	NA	143	18128	1.8018726339236573	5.400000095367432	0.8068446015065563	0.6596659193142578	1.3661001931517247	True	True	False	True	69	100.0	True	True	True
5440798	2287	2313	group_4266	group_5503	TP	0.6268694575724263	0.7395695833710967	257.75	259331.5	0.024535201	8	2	0	3	8	2	4	0.5	2.4615386	0.5107419291721534	True	True	True	True	P↔T	T_A__P_B	TP:group_4266--group_5503	167	6382.0	0.28859550233087417	0.3958517696707674	0.5107419291721534	0.9996866186148543	True	1:3;2:4;9:1	NA	168	11213	1.9016865377792715	5.772191429138181	0.788516891380094	0.5598520154586435	1.294397633014966	True	True	False	True	69	100.0	True	True	True
5440803	2287	2318	group_4266	group_6036	TP	0.5452835046657886	0.6333963717124956	122.60714285714286	116279.5	0.030957311	28	2	0	3	8	2	4	0.5	2.4615386	0.4638188177778241	True	True	True	True	P↔T	T_A__P_B	TP:group_4266--group_6036	141	10327.0	0.2151252996707094	0.3408525996411131	0.4638188177778241	1.0	True	1:3;2:4;9:1	NA	143	18128	1.8018726339236573	5.400000095367432	0.8069375988096346	0.6596659193142578	1.3661001931517247	True	True	False	True	69	100.0	True	True	True
5440804	2287	2319	group_4266	group_6134	TP	0.6268694575724263	0.7395695833710967	257.8	258997.6	0.024535201	10	2	0	3	8	2	4	0.5	2.4615386	0.5107419291721534	True	True	True	True	P↔T	T_A__P_B	TP:group_4266--group_6134	167	6382.0	0.28859550233087417	0.3958517696707674	0.5107419291721534	0.9998433093074272	True	1:3;2:4;9:1	NA	168	11213	1.9016865377792715	5.772191429138181	0.7886683835782458	0.5598520154586435	1.294397633014966	True	True	False	True	69	100.0	True	True	True
5440819	2287	2334	group_4266	group_6148	TP	0.6268694575724263	0.7395695833710967	275.1818181818182	262511.36363636365	0.023352707	11	2	0	3	8	2	4	0.5	2.4615386	0.5289453394573007	True	True	True	True	P↔T	T_A__P_B	TP:group_4266--group_6148	169	5474.0	0.30550744334912777	0.4273537436110101	0.5289453394573007	0.9994519546949214	True	1:3;2:4;9:1	NA	170	10049	1.945771443024122	6.122457695007326	0.7852254781540621	0.5157671102137931	1.265070757443221	True	True	False	True	69	100.0	True	True	True
5440849	2287	2364	group_4266	group_5626	TP	0.6268694575724263	0.7395695833710967	258.8	259712.7	0.022322446	10	2	0	3	8	2	4	0.5	2.4615386	0.5107419291721534	True	True	True	True	P↔T	T_A__P_B	TP:group_4266--group_5626	167	6382.0	0.28859550233087417	0.3958517696707674	0.5107419291721534	1.0	True	1:3;2:4;9:1	NA	168	11213	1.9016865377792715	5.772191429138181	0.7888198757763976	0.5598520154586435	1.294397633014966	True	True	False	True	69	100.0	True	True	True
5440851	2287	2366	group_4266	group_6468	TP	0.6268694575724263	0.7395695833710967	269.8	268817.2	0.022533495	10	2	0	3	8	2	4	0.5	2.4615386	0.6268694575724263	True	True	True	True	P↔T	T_A__P_B	TP:group_4266--group_6468	168	6112.0	0.3082069094408026	0.423623407996715	0.6268694575724263	0.9988547120418848	True	1:3;2:4;9:1	NA	169	10858	1.9433712373563303	6.050054121017456	0.7794325129330616	0.5181673158815847	1.266633212389453	True	True	False	True	69	100.0	True	True	True
5440852	2287	2367	group_4266	group_6480	TP	0.6268694575724263	0.7395695833710967	272.8	270231.7	0.022234285	10	2	0	3	8	2	4	0.5	2.4615386	0.5289453394573007	True	True	True	True	P↔T	T_A__P_B	TP:group_4266--group_6480	169	5474.0	0.30550744334912777	0.4273537436110101	0.5289453394573007	0.999634636463281	True	1:3;2:4;9:1	NA	170	10049	1.945771443024122	6.122457695007326	0.7854009475346552	0.5157671102137931	1.265070757443221	True	True	False	True	69	100.0	True	True	True
5440866	2287	2381	group_4266	group_6132	TP	0.6268694575724263	0.7395695833710967	255.0	257352.4	0.021191798	10	2	0	3	8	2	4	0.5	2.4615386	0.5927701462228009	True	True	True	True	P↔T	T_A__P_B	TP:group_4266--group_6132	166	6567.0	0.27769632731709515	0.4251110879808286	0.5927701462228009	0.9996954469316278	True	1:3;2:4;9:1	NA	167	11745	1.990375276848122	6.246153831481919	0.7691748983149331	0.47116327638979305	1.236720824394437	True	True	False	True	69	100.0	True	True	True
5440884	2287	2399	group_4266	group_4531	TP	0.6268694575724263	0.7395695833710967	268.8	268571.7	0.020378504	10	2	0	3	8	2	4	0.5	2.4615386	0.6268694575724263	True	True	True	True	P↔T	T_A__P_B	TP:group_4266--group_4531	168	6112.0	0.3082069094408026	0.423623407996715	0.6268694575724263	0.9990183246073299	True	1:3;2:4;9:1	NA	169	10858	1.9433712373563303	6.050054121017456	0.7795892773161938	0.5181673158815847	1.266633212389453	True	True	False	True	69	100.0	True	True	True
5440888	2287	2403	group_4266	group_5501	TP	0.6268694575724263	0.7395695833710967	253.0	256204.0	0.020445295	10	2	0	3	8	2	4	0.5	2.4615386	0.5927701462228009	True	True	True	True	P↔T	T_A__P_B	TP:group_4266--group_5501	166	6567.0	0.27769632731709515	0.4251110879808286	0.5927701462228009	0.999847723465814	True	1:3;2:4;9:1	NA	167	11745	1.990375276848122	6.246153831481919	0.7693201626961069	0.47116327638979305	1.236720824394437	True	True	False	True	69	100.0	True	True	True
5440889	2287	2404	group_4266	group_5502	TP	0.6268694575724263	0.7395695833710967	254.0	256818.4	0.020445295	10	2	0	3	8	2	4	0.5	2.4615386	0.5927701462228009	True	True	True	True	P↔T	T_A__P_B	TP:group_4266--group_5502	166	6567.0	0.27769632731709515	0.4251110879808286	0.5927701462228009	1.0	True	1:3;2:4;9:1	NA	167	11745	1.990375276848122	6.246153831481919	0.7694654270772806	0.47116327638979305	1.236720824394437	True	True	False	True	69	100.0	True	True	True
5440949	2287	2464	group_4266	group_6467	TP	0.6268694575724263	0.7395695833710967	267.8	268134.7	0.017951513	10	2	0	3	8	2	4	0.5	2.4615386	0.6268694575724263	True	True	True	True	P↔T	T_A__P_B	TP:group_4266--group_6467	168	6112.0	0.3082069094408026	0.423623407996715	0.6268694575724263	0.9991819371727748	True	1:3;2:4;9:1	NA	169	10858	1.9433712373563303	6.050054121017456	0.7797460416993259	0.5181673158815847	1.266633212389453	True	True	False	True	69	100.0	True	True	True
5440950	2287	2465	group_4266	group_6478	TP	0.6268694575724263	0.7395695833710967	271.90909090909093	261687.27272727274	0.018364722	11	2	0	3	8	2	4	0.5	2.4615386	0.6268694575724263	True	True	True	True	P↔T	T_A__P_B	TP:group_4266--group_6478	168	6112.0	0.3082069094408026	0.423623407996715	0.6268694575724263	0.9993455497382199	True	1:3;2:4;9:1	NA	169	10858	1.9433712373563303	6.050054121017456	0.7799028060824581	0.5181673158815847	1.266633212389453	True	True	False	True	69	100.0	True	True	True
5440951	2287	2466	group_4266	group_6479	TP	0.6268694575724263	0.7395695833710967	271.09090909090907	261267.0	0.018364722	11	2	0	3	8	2	4	0.5	2.4615386	0.6268694575724263	True	True	True	True	P↔T	T_A__P_B	TP:group_4266--group_6479	168	6112.0	0.3082069094408026	0.423623407996715	0.6268694575724263	0.9995091623036649	True	1:3;2:4;9:1	NA	169	10858	1.9433712373563303	6.050054121017456	0.7800595704655903	0.5181673158815847	1.266633212389453	True	True	False	True	69	100.0	True	True	True
5440952	2287	2467	group_4266	group_6481	TP	0.6268694575724263	0.7395695833710967	271.8	269781.8	0.018538084	10	2	0	3	8	2	4	0.5	2.4615386	0.6268694575724263	True	True	True	True	P↔T	T_A__P_B	TP:group_4266--group_6481	168	6112.0	0.3082069094408026	0.423623407996715	0.6268694575724263	0.99967277486911	True	1:3;2:4;9:1	NA	169	10858	1.9433712373563303	6.050054121017456	0.7802163348487223	0.5181673158815847	1.266633212389453	True	True	False	True	69	100.0	True	True	True
5440959	2287	2474	group_4266	group_6482	TP	0.6268694575724263	0.7395695833710967	270.8	269444.6	0.01782415	10	2	0	3	8	2	4	0.5	2.4615386	0.6268694575724263	True	True	True	True	P↔T	T_A__P_B	TP:group_4266--group_6482	168	6112.0	0.3082069094408026	0.423623407996715	0.6268694575724263	0.9998363874345549	True	1:3;2:4;9:1	NA	169	10858	1.9433712373563303	6.050054121017456	0.7803730992318545	0.5181673158815847	1.266633212389453	True	True	False	True	69	100.0	True	True	True
5440982	2287	2497	group_4266	group_6477	TP	0.5452835046657886	0.6333963717124956	272.72727272727275	261753.63636363635	0.021330524	11	2	0	3	8	2	4	0.5	2.4615386	0.5289453394573007	True	True	True	True	P↔T	T_A__P_B	TP:group_4266--group_6477	169	5474.0	0.30550744334912777	0.4273537436110101	0.5289453394573007	0.9990865911582024	True	1:3;2:4;9:1	NA	170	10049	1.945771443024122	6.122457695007326	0.7857518862958414	0.5157671102137931	1.265070757443221	True	True	False	True	69	100.0	True	True	True
5441020	2287	2535	group_4266	group_6476	TP	0.6268694575724263	0.7395695833710967	273.54545454545456	262086.0909090909	0.015333277	11	2	0	3	8	2	4	0.5	2.4615386	0.5289453394573007	True	True	True	True	P↔T	T_A__P_B	TP:group_4266--group_6476	169	5474.0	0.30550744334912777	0.4273537436110101	0.5289453394573007	0.9998173182316404	True	1:3;2:4;9:1	NA	170	10049	1.945771443024122	6.122457695007326	0.7859273556764345	0.5157671102137931	1.265070757443221	True	True	False	True	69	100.0	True	True	True
5441025	2287	2540	group_4266	group_2868	TP	0.6268694575724263	0.7395695833710967	274.4	261061.3	0.015833227	10	2	0	3	8	2	4	0.5	2.4615386	0.5289453394573007	True	True	True	True	P↔T	T_A__P_B	TP:group_4266--group_2868	169	5474.0	0.30550744334912777	0.4273537436110101	0.5289453394573007	1.0	True	1:3;2:4;9:1	NA	170	10049	1.945771443024122	6.122457695007326	0.7861028250570276	0.5157671102137931	1.265070757443221	True	True	False	True	69	100.0	True	True	True
5441027	2287	2542	group_4266	group_3051	TP	0.6268694575724263	0.7395695833710967	267.8181818181818	260123.63636363635	0.014562462	11	2	0	3	8	2	4	0.5	2.4615386	0.6268694575724263	True	True	True	True	P↔T	T_A__P_B	TP:group_4266--group_3051	168	6112.0	0.3082069094408026	0.423623407996715	0.6268694575724263	1.0	True	1:3;2:4;9:1	NA	169	10858	1.9433712373563303	6.050054121017456	0.7805298636149867	0.5181673158815847	1.266633212389453	True	True	False	True	69	100.0	True	True	True
5441131	2287	2646	group_4266	group_437	TP	0.5452835046657886	0.6333963717124956	231.16666666666666	243688.5	0.019974174	12	2	0	3	8	2	4	0.5	2.4615386	0.4908116321999718	True	True	True	True	P↔T	T_A__P_B	TP:group_4266--group_437	163	7312.0	0.25010076509932777	0.3837856937996939	0.4908116321999718	0.99972647702407	True	1:3;2:4;9:1	NA	164	13219	1.8855704890950309	5.761904716491699	0.7889635564745412	0.5759680641428842	1.3054609029330517	True	True	False	True	69	100.0	True	True	True
6040353	2950	3179	gyrB	aguA	TT	2.160210467076942	0.7982993337075359	120.28571428571429	118613.0	NA	7	17	19	3	7	16	3	0.42857143	2.5789473	2.132712508408717	True	True	True	True	TT	T_A__T_B	TT:gyrB--aguA	31	2556.0	1.8366031751124232	2.0056483404426575	2.1327125084087175	0.9996087636932708	True	7:1;16:3;27:3	NA	31	2556	1.3016701660152519	2.777777671813965	0.9432707355242567	1.2772771396640694	1.9812602093924794	True	True	False	True	69	100.0	True	True	True
