channel	bin	log10_lower	log10_upper	N	distance_median	median_MIraw	mean_MIraw	Q25	Q75	Q95	Q99	Q99_9
PP	0	0.3010299956639812	0.31366621124592164	2266.0	1.0	0.08138626559563623	0.1478759871318136	0.0121696594316049	0.23829321512852167	0.5124481607062477	0.631316892917911	0.6681542074864046
PP	1	0.31366621124592164	0.3263024268278621	99.0	1.082191780821918	0.03865887762419854	0.10443640215010369	0.006094526194467877	0.15484374748242752	0.4528348441850135	0.5420532607313472	0.602714224422055
PP	2	0.3263024268278621	0.33893864240980254	63.0	1.146341463414634	0.03604219233641286	0.08320883773190597	0.004956909098153276	0.1130811052983971	0.29972458902491966	0.47279910671558734	0.6342126648881893
PP	3	0.33893864240980254	0.351574857991743	37.0	1.2	0.01921497608360704	0.0659153549060772	0.004099295705722949	0.0641966629190104	0.3569942384183863	0.3622139522696126	0.3630438500334787
PP	4	0.351574857991743	0.36421107357368343	38.0	1.2829200770341838	0.03236920971934478	0.054964607369553574	0.007025577963988286	0.08014422326061818	0.14904615915906438	0.3064951775953911	0.3088527486648899
PP	5	0.36421107357368343	0.3768472891556238	30.0	1.345554834523037	0.022257180478760595	0.05799980787640734	0.011544338344056264	0.07779544105275335	0.22011422639027173	0.28105216122329507	0.2994794238785804
PP	6	0.3768472891556238	0.38948350473756427	25.0	1.4232558139534883	0.017276979556650265	0.028587019311028587	0.0009772065480876694	0.03938047783068564	0.10020641538734767	0.10868570808733305	0.1100057486442821
PP	7	0.38948350473756427	0.4021197203195047	33.0	1.4935064935064934	0.011615431305384737	0.0630147714831482	0.0043500842603340275	0.0650725468573934	0.1912869937155468	0.5122254673094042	0.6463081540363298
PP	8	0.4021197203195047	0.41475593590144516	34.0	1.5661563696008747	0.042514766385857036	0.09370405229653309	0.015871439007508432	0.13371105143476544	0.2715775178820053	0.4911536331422701	0.5546193046357442
PP	9	0.41475593590144516	0.4273921514833856	42.0	1.6401515151515151	0.03364912413029417	0.07103716399143246	0.00568603585987853	0.10715388272155725	0.2943151773854802	0.43371422920227143	0.4590910463965826
PP	10	0.4273921514833856	0.44002836706532605	30.0	1.7142857142857142	0.02867498732542412	0.09699881687144882	0.004021822153662275	0.0943103127692516	0.43528723095139865	0.4595613222793265	0.46269525532483674
PP	11	0.44002836706532605	0.4526645826472665	68.0	1.7955840455840457	0.011713743739279563	0.05103240158357658	0.0027731093681364945	0.07895758757567972	0.2290992384378958	0.2566765914482114	0.26227687307324454
PP	12	0.4526645826472665	0.46530079822920695	105.0	1.8888888888888888	0.06010096854314546	0.11484951481098543	0.007172665285302474	0.16445011814723842	0.4137220590624062	0.5542808074412893	0.6073960180190991
PP	13	0.46530079822920695	0.4779370138111474	1485.0	2.0	0.06735883084473374	0.13566106878467776	0.009837844682618158	0.21305023936441345	0.4857072774403386	0.6249572117946857	0.6627953527012798
PP	14	0.4779370138111474	0.4905732293930878	239.0	2.037037037037037	0.057192311736881496	0.12407636018864719	0.005325734853444378	0.18710145080584584	0.4348262997683426	0.5947325782140344	0.6116513491547376
PP	15	0.4905732293930878	0.5032094449750283	111.0	2.1363636363636362	0.04378301199226133	0.09333166494418665	0.0065499315883632125	0.1295920490326856	0.3406918494267248	0.5768285247137394	0.6071639368382112
PP	16	0.5032094449750283	0.5158456605569687	75.0	2.2222222222222223	0.01637617024564624	0.05896221300336585	0.0036001759900270054	0.060610260186570154	0.27564793185003555	0.36984815467805043	0.403745662999947
PP	17	0.5158456605569687	0.5284818761389092	61.0	2.3333333333333335	0.02331979746271593	0.07031820449558104	0.004211947679885692	0.08806870899963812	0.3128329957342699	0.44381358772641416	0.4641246117651716
PP	18	0.5284818761389092	0.5411180917208496	59.0	2.4285714285714284	0.01987478667981237	0.057303828669765286	0.0026269093062873767	0.06620573993006217	0.21053669160477673	0.4341360801094872	0.5796983790242493
PP	19	0.5411180917208496	0.55375430730279	70.0	2.5329756450446106	0.028646729735500687	0.06747810846876393	0.004677124950857734	0.08455508760233692	0.26134469397884685	0.4558904583577614	0.5686624702605243
PP	20	0.55375430730279	0.5663905228847305	86.0	2.6363636363636362	0.021454098982339298	0.06948689901912905	0.0034390224461262634	0.06143869180655913	0.3303572273358221	0.46370567310629884	0.4761577791006502
PP	21	0.5663905228847305	0.579026738466671	92.0	2.7486559139784945	0.046204083858692874	0.09737431834393526	0.006699102587945286	0.1578487414510234	0.33150806222755963	0.3962462635348256	0.46196953763591164
PP	22	0.579026738466671	0.5916629540486114	264.0	2.86351217088922	0.03558528044328218	0.09203640981065574	0.007214742513524271	0.11998086483628516	0.35755337096505746	0.6337723641447783	0.6523103314807417
PP	23	0.5916629540486114	0.6042991696305517	1256.0	2.9836065573770494	0.059062917136490464	0.12564940177753633	0.010962505632035009	0.197119966746756	0.4564289888528172	0.612154916478691	0.6523103314807417
PP	24	0.6042991696305517	0.6169353852124922	201.0	3.066666666666667	0.05201990068536108	0.10961954669832276	0.009848605847398724	0.15185054827733577	0.4122937613586227	0.6179386658854067	0.6351555877840879
PP	25	0.6169353852124922	0.6295716007944328	106.0	3.2	0.03220530129225464	0.08335742811193791	0.005622076202407197	0.139459559993474	0.3122871685873285	0.4049671948313668	0.4919170128739689
PP	26	0.6295716007944328	0.6422078163763731	97.0	3.3333333333333335	0.026851394695049678	0.07815388929607557	0.006042874927253013	0.09687309396506391	0.3159468065048298	0.3958336842012862	0.5119930542023476
PP	27	0.6422078163763731	0.6548440319583135	113.0	3.4444444444444446	0.021893146751781646	0.07172645082336726	0.002598107121611683	0.09656247989047852	0.3091854265173666	0.49796821231446203	0.5907431648720303
PP	28	0.6548440319583135	0.6674802475402539	105.0	3.5813953488372094	0.018544515677591102	0.07723582407680084	0.003630227089572703	0.11453325308122307	0.31803331672675345	0.46076397266380764	0.4772627807950751
PP	29	0.6674802475402539	0.6801164631221944	181.0	3.730769230769231	0.02975362817874664	0.08591821585556006	0.00398001157150015	0.13823675237042476	0.28668350844300283	0.4854203170829934	0.6084495076812001
PP	30	0.6801164631221944	0.6927526787041349	513.0	3.875	0.037372174828125604	0.10863930674286026	0.006327602023130528	0.16225587751988804	0.43738514299636194	0.6421655129988194	0.6585251177421333
PP	31	0.6927526787041349	0.7053888942860753	966.0	3.9930429522081066	0.04225178476914308	0.10961526714173173	0.006087095677627469	0.17717850624613182	0.4230461588976818	0.5743754050770661	0.6337220710776296
PP	32	0.7053888942860753	0.7180251098680157	190.0	4.15	0.032131964517409364	0.08093695180190102	0.0042892940004556675	0.10358923573967739	0.31341716866971076	0.5176688902362497	0.5931257007205942
PP	33	0.7180251098680157	0.7306613254499562	149.0	4.293333333333333	0.025583968711396947	0.08098883271067786	0.004637006336629873	0.10026939610369656	0.3841657517603242	0.502365227356054	0.5200723826142443
PP	34	0.7306613254499562	0.7432975410318967	145.0	4.446428571428571	0.034549896717132676	0.08537600614869686	0.003123640687951238	0.1266192513462182	0.3348017267233222	0.4845721214767566	0.5853133567496299
PP	35	0.7432975410318967	0.7559337566138371	196.0	4.6298833079655	0.03766700756533885	0.09020423569635226	0.007089352851085717	0.13322403440109473	0.36267273512458137	0.4723602476060008	0.5627020575488594
PP	36	0.7559337566138371	0.7685699721957775	384.0	4.8	0.04178964145549882	0.11050966938499547	0.005791509309745475	0.1640436410213811	0.435995382489425	0.6500985405434865	0.6601679608317227
PP	37	0.7685699721957775	0.7812061877777179	991.0	4.962962962962963	0.05838726581213667	0.1233425327885927	0.00974770844587618	0.1899915766612118	0.45577424971172353	0.5728709692013529	0.6524699009194509
PP	38	0.7812061877777179	0.7938424033596584	248.0	5.11572606214331	0.035357285558927136	0.08417099559244753	0.005678921793177532	0.11844192739089847	0.3540963022147852	0.5103176924584517	0.6019386419856635
PP	39	0.7938424033596584	0.8064786189415989	187.0	5.333333333333333	0.015552230938731712	0.07064160996609382	0.002828159168026338	0.06314301370780226	0.3370615864379095	0.4988416150856903	0.6123302214664892
PP	40	0.8064786189415989	0.8191148345235393	195.0	5.5	0.027320009452861338	0.07279930047475194	0.006010602538910403	0.11761022444966018	0.2768085991169146	0.41262735417835184	0.4614380125332502
PP	41	0.8191148345235393	0.8317510501054797	366.0	5.7	0.022375709283569228	0.08329061254218931	0.0035241599133738226	0.0953600671861277	0.3560696139658262	0.6397553136324479	0.6650455492294949
PP	42	0.8317510501054797	0.8443872656874201	822.0	5.907775693141547	0.03389051968704141	0.09585242506774973	0.004591834510449744	0.14868918878809434	0.38221032997921145	0.5173177720210398	0.6267873302532709
PP	43	0.8443872656874201	0.8570234812693607	580.0	6.010242474916389	0.018809796206660664	0.06970111205118364	0.003548168359329421	0.08408198207091726	0.31298829365431274	0.4794427081694648	0.5727036041774128
PP	44	0.8570234812693607	0.8696596968513011	265.0	6.311688311688312	0.016629253867481607	0.060776993695275526	0.0031405579017442613	0.0668168480080744	0.2985636102427746	0.41988487073593167	0.50870913546931
PP	45	0.8696596968513011	0.8822959124332415	288.0	6.532291666666667	0.020338113996003597	0.05997011743566559	0.0029787052095211733	0.08889442831144272	0.24234584284176566	0.358044938368655	0.4178019475350266
PP	46	0.8822959124332415	0.8949321280151818	494.0	6.75	0.02118727860500892	0.08394573111911635	0.0033842463113063653	0.10910075494353726	0.39036755827369174	0.6297000083507391	0.6587670868793596
PP	47	0.8949321280151818	0.9075683435971225	931.0	6.958333333333333	0.021681977461046137	0.07406912392123219	0.003061613692188151	0.10662792729066323	0.30877865797177084	0.44813215111601834	0.5212131361378542
PP	48	0.9075683435971225	0.9202045591790629	353.0	7.2	0.014639972830688401	0.057675125452450834	0.0028940696714504647	0.07137488201290992	0.2731005232263747	0.36836556915590335	0.45710924273114056
PP	49	0.9202045591790629	0.9328407747610032	333.0	7.444444444444445	0.015477875552543204	0.054525485233541504	0.002750438554182552	0.07940654250559684	0.22826485236311073	0.37938508348221855	0.4335822575956082
PP	50	0.9328407747610032	0.9454769903429436	524.0	7.708867521367521	0.01799625324118035	0.07386229618858806	0.003197769143438444	0.09736447772782919	0.3273921505672686	0.6158799726723082	0.6650455492294949
PP	51	0.9454769903429436	0.9581132059248842	907.0	7.944444444444445	0.01669571668302895	0.06864685057626069	0.0026768718198975135	0.09761184019483657	0.31821245243477025	0.42960542082105974	0.559324306333479
PP	52	0.9581132059248842	0.9707494215068246	426.0	8.201769911504424	0.014870605096952419	0.05716696414781625	0.0029970353996730892	0.07136431894080464	0.27618075508499107	0.4246055371353715	0.5368635408752609
PP	53	0.9707494215068246	0.983385637088765	457.0	8.5	0.011319100852667935	0.05194380968528239	0.0014592451190762051	0.055500917590709783	0.2260736405707707	0.585412587363868	0.6423005162398322
PP	54	0.983385637088765	0.9960218526707054	699.0	8.797619047619047	0.01529522675712503	0.06553372587621227	0.002252206730303247	0.09824544656865125	0.28524151176945656	0.41459237154151063	0.5641392194319106
PP	55	0.9960218526707054	1.0086580682526458	825.0	9.0	0.014264097880707257	0.04915267290344696	0.0027070904475823042	0.05125048592163344	0.22437772421005392	0.4083483655942093	0.5227370644695469
PP	56	1.0086580682526458	1.0212942838345864	460.0	9.354502688172044	0.012754698130387574	0.05463505167813637	0.0023619503517600593	0.05796263711641319	0.2312769700790641	0.440536321615584	0.5477563666075941
PP	57	1.0212942838345864	1.0339304994165268	643.0	9.666666666666666	0.014652031243473985	0.05909657655675683	0.0019254919011428423	0.06883779479599014	0.25618311779060104	0.5184582857127242	0.6457973580153471
PP	58	1.0339304994165268	1.0465667149984672	919.0	9.954545454545455	0.012815498123861655	0.05137008437229415	0.00199019924902334	0.05777175787211578	0.23198164407377977	0.3702271431008927	0.4566060298227141
PP	59	1.0465667149984672	1.0592029305804076	545.0	10.285714285714286	0.012599376047586666	0.05012643417418964	0.002062448815242703	0.05194928698130893	0.2383674578801787	0.4465296043034231	0.6248801035279423
PP	60	1.0592029305804076	1.0718391461623482	669.0	10.631067961165048	0.010773697642425617	0.05223157412741087	0.0013910669267701813	0.05767133281155389	0.23214536576393224	0.46209964739470144	0.6097647398944943
PP	61	1.0718391461623482	1.0844753617442886	960.0	10.941176470588236	0.011922910405627974	0.04555102224513175	0.001993279314615421	0.05690760509778562	0.20538325326567056	0.345871999691091	0.40461753730646793
PP	62	1.0844753617442886	1.097111577326229	613.0	11.333333333333334	0.01139480175771922	0.046487793885878835	0.0019617736720196222	0.04503705997633592	0.21416869286852908	0.4717863614090828	0.6454305637777881
PP	63	1.097111577326229	1.1097477929081694	870.0	11.714285714285714	0.01265661129394785	0.04935772051697087	0.002484480166540179	0.0589925838182314	0.21720253917265164	0.3463107979417354	0.5162963281415467
PP	64	1.1097477929081694	1.1223840084901098	910.0	12.008294408572606	0.00937451141456283	0.03875391489364827	0.001988206935794431	0.0433610696174205	0.17232564107783171	0.3244016000679727	0.5170614913430391
PP	65	1.1223840084901098	1.1350202240720504	746.0	12.466666666666667	0.012431796610429353	0.05009982307378461	0.0018973838098228185	0.05523509240466227	0.21371542905348684	0.4608167722391908	0.6089876075536621
PP	66	1.1350202240720504	1.1476564396539908	1126.0	12.857142857142858	0.009730089646367051	0.04144170901106097	0.0015980799887099308	0.04868091759011868	0.18757469951131894	0.3376699496107802	0.3854328067761134
PP	67	1.1476564396539908	1.1602926552359312	765.0	13.255369928400954	0.011199868265387845	0.04430283711307826	0.002097746921457616	0.04593790217412098	0.19798857308776596	0.368144324721815	0.6163355410043516
PP	68	1.1602926552359312	1.1729288708178716	1012.0	13.705882352941176	0.011654961201202598	0.043856831141436	0.0020818974124187798	0.051281455965554015	0.19163632670931563	0.3424389456070118	0.45865303833092447
PP	69	1.1729288708178716	1.1855650863998122	936.0	14.064309346567411	0.011757033073982837	0.04179928288378648	0.0019957106972659693	0.04363729142363687	0.1776159627643874	0.3674588888529133	0.5889794064875663
PP	70	1.1855650863998122	1.1982013019817526	1033.0	14.571428571428571	0.011398627729609395	0.04003948500758214	0.0019664780650372245	0.04778483671225447	0.17656379723776322	0.3101934176029112	0.4294145089452588
PP	71	1.1982013019817526	1.210837517563693	1079.0	15.0	0.009613305341795615	0.03645095360416939	0.0018082991838461165	0.03763357542729866	0.16265916954325232	0.314212930683921	0.47537096615545893
PP	72	1.210837517563693	1.2234737331456333	1002.0	15.5	0.010113635320671898	0.03893385015279454	0.0016718896394003252	0.043150764488193674	0.17201459246214293	0.31793116800629356	0.4622840918979423
PP	73	1.2234737331456333	1.236109948727574	1216.0	15.985184372256365	0.01025713102330789	0.03639367887675421	0.001631028142356532	0.0405740921816376	0.1630746548919306	0.28863760726984994	0.4091103206409456
PP	74	1.236109948727574	1.2487461643095144	1038.0	16.5	0.008845447673030526	0.03716822747483813	0.0017802985725972064	0.03998560637684877	0.17437530657332434	0.3346345698108784	0.4679850510287045
PP	75	1.2487461643095144	1.2613823798914547	1297.0	17.0	0.00893976112232466	0.03177155968834843	0.0016256146931705835	0.03625121747831725	0.13939775365855664	0.2711636499890806	0.35027657260586775
PP	76	1.2613823798914547	1.2740185954733951	1115.0	17.555555555555557	0.008580940866928032	0.03508135426505994	0.0014171249161946198	0.037644900696905376	0.16407519598709824	0.32611755809878334	0.4373807914560165
PP	77	1.2740185954733951	1.2866548110553355	1318.0	18.020998589811388	0.009546320423237416	0.03215246067679135	0.0017573089687781926	0.038998727260049194	0.13477249283808507	0.23705765791990202	0.35234210646550795
PP	78	1.2866548110553355	1.2992910266372761	1318.0	18.644536271809	0.00904269465581135	0.03391156500525393	0.0015484520425411619	0.03888801710397209	0.15000450485557512	0.27403480931761826	0.3835963434450831
PP	79	1.2992910266372761	1.3119272422192165	1324.0	19.2	0.007977561607892283	0.030682336481520984	0.0014314041952361387	0.03648507804127791	0.1342183587382541	0.23637947511779228	0.45989913810100475
PP	80	1.3119272422192165	1.324563457801157	1476.0	19.823529411764707	0.009157973819159103	0.03149176214444907	0.0017282502882210035	0.03814230786077669	0.13707698991528344	0.25479888528223504	0.4036940662159525
PP	81	1.324563457801157	1.3371996733830975	1356.0	20.43512506012506	0.007786698126631823	0.03001565264325575	0.0014688159472423465	0.0357391085949064	0.13346081846444133	0.2426383155788962	0.42473734812253594
PP	82	1.3371996733830975	1.349835888965038	1453.0	21.020833333333332	0.007276466549751714	0.027880285315841354	0.0015723148003506174	0.029827630195032553	0.13066712301453048	0.27691512648143	0.4586323828750342
PP	83	1.349835888965038	1.3624721045469783	1569.0	21.714285714285715	0.007712470494049965	0.028238481333545208	0.0016326664926143491	0.03120765077397366	0.13338698229112897	0.22712310553868403	0.3495970455227149
PP	84	1.3624721045469783	1.3751083201289187	1506.0	22.4	0.008291105634383063	0.02903250242532872	0.0015652098849202193	0.03298206822998787	0.13253962731508406	0.22572975863860717	0.42893913248005094
PP	85	1.3751083201289187	1.387744535710859	1553.0	23.045454545454547	0.007939169573461654	0.02943321215333869	0.001446129194626496	0.03678800647541904	0.13760207766774785	0.2355050347717994	0.4366729651150672
PP	86	1.387744535710859	1.4003807512927997	1593.0	23.8	0.0070596946240328445	0.026754431402790844	0.0015387079203312698	0.029208317069036437	0.13094895264794765	0.21101525484230507	0.3381239043193504
PP	87	1.4003807512927997	1.41301696687474	1688.0	24.5	0.007023109821298499	0.026796576310041783	0.0014299267756810305	0.02925256879941393	0.12647384326035038	0.2172185074406145	0.3350766352484956
PP	88	1.41301696687474	1.4256531824566805	1727.0	25.25	0.006674524656154035	0.025780388409821643	0.0012375155405098493	0.02822752817495689	0.12331659782774597	0.2163641986706626	0.3338882984339595
PP	89	1.4256531824566805	1.4382893980386209	1883.0	26.0	0.006338296166709393	0.024404268800514415	0.001306542732690416	0.02571747286787208	0.11817104469754514	0.2275649106093808	0.31887052543713795
PP	90	1.4382893980386209	1.4509256136205615	1912.0	26.838819188191884	0.006674305390709508	0.025194339182308834	0.00126604708021355	0.027675340605045843	0.12470502214539202	0.216854927475193	0.28104221790090195
PP	91	1.4509256136205615	1.4635618292025019	1854.0	27.666666666666668	0.006325853329025348	0.024519386787785594	0.0013881909593251246	0.026576265421751066	0.11960618152386368	0.21554537500508075	0.2921466774523846
PP	92	1.4635618292025019	1.4761980447844423	1861.0	28.503703703703703	0.006302427772710641	0.022639619637344264	0.001372177439577093	0.024868777280308438	0.10669566468055	0.2003968026089909	0.3024815088294924
PP	93	1.4761980447844423	1.4888342603663827	2076.0	29.375	0.0059167819912795344	0.0225059707323224	0.0012973176926352283	0.024036516706554663	0.10491090305707407	0.2058731547188625	0.35828922870935614
PP	94	1.4888342603663827	1.5014704759483233	2125.0	30.270833333333332	0.005775028978137516	0.021270565815357658	0.0012165855406180487	0.02329711727568612	0.09537235066243323	0.20518431039649454	0.27857219737438255
PP	95	1.5014704759483233	1.5141066915302637	2275.0	31.181818181818183	0.005538408126952193	0.02089336640332612	0.0011228700155180849	0.022960495150425517	0.09484783234699957	0.19436394709880914	0.2907771233226867
PP	96	1.5141066915302637	1.526742907112204	2316.0	32.13819628647215	0.006262179705340567	0.02074284634127619	0.001318529116008846	0.024134652076499036	0.08991051757070907	0.16770209182476695	0.24282756125768348
PP	97	1.526742907112204	1.5393791226941445	2384.0	33.125	0.006567125006617672	0.021668727273512357	0.0013243719024639846	0.023442485380843665	0.10018118888175667	0.1916397277587569	0.27444590998993973
PP	98	1.5393791226941445	1.5520153382760848	2529.0	34.123711340206185	0.006258624220370761	0.02232673485655014	0.0012866647203198898	0.02359722681390318	0.10691246563153795	0.1901110542441289	0.28877472844028723
PP	99	1.5520153382760848	1.5646515538580255	2688.0	35.166666666666664	0.006060140163455647	0.020924663409794937	0.0012713826783285584	0.023831846798822418	0.09713201003014564	0.18239041544844253	0.23819930424584237
PP	100	1.5646515538580255	1.5772877694399658	2712.0	36.22222222222222	0.005825733360230255	0.020055538439231496	0.0012109199629409574	0.023399717316877667	0.09025914777697222	0.17791503238936485	0.23531183403555933
PP	101	1.5772877694399658	1.5899239850219062	2941.0	37.345794392523366	0.0059072190696139	0.02048694570973447	0.0012415001950775069	0.022100828338903263	0.09362006170387319	0.1813368570349488	0.2678663091716968
PP	102	1.5899239850219062	1.6025602006038466	3001.0	38.470588235294116	0.0057712572934160815	0.021215160340947725	0.0012092914322938252	0.024337369322361017	0.0984932987290724	0.18507835253096813	0.2721761355898587
PP	103	1.6025602006038466	1.6151964161857872	3015.0	39.63636363636363	0.005327605971973147	0.02081436877201121	0.001179369259448626	0.023502953186310703	0.09523694371913159	0.18492284961968944	0.2766257081082586
PP	104	1.6151964161857872	1.6278326317677276	3087.0	40.833333333333336	0.005152666331500957	0.018838190544541392	0.0009944873791483558	0.02181190638824419	0.08621464999400252	0.1579166577233605	0.31234414862385096
PP	105	1.6278326317677276	1.640468847349668	3214.0	42.083333333333336	0.004604853572916817	0.018747393770521488	0.0010322405847162368	0.02015284198271793	0.08696719623740717	0.17516274278110347	0.2517105871120749
PP	106	1.640468847349668	1.6531050629316084	3143.0	43.333333333333336	0.005248714311093876	0.018641140897828725	0.0010869790811247502	0.020258651710060076	0.08397341647291079	0.171673473592248	0.26592904066412354
PP	107	1.6531050629316084	1.6657412785135488	3490.0	44.64570147679325	0.004933125954431444	0.018237963733977874	0.0010668733742798162	0.019456684605051885	0.08444460438359784	0.17893419530770518	0.2346661469685884
PP	108	1.6657412785135488	1.6783774940954894	3452.0	46.0	0.005100618371418232	0.017984171247966616	0.0010244160567118642	0.01887360591855638	0.08354527901370616	0.1907953385699126	0.25934002836758424
PP	109	1.6783774940954894	1.6910137096774298	3633.0	47.4	0.004506102819486253	0.01831241296535446	0.0009640463165788184	0.019032973797116107	0.08386571459862842	0.19168911567205585	0.2772034218704573
PP	110	1.6910137096774298	1.7036499252593702	3787.0	48.81818181818182	0.004755970277974078	0.017438578275327025	0.0009743878870022787	0.019081178667001215	0.07980269895130161	0.16511189475170804	0.22863203233778726
PP	111	1.7036499252593702	1.7162861408413106	4115.0	50.27272727272727	0.004840693268225341	0.018220011924461613	0.0010390284758669713	0.019806297008423047	0.08227540053023023	0.18257667556306872	0.27522444198307816
PP	112	1.7162861408413106	1.7289223564232512	4095.0	51.8	0.0047277363154114155	0.01752206445185162	0.0009821015893646272	0.018808242990786143	0.0774980588563095	0.1616340210365595	0.25499954255100293
PP	113	1.7289223564232512	1.7415585720051916	4481.0	53.333333333333336	0.004874724448693432	0.017636085164149294	0.0010881406985315248	0.01898622565600039	0.0813746063748727	0.1610754525431704	0.27995753664519746
PP	114	1.7415585720051916	1.754194787587132	4430.0	55.0	0.0048707544509066746	0.017967776530406075	0.0010780271615464926	0.018923763626834254	0.08388703680780522	0.16338338307013026	0.23691036073763888
PP	115	1.754194787587132	1.7668310031690724	4764.0	56.625	0.004589470569281051	0.017517946519869487	0.0009788789021558078	0.018734333003986164	0.0786246834765852	0.18000833504611846	0.2578329163913837
PP	116	1.7668310031690724	1.779467218751013	4792.0	58.333333333333336	0.004597050588439936	0.017454763878064515	0.001040311872001647	0.01774281227298866	0.08494251143913445	0.16418313018136568	0.2385371002933225
PP	117	1.779467218751013	1.7921034343329534	4845.0	60.027272727272724	0.004531535322350722	0.01735208280600221	0.0009743195151581947	0.01783670641366459	0.08281772613056415	0.15386230158619865	0.25359316987555686
PP	118	1.7921034343329534	1.8047396499148938	5032.0	61.857142857142854	0.004939355227753205	0.018123586808961662	0.0010491232371187588	0.019759086223450604	0.08497000090468089	0.1542736589052418	0.24473475211958706
PP	119	1.8047396499148938	1.8173758654968342	5351.0	63.72727272727273	0.004807541949162713	0.01775053194302354	0.0010111372472939376	0.018720547014054147	0.08031013093772828	0.15829308367613715	0.2894223531617752
PP	120	1.8173758654968342	1.8300120810787746	5199.0	65.63636363636364	0.005094805930385991	0.017583449276325245	0.0010040390031312223	0.019119893717310363	0.07823192864161735	0.15261927437662484	0.265992662730285
PP	121	1.8300120810787746	1.8426482966607152	5451.0	67.625	0.005363002376003677	0.01919253363316706	0.001047428674728987	0.021389353280102837	0.08636611697155608	0.1695028481589953	0.2720403611952977
PP	122	1.8426482966607152	1.8552845122426556	5565.0	69.64814814814815	0.004681510120612201	0.01787029814250458	0.0009640463165788184	0.019510778559845954	0.08009735203520425	0.15930835240814906	0.2745365386787682
PP	123	1.8552845122426556	1.867920727824596	5718.0	71.66666666666667	0.004848801983300962	0.017150073250228125	0.001016837105837861	0.01837511646200178	0.07881086730462827	0.14771315661643272	0.265788113307212
PP	124	1.867920727824596	1.8805569434065363	5751.0	73.85714285714286	0.004801194253607833	0.01753318934243206	0.0009489881213947341	0.019094446804325135	0.08200965924227863	0.15907877557731867	0.2543383434051827
PP	125	1.8805569434065363	1.893193158988477	6084.0	76.0822072072072	0.005182864104047001	0.018584485945146105	0.0010811811414240598	0.02013082084391124	0.08375438396848825	0.16600928574104484	0.2848708139310162
PP	126	1.893193158988477	1.9058293745704173	6233.0	78.375	0.004952052448519506	0.018199595720469967	0.00091004830823471	0.019614048436291106	0.08333171660465429	0.1654947717006076	0.26926639942871194
PP	127	1.9058293745704173	1.9184655901523577	6278.0	80.70123966942148	0.004619615250344055	0.017912730883745495	0.0010320002303028165	0.019695926690879547	0.07982891017179763	0.16889230837703867	0.26827542310044383
PP	128	1.9184655901523577	1.9311018057342981	6256.0	83.08835005574136	0.004426711331875837	0.01785798167628847	0.0009106038002052	0.019761792789666926	0.08003720678707987	0.16222670365935535	0.25994906582460425
PP	129	1.9311018057342981	1.9437380213162385	6557.0	85.57142857142857	0.0048017622607258266	0.017807056064854828	0.0009308842590431505	0.019287690655819728	0.08291591421847903	0.15929966177065996	0.2521948316684195
PP	130	1.9437380213162385	1.9563742368981791	6583.0	88.16666666666667	0.004734209560957457	0.018013088236259404	0.0009280935437787209	0.019416334715803583	0.08462552464636489	0.1577604359626178	0.24693657711869388
PP	131	1.9563742368981791	1.9690104524801195	6572.0	90.8	0.004742577724776627	0.018164271813725843	0.0009320923680802939	0.01897382931483002	0.08650168058338166	0.16448916293992996	0.2593337248185822
PP	132	1.9690104524801195	1.98164666806206	6761.0	93.44444444444444	0.004495875732109104	0.018333197280231115	0.0009594763491316215	0.018318217482736307	0.08881890147032896	0.16757640231088694	0.2686713440007028
PP	133	1.98164666806206	1.9942828836440003	6715.0	96.25	0.0047676298454660225	0.018511952909401073	0.0010143946678635325	0.020700019181182076	0.08639452999293078	0.15560490261497725	0.23805149543294724
PP	134	1.9942828836440003	2.0069190992259407	6943.0	99.19047619047619	0.004671078020899725	0.017773564236656537	0.0009658386903017039	0.01825977167208757	0.08427328456888496	0.16086113929376944	0.26319345446675796
PP	135	2.0069190992259407	2.019555314807881	7097.0	102.125	0.004505358852888606	0.01689032270980833	0.0009522208138643719	0.01709174430198087	0.07790778407538533	0.15807643815472677	0.29802984014426065
PP	136	2.019555314807881	2.0321915303898215	6916.0	105.14285714285714	0.004322007327262818	0.01660664291311972	0.0009326025879494454	0.016140909899678188	0.07787244335288054	0.17361808860938566	0.27664263285871893
PP	137	2.0321915303898215	2.044827745971762	7175.0	108.25	0.004568193609085163	0.017267984845563737	0.0009271764877576915	0.01838301385931542	0.0753858933488012	0.16623554823323006	0.31835371447399957
PP	138	2.044827745971762	2.0574639615537023	6960.0	111.5	0.004719538347598789	0.017957205142739085	0.0009247699934398363	0.018711926102700827	0.08032580193964121	0.17405424144485696	0.3343558960177353
PP	139	2.0574639615537023	2.070100177135643	6861.0	114.8	0.00423708527795701	0.017238181100417794	0.0008945356805164274	0.01748437433878375	0.07809943713238143	0.17094738819314798	0.31150035755326055
PP	140	2.070100177135643	2.0827363927175835	6849.0	118.25	0.0042789068571752915	0.017927332094126083	0.000856972245920554	0.01771591996998133	0.08093896070683802	0.19017536277534852	0.3343558960177353
PP	141	2.0827363927175835	2.095372608299524	7040.0	121.73841767640769	0.004353789741047663	0.016252859101454017	0.0008601590136276963	0.016819910514861314	0.0729130353892996	0.15081812249817886	0.2702659479976715
PP	142	2.095372608299524	2.1080088238814643	7138.0	125.38461538461539	0.004017575485096823	0.016273948599532954	0.0007608756909496975	0.016978935220083	0.07577719986338895	0.14992535278963684	0.26580518650811524
PP	143	2.1080088238814643	2.1206450394634047	7368.0	129.14495798319328	0.0044645607154731	0.01570740095176839	0.0009220161161762105	0.017344583166946974	0.07021361923706292	0.13353956028800928	0.26453595152533976
PP	144	2.1206450394634047	2.133281255045345	6933.0	133.0	0.004386523638322122	0.01632235328205812	0.0009133915337823885	0.017265789640365823	0.07489760409001708	0.1464357387484686	0.27338527144928293
PP	145	2.133281255045345	2.1459174706272854	6974.0	136.88888888888889	0.004465863587995441	0.016443849306174197	0.0008758818765517336	0.017304675993223717	0.07406310532732605	0.149634419516591	0.24488270761623324
PP	146	2.1459174706272854	2.158553686209226	6731.0	140.98529411764707	0.004547609230258098	0.01633412909242487	0.0009109643497258336	0.017225084686526553	0.0732830878400802	0.14664409309432716	0.2595898669752842
PP	147	2.158553686209226	2.1711899017911667	6865.0	145.22727272727272	0.004413301781338885	0.017147894481503043	0.0008985626847653602	0.01864348311514888	0.0779575224623964	0.16324289686893095	0.30366480057627754
PP	148	2.1711899017911667	2.183826117373107	6921.0	149.5	0.004611619213408611	0.018523914570237145	0.0009543629953947821	0.01953429763375544	0.08708641753572753	0.17756413864598863	0.28119767237228566
PP	149	2.183826117373107	2.1964623329550474	7173.0	153.94392523364485	0.004615510625161554	0.01789897321091188	0.0008758818765517336	0.019155668615314068	0.08341222594638732	0.16186191601190375	0.27907346768641356
PP	150	2.1964623329550474	2.209098548536988	7224.0	158.53846153846155	0.004636493998105045	0.01828458563755213	0.0008923524534601821	0.018798874367323474	0.0835690225853602	0.1891902803848992	0.267453801147041
PP	151	2.209098548536988	2.2217347641189282	7093.0	163.2	0.0047056534202966375	0.017452929878720894	0.0009904023670843434	0.01757921462248241	0.08016485582239659	0.16620799112503734	0.26764865624249873
PP	152	2.2217347641189282	2.2343709797008686	6975.0	168.125	0.004360756970985792	0.017347631799279912	0.0008750777242724156	0.01781160867985499	0.08074861224185069	0.1666841194180666	0.28647025574377827
PP	153	2.2343709797008686	2.247007195282809	7024.0	173.11111111111111	0.004527271389237227	0.018769980442247626	0.0009353190163513617	0.018400033765077903	0.08947656875874647	0.18774163590115295	0.30653924759233403
PP	154	2.247007195282809	2.2596434108647494	6972.0	178.2	0.004457618340392836	0.019999607732226758	0.0009070913076799647	0.019954749144546535	0.09211054727327994	0.2198618223933002	0.3100052955028014
PP	155	2.2596434108647494	2.27227962644669	6489.0	183.4857142857143	0.004202797697494754	0.017077708208775404	0.0008640686382165321	0.016947584874342305	0.07478644229557524	0.17953682317087796	0.31708452791519853
PP	156	2.27227962644669	2.2849158420286306	6528.0	189.0	0.004195449249975145	0.018620076324580143	0.0008999035900043317	0.01776463024140271	0.08221860760714088	0.24131709557293915	0.3681338077204296
PP	157	2.2849158420286306	2.297552057610571	6321.0	194.52631578947367	0.004739545223449784	0.01918294177813029	0.0009237225721622786	0.018563395330009322	0.08501534501267864	0.23699808305306264	0.28933812204549963
PP	158	2.297552057610571	2.3101882731925114	6219.0	200.23529411764707	0.004355659386927377	0.017205258590408626	0.0009381190522743689	0.01690923202612688	0.07233978097571946	0.2059138638563704	0.28913752077227867
PP	159	2.3101882731925114	2.322824488774452	6011.0	206.33333333333334	0.004944126521536366	0.017703567168239804	0.0009791309848055092	0.018504798584407643	0.07923949105051266	0.1890138768129557	0.27825233636230506
PP	160	2.322824488774452	2.335460704356392	5684.0	212.375	0.004744936205877411	0.017913497741115038	0.0009374800066980951	0.018271022084017766	0.08298880518793039	0.1820746095221526	0.2653859311411507
PP	161	2.335460704356392	2.3480969199383326	5348.0	218.71428571428572	0.0053648744515338055	0.021834989941588362	0.0009822186781065353	0.02117759041544973	0.09467939271767922	0.24394594674628953	0.30813863913611067
PP	162	2.3480969199383326	2.360733135520273	5472.0	225.2	0.0051688416821731795	0.020550673157898016	0.0010922283816737518	0.02078994779740856	0.09175280636939254	0.22521672534845816	0.29790723399087843
PP	163	2.360733135520273	2.373369351102214	5249.0	231.72222222222223	0.004749009731735877	0.018407409493079615	0.001022812500639555	0.01874842080375963	0.08492304095172	0.17143864771060247	0.289851304603196
PP	164	2.373369351102214	2.386005566684154	4910.0	238.625	0.005021163781942455	0.022678503565357007	0.0010671416720714703	0.021786157684085705	0.11128019493820808	0.21860279272641442	0.27662508299553135
PP	165	2.386005566684154	2.3986417822660946	4959.0	245.8	0.005021069621013084	0.022239351127934653	0.0011323916066825564	0.02212199314649789	0.11367578113139926	0.21135906298852594	0.26096308086800163
PP	166	2.3986417822660946	2.411277997848035	4560.0	253.0	0.005108684403879725	0.020762379078450913	0.0011632517843656117	0.0227665967159701	0.09393288886775424	0.1920536312331571	0.2946815627543256
PP	167	2.411277997848035	2.4239142134299754	4514.0	260.6120071684588	0.004769221791442934	0.019219501402485607	0.0011014216590502738	0.018356825397756092	0.08760975382880715	0.20089296928701741	0.31739494783736416
PP	168	2.4239142134299754	2.4365504290119158	4297.0	268.09090909090907	0.005004957586570495	0.017840174804794384	0.001022812500639555	0.018884758680547002	0.08065099864178153	0.16584660997892212	0.24628217975447136
PP	169	2.4365504290119158	2.449186644593856	3783.0	276.1764705882353	0.004805337546354387	0.018615569292303936	0.0009771760286096105	0.017913772665431503	0.08427079071304637	0.17947006613657207	0.32052380545784925
PP	170	2.449186644593856	2.4618228601757965	3808.0	284.3514705882353	0.0049646524105202506	0.01953274055462918	0.0010944291256833627	0.02078595697594762	0.08932472434969523	0.18669627857107593	0.3251225242961465
PP	171	2.4618228601757965	2.474459075757737	3496.0	292.7142857142857	0.005424135327628795	0.02175905183223691	0.0010027889877436576	0.023650138376986176	0.103522379503101	0.22505235952534586	0.3284033120333542
PP	172	2.474459075757737	2.4870952913396778	3223.0	301.55555555555554	0.006184852908077839	0.025101747913572246	0.001166788210908818	0.02875909910322479	0.1254302256115865	0.19309289533961863	0.2894330772506382
PP	173	2.4870952913396778	2.499731506921618	3200.0	310.5	0.006770473078319979	0.028907652938929572	0.0013142688692094606	0.03130932671708712	0.14684271125802742	0.2248956273860025	0.29253724185778823
PP	174	2.499731506921618	2.5123677225035586	3061.0	319.84615384615387	0.006707164639472549	0.029532069748674544	0.0013592914974410609	0.033042344459893055	0.14981143661780202	0.26081323244417676	0.32160343860495616
PP	175	2.5123677225035586	2.525003938085499	2726.0	329.0871212121212	0.0072830325134896155	0.029521518569098616	0.0012182562744520314	0.03401144337489559	0.1327882248154605	0.2682520213804329	0.3271787341539895
PP	176	2.525003938085499	2.5376401536674393	2369.0	338.6190476190476	0.006748447236461768	0.02443718581816202	0.0014671125360936183	0.02841204467510395	0.10554857123789718	0.20648801413880324	0.3373267143508931
PP	177	2.5376401536674393	2.5502763692493797	2052.0	348.8095238095238	0.00686593224430338	0.026296167600131006	0.001249934396645591	0.02859369737694718	0.14649294766732016	0.20020777450795496	0.290221471054108
PP	178	2.5502763692493797	2.56291258483132	1882.0	359.0627450980392	0.006133825795303244	0.026615228445279818	0.0012743026328308387	0.025590417922589717	0.1389796488889416	0.23645135095136283	0.3124166129924191
PP	179	2.56291258483132	2.5755488004132605	1704.0	369.93933823529414	0.008756557572723603	0.03383646153986977	0.0016382803210230716	0.03829815759144235	0.16492037586924513	0.23773508614418243	0.298143584873909
PP	180	2.5755488004132605	2.5881850159952013	1623.0	380.7368421052632	0.008579327173149454	0.03294569109415393	0.0012846880857519693	0.04330548334407151	0.15824349114559816	0.23035931184815844	0.3247237362155518
PP	181	2.5881850159952013	2.6008212315771417	1213.0	392.0	0.009967793118943313	0.03043288113450307	0.001421723288929933	0.03881270810422392	0.1399099256544141	0.21884144902339997	0.3592705410095851
PP	182	2.6008212315771417	2.613457447159082	1171.0	403.54545454545456	0.009667326162881285	0.0346654950772196	0.001434875150221721	0.035847764800576234	0.1653693639582281	0.2509403696505097	0.2972704554310693
PP	183	2.613457447159082	2.6260936627410225	947.0	415.0	0.008460664484666872	0.028281526236367507	0.0013152442830931998	0.030006401110468983	0.1320753032628127	0.2836877780600303	0.40111627261677635
PP	184	2.6260936627410225	2.638729878322963	784.0	428.1269841269841	0.008467651792936386	0.02418597672605829	0.001204662378908194	0.02620787866641276	0.09702978715046268	0.21051958368386878	0.3390678461203284
PP	185	2.638729878322963	2.6513660939049033	825.0	440.92857142857144	0.009454631091530063	0.024639419363539857	0.0017394809467605448	0.029542618985522698	0.10754100517566145	0.19102053703673283	0.2749663771102005
PP	186	2.6513660939049033	2.6640023094868437	744.0	453.2678571428571	0.009719155237161823	0.02606425873532101	0.0014190477981758482	0.03206012581092506	0.1058672875420893	0.2441010122955669	0.34869406658141155
PP	187	2.6640023094868437	2.676638525068784	724.0	467.19805194805195	0.009694570947906777	0.025217582632847534	0.0019972349992725853	0.03584753210250399	0.09281187499872048	0.1825657995071111	0.22371065060712306
PP	188	2.676638525068784	2.6892747406507245	665.0	480.8333333333333	0.008097503803928263	0.02486247490190344	0.0015898502564499278	0.036697321424036033	0.10883763416894081	0.13044584891278072	0.18513010169958385
PP	189	2.6892747406507245	2.7019109562326653	464.0	494.4142857142857	0.005378984974995276	0.017077651181131987	0.0014852607240885072	0.023417820374001457	0.07002690854969813	0.125702775153238	0.13645437529211837
PP	190	2.7019109562326653	2.7145471718146057	366.0	509.8333333333333	0.00472921288447796	0.015541468133846584	0.0013243816593253358	0.019166256091201806	0.06519663813552284	0.136044217285875	0.14646232743901202
PP	191	2.7145471718146057	2.727183387396546	349.0	525.8333333333334	0.006267209415690044	0.014984426205340823	0.0015670916949584183	0.019410567266116	0.07002306668386281	0.08567374909085657	0.13106753535723473
PP	192	2.727183387396546	2.7398196029784865	417.0	539.5	0.01101035835819754	0.021412178527556624	0.0031802467493540973	0.03246899718572223	0.07915563685886147	0.0937302491033488	0.10481732411864078
PP	193	2.7398196029784865	2.752455818560427	358.0	555.6666666666666	0.011017569821193118	0.016499718319636928	0.001532076043343455	0.02311565433024452	0.0551687441946803	0.09689936808753581	0.10454253496209596
PP	194	2.752455818560427	2.7650920341423673	339.0	571.6666666666666	0.011226108892417114	0.015636021697506188	0.004433373095297349	0.020704510113509066	0.04254342763282427	0.0911479723091607	0.1495364557199526
PP	195	2.7650920341423673	2.7777282497243077	263.0	590.6666666666666	0.010198681148079734	0.01514600240186221	0.004348335904964274	0.021132414652636728	0.04502964869403515	0.08512564050536772	0.08900630613237921
PP	196	2.7777282497243077	2.790364465306248	231.0	606.3333333333334	0.008878449689136973	0.017566920726785607	0.0019960421299524776	0.02159145895245434	0.07472287547456186	0.08207032191664879	0.08605016606298246
PP	197	2.790364465306248	2.8030006808881884	163.0	625.3333333333334	0.011998491953072423	0.01969113998986934	0.0037974252028497137	0.026173151831970203	0.06911784003602953	0.09676260746355486	0.09998352969325329
PP	198	2.8030006808881884	2.8156368964701293	62.0	646.8333333333334	0.01514970471966012	0.024015793749125783	0.0033248682316270334	0.02215050770281446	0.0927943509173575	0.09725917365386837	0.09937261374384905
PP	199	2.8156368964701293	2.8282731120520697	44.0	659.6666666666666	0.02220583298916127	0.030625830252212924	0.001838066085472129	0.03707289178941105	0.11018492771930327	0.11930130323220337	0.12252989268032481
PT	0	0.2041199826559248	0.2172549973527499	1.0	0.6	0.46459480387427793	0.46459480387427793	0.46459480387427793	0.46459480387427793	0.46459480387427793	0.46459480387427793	0.46459480387427793
PT	1	0.2172549973527499	0.230390012049575	NA	NA	NA	NA	NA	NA	NA	NA	NA
PT	2	0.230390012049575	0.2435250267464001	NA	NA	NA	NA	NA	NA	NA	NA	NA
PT	3	0.2435250267464001	0.2566600414432252	1.0	0.8	0.032159400507869196	0.032159400507869196	0.032159400507869196	0.032159400507869196	0.032159400507869196	0.032159400507869196	0.032159400507869196
PT	4	0.2566600414432252	0.2697950561400503	NA	NA	NA	NA	NA	NA	NA	NA	NA
PT	5	0.2697950561400503	0.2829300708368754	NA	NA	NA	NA	NA	NA	NA	NA	NA
PT	6	0.2829300708368754	0.2960650855337005	NA	NA	NA	NA	NA	NA	NA	NA	NA
PT	7	0.2960650855337005	0.3092001002305256	233.0	1.0	0.052023650861578494	0.08359392239170614	0.020947980744324284	0.12006190405115962	0.2707233191157387	0.4375312017576011	0.49770779842348223
PT	8	0.3092001002305256	0.3223351149273507	15.0	1.0588235294117647	0.12913400389569235	0.13863268041832671	0.06504607269917988	0.1730740898984377	0.29051758948156	0.44099605459087654	0.4748537092404731
PT	9	0.3223351149273507	0.3354701296241758	10.0	1.1397338772338772	0.01805428705199324	0.04169222121105531	0.01141802926729386	0.07680568255878245	0.11845471230004721	0.12892993931336544	0.131286865391362
PT	10	0.3354701296241758	0.34860514432100087	4.0	1.20989010989011	0.043184865704827706	0.04888141917519129	0.014931532505658632	0.07713475237436036	0.09547636324822154	0.09914468542299378	0.09997005791231753
PT	11	0.34860514432100087	0.36174015901782597	3.0	1.2526315789473683	0.007048866872300314	0.014061276501709333	0.0036899462900197785	0.02092640189869438	0.03202842991980963	0.03424883552403268	0.03474842678498287
PT	12	0.36174015901782597	0.37487517371465107	2.0	1.355743879472693	0.06711739793316472	0.06711739793316472	0.03513463368559651	0.09910016218073296	0.12468637357878752	0.12980361585839842	0.1309549953713109
PT	13	0.37487517371465107	0.38801018841147616	6.0	1.4	0.027925151399205046	0.04184502451829086	0.024588970592134135	0.030995952608567447	0.09824422884684086	0.11607840110088871	0.12009108985804945
PT	14	0.38801018841147616	0.40114520310830126	3.0	1.456140350877193	0.0546024822697426	0.04395509385100894	0.03830932928599237	0.05492455262539233	0.055182208909912114	0.05523374016681607	0.05524533469961947
PT	15	0.40114520310830126	0.41428021780512636	3.0	1.542857142857143	0.03318730059598998	0.03306720505936181	0.030778664087934598	0.035415793799103104	0.0371985883615936	0.0375551472740917	0.03763537302940377
PT	16	0.41428021780512636	0.42741523250195146	11.0	1.6062992125984252	0.1450519214713588	0.15759358156368777	0.0359239627807299	0.2698128433913798	0.33494211500277316	0.33573973584315436	0.33591920053224017
PT	17	0.42741523250195146	0.44055024719877656	3.0	1.6885245901639345	0.07620533292989265	0.0687315797632246	0.056857843026658444	0.08434219308312478	0.09085168120571048	0.09215357883022762	0.09244650579574398
PT	18	0.44055024719877656	0.45368526189560165	13.0	1.8	0.06567128780076731	0.09457663108083023	0.054656190876181954	0.11640118682420256	0.24935541634364572	0.3172319226074923	0.33250413651685784
PT	19	0.45368526189560165	0.46682027659242675	8.0	1.8957884532529081	0.055962100010215066	0.08033445777163478	0.01499075535886515	0.09059703746806677	0.23505829144251766	0.2730939989431626	0.2816520331308078
PT	20	0.46682027659242675	0.47995529128925185	148.0	2.0	0.0673246116607292	0.09312400126315881	0.019979237731434694	0.11363653209111613	0.30522760705544205	0.44450916204577695	0.5974483417256982
PT	21	0.47995529128925185	0.49309030598607695	16.0	2.0559467918622847	0.034392395784433316	0.06743815296605195	0.017967631805094506	0.08544632767907524	0.1931174735314356	0.23005987828866356	0.23837191935903984
PT	22	0.49309030598607695	0.506225320682902	21.0	2.1666666666666665	0.047569955853474184	0.09525480178752714	0.021290605909803067	0.11581289091130641	0.35824425123329195	0.37340256611004635	0.37681318695731614
PT	23	0.506225320682902	0.5193603353797271	11.0	2.270175438596491	0.05590095359090156	0.06969087947162453	0.02029249851959873	0.1069200958184306	0.16943130702541498	0.16943130702541498	0.16943130702541498
PT	24	0.5193603353797271	0.5324953500765522	13.0	2.3833333333333333	0.18686561972508275	0.18640925916730108	0.12112466703124451	0.20699551498031712	0.406417824604108	0.4228510213439669	0.42654849061043515
PT	25	0.5324953500765522	0.5456303647733773	9.0	2.4761904761904763	0.027946376719470447	0.04542241371680289	0.012992429639028646	0.05244602256310431	0.12684998142199252	0.1566490923350961	0.16335389229054442
PT	26	0.5456303647733773	0.5587653794702024	20.0	2.6	0.07811030198772395	0.12050687999006711	0.04011757324245249	0.15244165626566247	0.3929982571529666	0.3971746572671619	0.39811434729285583
PT	27	0.5587653794702024	0.5719003941670275	15.0	2.6666666666666665	0.12966517808896405	0.1540719818602523	0.0801033299087607	0.18962811394852164	0.3239689204607399	0.4485077422556668	0.4765289771595257
PT	28	0.5719003941670275	0.5850354088638526	35.0	2.8	0.0942214071315566	0.12057818340280146	0.02425901554103135	0.16366909964720958	0.3542906748091699	0.38819539421447596	0.3922706840102507
PT	29	0.5850354088638526	0.5981704235606777	62.0	2.9180389046974855	0.06396049626889135	0.07666390577704497	0.015126601875052518	0.10776377088012869	0.1944308220716329	0.26977798177373497	0.32840256714851246
PT	30	0.5981704235606777	0.6113054382575028	105.0	3.0	0.06518496477227839	0.09441905258515587	0.018481055339959328	0.1461545040186802	0.30051345053866907	0.38074850582113645	0.40025524211118096
PT	31	0.6113054382575028	0.6244404529543279	34.0	3.150839195359743	0.09917914018347555	0.1350350457384455	0.05399355125241648	0.2044515597230338	0.3421366827253637	0.3461930509454256	0.34789680550946706
PT	32	0.6244404529543279	0.637575467651153	19.0	3.291970802919708	0.07386270453435478	0.11803429345406131	0.02918223837742949	0.17104921890652722	0.32898525023111624	0.4495110082097423	0.47662930375493295
PT	33	0.637575467651153	0.6507104823479781	37.0	3.4	0.09899346416425711	0.14993204237880128	0.02698819658145278	0.23889637916209186	0.3954583441880642	0.4361336955463211	0.4511875205154154
PT	34	0.6507104823479781	0.6638454970448032	29.0	3.5714285714285716	0.06939740950287557	0.09643738760128619	0.015252022731722896	0.1444721617258556	0.31142680689170993	0.3404522245995222	0.3481326141991858
PT	35	0.6638454970448032	0.6769805117416283	34.0	3.6666666666666665	0.08248883399637477	0.09980280933689212	0.028405571592501733	0.1692785460454605	0.2123498704796346	0.23972812348515826	0.25108089419073065
PT	36	0.6769805117416283	0.6901155264384534	65.0	3.8333333333333335	0.0885073183938137	0.1252577632570559	0.044478678325020844	0.18843441584972598	0.34582601284280057	0.3556212178060935	0.3667668619779719
PT	37	0.6901155264384534	0.7032505411352785	127.0	3.992831541218638	0.08605191854877445	0.12028729830731777	0.022993575921826152	0.1593407181373518	0.3933659983460304	0.4272927787031454	0.4485271204795138
PT	38	0.7032505411352785	0.7163855558321036	45.0	4.142857142857143	0.07392473866611385	0.1189208107249159	0.02623413519375012	0.17227059493217392	0.3717425622258965	0.4130846055283829	0.43684633655253735
PT	39	0.7163855558321036	0.7295205705289287	42.0	4.2911979166666665	0.10520840388684936	0.1336626888955241	0.04596027366839284	0.20779133801142885	0.312879348604114	0.3696388119306232	0.3994650806562504
PT	40	0.7295205705289287	0.7426555852257538	44.0	4.4	0.14687726371358412	0.17011290955238173	0.05639041888916591	0.28406427026579895	0.3498484160262816	0.4147568577648786	0.42306543606404295
PT	41	0.7426555852257538	0.7557905999225789	48.0	4.6	0.11313439043108836	0.15669301931768367	0.03853769174658354	0.24075466879740043	0.46545309523857975	0.6269724487329331	0.6426183889393076
PT	42	0.7557905999225789	0.768925614619404	79.0	4.8	0.08050726158598707	0.13383070776099823	0.03720529988370573	0.19063363197488448	0.39585925572029207	0.47932572018536324	0.6278537160845499
PT	43	0.768925614619404	0.7820606293162291	124.0	4.997652582159624	0.0868517933177577	0.11782729580687452	0.043182353333699755	0.18759323836121314	0.3417253544165777	0.36500742709398487	0.4045312751768092
PT	44	0.7820606293162291	0.7951956440130542	82.0	5.157627571466739	0.10851585456773355	0.14288466002818836	0.03761651246810123	0.19538441226130834	0.37358127883355396	0.4874816505201533	0.5025849763025104
PT	45	0.7951956440130542	0.8083306587098793	67.0	5.375	0.14188551479978725	0.1730611621490463	0.07374998098940644	0.30156205167672234	0.3704429196114074	0.4770124175690697	0.5943331513412728
PT	46	0.8083306587098793	0.8214656734067044	64.0	5.523809523809524	0.09584652206382235	0.12720564115975858	0.0212349456161776	0.1952896121716315	0.3960234963759144	0.4700547913831799	0.5223665583356618
PT	47	0.8214656734067044	0.8346006881035295	77.0	5.7272727272727275	0.07578977683693394	0.11555528643998796	0.031152298284573856	0.16368024128016048	0.34685727264249233	0.4906496319769081	0.5073098350225962
PT	48	0.8346006881035295	0.8477357028003546	184.0	5.952488368814324	0.0775647495239904	0.12033809241375579	0.032192630624235004	0.17639967714220975	0.35640865991553294	0.48454158733790537	0.558078528710973
PT	49	0.8477357028003546	0.8608707174971797	91.0	6.157894736842105	0.07327928667705477	0.12596973247555054	0.029921554437187553	0.17788115707974314	0.39341941360300303	0.5166636056604194	0.6365872035734765
PT	50	0.8608707174971797	0.8740057321940048	105.0	6.375	0.09899346416425711	0.13839241774673874	0.038354474815504414	0.18652236288953994	0.40945946654000326	0.5059443029653289	0.5224724035118639
PT	51	0.8740057321940048	0.8871407468908299	119.0	6.6	0.13204737373062012	0.15457431047657902	0.05032351644576974	0.24253266419403902	0.3592005763722007	0.4540925001778381	0.4593903581189393
PT	52	0.8871407468908299	0.900275761587655	152.0	6.8379940634275895	0.08961933255183016	0.12904381688716884	0.027434592812105446	0.2098283575276604	0.3490895830242043	0.5001213964487575	0.562553821776026
PT	53	0.900275761587655	0.9134107762844801	165.0	7.0	0.1282306154265205	0.15087592266665928	0.041137415919222355	0.22953211372307686	0.3890211892661114	0.4827286796270477	0.555445018480569
PT	54	0.9134107762844801	0.9265457909813052	148.0	7.3	0.09311853970372742	0.13402857442310384	0.025312553483554778	0.2133842877594484	0.37938335768805115	0.4578009499949389	0.5891667291011208
PT	55	0.9265457909813052	0.9396808056781303	148.0	7.6	0.11868283215835859	0.1530489034170895	0.04879666546225304	0.23093519819905117	0.37577533264309704	0.4295191342028914	0.5833333181092101
PT	56	0.9396808056781303	0.9528158203749554	170.0	7.833333333333333	0.07722428570339523	0.1290723950646992	0.026980636210750905	0.1934282212729937	0.38428461845080847	0.46622878559414527	0.566970132821019
PT	57	0.9528158203749554	0.9659508350717805	217.0	8.109170305676855	0.11569560266558139	0.15122607685652295	0.041115783470658945	0.2327634914636657	0.40559430735967134	0.49200180402584165	0.5899092466246234
PT	58	0.9659508350717805	0.9790858497686056	195.0	8.4	0.10736960661034983	0.1439661343820789	0.04416739027926253	0.2274096514466652	0.3758041514618161	0.45964163490625126	0.48149455575259853
PT	59	0.9790858497686056	0.9922208644654307	232.0	8.684379825012867	0.11881713835527566	0.1556979538458732	0.05132111632186368	0.24979512872723397	0.39120624699958223	0.5078957082648851	0.5706930020907435
PT	60	0.9922208644654307	1.0053558791622557	299.0	8.985611510791367	0.11259456806993745	0.1506865662227124	0.047612937466339024	0.2420580312614815	0.37861947840171273	0.4755565196246037	0.5887599053356997
PT	61	1.0053558791622557	1.0184908938590809	261.0	9.278688524590164	0.09777910248209322	0.1370283594743836	0.038882182284885554	0.23449368580899851	0.35540869955948046	0.4821742189305814	0.5698229399883483
PT	62	1.0184908938590809	1.031625908555906	279.0	9.6	0.09308365124121602	0.13474882077635147	0.037710493823879206	0.20269923216594682	0.3707922553543998	0.4851597676885482	0.5222286127354437
PT	63	1.031625908555906	1.044760923252731	397.0	9.92	0.10012610796867287	0.13832110590885177	0.038930186894860996	0.2151345271022892	0.37723315646775374	0.47995294144167333	0.5122993061197123
PT	64	1.044760923252731	1.057895937949556	392.0	10.257131431618234	0.13596764611366668	0.16897178772666097	0.05190879026268133	0.2652831398379323	0.43722587434945265	0.521005686902981	0.5570688828786537
PT	65	1.057895937949556	1.0710309526463813	432.0	10.6	0.13625501496396944	0.16510436462764416	0.050550689835254174	0.2615458491478576	0.4217485472664276	0.4943801321158913	0.5646526006270376
PT	66	1.0710309526463813	1.0841659673432065	535.0	10.956521739130435	0.11194109240035013	0.15107783811200964	0.040313044586809677	0.2380394905684573	0.4085176612646459	0.5097100747606562	0.5430978678169145
PT	67	1.0841659673432065	1.0973009820400315	547.0	11.333333333333334	0.14903830074226296	0.18194395904520466	0.05316525262757333	0.2942981875118358	0.45264593386652746	0.543048933269567	0.6103751515323252
PT	68	1.0973009820400315	1.1104359967368564	590.0	11.714285714285714	0.14671507256045585	0.1733575031874628	0.048072331727781255	0.26981809966864767	0.4393802928981258	0.5326861108075889	0.548697802901432
PT	69	1.1104359967368564	1.1235710114336817	733.0	12.094462540716613	0.15278643790605217	0.17746553623582556	0.05358682635664211	0.27690823772511086	0.4471104441755291	0.54878655557359	0.5807666281605367
PT	70	1.1235710114336817	1.1367060261305069	772.0	12.5	0.15536607082957604	0.18198538900481986	0.05840007743650118	0.2837930553765554	0.4240301036037224	0.5206616288722741	0.5862797725434886
PT	71	1.1367060261305069	1.1498410408273319	827.0	12.9	0.13465951465725584	0.17375857627365532	0.054556859960477225	0.27299195500045836	0.4406901165371382	0.5187270394147555	0.5521825430494723
PT	72	1.1498410408273319	1.1629760555241568	812.0	13.333333333333334	0.14744962020618985	0.18016790078006656	0.05377826085060694	0.2908183089734877	0.453133122973776	0.532683756624633	0.5897908232571549
PT	73	1.1629760555241568	1.176111070220982	980.0	13.797099184959508	0.1481119692182426	0.1799170935880097	0.05524826891644407	0.28063995937527797	0.4546742333831218	0.5346080709346238	0.6046198520586411
PT	74	1.176111070220982	1.1892460849178073	976.0	14.244359626802375	0.15597145497071213	0.1823346919114493	0.05691870731042212	0.28470268746543337	0.45331189069657885	0.5210237500248861	0.5614864208646345
PT	75	1.1892460849178073	1.2023810996146322	1031.0	14.7	0.1457736901593646	0.18026745541903433	0.04906242887355855	0.2904957293339081	0.4544248092791162	0.5181731561387705	0.5696441523743883
PT	76	1.2023810996146322	1.2155161143114575	1046.0	15.176318195672051	0.14787356988729372	0.17374934497108505	0.05364193408574024	0.2730650601600347	0.41799175897371527	0.499473466305285	0.5578139123668513
PT	77	1.2155161143114575	1.2286511290082824	1067.0	15.66906474820144	0.14710400436013826	0.17485337855890884	0.05549707380708008	0.27894122101252805	0.42345860039278055	0.49824385816641614	0.580934895066093
PT	78	1.2286511290082824	1.2417861437051074	1123.0	16.180851063829788	0.14850565576377264	0.1735641175511526	0.05704052602924189	0.267884144128363	0.4262938913552197	0.49185520217787065	0.6384962675712353
PT	79	1.2417861437051074	1.2549211584019326	1070.0	16.710505719446118	0.14230074384872315	0.1701565525523118	0.05464312085780554	0.2631007083014567	0.4162559012185637	0.49740798502146966	0.5338680261945804
PT	80	1.2549211584019326	1.2680561730987578	1178.0	17.237232933819698	0.13675789644032937	0.16882523811768885	0.04882754535847945	0.273387089958094	0.4274492267226334	0.5055670360336756	0.5535588430579416
PT	81	1.2680561730987578	1.2811911877955828	1211.0	17.80289855072464	0.15045193350262534	0.1729667515361256	0.04951173621513548	0.2784404172065347	0.4155872515672719	0.5205593508066352	0.5650533460989601
PT	82	1.2811911877955828	1.2943262024924078	1230.0	18.4	0.13314694932487348	0.1690833277178978	0.04580747489492998	0.2737588702729066	0.41607946036401605	0.5143220995342832	0.5548285801590569
PT	83	1.2943262024924078	1.307461217189233	1252.0	19.0	0.13334768559563903	0.1648340514073384	0.04880001337516311	0.2602653269221837	0.40448529756536794	0.505773841473608	0.6011209589181917
PT	84	1.307461217189233	1.3205962318860582	1243.0	19.6	0.1349552618491351	0.17019694588034445	0.04783039766278208	0.2726521406176491	0.4183799269721742	0.5075062840825281	0.5665594902919775
PT	85	1.3205962318860582	1.3337312465828832	1309.0	20.214285714285715	0.13011044453977202	0.16695838438956814	0.051859553905614114	0.26793199091369546	0.4106034026571333	0.49604921507864513	0.5870108130076751
PT	86	1.3337312465828832	1.3468662612797082	1295.0	20.90909090909091	0.13806137123621348	0.16913958284142616	0.046693229381528756	0.2671692103680481	0.42066222325655983	0.5247027093962763	0.6052639797296038
PT	87	1.3468662612797082	1.3600012759765334	1370.0	21.571428571428573	0.1405333195596017	0.16804119632710415	0.05008278301279864	0.27219047822038295	0.4123911855994109	0.47614392816054046	0.5919194940495319
PT	88	1.3600012759765334	1.3731362906733586	1433.0	22.25	0.12969488005771532	0.1642292169067769	0.047584011716890966	0.2661519531166052	0.41057403341599674	0.48235624693565576	0.5464570290614339
PT	89	1.3731362906733586	1.3862713053701836	1433.0	23.0	0.12425760746335585	0.16362624163117426	0.04828034734862621	0.26148433242819286	0.4182875931242601	0.4964970559688835	0.5724162156677334
PT	90	1.3862713053701836	1.3994063200670086	1467.0	23.714285714285715	0.14782087991112977	0.1756814864169571	0.05245504784110851	0.283012383735578	0.416996049517801	0.5033099617567999	0.5960049451099073
PT	91	1.3994063200670086	1.4125413347638338	1482.0	24.5	0.13493915443286314	0.17016802880394136	0.045262512721278104	0.2783225296933751	0.4230034711094754	0.4900516000535971	0.5417970305154212
PT	92	1.4125413347638338	1.425676349460659	1546.0	25.242833742833742	0.12779071792452237	0.16405086339971064	0.04403769684147764	0.26696456292907184	0.4100970417053522	0.5016481869685452	0.6050216041377807
PT	93	1.425676349460659	1.438811364157484	1609.0	26.03937007874016	0.12730045687042824	0.16099912844061973	0.048940852611756916	0.25708889615515473	0.4099408745652194	0.48106746751050483	0.585819008271558
PT	94	1.438811364157484	1.451946378854309	1667.0	26.875	0.12310094588327088	0.15766553101761432	0.0438071784655597	0.2565318077640544	0.39581603863291304	0.5029227487841169	0.5592289265553166
PT	95	1.451946378854309	1.4650813935511342	1710.0	27.73024948024948	0.12072518905646748	0.1574875664508458	0.041346517561835404	0.2557907814995846	0.4073218284829901	0.4889316704858341	0.5466854506253831
PT	96	1.4650813935511342	1.4782164082479594	1743.0	28.62264150943396	0.12972797572668826	0.1587897669094366	0.04846697271572624	0.2454271047821222	0.39483037563507234	0.4611243398026762	0.5594060540139892
PT	97	1.4782164082479594	1.4913514229447844	1776.0	29.5	0.12492295005785312	0.15715223029118575	0.043499842619484114	0.24915738538687296	0.3976444086952578	0.4720075754460459	0.5932411957768701
PT	98	1.4913514229447844	1.5044864376416094	2000.0	30.45945945945946	0.11911193877284482	0.1541122951580224	0.04281750877530669	0.24417570152643286	0.39326237925305596	0.4717414706724167	0.5588852459031177
PT	99	1.5044864376416094	1.5176214523384346	2078.0	31.428571428571427	0.1162690686764953	0.15339574765146638	0.03870775754478174	0.24949841393264965	0.3879656482629737	0.4720397097033908	0.551914922374759
PT	100	1.5176214523384346	1.5307564670352598	2094.0	32.42857142857143	0.11286767729950473	0.14553919588414851	0.03624371546600618	0.2343339541704333	0.38263931345305796	0.45402751063861174	0.5129281063345832
PT	101	1.5307564670352598	1.5438914817320848	2082.0	33.44444444444444	0.1177329383754521	0.15242614728642903	0.03789477824068532	0.2422381046906907	0.3962493617590059	0.4746578988120893	0.5540619893245318
PT	102	1.5438914817320848	1.5570264964289098	2295.0	34.51136363636363	0.1053288892283733	0.14249954575821885	0.034851564441472735	0.22821620860659048	0.38638107803181254	0.46916105393483	0.5133943953971432
PT	103	1.5570264964289098	1.570161511125735	2371.0	35.6	0.11304871145135827	0.14886036488751148	0.035981969798635396	0.23865611334880377	0.39840338647510387	0.4755447554089995	0.5301874979279985
PT	104	1.570161511125735	1.5832965258225602	2447.0	36.765822784810126	0.11159259895577464	0.1481639662986321	0.03526130075921387	0.23460374040619603	0.39357547342754445	0.47616694577802	0.5527864660500079
PT	105	1.5832965258225602	1.5964315405193852	2606.0	37.86419828145266	0.10494583447222648	0.14601837971096226	0.030860232669027567	0.2407459818284027	0.390768605328082	0.46918039733782646	0.5672915009071597
PT	106	1.5964315405193852	1.6095665552162102	2757.0	39.06666666666667	0.10508490376507469	0.14676945914709266	0.03343459244295291	0.24031673169459214	0.3994935589995757	0.4743150337426852	0.5482571540436983
PT	107	1.6095665552162102	1.6227015699130354	2681.0	40.333333333333336	0.10979124531540332	0.14744816177162753	0.03302994939456529	0.2364565707408034	0.40135856054315633	0.4690016281178692	0.5703654823328552
PT	108	1.6227015699130354	1.6358365846098606	2991.0	41.61	0.109378449007238	0.14695518254247872	0.035508348959062554	0.23744228850273114	0.3928778131476145	0.46842626819474903	0.5473099190367574
PT	109	1.6358365846098606	1.6489715993066856	2993.0	42.888888888888886	0.11016940084483477	0.14402855983215387	0.03312287144295534	0.22715740255715655	0.3924968621525473	0.474136443968867	0.5528344494488142
PT	110	1.6489715993066856	1.6621066140035106	3255.0	44.233333333333334	0.10976040452584415	0.14709682062686769	0.03263106831096347	0.24320001864787397	0.39199127220402935	0.4753361656591005	0.533060051169155
PT	111	1.6621066140035106	1.6752416287003358	3261.0	45.65	0.11298086942552776	0.14518354832578184	0.03337013137652403	0.23248271228306222	0.38794768254385237	0.4639352167708842	0.5266891852076262
PT	112	1.6752416287003358	1.688376643397161	3333.0	47.04716981132076	0.11065881114765697	0.14564031407081468	0.032015171315025785	0.23344890467827933	0.3931500238195398	0.4797915170615452	0.5317924867156318
PT	113	1.688376643397161	1.701511658093986	3520.0	48.550862068965515	0.10391698808900185	0.14243458290567007	0.031408630004759304	0.23334963925940788	0.38761088351212347	0.47391069367778316	0.5462832327792219
PT	114	1.701511658093986	1.714646672790811	3539.0	50.06666666666667	0.11004397071916706	0.1462474588018884	0.03068049049248476	0.2350358765167816	0.40568895067865635	0.48551233795517507	0.5209179732180087
PT	115	1.714646672790811	1.7277816874876362	3718.0	51.642857142857146	0.11291601627930936	0.146882714000896	0.03379171895667004	0.2326211374542108	0.38763061719954967	0.46749424021363706	0.556400644858081
PT	116	1.7277816874876362	1.7409167021844614	4019.0	53.22222222222222	0.10374242187524532	0.14229260891433013	0.029125042873936698	0.23227080909769535	0.3935017213817203	0.47119233265120897	0.5365873491015215
PT	117	1.7409167021844614	1.7540517168812864	3966.0	54.90909090909091	0.10429517277309801	0.1422509968161611	0.028136415891562544	0.23284264623253184	0.38888590061139156	0.4636878191663527	0.5223580564601515
PT	118	1.7540517168812864	1.7671867315781113	4206.0	56.63636363636363	0.09636988824825697	0.13543102932072756	0.0266757925993851	0.2236904577470759	0.37526515819908635	0.45863109905148564	0.5234667751025502
PT	119	1.7671867315781113	1.7803217462749366	4330.0	58.4	0.09526274297928738	0.13757751878661942	0.027154546119171133	0.22703820384332946	0.38644009493561604	0.46279938593492076	0.5155435380482906
PT	120	1.7803217462749366	1.7934567609717618	4311.0	60.2	0.09887413919432579	0.13867343998958093	0.028421618806331105	0.22523299852372636	0.3868674420963746	0.46419056544283316	0.5352756026240271
PT	121	1.7934567609717618	1.8065917756685868	4659.0	62.111111111111114	0.09982126156965158	0.13951477796505696	0.027681250840294748	0.22889497621237298	0.3838960471343984	0.4717168880744048	0.5589392240968617
PT	122	1.8065917756685868	1.8197267903654117	4837.0	64.03571428571429	0.09987325959407085	0.1393100140255581	0.028724076359797162	0.2267755424694207	0.38707974416941443	0.471049888572778	0.550889336219568
PT	123	1.8197267903654117	1.832861805062237	4978.0	66.0	0.10157627297537239	0.1408644154387674	0.030420246451509814	0.23055482714600722	0.382490989074315	0.45658720363545896	0.5419086625855352
PT	124	1.832861805062237	1.8459968197590622	5137.0	68.07692307692308	0.09899811418040594	0.14041296396798625	0.027961136875479242	0.23124270562287655	0.38627872699238475	0.45920364312922046	0.5199679149065745
PT	125	1.8459968197590622	1.8591318344558871	5568.0	70.23076923076923	0.10264444997938427	0.1421317552809455	0.028182103537769922	0.23661683587791674	0.3883907052071812	0.46707213279046095	0.5172512907224396
PT	126	1.8591318344558871	1.8722668491527121	5684.0	72.42857142857143	0.10727284410600982	0.14478985142750092	0.02995204301148415	0.2354494706764399	0.3941755451327071	0.47386683173774385	0.5379590282641318
PT	127	1.8722668491527121	1.8854018638495373	5912.0	74.66666666666667	0.10563028736066293	0.14289568928956808	0.02798409843462048	0.23358535795047874	0.3902124198071475	0.45928934001856436	0.5175037335831426
PT	128	1.8854018638495373	1.8985368785463625	6142.0	77.0	0.09206719502365929	0.13592393265145408	0.025765674287022908	0.22369911269623804	0.38636510506042754	0.46168201672366144	0.5259941119522762
PT	129	1.8985368785463625	1.9116718932431875	6308.0	79.4	0.10212519285947715	0.1420745747990155	0.02926667500738631	0.2368145739757398	0.3844788283691114	0.4617916915133974	0.5501127644567841
PT	130	1.9116718932431875	1.9248069079400125	6352.0	81.81818181818181	0.09498532288634412	0.13849261651661016	0.026179766895898904	0.22801096414620958	0.39038407403218095	0.4658716669128971	0.5436930217953997
PT	131	1.9248069079400125	1.9379419226368377	6501.0	84.4	0.0985383631081431	0.13970787269717644	0.026087003086155337	0.2277980793233617	0.3924490755407562	0.47086457521154296	0.540503408813588
PT	132	1.9379419226368377	1.951076937333663	6543.0	87.0	0.09844425542728663	0.1396101915775422	0.027791876612259653	0.22673238457246844	0.3901641365913845	0.46716785150514184	0.5263596452234075
PT	133	1.951076937333663	1.964211952030488	6659.0	89.6923076923077	0.10173703877856163	0.14424522405984447	0.0285276693722503	0.2379582913869589	0.40182647670351873	0.4756947570561305	0.564582124532507
PT	134	1.964211952030488	1.977346966727313	6692.0	92.5	0.09762707207842705	0.13912494966333985	0.025834478483063035	0.2271729155506219	0.3931057832206375	0.46700143775233893	0.5374523103890211
PT	135	1.977346966727313	1.9904819814241381	6783.0	95.4	0.09475630801687414	0.13758280646089338	0.027682633923662082	0.22234430391111681	0.388454014142084	0.46630628045981626	0.5218253288057985
PT	136	1.9904819814241381	2.0036169961209636	6656.0	98.29372549019608	0.09804026953514622	0.13977325862557086	0.02830789837215598	0.23077288698001344	0.3897076226241678	0.46531264758115304	0.5332549544674678
PT	137	2.0036169961209636	2.0167520108177883	6850.0	101.39427029804727	0.09973078636925936	0.14146554989733773	0.028074890466068265	0.23460189872371096	0.3930959098558664	0.4741026879635306	0.5419450591393834
PT	138	2.0167520108177883	2.029887025514613	7091.0	104.5	0.10115853856475088	0.14507032551358487	0.027494796655426288	0.24439302984615363	0.3981037355735937	0.4751136246144751	0.5315847205535043
PT	139	2.029887025514613	2.0430220402114383	7470.0	107.75	0.10423737290778251	0.14689781014668218	0.026934400607453807	0.24429396318892868	0.4039879220229497	0.47413304049816535	0.5583716907218641
PT	140	2.0430220402114383	2.0561570549082635	7343.0	111.11111111111111	0.10386620535256014	0.1424353810561072	0.027128749658328365	0.23482391896810945	0.3911716732582963	0.4619817890418844	0.5223882377413513
PT	141	2.0561570549082635	2.0692920696050887	7395.0	114.5	0.10011314239235422	0.1430877440358315	0.02689259234770617	0.243005001044108	0.3871496933098411	0.47030095213421264	0.5316533189375846
PT	142	2.0692920696050887	2.082427084301914	7405.0	118.05128205128206	0.10295393375384486	0.1440656011427347	0.027201937119784005	0.23933567192506297	0.3975290926622001	0.4820870544336064	0.5405748341731146
PT	143	2.082427084301914	2.095562098998739	7375.0	121.77777777777777	0.10148670907800228	0.14200294973292374	0.027590725501645468	0.23947547618544635	0.3892867715236539	0.465944154279683	0.5308723356946042
PT	144	2.095562098998739	2.1086971136955643	7342.0	125.52859477124183	0.09451223951123806	0.13760025969623046	0.026060668874746975	0.23306528772621043	0.38556350821089364	0.468443024335511	0.5201689320844887
PT	145	2.1086971136955643	2.121832128392389	7304.0	129.42857142857142	0.09708570873102855	0.14127981335808962	0.02575574081130784	0.23819903148678062	0.3878549399318433	0.47243878077081425	0.5349641700005964
PT	146	2.121832128392389	2.134967143089214	7243.0	133.33566433566435	0.0991811600824982	0.14272478271598132	0.026705316657079314	0.23738181389226987	0.3985379884054626	0.4711160910096245	0.5407323985278885
PT	147	2.134967143089214	2.148102157786039	7193.0	137.5185185185185	0.09995639065446835	0.14028205931242424	0.027004925742633246	0.22821957364790219	0.3914997417947871	0.46727837387359594	0.5185137616003813
PT	148	2.148102157786039	2.1612371724828643	7014.0	141.8	0.09699714906952997	0.13755701572317897	0.02749422506926707	0.22151143500654794	0.3872508087143199	0.4707294104569887	0.5278959988823944
PT	149	2.1612371724828643	2.1743721871796895	7270.0	146.16666666666666	0.10073871462549336	0.14209512008995218	0.02967134505446538	0.23338981814119483	0.39273772892798514	0.47759800837721783	0.5319567578769561
PT	150	2.1743721871796895	2.1875072018765147	7437.0	150.625	0.09356133160362524	0.1355155685594637	0.026947311059653582	0.2169067846151602	0.3911741891394638	0.4657936908457945	0.5237519847899347
PT	151	2.1875072018765147	2.20064221657334	7301.0	155.28571428571428	0.09568777285600633	0.13736574659521394	0.02725565908511046	0.22185502447078484	0.3921240553854216	0.4786156708682058	0.5418130524014179
PT	152	2.20064221657334	2.213777231270165	7432.0	160.16666666666666	0.10436344888285107	0.1433912436318501	0.030000531601305377	0.23626106715699252	0.3944546112106894	0.4644477840770286	0.5235805508804294
PT	153	2.213777231270165	2.2269122459669903	7357.0	165.0	0.10391459097581883	0.14145293139446657	0.02945589504001628	0.23128013778297715	0.3875685866379974	0.461561628741317	0.5229541676739113
PT	154	2.2269122459669903	2.2400472606638147	7155.0	170.1578947368421	0.10734489389662412	0.14554851780908104	0.030356261550224067	0.23675646685615687	0.4005528880979349	0.47750188380058434	0.546038452356308
PT	155	2.2400472606638147	2.25318227536064	7412.0	175.5	0.10245733808106712	0.14063443209114498	0.02881047505809577	0.22784743308377242	0.38892000468947596	0.4653771741862497	0.5276160322713785
PT	156	2.25318227536064	2.266317290057465	7473.0	180.76923076923077	0.09716417323494103	0.13774375386478088	0.02627845234285038	0.2236019907115937	0.3899028010488324	0.473850126100351	0.5287792974125534
PT	157	2.266317290057465	2.2794523047542903	7369.0	186.42352941176472	0.09290923421261364	0.13771593245584957	0.02592158758688038	0.2268015770928585	0.39746671270646744	0.47722938257552205	0.5463577586943603
PT	158	2.2794523047542903	2.2925873194511155	7119.0	192.08955223880596	0.10596904863316749	0.14496074282024882	0.02970147278136008	0.23510852129776394	0.40751075935490166	0.4786089151492017	0.5413618801996942
PT	159	2.2925873194511155	2.3057223341479407	6639.0	198.0	0.10733053316688954	0.1455312709146869	0.03027635992903556	0.23971754200350537	0.3978346012983011	0.4785392022326528	0.5724348833960944
PT	160	2.3057223341479407	2.318857348844766	6267.0	204.2	0.10738180845777667	0.14475721614687734	0.030222149956686352	0.23531994564052292	0.4018437936070797	0.4723210133605855	0.5252361461537143
PT	161	2.318857348844766	2.331992363541591	6396.0	210.6	0.10284626263770348	0.14359037758250146	0.02739897005696983	0.23648848638258338	0.40269179499689234	0.4716752021482288	0.5417174321406638
PT	162	2.331992363541591	2.3451273782384154	6229.0	217.04166666666666	0.10620117261586898	0.14519937721866383	0.029872493769459704	0.23719818655287325	0.3950004171278652	0.4754701501436089	0.5340649006682804
PT	163	2.3451273782384154	2.3582623929352406	5948.0	223.6	0.09569288195479517	0.14008250967495375	0.028227456950970044	0.23095182718422447	0.39222965366257195	0.46771821073727887	0.5413836004686878
PT	164	2.3582623929352406	2.371397407632066	5481.0	230.58333333333334	0.09766328964244886	0.14314376706973325	0.02973599324096675	0.23675222174615823	0.3984892490229369	0.478419404054818	0.5397237085463444
PT	165	2.371397407632066	2.384532422328891	5181.0	237.66666666666666	0.09533555861052635	0.14338470954533192	0.026400928927158875	0.24050515748279502	0.4055404470708287	0.47828381926891644	0.531299325178733
PT	166	2.384532422328891	2.3976674370257163	5137.0	245.0	0.09610191535489339	0.1398473281800882	0.027794093443428647	0.23329880493965036	0.3932103505718579	0.46372119274965456	0.5193783119600369
PT	167	2.3976674370257163	2.4108024517225415	4861.0	252.7	0.10024335191114442	0.14244903184312913	0.027901111143833767	0.24080826343870498	0.39145679725215143	0.46645311733563194	0.585342065690689
PT	168	2.4108024517225415	2.4239374664193667	4612.0	260.36602870813397	0.10335465698132082	0.14468598734533328	0.031797784250272035	0.23547627070804483	0.39201979489926325	0.4617603086912223	0.6268694575724264
PT	169	2.4239374664193667	2.437072481116192	4479.0	268.3333333333333	0.09675459694601299	0.14272999674649653	0.031466128180529546	0.23193057268577694	0.40207819214322427	0.4730930617839842	0.6087443308342555
PT	170	2.437072481116192	2.4502074958130162	4350.0	276.7171428571429	0.10756279793675391	0.14948941063009877	0.03195981572969475	0.24138158003010843	0.41698755685469835	0.48456443129473364	0.5572412141756375
PT	171	2.4502074958130162	2.4633425105098414	3852.0	285.09307359307354	0.1125499956106416	0.15155512172344784	0.033929591545918084	0.24483799709814333	0.41346459786437395	0.4738879625483933	0.517793164531963
PT	172	2.4633425105098414	2.4764775252066666	3348.0	293.875	0.12692819764143742	0.16169293048771133	0.03657711094725714	0.26306956418661676	0.4155455576610918	0.4910481058387643	0.538637613543026
PT	173	2.4764775252066666	2.489612539903492	3102.0	302.8333333333333	0.12468188623514237	0.161819375705223	0.03901728205869794	0.2629968002079675	0.4202058119151096	0.4872892599227348	0.546391606804913
PT	174	2.489612539903492	2.502747554600317	2770.0	312.4731058415269	0.1237310819631686	0.1577010107745445	0.041583309959493074	0.257256835062541	0.41357427129786367	0.4791488749926245	0.5165281309090163
PT	175	2.502747554600317	2.5158825692971423	2542.0	322.125	0.1185862977838744	0.1572070721328068	0.031993682501812525	0.274137342361309	0.4065702476086075	0.4697852628526343	0.5153361345577364
PT	176	2.5158825692971423	2.5290175839939675	2453.0	332.1111111111111	0.12742974427661768	0.16393118735549325	0.03915359677487841	0.26849128821041646	0.4306587226759392	0.47528611287123	0.5460806404260556
PT	177	2.5290175839939675	2.5421525986907927	2116.0	341.8397435897436	0.15781912715014218	0.181323343184801	0.05341875944464548	0.29075560781320814	0.4323586248143557	0.4904347943867734	0.5429788119089445
PT	178	2.5421525986907927	2.555287613387617	1999.0	352.875	0.1437386021893361	0.17206130130418523	0.04006016866362685	0.27318534024575586	0.4306926575160151	0.47809614104960807	0.5153106261467447
PT	179	2.555287613387617	2.568422628084442	1902.0	363.5954545454546	0.12321269132398113	0.1657883974487224	0.0469842476555765	0.2660000488208632	0.432324206528512	0.5196932102564731	0.5490038316833781
PT	180	2.568422628084442	2.5815576427812674	1473.0	374.0869565217391	0.13798680517979356	0.16899033797772045	0.05306938785523888	0.26095872336236936	0.4253227715255289	0.5093176264078622	0.5492786742546253
PT	181	2.5815576427812674	2.5946926574780926	1218.0	385.9372549019608	0.12790969546387965	0.16057236204444414	0.05511991183066512	0.2463945978053478	0.40575704862652495	0.46238348092565246	0.5308975649222357
PT	182	2.5946926574780926	2.607827672174918	976.0	397.5374331550802	0.13332386876483884	0.16372083700735185	0.05747038823368758	0.2481077437593828	0.4054434142529123	0.4818033888696771	0.5394432147054717
PT	183	2.607827672174918	2.620962686871743	854.0	410.0333333333333	0.13666418135398126	0.17527154210239723	0.056706300937610817	0.2866661496485306	0.43925869447854854	0.4877841591034591	0.5494441997012607
PT	184	2.620962686871743	2.6340977015685683	631.0	423.1111111111111	0.14870965641349793	0.17750848211094342	0.05170815698160079	0.2847822323211679	0.4242595397957824	0.49839482717872796	0.5367770164026828
PT	185	2.6340977015685683	2.6472327162653935	664.0	436.37651821862346	0.176447032524291	0.18992668090526163	0.06226249942046036	0.30410048702605247	0.4075444854909519	0.45681285460938437	0.5136944628334523
PT	186	2.6472327162653935	2.660367730962218	601.0	449.0	0.17482814097217125	0.19115892933114173	0.08226486134532662	0.2710450449212171	0.44003857903196014	0.5101737365128187	0.5471977670129914
PT	187	2.660367730962218	2.673502745659043	433.0	463.0	0.17641210628281265	0.19228006431560046	0.07959951276098323	0.2840698752372247	0.43143039129791066	0.517223288424442	0.5430097944858625
PT	188	2.673502745659043	2.686637760355868	443.0	477.57142857142856	0.17578448956250367	0.18062961345033293	0.09894370570515396	0.2542072375257376	0.37946584952387863	0.4163101131281514	0.48355826554210946
PT	189	2.686637760355868	2.6997727750526934	327.0	491.90909090909093	0.17299072028900755	0.1699890496367684	0.08935193675694919	0.21750762975118862	0.36638120536131574	0.46427656703936765	0.5184115173127329
PT	190	2.6997727750526934	2.7129077897495186	339.0	507.5	0.17433842148309742	0.17413699495471754	0.10817400645706812	0.20695519760487452	0.33457695589480463	0.420921802118413	0.5229978987164968
PT	191	2.7129077897495186	2.726042804446344	282.0	523.1309523809524	0.1818891918813016	0.17911092484454635	0.13745706503920635	0.2067429474036354	0.34202096498148105	0.36045492671881024	0.45526247502905043
PT	192	2.726042804446344	2.739177819143169	189.0	536.5	0.17223746308225168	0.15301711305944066	0.1064392042284118	0.1938241247621484	0.29591848991926345	0.3607773132949873	0.3644570925661555
PT	193	2.739177819143169	2.7523128338399943	121.0	556.5	0.18343456517366427	0.15791297159290074	0.10716578824286031	0.19581480571200693	0.27869213185946706	0.32298094441008013	0.4229385706992559
PT	194	2.7523128338399943	2.7654478485368186	171.0	575.3333333333334	0.18065161266201626	0.16120150770193517	0.13088688656295805	0.20075653627593015	0.22314653094897086	0.288757879590369	0.411028222235786
PT	195	2.7654478485368186	2.778582863233644	279.0	589.3333333333334	0.17123273926628835	0.16035612521911305	0.11813925125899263	0.2049454140595225	0.21682445067166092	0.22734752587147078	0.28052247623859844
PT	196	2.778582863233644	2.791717877930469	140.0	608.3333333333334	0.19475614428031318	0.17346790943767382	0.13767398065567563	0.21237339614115308	0.23520440472222423	0.2429928620967598	0.24770215002954604
PT	197	2.791717877930469	2.804852892627294	130.0	627.1666666666666	0.15628652145704336	0.15061462344175078	0.10599247643661913	0.18848725356154777	0.22369635341587024	0.23828814813124233	0.24407208935525446
PT	198	2.804852892627294	2.8179879073241194	146.0	645.8333333333334	0.14818033766310396	0.14588088843079253	0.11208746429972884	0.17408229100012282	0.19893377149116534	0.21075947284275476	0.21159069045797352
PT	199	2.8179879073241194	2.831122922020944	30.0	661.3333333333334	0.1473363731838785	0.1538732755534387	0.1366063506470481	0.17007772358742995	0.20326238169522057	0.22158824199722502	0.22608800033117704
TP	0	0.3010299956639812	0.3136694334937447	1276.0	1.0	0.0449258891601067	0.07211721793699885	0.016972142155360876	0.09929422580230476	0.23204963798903314	0.3603605424101187	0.5300591875173865
TP	1	0.3136694334937447	0.3263088713235082	58.0	1.0821757026175316	0.05003555324665415	0.061170915553945555	0.018393223824936845	0.07937445417333679	0.16489058167327936	0.2935547514446355	0.34375364338952846
TP	2	0.3263088713235082	0.3389483091532718	49.0	1.146788990825688	0.03543908112993106	0.06167216700202913	0.013776082644321851	0.08939319012158146	0.17119699327747895	0.30454196469620604	0.33699264384202454
TP	3	0.3389483091532718	0.3515877469830353	24.0	1.2064602064602066	0.0565028490248764	0.06678455407492759	0.016259193762963343	0.08245830475328965	0.16517110194818443	0.22099417153299558	0.235805253523521
TP	4	0.3515877469830353	0.3642271848127988	17.0	1.2720588235294117	0.033283691977400096	0.06750445668710467	0.01542639068116225	0.10752651100705465	0.20551160785736752	0.23917096670334248	0.24674432244368688
TP	5	0.3642271848127988	0.3768666226425623	15.0	1.349537037037037	0.04363592691246172	0.05493784649923501	0.010306249309172422	0.09626152823386444	0.13925418330175487	0.16082238307564709	0.16567522802477286
TP	6	0.3768666226425623	0.38950606047232583	18.0	1.4288224771124907	0.04699404508860641	0.06447139491961265	0.019997134613234706	0.09552583007135385	0.1517586957595451	0.21970211949980237	0.23498938984136047
TP	7	0.38950606047232583	0.40214549830208934	22.0	1.4881829618979152	0.046194995284293355	0.04815407469033781	0.017250047506104378	0.06159263105014579	0.11873661115529109	0.1226608461519276	0.1233677191143568
TP	8	0.40214549830208934	0.4147849361318529	25.0	1.5562913907284768	0.03520355330225288	0.05797823922859079	0.01438867213881422	0.062385267959130186	0.16548952337401546	0.24954583035344846	0.2717317237304994
TP	9	0.4147849361318529	0.4274243739616164	25.0	1.6481481481481481	0.037911703057223585	0.07538482973383775	0.0225771625306681	0.10446520979620627	0.23064536379854209	0.25427031118180116	0.2573675659683711
TP	10	0.4274243739616164	0.44006381179137993	20.0	1.7149293623520427	0.03998746969096093	0.055597307371589876	0.006402889446941492	0.07218930362433235	0.18202496168339577	0.19938984466989765	0.20329694334186066
TP	11	0.44006381179137993	0.45270324962114344	46.0	1.7948271149378159	0.04755946136335925	0.06816705026727109	0.017789043286990543	0.09817632096641574	0.1883639590416956	0.3293309573925694	0.34202647479035814
TP	12	0.45270324962114344	0.465342687450907	72.0	1.8914855072463768	0.03907060883597266	0.0638238322654328	0.011109020743574291	0.08175658094733157	0.21634826433134124	0.3427550831723659	0.3794231011562431
TP	13	0.465342687450907	0.4779821252806705	858.0	1.9918032786885247	0.05147898385694587	0.0766786140506079	0.020706395418793076	0.10159668655855265	0.24892591642124354	0.35282413805729107	0.5113040731673137
TP	14	0.4779821252806705	0.49062156311043403	201.0	2.0336633663366337	0.038577709390755874	0.06321547403501826	0.013574619389061519	0.08154956363412849	0.20218548540814557	0.34724505732392164	0.3996878251890392
TP	15	0.49062156311043403	0.5032610009401975	69.0	2.1379310344827585	0.041574961158864325	0.061013036248319226	0.01783809156341225	0.07524460488853041	0.18034192004369132	0.29278179678056154	0.3108191492361795
TP	16	0.5032610009401975	0.5159004387699611	61.0	2.2222222222222223	0.03380252761229203	0.06262248490502478	0.013564952051834842	0.09491244893405752	0.20011722925299086	0.27742356047916944	0.3112332107026121
TP	17	0.5159004387699611	0.5285398765997246	34.0	2.3247222222222224	0.027848027434509377	0.05490313106605489	0.01181261990459939	0.06559727287867141	0.20163636612694016	0.2236275569010351	0.22839291552328053
TP	18	0.5285398765997246	0.5411793144294881	49.0	2.4324324324324325	0.04450077410098475	0.06488729251775135	0.018724331738393572	0.07568156409166427	0.22604643548002115	0.33900648256940374	0.36263052612201185
TP	19	0.5411793144294881	0.5538187522592517	55.0	2.5294117647058822	0.025630075097219127	0.05115895683846917	0.017398820933786117	0.053662725181171975	0.172757889100139	0.23551375661399848	0.284373455778438
TP	20	0.5538187522592517	0.5664581900890151	68.0	2.632575937633693	0.037350886453528465	0.056651825265209184	0.01947487397329133	0.07133961881825993	0.16138435862187087	0.23086334465940697	0.3131914442512736
TP	21	0.5664581900890151	0.5790976279187787	52.0	2.751146788990826	0.05401673627609957	0.06424698879636556	0.013561216411860992	0.07654412331058391	0.201905329656308	0.29790683611549895	0.30817787654248535
TP	22	0.5790976279187787	0.5917370657485421	181.0	2.8679775280898876	0.04245756604839485	0.06570643033215899	0.019002932331469217	0.08567198905772215	0.20663017713608647	0.32341045687881015	0.4090883663471839
TP	23	0.5917370657485421	0.6043765035783057	819.0	2.9819277108433737	0.04105374884847507	0.06960992704561986	0.01679855918133096	0.0928423306540645	0.22164348532350145	0.34403066149046524	0.4980704547855727
TP	24	0.6043765035783057	0.6170159414080693	142.0	3.0714285714285716	0.03810099064254696	0.06751064752511107	0.01585459588406346	0.09388051722262677	0.23186715363777421	0.32798818443824607	0.3446125928614426
TP	25	0.6170159414080693	0.6296553792378328	74.0	3.196343036109064	0.035917064003181995	0.060430291988393586	0.015030182679682617	0.08395459344002819	0.1986728053268599	0.25617891643199453	0.2571499790026004
TP	26	0.6296553792378328	0.6422948170675963	59.0	3.3333333333333335	0.048271217366250924	0.05745973946421652	0.014090432498472309	0.08137863604480636	0.17008567534537966	0.18490682770410022	0.1906316637732844
TP	27	0.6422948170675963	0.6549342548973598	77.0	3.442622950819672	0.044474452061375014	0.06621202453665173	0.022739156921218584	0.09025090986033658	0.17554831857936962	0.2984140692241934	0.34288459801661536
TP	28	0.6549342548973598	0.6675736927271233	80.0	3.574127383951062	0.0455480881992539	0.06310516980726863	0.016463991088699517	0.08146041995500666	0.16618608035397955	0.251230398358284	0.38034750176064736
TP	29	0.6675736927271233	0.6802131305568868	129.0	3.7291666666666665	0.03345959325139132	0.0584293324419617	0.012476144251746176	0.08184132369015548	0.19593284285090745	0.2887457981334998	0.40638786659833775
TP	30	0.6802131305568868	0.6928525683866504	362.0	3.878620458730956	0.03911492920159693	0.06491894346354359	0.014910596960997367	0.08129529068290561	0.21912841414303894	0.35157483913832577	0.4660914920752977
TP	31	0.6928525683866504	0.7054920062164138	699.0	3.9838709677419355	0.04227554870692319	0.07509929867090377	0.018299009852070346	0.10626376122056702	0.2489890457278282	0.3781521111786646	0.4615586057060815
TP	32	0.7054920062164138	0.7181314440461775	126.0	4.142857142857143	0.04264853524418774	0.06398730108366195	0.015350937898810932	0.0925391861158542	0.17787196039878006	0.3559884129779968	0.3626412806855389
TP	33	0.7181314440461775	0.7307708818759409	117.0	4.299065420560748	0.048529736462570985	0.06614062292940892	0.019080783096021153	0.09165628728924971	0.2173914654007004	0.2942110776431844	0.32389470163641
TP	34	0.7307708818759409	0.7434103197057045	98.0	4.454001301236174	0.03771045621328603	0.06692701797769894	0.014876880827668155	0.08116611513132721	0.2138898907003322	0.4202696184723193	0.42344047859524075
TP	35	0.7434103197057045	0.756049757535468	137.0	4.63013698630137	0.04507116833599523	0.06964425187903144	0.016908658724914108	0.09388913614940786	0.22186292069019448	0.3214564691833773	0.35084066126632774
TP	36	0.756049757535468	0.7686891953652315	280.0	4.803483124018838	0.0418612239150545	0.074591352555658	0.016822592732317565	0.1015438600818666	0.2727881376785547	0.34409666928375365	0.4269809970649786
TP	37	0.7686891953652315	0.781328633194995	695.0	4.964285714285714	0.04122330877661165	0.07172482046682227	0.018600460355487538	0.10116740414811709	0.21672127293412244	0.3811363599317873	0.5047681254084613
TP	38	0.781328633194995	0.7939680710247585	184.0	5.117156862745098	0.048835561079648315	0.06790025157085253	0.01804722607199405	0.08876153447292105	0.21773388803388025	0.3408264345379977	0.4416567908531705
TP	39	0.7939680710247585	0.8066075088545221	126.0	5.325765306122449	0.04558359598316595	0.06913397165828988	0.015784266688706566	0.10833064785493496	0.20415108276004212	0.26754513214470826	0.3776263079020523
TP	40	0.8066075088545221	0.8192469466842855	149.0	5.491803278688525	0.03731121162600423	0.07536068975784711	0.01781889814270332	0.09319503341476668	0.2917167849029605	0.4166715191445824	0.49571273060690374
TP	41	0.8192469466842855	0.8318863845140492	266.0	5.706781609195403	0.050172514165451924	0.07459694869178092	0.01990357562754731	0.10407967697528686	0.2558822137989006	0.40550033090420395	0.4940351035837457
TP	42	0.8318863845140492	0.8445258223438126	694.0	5.9125135899108505	0.04320587360615974	0.07310601082041887	0.019768932271284814	0.09811555489465285	0.24124226373974603	0.3613209816505427	0.5857046758818255
TP	43	0.8445258223438126	0.8571652601735762	404.0	6.041534923828687	0.04261183358171422	0.06903843103826662	0.01889281241436727	0.09841757590570638	0.2233003212107871	0.3075536275688388	0.3721850541871585
TP	44	0.8571652601735762	0.8698046980033396	195.0	6.304878048780488	0.04091521986221311	0.07188624116115552	0.01609062618964397	0.09495028910826157	0.22296093993638097	0.4845561866924248	0.57647837868842
TP	45	0.8698046980033396	0.8824441358331032	223.0	6.540441176470588	0.04073602632929364	0.06504249069965208	0.015734318461368434	0.08086391302061381	0.23320558306436415	0.3287949387655833	0.4227224737810498
TP	46	0.8824441358331032	0.8950835736628666	407.0	6.757281553398058	0.04318229148250588	0.07271677916561903	0.017149013056881317	0.09654265339667703	0.2279851857592044	0.3746224218434543	0.5458625716066782
TP	47	0.8950835736628666	0.9077230114926302	761.0	6.954022988505747	0.04746881604438209	0.07718778031926007	0.01937832566872612	0.10308591095924678	0.25446228022899864	0.352352920220259	0.509069887922216
TP	48	0.9077230114926302	0.9203624493223939	298.0	7.193376068376068	0.0382209502703275	0.06345713493527885	0.017406217957928655	0.09166094591339834	0.19133191883624684	0.24972663893279715	0.4555926643814949
TP	49	0.9203624493223939	0.9330018871521573	293.0	7.445945945945946	0.03499678610717706	0.06606284416958587	0.016263025230762965	0.08811422672999167	0.23392346756369775	0.35832600826865707	0.4976344469594473
TP	50	0.9330018871521573	0.9456413249819209	429.0	7.714285714285714	0.04141099437190977	0.07080024851458103	0.016029579646394867	0.09515284162830831	0.23117587897483297	0.40542025092436074	0.4879449397564636
TP	51	0.9456413249819209	0.9582807628116843	736.0	7.9485373781148425	0.04068847800646492	0.07049386766871557	0.016975758910120282	0.09718641368458994	0.23231534268656218	0.3325079378018436	0.44890514136423687
TP	52	0.9582807628116843	0.9709202006414479	362.0	8.20205239738013	0.0418757867500155	0.06271620266725486	0.017169978706854078	0.08069870800569681	0.21266175782496277	0.3001647720477794	0.36585488043918096
TP	53	0.9709202006414479	0.9835596384712113	406.0	8.5	0.03338373122260245	0.06222331013187885	0.015319506671233154	0.08663100916257857	0.21071991096740827	0.29125481309887274	0.49258140862773403
TP	54	0.9835596384712113	0.9961990763009749	617.0	8.8	0.038777199937666824	0.06866542591173556	0.01694181288027846	0.09551141824114201	0.22327085496251484	0.3444812356710586	0.4871152707829888
TP	55	0.9961990763009749	1.0088385141307383	696.0	9.0	0.04219834296347233	0.07033182043149697	0.017108503451445305	0.09614321878085391	0.2248536602208897	0.3951287099758071	0.4771458687113473
TP	56	1.0088385141307383	1.021477951960502	405.0	9.364406779661017	0.031396531591740696	0.06309836865149912	0.015942774972570073	0.08099839555112759	0.22048653803249008	0.3350810676193725	0.4439781924878137
TP	57	1.021477951960502	1.0341173897902654	590.0	9.681204710144929	0.04158864894237696	0.06690875022429772	0.01775935319806605	0.0948879350369177	0.20027311388987684	0.3100487760433114	0.45501168040610673
TP	58	1.0341173897902654	1.046756827620029	786.0	9.955213903743315	0.04395497197331419	0.07252078482480048	0.01756439638025229	0.10322338557029036	0.22681162140828498	0.33784734174430797	0.45527278355095113
TP	59	1.046756827620029	1.0593962654497926	488.0	10.309018567639257	0.03694886159081562	0.06184451032561668	0.016904864412273533	0.08384706901779591	0.1966828795180061	0.31143222974526114	0.5645510445061248
TP	60	1.0593962654497926	1.072035703279556	658.0	10.654025880661393	0.03652277137885794	0.06466022023242633	0.016376984626341164	0.08636546725837439	0.23237166467482803	0.36876219359226947	0.5201332069877959
TP	61	1.072035703279556	1.0846751411093196	839.0	10.954545454545455	0.046691208456874654	0.07507069998532227	0.01847216889625692	0.10889631277275157	0.23189556577607023	0.33342137040942976	0.436298733792778
TP	62	1.0846751411093196	1.097314578939083	600.0	11.333333333333334	0.038407068852508004	0.062354205408390796	0.015816663847123213	0.08661281356500891	0.20379353564540625	0.3505167661205809	0.5165872879022139
TP	63	1.097314578939083	1.1099540167688466	801.0	11.714285714285714	0.03892893900414082	0.06551546825307479	0.016391334259272847	0.08928635481141636	0.21920675124877229	0.3237357696897371	0.45520943760651544
TP	64	1.1099540167688466	1.12259345459861	831.0	12.025	0.04723152736381221	0.07244004730466588	0.017963262522209297	0.10200824212330117	0.22227796401208952	0.3382123172572011	0.4802350492208568
TP	65	1.12259345459861	1.1352328924283737	723.0	12.465648854961833	0.03683605632364102	0.06602859017670419	0.015861702428391654	0.08720774387959061	0.23749082717859687	0.370811697615655	0.4532220793441069
TP	66	1.1352328924283737	1.147872330258137	1036.0	12.868646182362586	0.045557838838864176	0.07007816769003837	0.018740584823488525	0.09451013534079042	0.21950992227652508	0.31749888633319195	0.5228300595527771
TP	67	1.147872330258137	1.1605117680879007	773.0	13.267441860465116	0.039843060070226644	0.06506676064278084	0.01578923296660957	0.09177063520643765	0.20689009211925918	0.3020233069775055	0.49415876525236657
TP	68	1.1605117680879007	1.173151205917664	950.0	13.703703703703704	0.04213814173259245	0.0684671442778022	0.01781783028198592	0.09418113746026642	0.22568942079618465	0.3256934787544733	0.4485306165916139
TP	69	1.173151205917664	1.1857906437474277	965.0	14.090909090909092	0.04498348354075065	0.07057830069843182	0.01816546664884524	0.0992584193657074	0.22809829869692516	0.32907599380211244	0.47562020979479475
TP	70	1.1857906437474277	1.1984300815771913	953.0	14.578947368421053	0.04122611512476993	0.06852975444988951	0.01679391466702745	0.09775875786930004	0.2142466818392234	0.35904313428249623	0.5421035459339846
TP	71	1.1984300815771913	1.2110695194069547	1128.0	15.0	0.0418601281763704	0.06911139745677611	0.018192021595632567	0.09050863567630558	0.22394914896285145	0.327262402134291	0.4691191435796096
TP	72	1.2110695194069547	1.2237089572367184	1007.0	15.505376344086022	0.03669669233410635	0.06318587956142128	0.015642064135788447	0.08793962932498273	0.2065750712188385	0.31036050362626993	0.43819337427836275
TP	73	1.2237089572367184	1.2363483950664818	1202.0	15.989289805269188	0.0413976578360363	0.06790203742168548	0.01711287354774749	0.09458490832408653	0.21635370097796994	0.34557751788183655	0.4794100279699032
TP	74	1.2363483950664818	1.2489878328962454	1077.0	16.5	0.038558878946098926	0.06483919185349488	0.01578738780861782	0.09042302805471258	0.21326996111400717	0.3157518711282317	0.4245804367616829
TP	75	1.2489878328962454	1.2616272707260088	1235.0	17.0	0.041867740496930386	0.06977453945915972	0.016941812880278455	0.09466131504842983	0.22444878885046998	0.36179213846685326	0.4928356418263929
TP	76	1.2616272707260088	1.2742667085557724	1197.0	17.56	0.04185501393162524	0.0653599030780599	0.015567093189076947	0.09214288094707988	0.2179503936555948	0.313688816817749	0.38552191552388515
TP	77	1.2742667085557724	1.2869061463855358	1317.0	18.06451612903226	0.04178183980289187	0.06845091494213133	0.016809722544711532	0.09626586612731305	0.21813831240962378	0.32196430052399094	0.47336718367701736
TP	78	1.2869061463855358	1.2995455842152994	1328.0	18.666666666666668	0.03944137278176385	0.06494693812613081	0.016264534631187384	0.09220991673127371	0.21675705762447184	0.3183680257754281	0.4348353109448642
TP	79	1.2995455842152994	1.312185022045063	1406.0	19.2	0.04102960362581912	0.06772683313019007	0.016131545282785775	0.09356052906559773	0.21800128376311176	0.345533328920671	0.5274476195527773
TP	80	1.312185022045063	1.3248244598748264	1477.0	19.833333333333332	0.04095884712119799	0.06729171248549384	0.016633886871549937	0.0974913032160157	0.2111303893682677	0.33070198731224887	0.41701439162605847
TP	81	1.3248244598748264	1.33746389770459	1450.0	20.44754218635363	0.04059789625133669	0.06640273077277273	0.016226996220102312	0.09322378562130351	0.21911027076372405	0.3221762855444995	0.4183237804463235
TP	82	1.33746389770459	1.3501033355343535	1513.0	21.0580204778157	0.04047385103648175	0.06694524792981016	0.01681967275295273	0.09201255478674149	0.22279084258454807	0.32969174689747616	0.4791704786902955
TP	83	1.3501033355343535	1.362742773364117	1670.0	21.724137931034484	0.0406482413396433	0.06504839357097669	0.016772610432570702	0.08961656911941167	0.21343014953840975	0.3179045954014367	0.421010860773454
TP	84	1.362742773364117	1.3753822111938805	1623.0	22.4	0.038781441877105235	0.0649854692683557	0.01563594055461228	0.09079251738513217	0.21357717037162124	0.32403820775781095	0.4305264572258009
TP	85	1.3753822111938805	1.388021649023644	1727.0	23.07547169811321	0.03864986785187871	0.06580421966422334	0.016661420451256646	0.09108173032833697	0.21998130558696946	0.33972136991170604	0.4478130719017996
TP	86	1.388021649023644	1.4006610868534077	1713.0	23.805555555555557	0.03936047150130367	0.06588042808324063	0.01656168879403594	0.09172780026252972	0.21853654358859992	0.32902048333908834	0.44824936236045526
TP	87	1.4006610868534077	1.4133005246831711	1805.0	24.51086956521739	0.037660011717702585	0.06535486462025958	0.01627591759073204	0.08934467493427742	0.22295724698314753	0.3160826928608941	0.4236900669073686
TP	88	1.4133005246831711	1.4259399625129348	1892.0	25.266360856269113	0.04228179918594037	0.0680207246549743	0.017704825517957924	0.09174979114724234	0.2218905186657826	0.35051721431970345	0.4237927963866764
TP	89	1.4259399625129348	1.4385794003426982	2063.0	26.04	0.04211783854683251	0.06788207910296641	0.017888328686949388	0.0959504013718514	0.21543283438144933	0.3249018528126272	0.4364121558380347
TP	90	1.4385794003426982	1.4512188381724618	2114.0	26.846153846153847	0.04033790242654836	0.06718676696840234	0.017006445516573557	0.09172214866545476	0.22660988751596448	0.3287424035192702	0.45020856581303365
TP	91	1.4512188381724618	1.4638582760022252	2160.0	27.692307692307693	0.03795454176461046	0.0658381322909831	0.01662266002005411	0.08983959323666388	0.23008963524055204	0.3316785748748303	0.4373232933206934
TP	92	1.4638582760022252	1.4764977138319888	2125.0	28.529411764705884	0.03868742232824189	0.06435866306619409	0.016431862924373	0.08904012489875263	0.22049962793348618	0.326206361940437	0.39526333806351355
TP	93	1.4764977138319888	1.4891371516617522	2435.0	29.4	0.038849600271391206	0.06214880278053327	0.016987192691498322	0.0832862403996053	0.20552856466368463	0.31351492796783065	0.437058591918329
TP	94	1.4891371516617522	1.5017765894915158	2417.0	30.3	0.03768163880846149	0.06381685970762006	0.016360746725025334	0.08473424664930529	0.21320924608595246	0.3139444091759289	0.40066155575841667
TP	95	1.5017765894915158	1.5144160273212792	2601.0	31.2	0.03767790580899493	0.06221625776483585	0.01603676907552839	0.08612476808259503	0.19513821797090528	0.31476290057156325	0.4476070668496592
TP	96	1.5144160273212792	1.5270554651510428	2801.0	32.1505016722408	0.03590686392405282	0.061720257739558436	0.015181924815103985	0.08510712302945964	0.1991342542850062	0.3425198782464123	0.45600995256688415
TP	97	1.5270554651510428	1.5396949029808065	2898.0	33.142857142857146	0.03506627894296885	0.06060643196708344	0.015156989760069581	0.08292647747308562	0.19625038243911883	0.31484434943624234	0.42891601975551147
TP	98	1.5396949029808065	1.5523343408105699	3092.0	34.166666666666664	0.03711323829277119	0.06206789507804342	0.015010914552034878	0.08489052057900406	0.1984339742158721	0.3226608853125784	0.4895560267703576
TP	99	1.5523343408105699	1.5649737786403335	3194.0	35.2	0.035328672147543476	0.06158972691962635	0.01462279158351198	0.082637357566848	0.20572179940872756	0.32715258296309996	0.5075608628604846
TP	100	1.5649737786403335	1.577613216470097	3319.0	36.27272727272727	0.0356040085091488	0.06080678480574229	0.01497390533677438	0.08321621738549509	0.2020967446659938	0.33813452020724166	0.43638169219523354
TP	101	1.577613216470097	1.5902526542998605	3574.0	37.39567786069652	0.03586910985555093	0.06094743344621613	0.014760762837494034	0.08554198456995861	0.19900528661455483	0.32197740960844945	0.45923583088505465
TP	102	1.5902526542998605	1.602892092129624	3739.0	38.507462686567166	0.03664266605702765	0.06130366891772348	0.014371134934010054	0.08301389533762091	0.20262828177816317	0.33636505251606474	0.4402654368315187
TP	103	1.602892092129624	1.6155315299593875	3805.0	39.666666666666664	0.03616302428263736	0.058720603733318805	0.014929071529198333	0.0795698540525219	0.19102836274155932	0.30462681634741307	0.4671773235460157
TP	104	1.6155315299593875	1.628170967789151	4069.0	40.857142857142854	0.03401849185302937	0.05738261884156222	0.014619261404460373	0.07983207139837689	0.18308720438697423	0.3154179676479793	0.4584007321846909
TP	105	1.628170967789151	1.6408104056189146	4307.0	42.111111111111114	0.034002078891530896	0.05686216099852361	0.014537202021645771	0.07884973069260251	0.17960687163668576	0.29399121739062345	0.44727018357331655
TP	106	1.6408104056189146	1.6534498434486782	4503.0	43.4	0.03689196883764464	0.0608851006756528	0.015104387480763204	0.08412748997511038	0.19497167577292587	0.3363326410471943	0.4786156708682058
TP	107	1.6534498434486782	1.6660892812784416	4471.0	44.714285714285715	0.03481233150295868	0.05887739023693393	0.014700463228473421	0.08021175029626852	0.19095946237460704	0.3174277809166389	0.4801042041125782
TP	108	1.6660892812784416	1.6787287191082052	4634.0	46.02234706616729	0.03506660230791114	0.05955501488476784	0.01428736300557485	0.08305097440063793	0.19290423631470557	0.3216300979088631	0.4611277576072534
TP	109	1.6787287191082052	1.6913681569379686	4885.0	47.416666666666664	0.035288215285844395	0.06039810339540577	0.01496751906504467	0.0824682313460626	0.19957937742708456	0.32245920034907044	0.5150573404539606
TP	110	1.6913681569379686	1.7040075947677322	5154.0	48.850664665523155	0.036000240393713426	0.059172645197764696	0.014504495298471934	0.08173863461288366	0.1878255681340647	0.32827451374301087	0.4584263331603573
TP	111	1.7040075947677322	1.7166470325974956	5400.0	50.333333333333336	0.03482362134072847	0.059571869542305346	0.01442018701202276	0.08065203330211604	0.19314499193001441	0.3249746430076733	0.5147212013475813
TP	112	1.7166470325974956	1.7292864704272592	5749.0	51.84	0.03304631158819678	0.056693423930741615	0.014566876728122439	0.07673593550386812	0.1826228823897008	0.305321109708178	0.4638793218811508
TP	113	1.7292864704272592	1.7419259082570226	5941.0	53.4	0.03625263347639797	0.058787679151040044	0.014692471430881426	0.07895712527089346	0.18985898570518456	0.31222258097360567	0.47888840237653635
TP	114	1.7419259082570226	1.7545653460867863	6138.0	55.0	0.03420006128063491	0.05687702571842237	0.014057271260539324	0.07816052876582276	0.18838353762034724	0.3055351693171141	0.4772301973650273
TP	115	1.7545653460867863	1.7672047839165497	6555.0	56.666666666666664	0.033885041001606095	0.05739029557477379	0.014317185273953018	0.07807020932476619	0.18659759578688714	0.3121595860775297	0.4778499455562671
TP	116	1.7672047839165497	1.7798442217463133	6667.0	58.388888888888886	0.03385997507437466	0.058133720323079334	0.014232034868374197	0.08063642044877933	0.188799130087854	0.31087503039127046	0.4556815364948874
TP	117	1.7798442217463133	1.792483659576077	6863.0	60.166666666666664	0.034175024229562284	0.05779194551780385	0.014560591099253648	0.0809226792295414	0.18890577979392698	0.3051439369531576	0.4117413502757499
TP	118	1.792483659576077	1.8051230974058403	7167.0	62.0	0.03519808720158149	0.057391500487646345	0.014388596980301434	0.07963806142176612	0.18350930576511287	0.2976072106247507	0.4336345802508676
TP	119	1.8051230974058403	1.817762535235604	7426.0	63.8	0.034639486489608434	0.05696186326018222	0.014426989813654863	0.07926879732242752	0.18284300916437904	0.2929883771368866	0.4244377135316222
TP	120	1.817762535235604	1.8304019730653673	7451.0	65.6984126984127	0.03527234076052797	0.058691363532333035	0.01483004263342795	0.08171288307664701	0.1868584539432542	0.30575012260572776	0.4503584700779963
TP	121	1.8304019730653673	1.843041410895131	7928.0	67.7	0.03604184861365576	0.059002260224194296	0.015149726633189926	0.08150990084435719	0.18981485405516565	0.3083675815386238	0.4281425937816016
TP	122	1.843041410895131	1.8556808487248944	7928.0	69.71428571428571	0.037388776837944636	0.060654926596008074	0.014911473604350793	0.08439654738791885	0.19534472572533212	0.3143485639798963	0.4434913562725833
TP	123	1.8556808487248944	1.868320286554658	8316.0	71.78780882013392	0.03754280978874654	0.06056099783597556	0.015673349567915024	0.08416802556364839	0.19010081088265815	0.32001205527176424	0.45796896137212617
TP	124	1.868320286554658	1.8809597243844214	8493.0	74.0	0.03490960085925062	0.058753456679671454	0.014287920977932234	0.08225648973058071	0.18885285462170537	0.29965325605561777	0.45238047929453934
TP	125	1.8809597243844214	1.893599162214185	8702.0	76.16666666666667	0.03797495035957039	0.06018640798333887	0.015267086152697895	0.08422744830749163	0.18612886488451394	0.30603488146960933	0.4636078413712972
TP	126	1.893599162214185	1.9062386000439484	8978.0	78.4	0.03846064457986774	0.060826028495485726	0.01579505428457441	0.08583697549446942	0.1898100553350106	0.30541859476748784	0.4497911297978875
TP	127	1.9062386000439484	1.918878037873712	9160.0	80.76370887337987	0.03933081226865223	0.060035668943699105	0.015780670180061896	0.08443618678224306	0.18357250042703588	0.29353086401861	0.4615616280296593
TP	128	1.918878037873712	1.9315174757034757	9305.0	83.16666666666667	0.04031391326455603	0.06185577888461253	0.016218968657711955	0.08766281087311005	0.18907041720569973	0.30619747206200915	0.4636078413712972
TP	129	1.9315174757034757	1.944156913533239	9397.0	85.66666666666667	0.040374389592847434	0.06324584039421063	0.01645438758716908	0.09023635753575883	0.1931279185498127	0.3174617321682907	0.47257136296771235
TP	130	1.944156913533239	1.9567963513630027	9741.0	88.2	0.04110778048677479	0.06275281162901565	0.01630867192287721	0.08905980151990625	0.19144718291664398	0.3001116172301682	0.4623694281200661
TP	131	1.9567963513630027	1.969435789192766	9803.0	90.85714285714286	0.040015020855214786	0.06308338865414201	0.01621989932105246	0.08984341686127441	0.19555522658943136	0.31235116181542244	0.43719711815371737
TP	132	1.969435789192766	1.9820752270225297	9646.0	93.57142857142857	0.0407123737013828	0.06306259754402532	0.01596737623388457	0.09021323869006335	0.19268124749264082	0.31008739560375653	0.4453124539158722
TP	133	1.9820752270225297	1.994714664852293	9918.0	96.33333333333333	0.04050249579066771	0.06289303060286267	0.01606261436801663	0.0882947638110049	0.19826412341749286	0.3066890165063561	0.4510635116352017
TP	134	1.994714664852293	2.0073541026820565	10173.0	99.25	0.04119647085444283	0.06344787770947168	0.01645927535778355	0.08999513377598281	0.19511130437945876	0.30647824497783543	0.4497386959303774
TP	135	2.0073541026820565	2.01999354051182	10445.0	102.2	0.03914375492146871	0.06250590508232563	0.01554032464485987	0.0882020673143823	0.19427115083720545	0.31339558513779836	0.4729031778618347
TP	136	2.01999354051182	2.0326329783415837	10419.0	105.22	0.04056557865452853	0.06232589005544065	0.016490158426486275	0.08703980231905879	0.19238775690224888	0.306910351125285	0.43976379970916074
TP	137	2.0326329783415837	2.045272416171347	10349.0	108.36363636363636	0.04222589909030229	0.06544255539564275	0.016635547219494354	0.09221223843463353	0.20064857616853873	0.32538320593770226	0.48131870171498425
TP	138	2.045272416171347	2.0579118540011105	10415.0	111.6	0.041428796041218456	0.06468986635413339	0.016370661650277916	0.0909743876402967	0.2022911687580762	0.31450568392964134	0.47071765082347344
TP	139	2.0579118540011105	2.070551291830874	10221.0	114.91666666666667	0.04320999914632619	0.066304468678998	0.01710691662756033	0.09320612976351089	0.20489226871164087	0.32643918991900917	0.44804161039137275
TP	140	2.070551291830874	2.083190729660638	10352.0	118.42857142857143	0.04303514451767606	0.06736612489986459	0.017451986574716243	0.09571562744635155	0.20911143075537533	0.3289027557887971	0.4511704467790327
TP	141	2.083190729660638	2.0958301674904014	10327.0	121.85714285714286	0.04555921908040889	0.07000026779172501	0.018165737993281604	0.09899284875418773	0.2151252996707094	0.3408525996411131	0.4638188177778241
TP	142	2.0958301674904014	2.1084696053201646	10625.0	125.5	0.04546726513322484	0.06893932915478151	0.01870016353507316	0.09863152005007784	0.208132684526371	0.3292462678341217	0.4822776444081364
TP	143	2.1084696053201646	2.121109043149928	10696.0	129.2	0.04564072339702792	0.0687611453821524	0.018198368086081274	0.09782572070824477	0.20891625980446152	0.33272057308449343	0.49519566948615545
TP	144	2.121109043149928	2.133748480979692	10335.0	133.1	0.04478887464139643	0.06835883687275372	0.018738226287872257	0.09769869614651758	0.2042225686961178	0.34049151864976346	0.485564597768414
TP	145	2.133748480979692	2.1463879188094555	10489.0	137.0	0.045996410549514796	0.06883782918031082	0.018624897634706844	0.0989053649013393	0.20390163535341135	0.33111220016910736	0.4671066682257567
TP	146	2.1463879188094555	2.1590273566392186	10299.0	141.16666666666666	0.045501661677071384	0.07090547307123506	0.01835052745281842	0.09845156032306003	0.22485448112403592	0.36155200654189734	0.48483235809930475
TP	147	2.1590273566392186	2.1716667944689823	10318.0	145.38095238095238	0.04591922826066121	0.07238008144532215	0.018281908551118144	0.10255721331784545	0.2240150343862563	0.3704410052249503	0.48715617821062657
TP	148	2.1716667944689823	2.184306232298746	10641.0	149.6551724137931	0.04448961033814823	0.07110128806829899	0.017619230635263418	0.09660817137886489	0.22730636303357493	0.385790964314127	0.48692062492721117
TP	149	2.184306232298746	2.1969456701285095	10619.0	154.08333333333334	0.04788371289354035	0.07523661532367201	0.019154281266315288	0.10445013193497672	0.23329372527485046	0.39653805781618356	0.5188868186701031
TP	150	2.1969456701285095	2.209585107958273	10867.0	158.75862068965517	0.04934212700588823	0.07478013616134906	0.01995899341534047	0.1029451723415209	0.22948210615913214	0.36890238885126486	0.5128217656534273
TP	151	2.209585107958273	2.2222245457880363	10832.0	163.42857142857142	0.04987679723734534	0.0747106539786182	0.020207392893289655	0.10477415263725753	0.22913031554138144	0.3510825961738888	0.4867813349051285
TP	152	2.2222245457880363	2.2348639836178	10786.0	168.2	0.051664283798075736	0.07518366036700133	0.02054253942121597	0.10643962038879357	0.22550428321809185	0.3493053612327472	0.48849366861607396
TP	153	2.2348639836178	2.2475034214475635	10364.0	173.28285714285715	0.04961778264234077	0.07535753880486577	0.020282009057219278	0.10799973544188222	0.22839731187146514	0.356249497460672	0.4822446250268134
TP	154	2.2475034214475635	2.260142859277327	10147.0	178.3913043478261	0.05150889384186094	0.07743122623026588	0.02157292990989549	0.10702489277310581	0.23925083268906638	0.3677343582400997	0.5509865752942332
TP	155	2.260142859277327	2.2727822971070903	9591.0	183.75	0.055334047733047204	0.07886877717104503	0.021757822849710944	0.1094210731437074	0.23574501803149556	0.38088356576024535	0.5227654098814415
TP	156	2.2727822971070903	2.285421734936854	9821.0	189.2	0.053398369090612754	0.07697924946281028	0.021962923736993444	0.10741096578745576	0.2278506213944058	0.36729734267133524	0.5227654098814415
TP	157	2.285421734936854	2.2980611727666176	9172.0	194.75	0.05859809559950628	0.07924110382813579	0.022918644442240184	0.11237631070335612	0.22800226591397058	0.3397986272798108	0.45941300949761216
TP	158	2.2980611727666176	2.310700610596381	9065.0	200.5	0.05496271527067683	0.07909484026038391	0.02275894779826575	0.11138570435467468	0.23362085440445762	0.35204446739901274	0.4495451588683012
TP	159	2.310700610596381	2.323340048426145	8564.0	206.44913793103447	0.0576734012188748	0.08204804633487746	0.023200658232628672	0.11485842370389426	0.2423459130179614	0.3683869752229423	0.485384688437638
TP	160	2.323340048426145	2.3359794862559085	8107.0	212.6	0.058734393818847576	0.08423588116153981	0.023937698060173842	0.1196339424774173	0.24810609129841318	0.36662452662648437	0.4908120108542949
TP	161	2.3359794862559085	2.3486189240856716	7560.0	219.0	0.05961814999563734	0.08321555064603355	0.024363164798545847	0.1196869859435929	0.23628115157323065	0.35115320246362075	0.48441310395218584
TP	162	2.3486189240856716	2.3612583619154353	7828.0	225.41042780748663	0.05923951570574265	0.08412996553006528	0.024394202156399737	0.1179030381193979	0.24869316427324445	0.37233550229445356	0.46099028730050906
TP	163	2.3612583619154353	2.373897799745199	7312.0	232.05555555555554	0.05765861910980091	0.08410142141769178	0.022488553549536928	0.12038143430958595	0.25010076509932777	0.3837856937996939	0.4908116321999718
TP	164	2.373897799745199	2.3865372375749625	6865.0	238.85714285714286	0.05619865440717473	0.08504875933880768	0.023277198346208422	0.12085808791196342	0.2630241893124906	0.399875563537318	0.5097279543220731
TP	165	2.3865372375749625	2.3991766754047257	6896.0	246.0	0.05746547429214113	0.08491201755248313	0.022474944114058395	0.11877368402997045	0.2614019625823992	0.40428941286859854	0.5234061453017568
TP	166	2.3991766754047257	2.4118161132344893	6567.0	253.33333333333334	0.05660350271361004	0.08802288585643955	0.02291155201123709	0.1209355838483964	0.27769632731709515	0.4251110879808286	0.5927701462228009
TP	167	2.4118161132344893	2.424455551064253	6382.0	260.89736842105265	0.05995241444955627	0.09115528559440325	0.023917649013114585	0.12695826632147372	0.28859550233087417	0.3958517696707674	0.5107419291721534
TP	168	2.424455551064253	2.4370949888940165	6112.0	268.3888888888889	0.06123983749181263	0.09507647717814757	0.023714097797554772	0.13091116778758816	0.3082069094408026	0.423623407996715	0.6268694575724263
TP	169	2.4370949888940165	2.4497344267237797	5474.0	276.5	0.06585027954110427	0.09732483446071286	0.02483195622342668	0.1348171269220638	0.30550744334912777	0.4273537436110101	0.5289453394573007
TP	170	2.4497344267237797	2.4623738645535433	5298.0	284.7905701754386	0.0608297640845058	0.09748658291510348	0.02364999553561879	0.1342341276159355	0.32524529881666403	0.44167257289575557	0.5107419291721534
TP	171	2.4623738645535433	2.475013302383307	4936.0	293.0769230769231	0.06272689923354756	0.09982549577539308	0.02616497481778032	0.13581720588874474	0.3232153444496031	0.45119838305172694	0.5373939396899984
TP	172	2.475013302383307	2.4876527402130706	4689.0	301.8235294117647	0.06567312384808593	0.10171015236181359	0.027020311595342194	0.13792367960643817	0.3362189976488277	0.45633727941803354	0.5427275615906816
TP	173	2.4876527402130706	2.500292178042834	4267.0	310.875	0.0697836235905524	0.10553486557254767	0.028457309926061533	0.14914074520921883	0.3313521235794704	0.4543886035648884	0.5462153733518725
TP	174	2.500292178042834	2.5129316158725974	4367.0	320.1666666666667	0.07129967057486696	0.10291248790641552	0.02675363131955113	0.144851243447982	0.3133152048902774	0.4665206558190084	0.5362446942321507
TP	175	2.5129316158725974	2.525571053702361	3819.0	329.6111111111111	0.07407069101248637	0.10851668724784636	0.03062552971442257	0.1514054802214047	0.3326430681026033	0.45841715009459055	0.5403114221760668
TP	176	2.525571053702361	2.5382104915321246	3481.0	339.0	0.06963927037672968	0.10949290349267604	0.027311534929942732	0.1648427255551541	0.3306868110574498	0.43954626227847926	0.5511309254021438
TP	177	2.5382104915321246	2.5508499293618883	2932.0	349.33854166666663	0.07771006272493694	0.11306038106580348	0.028015378036384934	0.16348013433115632	0.3287921109198606	0.47649639354599094	0.5573425727256055
TP	178	2.5508499293618883	2.5634893671916514	2683.0	359.5	0.07303658055053279	0.11417752459260458	0.027432504522445784	0.17318034021940415	0.344660845195104	0.46165215980684055	0.5156840732485811
TP	179	2.5634893671916514	2.576128805021415	2126.0	370.55555555555554	0.07836856759846778	0.1154605538458269	0.024695103901525645	0.17332743317596067	0.3514645368032616	0.46377582596719047	0.541388303749566
TP	180	2.576128805021415	2.5887682428511787	2130.0	381.3	0.07700215122904837	0.11812041630914903	0.027475938974602085	0.17739040674663492	0.37164060360744455	0.48472570851415564	0.5828268911948791
TP	181	2.5887682428511787	2.6014076806809423	1579.0	392.6842105263158	0.08763257814852438	0.12656865089167987	0.031650891614584384	0.19074646821257935	0.3834973253766738	0.4825864171766016	0.5945432365273329
TP	182	2.6014076806809423	2.614047118510706	1505.0	404.0	0.08253248406506783	0.11294558141038764	0.03390966519334323	0.16246681101763297	0.32153927586734365	0.45645276744570457	0.5277319755147447
TP	183	2.614047118510706	2.626686556340469	1152.0	415.4330357142857	0.07393475931946236	0.1044792413178376	0.028591486629244985	0.13717775002225407	0.3309076242339926	0.4910272936693899	0.5963715669898623
TP	184	2.626686556340469	2.6393259941702327	997.0	428.44444444444446	0.06730562704751059	0.09997294982118478	0.024784885772402582	0.13582163408174996	0.322306334062217	0.4763674789217773	0.5421091295875696
TP	185	2.6393259941702327	2.6519654319999963	1036.0	441.1909090909091	0.05325885782041904	0.08885988822108801	0.02107346722643918	0.1215484230872427	0.27763128243506446	0.46569789037101944	0.5339397572276786
TP	186	2.6519654319999963	2.66460486982976	929.0	454.0	0.050380303233659045	0.08420977021778084	0.019061078569459166	0.1318232855512047	0.25175750172385536	0.3893772362904819	0.5611181591492925
TP	187	2.66460486982976	2.677244307659523	844.0	467.8333333333333	0.059027817526872424	0.08913465211709987	0.02151993417842159	0.12696109952356088	0.2688254039396952	0.4566596119162424	0.5197689503477538
TP	188	2.677244307659523	2.6898837454892868	810.0	481.6125	0.044638905744820365	0.07334601211148323	0.017933014658499877	0.11651641258558544	0.2142050535060517	0.3372597546189773	0.437289885697993
TP	189	2.6898837454892868	2.7025231833190504	598.0	494.91666666666663	0.03797019716394357	0.06688592870604045	0.013284187942579977	0.1134960218197662	0.18081340513226318	0.25248819492336316	0.2988911820712692
TP	190	2.7025231833190504	2.715162621148814	438.0	510.7638888888889	0.032132317371293795	0.06483248723283762	0.014381904963401889	0.11492151396570108	0.18022024931652822	0.27831126162286945	0.33109222542600963
TP	191	2.715162621148814	2.727802058978577	455.0	525.8333333333334	0.08691025416669612	0.08635090715719762	0.019502834509671177	0.13864533843216761	0.21804667590475452	0.26423268181661985	0.30485556452657636
TP	192	2.727802058978577	2.740441496808341	418.0	539.9285714285714	0.0682625881622351	0.08966807855519911	0.021226534575931304	0.14470623954547635	0.21650290728031044	0.2943938660263216	0.33508632858558407
TP	193	2.740441496808341	2.7530809346381044	414.0	556.6666666666666	0.03541179312209196	0.07317747336868177	0.019334039338084717	0.12238359283850275	0.21804667590475452	0.3225404927653195	0.34836506876366474
TP	194	2.7530809346381044	2.765720372467868	370.0	572.6666666666666	0.03339664911503353	0.060193304107135255	0.013169535061404348	0.10685468492111665	0.1731376347426988	0.22252070182573425	0.22252070182573425
TP	195	2.765720372467868	2.7783598102976317	345.0	591.6666666666666	0.022788063434883748	0.05205337159143317	0.013910698371269884	0.0781735724791986	0.16447233865398259	0.18636884983753305	0.199694681460392
TP	196	2.7783598102976317	2.790999248127395	369.0	607.0	0.03738665226094419	0.06893225345274334	0.0164449007120422	0.13106374580769017	0.18037111291955393	0.24189179503864922	0.32672459910945295
TP	197	2.790999248127395	2.8036386859571585	209.0	626.3333333333334	0.04730547052059256	0.08154412094471908	0.013953211178536658	0.13494145061362436	0.19905469160895403	0.24189179503864922	0.26514532790672596
TP	198	2.8036386859571585	2.816278123786922	109.0	644.1666666666666	0.07925505193884347	0.08073162321659927	0.03172510256445966	0.126247372461632	0.15246770923243033	0.18916294817138582	0.26271441318089095
TP	199	2.816278123786922	2.8289175616166857	42.0	659.5833333333333	0.06213142915965337	0.07449214698807134	0.03543280000858842	0.10937142746895295	0.14767433826900014	0.1522579581859803	0.15264342216072532
TT	0	0.3010299956639812	0.3569211241698519	329.0	1.0	0.6474466390346325	0.8442778529799746	0.43112877920148573	1.1068454005546005	2.0198843430101636	2.208581666776896	2.322090864507949
TT	1	0.3569211241698519	0.4128122526757226	3.0	1.5324675324675325	0.5739644913933235	0.5511512899149594	0.5036816823420346	0.6100274982270661	0.6388779036940604	0.6446479847874592	0.645946253033474
TT	2	0.4128122526757226	0.46870338118159327	12.0	1.9079007527181489	0.5176632054493345	0.5204060562456451	0.46556053558407906	0.6225657627990524	0.6931801474031682	0.7064878986702382	0.7094821427053289
TT	3	0.46870338118159327	0.524594509687464	231.0	2.0	0.6365141682948128	0.8335042353334857	0.42375984172930015	1.2517256902449123	1.9101006038909776	2.1677874747391175	2.2297372487840232
TT	4	0.524594509687464	0.5804856381933348	13.0	2.5913461538461537	0.5373939396899985	0.5349937636860231	0.49757478823277834	0.5740434929220772	0.6622534616200396	0.6640734432479399	0.6644829391142175
TT	5	0.5804856381933348	0.6363767666992054	214.0	2.998014113975673	0.6167851507193443	0.8287501109214217	0.4294156678155237	1.1502638852011613	1.952491019645687	2.2159082164489905	2.2697068620800973
TT	6	0.6363767666992054	0.692267895205076	39.0	3.827027027027027	0.420142610523193	0.4707725446481463	0.36087755065231664	0.549874523204346	0.8140053901698189	1.072963029877066	1.0864651831121328
TT	7	0.692267895205076	0.7481590237109468	156.0	4.0	0.6196262447575148	0.8567756179274034	0.454417611413904	1.2295997994155585	2.0220963806664107	2.0956540287658165	2.201211434999432
TT	8	0.7481590237109468	0.8040501522168175	194.0	4.997961725973198	0.6326567811942967	0.8284414131856418	0.4469085602092977	1.102290660336493	1.9473898129670868	2.1214956225246073	2.1561525311773546
TT	9	0.8040501522168175	0.8599412807226883	157.0	5.964285714285714	0.6347367210643265	0.8226521210862549	0.4345494169082711	1.0640286580817118	1.9378631413681275	2.1407595548374965	2.246596900604062
TT	10	0.8599412807226883	0.9158324092285588	149.0	6.945945945945946	0.6517565611726531	0.8491289554175372	0.43650064749945017	1.2214230986226977	1.9399645729589723	2.0932257562137595	2.1698973232044203
TT	11	0.9158324092285588	0.9717235377344295	151.0	7.947269303201507	0.551612818277542	0.7487355740662646	0.39940430963501494	1.0868893505475048	1.73265819632032	2.079164460408421	2.1965334693039202
TT	12	0.9717235377344295	1.0276146662403003	144.0	9.0	0.6261804086489997	0.8010937882988358	0.42876204067658197	1.1297522117680527	1.863755009775737	2.0488138656497394	2.186089900020607
TT	13	1.0276146662403003	1.083505794746171	220.0	10.361289849859451	0.6147278737256474	0.818683807193897	0.35583517007536025	1.2653443596333709	1.8783748150417414	2.039608871829625	2.158654668046632
TT	14	1.083505794746171	1.1393969232520416	204.0	11.998118530790252	0.7527098236254137	0.8789846721589707	0.4290684588677029	1.4078880869089723	1.8485206001725663	2.093257717991781	2.113654418435492
TT	15	1.1393969232520416	1.1952880517579123	231.0	13.8	0.7250045215301859	0.8451713288478384	0.36167498328743797	1.4219921426006694	1.791592236010944	2.011987441285006	2.089257742428729
TT	16	1.1952880517579123	1.251179180263783	232.0	15.691927574500188	0.6633591044731405	0.8288204735247243	0.3521091848077466	1.3370421957415703	1.9318349867188913	2.0537250981042012	2.105660574122057
TT	17	1.251179180263783	1.3070703087696538	299.0	18.0	0.6765259604934999	0.8371679951740354	0.32652104600500853	1.355775108859588	1.8317048484533247	2.0215816125725055	2.101250575574703
TT	18	1.3070703087696538	1.3629614372755245	292.0	20.72389277389277	0.72931323538454	0.8311322027932861	0.3756521738031117	1.2680470777145196	1.8387127164263344	2.036287032885518	2.106386689688877
TT	19	1.3629614372755245	1.4188525657813953	345.0	23.694444444444443	0.7989800092749995	0.8758784338488725	0.3911634729858009	1.35202233294076	1.891071380169729	2.0364967870686397	2.089279958757457
TT	20	1.4188525657813953	1.4747436942872658	408.0	27.074808092402613	0.6466584651552918	0.8133489519529769	0.37575594257381245	1.2917320582738958	1.9266369033128112	2.0819711981863422	2.2292835752872
TT	21	1.4747436942872658	1.5306348227931366	438.0	30.891747572815532	0.6862107122427636	0.8170897749144181	0.25305280714088996	1.3450490855800945	1.847074067436462	2.018576749002539	2.132404844705289
TT	22	1.5306348227931366	1.5865259512990073	456.0	35.10099692326255	0.6730116670092565	0.8268898689512786	0.2849023989710113	1.3654033813611366	1.8375482716694238	2.018189486765414	2.155879552106714
TT	23	1.5865259512990073	1.642417079804878	471.0	40.06535947712418	0.7877736017815123	0.8966833761076004	0.3099953161620439	1.479819598497008	1.833142691581326	1.9751551473879736	2.0885528747443516
TT	24	1.642417079804878	1.6983082083107488	619.0	46.06944444444444	0.791387915818364	0.8710452730611304	0.2818673931468255	1.4392887743774745	1.8453257323842462	2.0333861390803545	2.169390749271955
TT	25	1.6983082083107488	1.7541993368166193	763.0	52.30909090909091	0.8764743636756264	0.9148075065324904	0.3365790439762374	1.4550770183346895	1.8936920252132066	2.0406596233102148	2.1445780466426108
TT	26	1.7541993368166193	1.81009046532249	970.0	59.64562780269058	0.8834074900032314	0.8799432476093624	0.28718540853988905	1.407253661050022	1.8565116185977284	2.0039045295847195	2.1251296288104693
TT	27	1.81009046532249	1.8659815938283608	1089.0	67.98101265822785	0.9657626425900411	0.9161610609374734	0.35547519777710723	1.436155324974235	1.8416896968573466	2.008087699549727	2.09995601233249
TT	28	1.8659815938283608	1.9218727223342316	1312.0	77.71185185185186	1.034792513246168	0.9408425965424727	0.360768909926416	1.4860512003540507	1.840632740019742	2.0109966345698593	2.1646109511033744
TT	29	1.9218727223342316	1.977763850840102	1666.0	88.89856902356902	1.1238931596331243	1.0094571821189644	0.3707131780758852	1.5831751828504956	1.962481945441112	2.081036272720307	2.167191352935953
TT	30	1.977763850840102	2.0336549793459726	2151.0	101.0625	1.2170860657902998	1.0756312269053325	0.48111499749305575	1.5943799081278556	1.9253161058587165	2.0635659782050055	2.1742607814066504
TT	31	2.0336549793459726	2.0895461078518434	2556.0	114.5857843137255	1.0961859412609356	0.9753750181500486	0.4008966166566055	1.485245748771462	1.8366031751124232	2.0056483404426575	2.1327125084087175
TT	32	2.0895461078518434	2.145437236357714	2708.0	130.0	1.0493162642541352	0.9516111787844905	0.34547480739104147	1.5075676717249222	1.8610797768508234	2.029631656481069	2.1986685285841863
TT	33	2.145437236357714	2.201328364863585	3329.0	147.78846153846155	1.0656119316516914	0.9744680787193628	0.38313044309433997	1.4988289511174924	1.8786781267912487	2.023144041260392	2.1386143348102773
TT	34	2.201328364863585	2.2572194933694556	3888.0	169.85714285714286	1.0497158413458223	0.9731159828780389	0.3970490440056552	1.4928145791838157	1.8644645181355985	2.0113916571994204	2.115938026769439
TT	35	2.2572194933694556	2.3131106218753263	5035.0	190.80555555555554	1.0077888579136067	0.9647258118759935	0.4022668123766759	1.4900990265113334	1.8681671198616785	2.0270708795631442	2.1340583093616834
TT	36	2.3131106218753263	2.369001750381197	3638.0	217.58496543778801	1.0791972895854567	0.9821927412316922	0.38776902948163794	1.5070345788732482	1.8860442198630556	2.0526448837258635	2.1864111750716506
TT	37	2.369001750381197	2.424892878887068	2690.0	245.56260869565216	0.9890077675175619	0.9430128301055183	0.27525600429240565	1.5606519422201137	1.8861998105467888	2.0209838763612473	2.1094866911881733
TT	38	2.424892878887068	2.4807840073929386	3053.0	282.6	0.9052089894516301	0.9116732920760685	0.32664507391507835	1.4582725359284865	1.859673080033995	2.014282895841766	2.1280389980730083
TT	39	2.4807840073929386	2.5366751358988093	2085.0	319.8	1.0247808859478138	0.9811360791258428	0.45365828525343893	1.4783466906654636	1.8807677432907817	2.0391921109456272	2.088687616316885
TT	40	2.5366751358988093	2.59256626440468	1235.0	359.8333333333333	1.0445837121182893	0.9995918969708908	0.41405639778549896	1.5118536228835477	1.924428418766399	2.03827820201801	2.1078359997157
TT	41	2.59256626440468	2.6484573929105504	246.0	418.4	1.409344734460381	1.3069876060945274	1.0596654753424417	1.6831860880306806	1.9170582853760525	2.003194448343832	2.0847775297875715
TT	42	2.6484573929105504	2.704348521416421	564.0	474.25	1.3692958433662097	1.2852119549458532	0.8981274712970092	1.6906694857556965	1.9385012489570448	2.050462133166137	2.1306587228680014
TT	43	2.704348521416421	2.760239649922292	109.0	515.4	1.5562631374902558	1.5228404895659695	1.2869740184034786	1.7702723906580289	2.0112585337596927	2.0642040621928657	2.144184456004475
TT	44	2.760239649922292	2.8161307784281626	2.0	618.6041666666667	0.2693215522887307	0.2693215522887307	0.19184578132931146	0.34679732324814994	0.40877794001568535	0.4211740633691924	0.4239631911237315
