pair_position	i	j	locus_A	locus_B	channel	MIraw	NMI	order_distance	bp_distance	phylo_dist	n_same_contig_observations	enriched_driver_A_state	enriched_driver_B_state	HC_supported	HC_driver_counts_total	HC69_dominant_cluster	HC69_max_driver_count	HC69_fmax	Neff	order_Q99_9	high_score_Q99_9	order_filter_ge_100	legacy_development_HC69_recurrence_ge_2	legacy_development_final_355	display_channel	orientation	edge_id	order_bin	local_background_N	conditional_Q95	conditional_Q99	conditional_Q99_9	empirical_percentile	high_information_pass
2192477	690	693	group_4886	group_3324	PP	0.29718764210027515	0.8232714219948952	104.66666666666667	104179.5	0.018234726	6	0	0	1	59	3	59	1.0	1.0	0.2766426328587189	True	True	False	False	PP	P_A__P_B	PP:group_4886--group_3324	136	6916.0	0.07787244335288054	0.17361808860938566	0.27664263285871893	0.9992770387507229	True
2192478	690	694	group_4886	nhaK	PP	0.2922389139318454	0.805378613781097	104.0	103692.0	0.01826757	6	0	0	1	59	3	59	1.0	1.0	0.2766426328587189	True	True	False	False	PP	P_A__P_B	PP:group_4886--nhaK	136	6916.0	0.07787244335288054	0.17361808860938566	0.27664263285871893	0.9991324465008675	True
2200978	693	704	group_3324	group_4212	PP	0.326721326299779	0.8911964505162159	209.125	210259.1875	0.01808196	16	0	0	1	62	3	62	1.0	1.0	0.278252336362305	True	True	False	False	PP	P_A__P_B	PP:group_3324--group_4212	159	6011.0	0.07923949105051266	0.1890138768129557	0.27825233636230506	0.9995009149891865	True
2200994	693	720	group_3324	group_1401	PP	0.31207542387618215	0.8230435314161075	373.22222222222223	380475.6111111111	0.018295554	18	0	0	1	63	3	63	1.0	1.0	0.298143584873909	True	True	False	False	PP	P_A__P_B	PP:group_3324--group_1401	179	1704.0	0.16492037586924513	0.23773508614418243	0.298143584873909	1.0	True
2201011	693	737	group_3324	group_3337	PP	0.27975014616386695	0.7067007982491563	142.4	142805.55	0.018718561	20	0	0	1	63	3	63	1.0	1.0	0.2595898669752842	True	True	False	False	PP	P_A__P_B	PP:group_3324--group_3337	146	6731.0	0.0732830878400802	0.14664409309432716	0.2595898669752842	0.9997028673302629	True
2201015	693	741	group_3324	leuD	PP	0.2744186812965633	0.6877256382178779	138.23809523809524	137998.57142857142	0.018801242	21	0	0	1	63	3	63	1.0	1.0	0.2448827076162332	True	True	False	False	PP	P_A__P_B	PP:group_3324--leuD	145	6974.0	0.07406310532732605	0.149634419516591	0.24488270761623324	0.9995698308001147	True
2203806	694	704	nhaK	group_4212	PP	0.31968323903664714	0.8675610182231276	208.5	210058.3125	0.018114533	16	0	0	1	62	3	62	1.0	1.0	0.278252336362305	True	True	False	False	PP	P_A__P_B	PP:nhaK--group_4212	159	6011.0	0.07923949105051266	0.1890138768129557	0.27825233636230506	0.9993345533189153	True
2203822	694	720	nhaK	group_1401	PP	0.30246546945697417	0.7937732681287364	372.44444444444446	379758.5	0.018329564	18	0	0	1	63	3	63	1.0	1.0	0.298143584873909	True	True	False	False	PP	P_A__P_B	PP:nhaK--group_1401	179	1704.0	0.16492037586924513	0.23773508614418243	0.298143584873909	0.9994131455399061	True
2203839	694	737	nhaK	group_3337	PP	0.2701812155084189	0.6793098576915915	141.7	142001.3	0.018755177	20	0	0	1	63	3	63	1.0	1.0	0.2595898669752842	True	True	False	False	PP	P_A__P_B	PP:nhaK--group_3337	146	6731.0	0.0732830878400802	0.14664409309432716	0.2595898669752842	0.999405734660526	True
2203843	694	741	nhaK	leuD	PP	0.26485806435041903	0.6606607637497602	137.61904761904762	136953.0	0.0188384	21	0	0	1	63	3	63	1.0	1.0	0.2448827076162332	True	True	False	False	PP	P_A__P_B	PP:nhaK--leuD	145	6974.0	0.07406310532732605	0.149634419516591	0.24488270761623324	0.9991396616002294	True
2212281	697	701	group_4291	pulA	PP	0.2773211816764669	0.7525982515539266	132.01260504201682	114542.5	0.018383902	238	0	0	1	59	3	59	1.0	1.0	0.2733852714492829	True	True	False	False	PP	P_A__P_B	PP:group_4291--pulA	144	6933.0	0.07489760409001708	0.1464357387484686	0.27338527144928293	0.9991345737775854	True
2212284	697	704	group_4291	group_4212	PP	0.31968323903664714	0.8675610182231276	105.6	97456.1	0.018133093	10	0	0	1	62	3	62	1.0	1.0	0.2766426328587189	True	True	False	False	PP	P_A__P_B	PP:group_4291--group_4212	136	6916.0	0.07787244335288054	0.17361808860938566	0.27664263285871893	0.9994216310005783	True
2213536	697	1956	group_4291	group_2003	PP	0.2674840806623246	0.6698480470679845	158.84615384615384	145609.38461538462	2.12321	13	0	1	1	63	3	63	1.0	1.0	0.267453801147041	True	True	False	False	PP	P_A__P_B	PP:group_4291--group_2003	150	7224.0	0.0835690225853602	0.1891902803848992	0.267453801147041	0.999031007751938	True
2223574	701	704	pulA	group_4212	PP	0.28550022697818467	0.7709062378223533	150.16666666666666	141364.16666666666	0.018336311	6	0	0	1	60	3	60	1.0	1.0	0.2811976723722856	True	True	False	False	PP	P_A__P_B	PP:pulA--group_4212	148	6921.0	0.08708641753572753	0.17756413864598863	0.28119767237228566	0.9994220488368732	True
2223582	701	712	pulA	group_5400	PP	0.27244638774548047	0.72493471686335	126.8	126326.2	0.018477507	5	0	0	1	60	3	60	1.0	1.0	0.2658051865081152	True	True	False	False	PP	P_A__P_B	PP:pulA--group_5400	142	7138.0	0.07577719986338895	0.14992535278963684	0.26580518650811524	0.9992995236760998	True
2232039	704	712	group_4212	group_5400	PP	0.3127413511697299	0.8321529411264899	146.66666666666666	140548.83333333334	0.01822358	6	0	0	1	63	3	63	1.0	1.0	0.3036648005762775	True	True	False	False	PP	P_A__P_B	PP:group_4212--group_5400	147	6865.0	0.0779575224623964	0.16324289686893095	0.30366480057627754	0.9997086671522214	True
2232047	704	720	group_4212	group_1401	PP	0.3099496522494679	0.8094660229077	148.75	141653.0	0.018300526	8	0	0	1	64	3	64	1.0	1.0	0.2811976723722856	True	True	False	False	PP	P_A__P_B	PP:group_4212--group_1401	148	6921.0	0.08708641753572753	0.17756413864598863	0.28119767237228566	0.9997110244184366	True
2232053	704	726	group_4212	smc_1	PP	0.2949239581372496	0.7567002236541186	122.0	120937.75	0.018456524	8	0	0	1	64	3	64	1.0	1.0	0.2702659479976715	True	True	False	False	PP	P_A__P_B	PP:group_4212--smc_1	141	7040.0	0.0729130353892996	0.15081812249817886	0.2702659479976715	0.9995738636363637	True
2232064	704	737	group_4212	group_3337	PP	0.2762081696502682	0.6912330778157405	126.07826086956521	122020.61739130435	0.018725226	115	0	0	1	64	3	64	1.0	1.0	0.2658051865081152	True	True	False	False	PP	P_A__P_B	PP:group_4212--group_3337	142	7138.0	0.07577719986338895	0.14992535278963684	0.26580518650811524	0.9994396189408798	True
2232068	704	741	group_4212	leuD	PP	0.2706927399172112	0.6720988019636122	130.30701754385964	126307.15789473684	0.01880834	114	0	0	1	64	3	64	1.0	1.0	0.2645359515253397	True	True	False	False	PP	P_A__P_B	PP:group_4212--leuD	143	7368.0	0.07021361923706292	0.13353956028800928	0.26453595152533976	0.999457111834962	True
2233248	704	1921	group_4212	group_1907	PP	0.26546332314920384	0.6540532036332626	128.125	125249.25	1.8001192	8	0	1	1	64	3	64	1.0	1.0	0.2645359515253397	True	True	False	False	PP	P_A__P_B	PP:group_4212--group_1907	143	7368.0	0.07021361923706292	0.13353956028800928	0.26453595152533976	0.9990499457111836	True
2233285	704	1958	group_4212	group_3338	PP	0.273412428240717	0.6815220092827887	122.25	117544.125	2.3569524	8	0	1	1	64	3	64	1.0	1.0	0.2702659479976715	True	True	False	False	PP	P_A__P_B	PP:group_4212--group_3338	141	7040.0	0.0729130353892996	0.15081812249817886	0.2702659479976715	0.9991477272727273	True
2382781	758	767	group_3656	group_3978	PP	0.36248772914627064	0.783980112789054	134.625	138370.375	0.01835082	8	0	0	1	87	2	87	1.0	1.0	0.2733852714492829	True	True	False	False	PP	P_A__P_B	PP:group_3656--group_3978	144	6933.0	0.07489760409001708	0.1464357387484686	0.27338527144928293	1.0	True
2382819	758	805	group_3656	group_5291	PP	0.3456701817670018	0.7163129824591623	132.125	136643.75	0.018687367	8	0	0	1	90	2	90	1.0	1.0	0.2733852714492829	True	True	False	False	PP	P_A__P_B	PP:group_3656--group_5291	144	6933.0	0.07489760409001708	0.1464357387484686	0.27338527144928293	0.9998557622962643	True
2382871	758	857	group_3656	group_2233	PP	0.2887747971782051	0.5607773335000571	169.0	170313.8	0.020124687	5	0	0	1	91	2	91	1.0	1.0	0.2864702557437782	True	True	False	False	PP	P_A__P_B	PP:group_3656--group_2233	152	6975.0	0.08074861224185069	0.1666841194180666	0.28647025574377827	0.9991397849462366	True
2382891	758	877	group_3656	dps	PP	0.2700330803381421	0.5150501098093709	128.42857142857142	130683.42857142857	0.020532697	7	0	0	1	91	2	91	1.0	1.0	0.2645359515253397	True	True	False	False	PP	P_A__P_B	PP:group_3656--dps	143	7368.0	0.07021361923706292	0.13353956028800928	0.26453595152533976	0.9993213897937026	True
2383499	758	1485	group_3656	group_4891	PP	0.27542458481857246	0.5280590751870073	142.875	149988.875	0.4399475	8	0	1	1	91	2	91	1.0	1.0	0.2595898669752842	True	True	False	False	PP	P_A__P_B	PP:group_3656--group_4891	146	6731.0	0.0732830878400802	0.14664409309432716	0.2595898669752842	0.9995543009953944	True
2407615	767	770	group_3978	galE	PP	0.3571299113872174	0.7581721336291408	241.6	240207.22222222222	0.01841422	45	0	0	1	89	2	89	1.0	1.0	0.2766250829955313	True	True	False	False	PP	P_A__P_B	PP:group_3978--galE	164	4910.0	0.11128019493820808	0.21860279272641442	0.27662508299553135	0.9995926680244399	True
2407620	767	775	group_3978	group_4326	PP	0.37357107487164287	0.78839745256618	260.84615384615387	249217.5	0.018323563	26	0	0	2	91	2	90	0.989011	1.0222194	0.3173949478373641	True	True	True	True	PP	P_A__P_B	PP:group_3978--group_4326	167	4514.0	0.08760975382880715	0.20089296928701741	0.31739494783736416	0.9995569339831635	True
2407657	767	812	group_3978	group_2605	PP	0.3246316804859508	0.6612940926247411	211.86666666666667	198727.6	0.018870343	30	0	0	1	91	2	91	1.0	1.0	0.2653859311411507	True	True	False	False	PP	P_A__P_B	PP:group_3978--group_2605	160	5684.0	0.08298880518793039	0.1820746095221526	0.2653859311411507	0.9996481351161154	True
2407663	767	818	group_3978	group_2606	PP	0.3046688940652106	0.61601229430747	251.25925925925927	240026.7037037037	0.01913485	27	0	0	1	90	2	90	1.0	1.0	0.2946815627543256	True	True	False	False	PP	P_A__P_B	PP:group_3978--group_2606	166	4560.0	0.09393288886775424	0.1920536312331571	0.2946815627543256	0.9993421052631579	True
2407675	767	830	group_3978	group_4615	PP	0.2689783934396009	0.5361748618799702	247.5	250613.16666666666	0.019741146	6	0	0	3	88	2	86	0.97727275	1.0467694	0.2609630808680016	True	True	True	True	PP	P_A__P_B	PP:group_3978--group_4615	165	4959.0	0.11367578113139926	0.21135906298852594	0.26096308086800163	0.9995966928816293	True
2407677	767	832	group_3978	ponA	PP	0.29400983519882584	0.5834214331717499	142.77777777777777	142907.33333333334	0.019418573	18	0	0	1	91	2	91	1.0	1.0	0.2595898669752842	True	True	False	False	PP	P_A__P_B	PP:group_3978--ponA	146	6731.0	0.0732830878400802	0.14664409309432716	0.2595898669752842	0.9998514336651315	True
2415879	770	775	galE	group_4326	PP	0.36254782885430836	0.7605710319573503	281.125	280084.125	0.018382	8	0	0	1	91	2	91	1.0	1.0	0.3251225242961465	True	True	False	False	PP	P_A__P_B	PP:galE--group_4326	170	3808.0	0.08932472434969523	0.18669627857107593	0.3251225242961465	1.0	True
2415908	770	804	galE	hemH	PP	0.33119874029553564	0.6742085544393491	207.33333333333334	205998.33333333334	0.018775675	6	0	0	1	92	2	92	1.0	1.0	0.278252336362305	True	True	False	False	PP	P_A__P_B	PP:galE--hemH	159	6011.0	0.07923949105051266	0.1890138768129557	0.27825233636230506	0.9996672766594576	True
2415909	770	805	galE	group_5291	PP	0.3200901364897739	0.6515951963479535	236.84444444444443	236077.64444444445	0.018851511	45	0	0	1	91	2	91	1.0	1.0	0.2766250829955313	True	True	False	False	PP	P_A__P_B	PP:galE--group_5291	164	4910.0	0.11128019493820808	0.21860279272641442	0.27662508299553135	0.9993890020366599	True
2415916	770	812	galE	group_2605	PP	0.34803304159885173	0.704882568601976	222.72727272727272	220215.9090909091	0.01866323	11	0	0	2	94	2	92	0.9787234	1.0434577	0.2979072339908784	True	True	True	True	PP	P_A__P_B	PP:galE--group_2605	162	5472.0	0.09175280636939254	0.22521672534845816	0.29790723399087843	0.9998172514619883	True
2415961	770	857	galE	group_2233	PP	0.2667807930571957	0.5094866885453857	249.2941176470588	248779.0	0.020231752	34	0	0	2	93	2	92	0.9892473	1.0217366	0.2609630808680016	True	True	True	True	PP	P_A__P_B	PP:galE--group_2233	165	4959.0	0.11367578113139926	0.21135906298852594	0.26096308086800163	0.999395039322444	True
2429654	775	805	group_4326	group_5291	PP	0.34315617633162787	0.6945973879495243	213.47368421052633	207864.63157894736	0.01866788	19	0	0	2	94	2	93	0.9893617	1.0215029	0.2653859311411507	True	True	True	True	PP	P_A__P_B	PP:group_4326--group_5291	160	5684.0	0.08298880518793039	0.1820746095221526	0.2653859311411507	0.9998240675580577	True
2429712	775	863	group_4326	celA_1	PP	0.30626012402882163	0.5807031836296231	230.0	229372.5	0.019840457	10	0	0	3	98	2	95	0.96938777	1.0635659	0.289851304603196	True	True	True	True	PP	P_A__P_B	PP:group_4326--celA_1	163	5249.0	0.08492304095172	0.17143864771060247	0.289851304603196	0.9996189750428653	True
2430560	775	1711	group_4326	group_5399	PP	0.3564885238095232	0.7161593690625256	324.7	304116.0	3.8353572	10	0	1	2	96	2	95	0.9895833	1.0210503	0.3271787341539895	True	True	True	True	PP	P_A__P_B	PP:group_4326--group_5399	175	2726.0	0.1327882248154605	0.2682520213804329	0.3271787341539895	0.9996331621423331	True
2430593	775	1744	group_4326	erm	PP	0.33531052068131373	0.6804641316846864	112.2	112281.4	4.1442103	5	0	1	1	93	2	93	1.0	1.0	0.3343558960177353	True	True	False	False	PP	P_A__P_B	PP:group_4326--erm	138	6960.0	0.08032580193964121	0.17405424144485696	0.3343558960177353	0.9992816091954023	True
2506164	803	805	gpsB	group_5291	PP	0.32896730914730987	0.6484290434065659	130.66666666666666	131254.86666666667	0.01891959	15	0	0	2	97	2	88	0.9072165	1.2024281	0.2645359515253397	True	True	True	True	PP	P_A__P_B	PP:gpsB--group_5291	143	7368.0	0.07021361923706292	0.13353956028800928	0.26453595152533976	1.0	True
2511626	805	832	group_5291	ponA	PP	0.273006729758288	0.5208651871219463	129.94117647058823	130666.29411764706	0.0196479	17	0	0	2	96	2	94	0.9791667	1.042534	0.2645359515253397	True	True	True	True	PP	P_A__P_B	PP:group_5291--ponA	143	7368.0	0.07021361923706292	0.13353956028800928	0.26453595152533976	0.9995928338762216	True
2530617	812	832	group_2605	ponA	PP	0.2657548567088867	0.5046174287542076	128.83333333333334	125638.83333333333	0.019747	12	0	0	1	96	2	96	1.0	1.0	0.2645359515253397	True	True	False	False	PP	P_A__P_B	PP:group_2605--ponA	143	7368.0	0.07021361923706292	0.13353956028800928	0.26453595152533976	0.999185667752443	True
2585415	832	1640	ponA	group_4892	PP	0.31825687502460026	0.5909527517345088	180.83333333333334	171858.5	4.3771844	6	0	1	3	106	2	96	0.9056604	1.2115592	0.3170845279151985	True	True	True	True	PP	P_A__P_B	PP:ponA--group_4892	155	6489.0	0.07478644229557524	0.17953682317087796	0.31708452791519853	0.9990753582986592	True
2585426	832	1651	ponA	group_5412	PP	0.32203432719852865	0.599240361365911	179.83333333333334	170585.0	4.9692845	6	0	1	3	106	2	96	0.9056604	1.2115592	0.3100052955028014	True	True	True	True	PP	P_A__P_B	PP:ponA--group_5412	154	6972.0	0.09211054727327994	0.2198618223933002	0.3100052955028014	0.9997131382673551	True
2585431	832	1656	ponA	group_3419	PP	0.32592143391520906	0.6077791664001652	167.0	159505.83333333334	5.6960597	6	0	1	3	106	2	96	0.9056604	1.2115592	0.2864702557437782	True	True	True	True	PP	P_A__P_B	PP:ponA--group_3419	152	6975.0	0.08074861224185069	0.1666841194180666	0.28647025574377827	0.9995698924731182	True
2585435	832	1660	ponA	group_5411	PP	0.32592143391520906	0.6077791664001652	178.83333333333334	169671.16666666666	5.6963	6	0	1	3	106	2	96	0.9056604	1.2115592	0.3100052955028014	True	True	True	True	PP	P_A__P_B	PP:ponA--group_5411	154	6972.0	0.09211054727327994	0.2198618223933002	0.3100052955028014	1.0	True
2585438	832	1663	ponA	group_5991	PP	0.32592143391520906	0.6077791664001652	174.83333333333334	166950.16666666666	5.6960597	6	0	1	3	106	2	96	0.9056604	1.2115592	0.306539247592334	True	True	True	True	PP	P_A__P_B	PP:ponA--group_5991	153	7024.0	0.08947656875874647	0.18774163590115295	0.30653924759233403	0.9997152619589977	True
2755340	896	1485	group_2568	group_4891	PP	0.26752371064628805	0.4463386479611354	140.36363636363637	129195.18181818182	2.4297576	11	0	1	5	124	2	95	0.766129	1.6533333	0.2595898669752842	True	True	True	True	PP	P_A__P_B	PP:group_2568--group_4891	146	6731.0	0.0732830878400802	0.14664409309432716	0.2595898669752842	0.9991086019907889	True
2783589	907	914	yjaB	group_2556	PP	0.47432760014121067	0.7590602674706194	137.6	138559.8	0.017882204	5	0	0	3	160	2	93	0.58125	1.9878863	0.2448827076162332	True	True	True	True	PP	P_A__P_B	PP:yjaB--group_2556	145	6974.0	0.07406310532732605	0.149634419516591	0.24488270761623324	1.0	True
2783935	907	1260	yjaB	group_2180	PP	0.3121439259587342	0.4851194316711496	145.375	148742.375	0.6687815	8	0	1	4	155	2	96	0.61935484	1.9442421	0.3036648005762775	True	True	True	True	PP	P_A__P_B	PP:yjaB--group_2180	147	6865.0	0.0779575224623964	0.16324289686893095	0.30366480057627754	0.9995630007283322	True
2801869	914	917	group_2556	mutX_1	PP	0.4437025646455418	0.70527826315717	137.8	138691.4	0.018202696	5	0	0	3	160	2	93	0.58125	1.9878863	0.2448827076162332	True	True	True	True	PP	P_A__P_B	PP:group_2556--mutX_1	145	6974.0	0.07406310532732605	0.149634419516591	0.24488270761623324	0.9998566102667049	True
2830863	925	1289	group_1257	group_3703	PP	0.27457318343877674	0.42418843218159136	164.61111111111111	137456.05555555556	0.7164915	18	0	1	4	153	2	95	0.62091506	1.9246074	0.2676486562424987	True	True	True	True	PP	P_A__P_B	PP:group_1257--group_3703	151	7093.0	0.08016485582239659	0.16620799112503734	0.26764865624249873	0.9992950796559988	True
3339600	1129	1148	group_1922	group_2348	PP	0.26957858237662036	0.3899660883411208	135.14285714285714	136738.7142857143	0.02383157	7	1	1	25	211	9	58	0.2748815	6.2608633	0.2448827076162332	True	True	True	True	PP	P_A__P_B	PP:group_1922--group_2348	145	6974.0	0.07406310532732605	0.149634419516591	0.24488270761623324	0.9992830513335246	True
3358702	1137	1142	yxlF	group_5417	PP	0.2928027577364576	0.4234561633746656	152.0	150310.7857142857	0.023824135	14	1	1	13	215	2	94	0.4372093	3.4157245	0.2790734676864135	True	True	True	True	PP	P_A__P_B	PP:yxlF--group_5417	149	7173.0	0.08341222594638732	0.16186191601190375	0.27907346768641356	0.999721176634602	True
3358705	1137	1145	yxlF	group_1482	PP	0.2791310095456147	0.4038233135364636	152.85714285714286	151256.35714285713	0.02435081	14	1	1	12	212	2	94	0.44339624	3.331653	0.2790734676864135	True	True	True	True	PP	P_A__P_B	PP:yxlF--group_1482	149	7173.0	0.08341222594638732	0.16186191601190375	0.27907346768641356	0.9990241182211069	True
3631129	1254	1427	group_5619	group_4876	PP	0.2782954321045634	0.4368866450799146	159.8	147614.8	0.024170421	5	1	1	3	146	2	89	0.60958904	1.9276541	0.267453801147041	True	True	True	True	PP	P_A__P_B	PP:group_5619--group_4876	150	7224.0	0.0835690225853602	0.1891902803848992	0.267453801147041	0.9993078626799557	True
3631130	1254	1428	group_5619	group_5414	PP	0.2782954321045634	0.4368866450799146	204.2	182281.06666666668	0.024200741	60	1	1	3	146	2	89	0.60958904	1.9276541	0.278252336362305	True	True	True	True	PP	P_A__P_B	PP:group_5619--group_5414	159	6011.0	0.07923949105051266	0.1890138768129557	0.27825233636230506	0.999001829978373	True
3664891	1269	1289	group_5893	group_3703	PP	0.3422582617132112	0.5171977026795364	169.71428571428572	159336.7142857143	0.02114977	7	1	1	8	174	2	95	0.545977	2.4193704	0.2864702557437782	True	True	True	True	PP	P_A__P_B	PP:group_5893--group_3703	152	6975.0	0.08074861224185069	0.1666841194180666	0.28647025574377827	0.9998566308243727	True
3709787	1289	1335	group_3703	group_1258	PP	0.3981742850774026	0.6115498749178944	159.92	136419.0	0.019623734	25	1	1	7	171	2	96	0.5614035	2.3420906	0.267453801147041	True	True	True	True	PP	P_A__P_B	PP:group_3703--group_1258	150	7224.0	0.0835690225853602	0.1891902803848992	0.267453801147041	1.0	True
3709876	1289	1424	group_3703	group_4078	PP	0.3387584584264278	0.5335116709191781	166.81720430107526	138216.01075268816	0.021376386	93	1	1	3	152	2	95	0.625	1.8996875	0.2864702557437782	True	True	True	True	PP	P_A__P_B	PP:group_3703--group_4078	152	6975.0	0.08074861224185069	0.1666841194180666	0.28647025574377827	0.9997132616487455	True
3709877	1289	1425	group_3703	group_5992	PP	0.3387584584264278	0.5335116709191781	163.5531914893617	135737.89361702127	0.021356525	94	1	1	3	152	2	95	0.625	1.8996875	0.2676486562424987	True	True	True	True	PP	P_A__P_B	PP:group_3703--group_5992	151	7093.0	0.08016485582239659	0.16620799112503734	0.26764865624249873	0.9998590159311997	True
3709879	1289	1427	group_3703	group_4876	PP	0.3538578185163249	0.557994025639642	143.54545454545453	127453.18181818182	0.020888122	11	1	1	4	153	2	95	0.62091506	1.9246074	0.3036648005762775	True	True	True	True	PP	P_A__P_B	PP:group_3703--group_4876	147	6865.0	0.0779575224623964	0.16324289686893095	0.30366480057627754	1.0	True
3709880	1289	1428	group_3703	group_5414	PP	0.3442394058801414	0.5428268694930564	165.83870967741936	136973.38709677418	0.021194085	93	1	1	3	152	2	95	0.625	1.8996875	0.2864702557437782	True	True	True	True	PP	P_A__P_B	PP:group_3703--group_5414	152	6975.0	0.08074861224185069	0.1666841194180666	0.28647025574377827	1.0	True
3709881	1289	1429	group_3703	group_5993	PP	0.3538578185163249	0.557994025639642	164.53191489361703	136304.98936170212	0.020901576	94	1	1	4	153	2	95	0.62091506	1.9246074	0.2676486562424987	True	True	True	True	PP	P_A__P_B	PP:group_3703--group_5993	151	7093.0	0.08016485582239659	0.16620799112503734	0.26764865624249873	1.0	True
3868384	1361	1784	group_1888	group_3921	PP	0.174108199911863	0.3104716089399468	575.375	588944.375	0.035226487	8	1	1	4	92	8	40	0.4347826	2.6938255	0.1495364557199526	True	True	True	True	PP	P_A__P_B	PP:group_1888--group_3921	194	339.0	0.04254342763282427	0.0911479723091607	0.1495364557199526	1.0	True
3898531	1375	1782	group_4450	tetM	PP	0.2683564593728578	0.48027495754627797	139.88235294117646	136050.82352941178	0.022253778	17	1	1	2	102	2	95	0.9313725	1.1465726	0.2595898669752842	True	True	True	True	PP	P_A__P_B	PP:group_4450--tetM	146	6731.0	0.0732830878400802	0.14664409309432716	0.2595898669752842	0.9992571683256574	True
3917889	1384	1862	group_4444	group_1976	PP	0.22703783370258684	0.4162556757359755	479.6666666666667	479018.5	0.024908554	6	1	1	1	92	2	92	1.0	1.0	0.1851301016995838	True	True	False	False	PP	P_A__P_B	PP:group_4444--group_1976	188	665.0	0.10883763416894081	0.13044584891278072	0.18513010169958385	1.0	True
3917894	1384	1867	group_4444	group_4451	PP	0.22703783370258684	0.4162556757359755	463.2857142857143	464394.28571428574	0.025036568	14	1	1	1	92	2	92	1.0	1.0	0.223710650607123	True	True	False	False	PP	P_A__P_B	PP:group_4444--group_4451	187	724.0	0.09281187499872048	0.1825657995071111	0.22371065060712306	1.0	True
3943054	1396	1449	malI	group_1366	PP	0.28356324058502247	0.4624604017396968	215.23529411764707	206172.9411764706	0.021204038	17	1	1	8	133	2	95	0.71428573	1.8772153	0.2653859311411507	True	True	True	True	PP	P_A__P_B	PP:malI--group_1366	160	5684.0	0.08298880518793039	0.1820746095221526	0.2653859311411507	0.9992962702322308	True
3955825	1402	1485	group_4871	group_4891	PP	0.3090934572701458	0.5105579514583727	220.7058823529412	210698.82352941178	0.02005078	17	1	1	6	132	2	95	0.719697	1.8430294	0.3081386391361106	True	True	True	True	PP	P_A__P_B	PP:group_4871--group_4891	161	5348.0	0.09467939271767922	0.24394594674628953	0.30813863913611067	0.9990650710545999	True
3957910	1403	1451	group_5423	group_3714	PP	0.2899119520854526	0.4740258049375893	231.125	219976.25	0.020923026	16	1	1	7	133	2	95	0.71428573	1.870862	0.289851304603196	True	True	True	True	PP	P_A__P_B	PP:group_5423--group_3714	163	5249.0	0.08492304095172	0.17143864771060247	0.289851304603196	0.9990474376071633	True
3957914	1403	1455	group_5423	group_1989	PP	0.29357813123752385	0.4806950636691665	229.3125	219450.0625	0.020739311	16	1	1	7	133	2	95	0.71428573	1.870862	0.289851304603196	True	True	True	True	PP	P_A__P_B	PP:group_5423--group_1989	163	5249.0	0.08492304095172	0.17143864771060247	0.289851304603196	0.9992379500857306	True
3957944	1403	1485	group_5423	group_4891	PP	0.3090934572701458	0.5105579514583727	223.35294117647058	212827.70588235295	0.0200286	17	1	1	6	132	2	95	0.719697	1.8430294	0.2979072339908784	True	True	True	True	PP	P_A__P_B	PP:group_5423--group_4891	162	5472.0	0.09175280636939254	0.22521672534845816	0.29790723399087843	0.9992690058479532	True
3966410	1407	1485	group_4084	group_4891	PP	0.3118848368685655	0.5157864333337321	224.23529411764707	213275.35294117648	0.019842345	17	1	1	6	132	2	95	0.719697	1.8430294	0.2979072339908784	True	True	True	True	PP	P_A__P_B	PP:group_4084--group_4891	162	5472.0	0.09175280636939254	0.22521672534845816	0.29790723399087843	0.9994517543859649	True
3970603	1409	1451	group_6001	group_3714	PP	0.2955769385803101	0.4844434743975848	230.125	219118.6875	0.020575669	16	1	1	7	133	2	95	0.71428573	1.870862	0.289851304603196	True	True	True	True	PP	P_A__P_B	PP:group_6001--group_3714	163	5249.0	0.08492304095172	0.17143864771060247	0.289851304603196	0.999428462564298	True
3970607	1409	1455	group_6001	group_1989	PP	0.2992539267694665	0.491161115499828	228.3125	218592.5	0.020393763	16	1	1	7	133	2	95	0.71428573	1.870862	0.2979072339908784	True	True	True	True	PP	P_A__P_B	PP:group_6001--group_1989	162	5472.0	0.09175280636939254	0.22521672534845816	0.29790723399087843	0.9990862573099415	True
3970637	1409	1485	group_6001	group_4891	PP	0.31471729812260174	0.5211025059600393	222.47058823529412	212056.41176470587	0.01968931	17	1	1	6	132	2	95	0.719697	1.8430294	0.2979072339908784	True	True	True	True	PP	P_A__P_B	PP:group_6001--group_4891	162	5472.0	0.09175280636939254	0.22521672534845816	0.29790723399087843	0.9996345029239766	True
4002370	1424	1643	group_4078	group_948	PP	0.26808818876999624	0.4670685250244106	156.78378378378378	127871.25675675676	0.02250437	74	1	1	2	112	2	82	0.73214287	1.6453305	0.267453801147041	True	True	True	True	PP	P_A__P_B	PP:group_4078--group_948	150	7224.0	0.0835690225853602	0.1891902803848992	0.267453801147041	0.9991694352159468	True
4010976	1428	1867	group_5414	group_4451	PP	0.24675735954728964	0.46064084762518037	265.57142857142856	265959.61904761905	0.02300464	21	1	1	2	92	2	91	0.98913044	1.0219754	0.2462821797544713	True	True	True	True	PP	P_A__P_B	PP:group_5414--group_4451	168	4297.0	0.08065099864178153	0.16584660997892212	0.24628217975447136	0.9990691179892949	True
4013069	1429	1867	group_5993	group_4451	PP	0.24675735954728964	0.46064084762518037	266.0952380952381	267367.04761904763	0.02298509	21	1	1	2	92	2	91	0.98913044	1.0219754	0.2462821797544713	True	True	True	True	PP	P_A__P_B	PP:group_5993--group_4451	168	4297.0	0.08065099864178153	0.16584660997892212	0.24628217975447136	0.9993018384919712	True
4054612	1449	1760	group_1366	group_4448	PP	0.2628153978177852	0.47827143759799706	243.32432432432432	239754.5945945946	0.019926205	74	1	1	2	101	2	89	0.8811881	1.2648481	0.2609630808680016	True	True	True	True	PP	P_A__P_B	PP:group_1366--group_4448	165	4959.0	0.11367578113139926	0.21135906298852594	0.26096308086800163	0.9991933857632587	True
4097990	1470	1836	group_5415	group_5418	PP	0.2894325226446623	0.5445149579071864	193.0	201047.33333333334	0.017852524	9	1	1	1	96	2	96	1.0	1.0	0.2893381220454996	True	True	False	False	PP	P_A__P_B	PP:group_5415--group_5418	157	6321.0	0.08501534501267864	0.23699808305306264	0.28933812204549963	0.9990507831039392	True
4128720	1485	1906	group_4891	group_624	PP	0.2676698088725082	0.5161489065973427	164.75555555555556	159947.15555555557	0.018044008	45	1	1	1	89	2	89	1.0	1.0	0.2676486562424987	True	True	False	False	PP	P_A__P_B	PP:group_4891--group_624	151	7093.0	0.08016485582239659	0.16620799112503734	0.26764865624249873	0.9990131115183984	True
4187212	1514	1760	group_5990	group_4448	PP	0.27873211037100987	0.5173804144350816	235.32432432432432	233059.37837837837	0.018236373	74	1	1	2	100	2	87	0.87	1.2923236	0.2766250829955313	True	True	True	True	PP	P_A__P_B	PP:group_5990--group_4448	164	4910.0	0.11128019493820808	0.21860279272641442	0.27662508299553135	0.9991853360488798	True
4199315	1520	1836	phnU	group_5418	PP	0.2707472929104265	0.5174985006751456	136.0	134298.4	0.01714918	5	1	1	1	93	2	93	1.0	1.0	0.2448827076162332	True	True	False	False	PP	P_A__P_B	PP:phnU--group_5418	145	6974.0	0.07406310532732605	0.149634419516591	0.24488270761623324	0.9994264410668197	True
4199316	1520	1837	phnU	group_5996	PP	0.2707472929104265	0.5174985006751456	121.33333333333333	118340.11111111111	0.01714918	9	1	1	1	93	2	93	1.0	1.0	0.2702659479976715	True	True	False	False	PP	P_A__P_B	PP:phnU--group_5996	141	7040.0	0.0729130353892996	0.15081812249817886	0.2702659479976715	0.9990056818181818	True
4199317	1520	1838	phnU	group_5997	PP	0.2707472929104265	0.5174985006751456	123.57142857142857	121271.14285714286	0.01714918	7	1	1	1	93	2	93	1.0	1.0	0.2658051865081152	True	True	False	False	PP	P_A__P_B	PP:phnU--group_5997	142	7138.0	0.07577719986338895	0.14992535278963684	0.26580518650811524	0.9991594284113197	True
4258856	1550	1782	Int-Tn_1	tetM	PP	0.3497463288004821	0.6655195983761828	181.4	171340.8	0.013542987	15	1	1	2	102	2	95	0.9313725	1.1465726	0.3170845279151985	True	True	True	True	PP	P_A__P_B	PP:Int-Tn_1--tetM	155	6489.0	0.07478644229557524	0.17953682317087796	0.31708452791519853	0.9992294652488827	True
4258947	1550	1873	Int-Tn_1	group_1656	PP	0.2662518693743794	0.5206069086352224	123.97222222222223	110495.26388888889	0.015824743	72	1	1	1	89	2	89	1.0	1.0	0.2658051865081152	True	True	False	False	PP	P_A__P_B	PP:Int-Tn_1--group_1656	142	7138.0	0.07577719986338895	0.14992535278963684	0.26580518650811524	0.9990193331465397	True
4286363	1564	1786	group_2056	group_6274	PP	0.29433472581271164	0.5622901650048013	209.3846153846154	214870.6923076923	0.0206156	13	1	1	3	97	9	53	0.5463917	2.0195322	0.2653859311411507	True	True	True	True	PP	P_A__P_B	PP:group_2056--group_6274	160	5684.0	0.08298880518793039	0.1820746095221526	0.2653859311411507	0.9994722026741731	True
4289001	1565	2467	group_2856	group_6481	PP	0.10610218476325325	0.25564963912197197	540.8333333333334	557292.3333333334	0.053141225	6	1	1	5	40	13	36	0.9	1.2307693	0.1048173241186407	True	True	True	True	PP	P_A__P_B	PP:group_2856--group_6481	192	417.0	0.07915563685886147	0.0937302491033488	0.10481732411864078	1.0	True
4289069	1565	2535	group_2856	group_6476	PP	0.10515091002878288	0.259304579450143	560.8333333333334	565553.5	0.05562043	6	1	1	2	37	13	36	0.972973	1.0555127	0.1045425349620959	True	True	True	True	PP	P_A__P_B	PP:group_2856--group_6476	193	358.0	0.0551687441946803	0.09689936808753581	0.10454253496209596	1.0	True
4329038	1586	1638	group_1962	group_2704	PP	0.3011723966275392	0.5535501631787039	400.1666666666667	391919.25	0.01686757	12	1	1	4	106	2	93	0.8773585	1.2855835	0.2972704554310693	True	True	True	True	PP	P_A__P_B	PP:group_1962--group_2704	182	1171.0	0.1653693639582281	0.2509403696505097	0.2972704554310693	0.9991460290350128	True
4329238	1586	1838	group_1962	group_5997	PP	0.30866420360803054	0.6041655294179876	132.33333333333334	131111.83333333334	0.014492992	6	1	1	1	94	2	94	1.0	1.0	0.2733852714492829	True	True	False	False	PP	P_A__P_B	PP:group_1962--group_5997	144	6933.0	0.07489760409001708	0.1464357387484686	0.27338527144928293	0.9995672868887927	True
4332954	1588	1685	group_3705	group_5944	PP	0.2845767087596579	0.5287062097478756	149.4	139233.4	0.015987767	5	1	1	2	102	2	95	0.9313725	1.1465726	0.2811976723722856	True	True	True	True	PP	P_A__P_B	PP:group_3705--group_5944	148	6921.0	0.08708641753572753	0.17756413864598863	0.28119767237228566	0.99913307325531	True
4333051	1588	1782	group_3705	tetM	PP	0.3667081649628014	0.7062808371725056	185.06666666666666	174433.26666666666	0.012429254	15	1	1	2	102	2	95	0.9313725	1.1465726	0.3170845279151985	True	True	True	True	PP	P_A__P_B	PP:group_3705--tetM	155	6489.0	0.07478644229557524	0.17953682317087796	0.31708452791519853	0.9993835721991062	True
4333061	1588	1792	group_3705	group_3724	PP	0.2896534511005442	0.5593353910846629	196.06666666666666	185091.46666666667	0.014296214	15	1	1	1	95	2	95	1.0	1.0	0.2893381220454996	True	True	False	False	PP	P_A__P_B	PP:group_3705--group_3724	157	6321.0	0.08501534501267864	0.23699808305306264	0.28933812204549963	0.9992089859199493	True
4336811	1590	1677	group_5408	group_5361	PP	0.2809038431212101	0.5207361843720424	152.83333333333334	139992.66666666666	0.016237447	6	1	1	2	102	2	95	0.9313725	1.1465726	0.2790734676864135	True	True	True	True	PP	P_A__P_B	PP:group_5408--group_5361	149	7173.0	0.08341222594638732	0.16186191601190375	0.27907346768641356	0.999163529903806	True
4336819	1590	1685	group_5408	group_5944	PP	0.2845767087596579	0.5287062097478756	153.4	141128.4	0.015987767	5	1	1	2	102	2	95	0.9313725	1.1465726	0.2790734676864135	True	True	True	True	PP	P_A__P_B	PP:group_5408--group_5944	149	7173.0	0.08341222594638732	0.16186191601190375	0.27907346768641356	0.9994423532692039	True
4336926	1590	1792	group_5408	group_3724	PP	0.2896534511005442	0.5593353910846629	199.0	188772.73333333334	0.014296214	15	1	1	1	95	2	95	1.0	1.0	0.2891375207722786	True	True	False	False	PP	P_A__P_B	PP:group_5408--group_3724	158	6219.0	0.07233978097571946	0.2059138638563704	0.28913752077227867	0.9995176073323685	True
4337005	1590	1871	group_5408	group_1359	PP	0.31707718750769737	0.6277359716514022	297.45	293275.35	0.013166618	20	1	1	1	92	2	92	1.0	1.0	0.2894330772506382	True	True	False	False	PP	P_A__P_B	PP:group_5408--group_1359	172	3223.0	0.1254302256115865	0.19309289533961863	0.2894330772506382	0.9993794601303134	True
4337040	1590	1906	group_5408	group_624	PP	0.3031972899964653	0.6056100009418159	169.73333333333332	162773.6888888889	0.013593505	45	1	1	1	89	2	89	1.0	1.0	0.2864702557437782	True	True	False	False	PP	P_A__P_B	PP:group_5408--group_624	152	6975.0	0.08074861224185069	0.1666841194180666	0.28647025574377827	0.999426523297491	True
4338742	1591	1677	group_5410	group_5361	PP	0.289551793725214	0.5367676517600615	128.57142857142858	118112.28571428571	0.015863653	7	1	1	3	103	2	95	0.9223301	1.1690358	0.2645359515253397	True	True	True	True	PP	P_A__P_B	PP:group_5410--group_5361	143	7368.0	0.07021361923706292	0.13353956028800928	0.26453595152533976	0.999728555917481	True
4338750	1591	1685	group_5410	group_5944	PP	0.2845767087596579	0.5287062097478756	150.4	139479.4	0.015927896	5	1	1	2	102	2	95	0.9313725	1.1465726	0.2811976723722856	True	True	True	True	PP	P_A__P_B	PP:group_5410--group_5944	148	6921.0	0.08708641753572753	0.17756413864598863	0.28119767237228566	0.9992775610460916	True
4338847	1591	1782	group_5410	tetM	PP	0.3667081649628014	0.7062808371725056	185.8	174799.53333333333	0.012401631	15	1	1	2	102	2	95	0.9313725	1.1465726	0.3170845279151985	True	True	True	True	PP	P_A__P_B	PP:group_5410--tetM	155	6489.0	0.07478644229557524	0.17953682317087796	0.31708452791519853	0.9995376791493297	True
4338857	1591	1792	group_5410	group_3724	PP	0.2896534511005442	0.5593353910846629	196.8	185457.73333333334	0.014264643	15	1	1	1	95	2	95	1.0	1.0	0.2893381220454996	True	True	False	False	PP	P_A__P_B	PP:group_5410--group_3724	157	6321.0	0.08501534501267864	0.23699808305306264	0.28933812204549963	0.9993671887359595	True
4352231	1598	1677	group_5409	group_5361	PP	0.28384268854035216	0.5272452923128746	151.83333333333334	139625.5	0.015945362	6	1	1	2	102	2	95	0.9313725	1.1465726	0.2790734676864135	True	True	True	True	PP	P_A__P_B	PP:group_5409--group_5361	149	7173.0	0.08341222594638732	0.16186191601190375	0.27907346768641356	0.9993029415865049	True
4352239	1598	1685	group_5409	group_5944	PP	0.2875203435936784	0.5352546994953555	152.4	140926.4	0.015695473	5	1	1	2	102	2	95	0.9313725	1.1465726	0.2790734676864135	True	True	True	True	PP	P_A__P_B	PP:group_5409--group_5944	149	7173.0	0.08341222594638732	0.16186191601190375	0.27907346768641356	0.999581764951903	True
4352306	1598	1752	group_5409	group_4882	PP	0.2700020677201316	0.5132802149717411	163.32051282051282	152725.2435897436	0.015732093	78	1	1	1	96	2	96	1.0	1.0	0.2676486562424987	True	True	False	False	PP	P_A__P_B	PP:group_5409--group_4882	151	7093.0	0.08016485582239659	0.16620799112503734	0.26764865624249873	0.9991540955871987	True
4352336	1598	1782	group_5409	tetM	PP	0.3697222088478507	0.7135779538610892	187.26666666666668	176694.86666666667	0.0121936	15	1	1	2	102	2	95	0.9313725	1.1465726	0.3681338077204296	True	True	True	True	PP	P_A__P_B	PP:group_5409--tetM	156	6528.0	0.08221860760714088	0.24131709557293915	0.3681338077204296	0.9990808823529411	True
4352346	1598	1792	group_5409	group_3724	PP	0.29218536681697876	0.5654099941666191	198.26666666666668	187353.06666666668	0.014028137	15	1	1	1	95	2	95	1.0	1.0	0.2891375207722786	True	True	False	False	PP	P_A__P_B	PP:group_5409--group_3724	158	6219.0	0.07233978097571946	0.2059138638563704	0.28913752077227867	0.9996784048882457	True
4375400	1610	1836	group_4837	group_5418	PP	0.3289224460739118	0.6479858829242858	105.0	105693.6	0.012686065	5	1	1	1	95	2	95	1.0	1.0	0.2766426328587189	True	True	False	False	PP	P_A__P_B	PP:group_4837--group_5418	136	6916.0	0.07787244335288054	0.17361808860938566	0.27664263285871893	0.9995662232504338	True
4379223	1612	1838	group_5355	group_5997	PP	0.3289224460739118	0.6479858829242858	113.42857142857143	112140.14285714286	0.012705738	7	1	1	1	95	2	95	1.0	1.0	0.3115003575532605	True	True	False	False	PP	P_A__P_B	PP:group_5355--group_5997	139	6861.0	0.07809943713238143	0.17094738819314798	0.31150035755326055	0.9991254919108001	True
4381130	1613	1836	group_5357	group_5418	PP	0.3289224460739118	0.6479858829242858	106.0	106356.8	0.01268241	5	1	1	1	95	2	95	1.0	1.0	0.2766426328587189	True	True	False	False	PP	P_A__P_B	PP:group_5357--group_5418	136	6916.0	0.07787244335288054	0.17361808860938566	0.27664263285871893	0.9997108155002892	True
4398297	1622	1867	group_5979	group_4451	PP	0.2927966609848249	0.5830570636365703	135.0	129387.0	0.014490447	5	1	1	1	90	2	90	1.0	1.0	0.2448827076162332	True	True	False	False	PP	P_A__P_B	PP:group_5979--group_4451	145	6974.0	0.07406310532732605	0.149634419516591	0.24488270761623324	0.9997132205334098	True
4402063	1624	1836	group_151	group_5418	PP	0.30985412049851757	0.6131257959181541	132.0	130613.8	0.013506031	5	1	1	1	93	2	93	1.0	1.0	0.2733852714492829	True	True	False	False	PP	P_A__P_B	PP:group_151--group_5418	144	6933.0	0.07489760409001708	0.1464357387484686	0.27338527144928293	0.9997115245925284	True
4402064	1624	1837	group_151	group_5996	PP	0.30985412049851757	0.6131257959181541	124.75	122206.625	0.013506031	8	1	1	1	93	2	93	1.0	1.0	0.2658051865081152	True	True	False	False	PP	P_A__P_B	PP:group_151--group_5996	142	7138.0	0.07577719986338895	0.14992535278963684	0.26580518650811524	0.9995797142056598	True
4402065	1624	1838	group_151	group_5997	PP	0.30985412049851757	0.6131257959181541	127.0	125002.16666666667	0.013506031	6	1	1	1	93	2	93	1.0	1.0	0.2658051865081152	True	True	False	False	PP	P_A__P_B	PP:group_151--group_5997	142	7138.0	0.07577719986338895	0.14992535278963684	0.26580518650811524	0.9997198094704399	True
4407751	1627	1836	group_4581	group_5418	PP	0.32157053145281367	0.6363097180170417	100.0	101017.0	0.0126613015	5	1	1	1	94	2	94	1.0	1.0	0.2631934544667579	True	True	False	False	PP	P_A__P_B	PP:group_4581--group_5418	134	6943.0	0.08427328456888496	0.16086113929376944	0.26319345446675796	0.9998559700417687	True
4407753	1627	1838	group_4581	group_5997	PP	0.32157053145281367	0.6363097180170417	107.85714285714286	107229.14285714286	0.0126613015	7	1	1	1	94	2	94	1.0	1.0	0.3183537144739995	True	True	False	False	PP	P_A__P_B	PP:group_4581--group_5997	137	7175.0	0.0753858933488012	0.16623554823323006	0.31835371447399957	0.9990243902439024	True
4409465	1628	1656	ftsK_1	group_3419	PP	0.28913752077227867	0.5391844262556353	198.9375	187491.75	0.015556089	16	1	1	2	102	2	95	0.9313725	1.1465726	0.2891375207722786	True	True	True	True	PP	P_A__P_B	PP:ftsK_1--group_3419	158	6219.0	0.07233978097571946	0.2059138638563704	0.28913752077227867	0.9988744171088599	True
4409472	1628	1663	ftsK_1	group_5991	PP	0.28913752077227867	0.5391844262556353	198.53333333333333	187810.8	0.015556089	15	1	1	2	102	2	95	0.9313725	1.1465726	0.2891375207722786	True	True	True	True	PP	P_A__P_B	PP:ftsK_1--group_5991	158	6219.0	0.07233978097571946	0.2059138638563704	0.28913752077227867	0.9990352146647371	True
4409645	1628	1836	ftsK_1	group_5418	PP	0.3343558960177353	0.6616088388173695	111.0	111247.4	0.012255996	5	1	1	1	95	2	95	1.0	1.0	0.3343558960177353	True	True	False	False	PP	P_A__P_B	PP:ftsK_1--group_5418	138	6960.0	0.08032580193964121	0.17405424144485696	0.3343558960177353	0.9987068965517242	True
4409646	1628	1837	ftsK_1	group_5996	PP	0.3343558960177353	0.6616088388173695	118.33333333333333	116555.77777777778	0.012255996	9	1	1	1	95	2	95	1.0	1.0	0.3343558960177353	True	True	False	False	PP	P_A__P_B	PP:ftsK_1--group_5996	140	6849.0	0.08093896070683802	0.19017536277534852	0.3343558960177353	0.9986859395532195	True
4409647	1628	1838	ftsK_1	group_5997	PP	0.3343558960177353	0.6616088388173695	112.57142857142857	111141.71428571429	0.012255996	7	1	1	1	95	2	95	1.0	1.0	0.3343558960177353	True	True	False	False	PP	P_A__P_B	PP:ftsK_1--group_5997	138	6960.0	0.08032580193964121	0.17405424144485696	0.3343558960177353	0.9988505747126437	True
4411538	1629	1836	group_5358	group_5418	PP	0.3343558960177353	0.6616088388173695	104.0	104813.2	0.012253308	5	1	1	1	95	2	95	1.0	1.0	0.2766426328587189	True	True	False	False	PP	P_A__P_B	PP:group_5358--group_5418	136	6916.0	0.07787244335288054	0.17361808860938566	0.27664263285871893	0.9998554077501446	True
4411539	1629	1837	group_5358	group_5996	PP	0.3343558960177353	0.6616088388173695	117.55555555555556	115534.44444444444	0.012253308	9	1	1	1	95	2	95	1.0	1.0	0.3343558960177353	True	True	False	False	PP	P_A__P_B	PP:group_5358--group_5996	140	6849.0	0.08093896070683802	0.19017536277534852	0.3343558960177353	0.9988319462695284	True
4411540	1629	1838	group_5358	group_5997	PP	0.3343558960177353	0.6616088388173695	109.57142857142857	108388.14285714286	0.012253308	7	1	1	1	95	2	95	1.0	1.0	0.3183537144739995	True	True	False	False	PP	P_A__P_B	PP:group_5358--group_5997	137	7175.0	0.0753858933488012	0.16623554823323006	0.31835371447399957	0.9991637630662021	True
4413430	1630	1836	group_5359	group_5418	PP	0.3343558960177353	0.6616088388173695	103.0	103514.0	0.01224632	5	1	1	1	95	2	95	1.0	1.0	0.2980298401442606	True	True	False	False	PP	P_A__P_B	PP:group_5359--group_5418	135	7097.0	0.07790778407538533	0.15807643815472677	0.29802984014426065	0.9992954769620966	True
4413431	1630	1837	group_5359	group_5996	PP	0.3343558960177353	0.6616088388173695	117.44444444444444	115287.0	0.01224632	9	1	1	1	95	2	95	1.0	1.0	0.3343558960177353	True	True	False	False	PP	P_A__P_B	PP:group_5359--group_5996	140	6849.0	0.08093896070683802	0.19017536277534852	0.3343558960177353	0.9989779529858374	True
4413432	1630	1838	group_5359	group_5997	PP	0.3343558960177353	0.6616088388173695	109.14285714285714	107802.0	0.01224632	7	1	1	1	95	2	95	1.0	1.0	0.3183537144739995	True	True	False	False	PP	P_A__P_B	PP:group_5359--group_5997	137	7175.0	0.0753858933488012	0.16623554823323006	0.31835371447399957	0.9993031358885017	True
4415322	1631	1837	group_5416	group_5996	PP	0.3498284923804685	0.6922253364923343	172.78571428571428	177870.2142857143	0.012070836	14	1	1	1	96	2	96	1.0	1.0	0.306539247592334	True	True	False	False	PP	P_A__P_B	PP:group_5416--group_5996	153	7024.0	0.08947656875874647	0.18774163590115295	0.30653924759233403	0.9998576309794989	True
4417031	1632	1656	group_5942	group_3419	PP	0.28913752077227867	0.5391844262556353	199.8125	188537.3125	0.015556089	16	1	1	2	102	2	95	0.9313725	1.1465726	0.2891375207722786	True	True	True	True	PP	P_A__P_B	PP:group_5942--group_3419	158	6219.0	0.07233978097571946	0.2059138638563704	0.28913752077227867	0.9991960122206143	True
4417038	1632	1663	group_5942	group_5991	PP	0.28913752077227867	0.5391844262556353	199.53333333333333	188942.86666666667	0.015556089	15	1	1	2	102	2	95	0.9313725	1.1465726	0.2891375207722786	True	True	True	True	PP	P_A__P_B	PP:group_5942--group_5991	158	6219.0	0.07233978097571946	0.2059138638563704	0.28913752077227867	0.9993568097764914	True
4417211	1632	1836	group_5942	group_5418	PP	0.3343558960177353	0.6616088388173695	112.0	112116.8	0.012255996	5	1	1	1	95	2	95	1.0	1.0	0.3343558960177353	True	True	False	False	PP	P_A__P_B	PP:group_5942--group_5418	138	6960.0	0.08032580193964121	0.17405424144485696	0.3343558960177353	0.9989942528735632	True
4417212	1632	1837	group_5942	group_5996	PP	0.3343558960177353	0.6616088388173695	118.44444444444444	116862.22222222222	0.012255996	9	1	1	1	95	2	95	1.0	1.0	0.3343558960177353	True	True	False	False	PP	P_A__P_B	PP:group_5942--group_5996	140	6849.0	0.08093896070683802	0.19017536277534852	0.3343558960177353	0.9991239597021463	True
4417213	1632	1838	group_5942	group_5997	PP	0.3343558960177353	0.6616088388173695	113.0	111652.42857142857	0.012255996	7	1	1	1	95	2	95	1.0	1.0	0.3343558960177353	True	True	False	False	PP	P_A__P_B	PP:group_5942--group_5997	138	6960.0	0.08032580193964121	0.17405424144485696	0.3343558960177353	0.9991379310344828	True
4419100	1633	1836	iap	group_5418	PP	0.3343558960177353	0.6616088388173695	101.0	101833.8	0.012253308	5	1	1	1	95	2	95	1.0	1.0	0.2980298401442606	True	True	False	False	PP	P_A__P_B	PP:iap--group_5418	135	7097.0	0.07790778407538533	0.15807643815472677	0.29802984014426065	0.9994363815696773	True
4419101	1633	1837	iap	group_5996	PP	0.3343558960177353	0.6616088388173695	117.22222222222223	115544.33333333333	0.012253308	9	1	1	1	95	2	95	1.0	1.0	0.3343558960177353	True	True	False	False	PP	P_A__P_B	PP:iap--group_5996	140	6849.0	0.08093896070683802	0.19017536277534852	0.3343558960177353	0.9992699664184552	True
4419102	1633	1838	iap	group_5997	PP	0.3343558960177353	0.6616088388173695	108.28571428571429	107589.71428571429	0.012253308	7	1	1	1	95	2	95	1.0	1.0	0.3183537144739995	True	True	False	False	PP	P_A__P_B	PP:iap--group_5997	137	7175.0	0.0753858933488012	0.16623554823323006	0.31835371447399957	0.9994425087108014	True
4428476	1638	1782	group_2704	tetM	PP	0.2907316261926216	0.5672257920150778	348.75	345156.25	0.013810018	12	1	1	1	94	2	94	1.0	1.0	0.290221471054108	True	True	False	False	PP	P_A__P_B	PP:group_2704--tetM	177	2052.0	0.14649294766732016	0.20020777450795496	0.290221471054108	0.9990253411306043	True
4428567	1638	1873	group_2704	group_1656	PP	0.28213437408396397	0.566020814027135	163.70833333333334	180577.8125	0.013758995	48	1	1	1	88	2	88	1.0	1.0	0.2676486562424987	True	True	False	False	PP	P_A__P_B	PP:group_2704--group_1656	151	7093.0	0.08016485582239659	0.16620799112503734	0.26764865624249873	0.9994360637247991	True
4432136	1640	1677	group_4892	group_5361	PP	0.30868580430863385	0.5793914013455396	144.83333333333334	133550.5	0.014626516	6	1	1	3	103	2	95	0.9223301	1.1690358	0.3036648005762775	True	True	True	True	PP	P_A__P_B	PP:group_4892--group_5361	147	6865.0	0.0779575224623964	0.16324289686893095	0.30366480057627754	0.9992716678805535	True
4432237	1640	1778	group_4892	group_4894	PP	0.3056050329286899	0.5946826804415709	253.55	251821.7	0.013397982	20	1	1	2	96	2	95	0.9895833	1.0210503	0.2946815627543256	True	True	True	True	PP	P_A__P_B	PP:group_4892--group_4894	166	4560.0	0.09393288886775424	0.1920536312331571	0.2946815627543256	0.999561403508772	True
4432241	1640	1782	group_4892	tetM	PP	0.3857595541140654	0.752628021503108	182.13333333333333	171806.06666666668	0.011255026	15	1	1	2	102	2	95	0.9313725	1.1465726	0.3170845279151985	True	True	True	True	PP	P_A__P_B	PP:group_4892--tetM	155	6489.0	0.07478644229557524	0.17953682317087796	0.31708452791519853	0.9996917860995531	True
4432251	1640	1792	group_4892	group_3724	PP	0.3055401158934018	0.5977002963000961	193.13333333333333	182464.26666666666	0.012961946	15	1	1	1	95	2	95	1.0	1.0	0.2893381220454996	True	True	False	False	PP	P_A__P_B	PP:group_4892--group_3724	157	6321.0	0.08501534501267864	0.23699808305306264	0.28933812204549963	0.9995253915519696	True
4432321	1640	1862	group_4892	group_1976	PP	0.3218369463975632	0.6437823644757198	274.27272727272725	268816.36363636365	0.0120804515	11	1	1	1	92	2	92	1.0	1.0	0.3205238054578492	True	True	False	False	PP	P_A__P_B	PP:group_4892--group_1976	169	3783.0	0.08427079071304637	0.17947006613657207	0.32052380545784925	0.9992069785884219	True
4432326	1640	1867	group_4892	group_4451	PP	0.3218369463975632	0.6437823644757198	323.55	319661.75	0.012184484	20	1	1	1	92	2	92	1.0	1.0	0.3216034386049561	True	True	False	False	PP	P_A__P_B	PP:group_4892--group_4451	174	3061.0	0.14981143661780202	0.26081323244417676	0.32160343860495616	0.9990199281280627	True
4432330	1640	1871	group_4892	group_1359	PP	0.3320557380502037	0.6661735556462994	293.45	288402.6	0.011840734	20	1	1	1	92	2	92	1.0	1.0	0.3284033120333542	True	True	False	False	PP	P_A__P_B	PP:group_4892--group_1359	171	3496.0	0.103522379503101	0.22505235952534586	0.3284033120333542	0.9991418764302059	True
4432332	1640	1873	group_4892	group_1656	PP	0.29287340031927367	0.5875655562844531	122.95774647887323	109979.11267605633	0.013068854	71	1	1	1	89	2	89	1.0	1.0	0.2702659479976715	True	True	False	False	PP	P_A__P_B	PP:group_4892--group_1656	141	7040.0	0.0729130353892996	0.15081812249817886	0.2702659479976715	0.9994318181818181	True
4432365	1640	1906	group_4892	group_624	PP	0.31719570133277847	0.6421125339505861	177.6590909090909	171985.6590909091	0.012217163	44	1	1	1	89	2	89	1.0	1.0	0.3100052955028014	True	True	False	False	PP	P_A__P_B	PP:group_4892--group_624	154	6972.0	0.09211054727327994	0.2198618223933002	0.3100052955028014	0.9992828456683879	True
4452772	1651	1677	group_5412	group_5361	PP	0.3121412746976043	0.5871384656587271	145.83333333333334	134175.33333333334	0.014409652	6	1	1	3	103	2	95	0.9223301	1.1690358	0.3036648005762775	True	True	True	True	PP	P_A__P_B	PP:group_5412--group_5361	147	6865.0	0.0779575224623964	0.16324289686893095	0.30366480057627754	0.9994173343044428	True
4452778	1651	1683	group_5412	Int-Tn_2	PP	0.3065651309215198	0.5779378111175413	172.2	157353.33333333334	0.014456206	15	1	1	2	102	2	95	0.9313725	1.1465726	0.306539247592334	True	True	True	True	PP	P_A__P_B	PP:group_5412--Int-Tn_2	153	7024.0	0.08947656875874647	0.18774163590115295	0.30653924759233403	0.9990034168564921	True
4452780	1651	1685	group_5412	group_5944	PP	0.3065651309215198	0.5779378111175413	146.4	136008.4	0.014456206	5	1	1	2	102	2	95	0.9313725	1.1465726	0.3036648005762775	True	True	True	True	PP	P_A__P_B	PP:group_5412--group_5944	147	6865.0	0.0779575224623964	0.16324289686893095	0.30366480057627754	0.9991260014566642	True
4452781	1651	1686	group_5412	group_5945	PP	0.3065651309215198	0.5779378111175413	173.2	158470.86666666667	0.014456206	15	1	1	2	102	2	95	0.9313725	1.1465726	0.306539247592334	True	True	True	True	PP	P_A__P_B	PP:group_5412--group_5945	153	7024.0	0.08947656875874647	0.18774163590115295	0.30653924759233403	0.9991457858769932	True
4452873	1651	1778	group_5412	group_4894	PP	0.3084967590197977	0.6016496806244216	254.05	251827.0	0.013172839	20	1	1	2	96	2	95	0.9895833	1.0210503	0.2946815627543256	True	True	True	True	PP	P_A__P_B	PP:group_5412--group_4894	166	4560.0	0.09393288886775424	0.1920536312331571	0.2946815627543256	0.9997807017543859	True
4452877	1651	1782	group_5412	tetM	PP	0.3891857836521444	0.76101199580009	182.86666666666667	172036.93333333332	0.011056202	15	1	1	2	102	2	95	0.9313725	1.1465726	0.3170845279151985	True	True	True	True	PP	P_A__P_B	PP:group_5412--tetM	155	6489.0	0.07478644229557524	0.17953682317087796	0.31708452791519853	0.9998458930497766	True
4452887	1651	1792	group_5412	group_3724	PP	0.30836441132902803	0.6045787865658299	193.86666666666667	182695.13333333333	0.012735676	15	1	1	1	95	2	95	1.0	1.0	0.2893381220454996	True	True	False	False	PP	P_A__P_B	PP:group_5412--group_3724	157	6321.0	0.08501534501267864	0.23699808305306264	0.28933812204549963	0.9996835943679797	True
4452957	1651	1862	group_5412	group_1976	PP	0.32448327949334144	0.6505653157405155	274.90909090909093	269035.1818181818	0.011854365	11	1	1	1	92	2	92	1.0	1.0	0.3205238054578492	True	True	False	False	PP	P_A__P_B	PP:group_5412--group_1976	169	3783.0	0.08427079071304637	0.17947006613657207	0.32052380545784925	0.9994713190589479	True
4452962	1651	1867	group_5412	group_4451	PP	0.32448327949334144	0.6505653157405155	324.05	319667.05	0.011958324	20	1	1	1	92	2	92	1.0	1.0	0.3216034386049561	True	True	False	False	PP	P_A__P_B	PP:group_5412--group_4451	174	3061.0	0.14981143661780202	0.26081323244417676	0.32160343860495616	0.9993466187520418	True
4452966	1651	1871	group_5412	group_1359	PP	0.33470661643970695	0.6730371381643752	293.95	288407.9	0.0116162915	20	1	1	1	92	2	92	1.0	1.0	0.3284033120333542	True	True	False	False	PP	P_A__P_B	PP:group_5412--group_1359	171	3496.0	0.103522379503101	0.22505235952534586	0.3284033120333542	0.9994279176201373	True
4452968	1651	1873	group_5412	group_1656	PP	0.2953292270896226	0.5938560161463132	121.98611111111111	108827.90277777778	0.012829746	72	1	1	1	89	2	89	1.0	1.0	0.2702659479976715	True	True	False	False	PP	P_A__P_B	PP:group_5412--group_1656	141	7040.0	0.0729130353892996	0.15081812249817886	0.2702659479976715	0.9997159090909091	True
4453001	1651	1906	group_5412	group_624	PP	0.31966519721564174	0.6486143842411723	176.73333333333332	170757.0888888889	0.011984193	45	1	1	1	89	2	89	1.0	1.0	0.3100052955028014	True	True	False	False	PP	P_A__P_B	PP:group_5412--group_624	154	6972.0	0.09211054727327994	0.2198618223933002	0.3100052955028014	0.9994262765347103	True
4456670	1653	1836	group_108	group_5418	PP	0.31796169073173997	0.6334726199275778	131.0	129904.4	0.012843443	5	1	1	1	93	2	93	1.0	1.0	0.2645359515253397	True	True	False	False	PP	P_A__P_B	PP:group_108--group_5418	143	7368.0	0.07021361923706292	0.13353956028800928	0.26453595152533976	0.9998642779587406	True
4456671	1653	1837	group_108	group_5996	PP	0.31796169073173997	0.6334726199275778	124.5	121988.125	0.012843443	8	1	1	1	93	2	93	1.0	1.0	0.2658051865081152	True	True	False	False	PP	P_A__P_B	PP:group_108--group_5996	142	7138.0	0.07577719986338895	0.14992535278963684	0.26580518650811524	0.9998599047352199	True
4456672	1653	1838	group_108	group_5997	PP	0.31796169073173997	0.6334726199275778	126.33333333333333	124586.83333333333	0.012843443	6	1	1	1	93	2	93	1.0	1.0	0.2658051865081152	True	True	False	False	PP	P_A__P_B	PP:group_108--group_5997	142	7138.0	0.07577719986338895	0.14992535278963684	0.26580518650811524	1.0	True
4462112	1656	1677	group_3419	group_5361	PP	0.30629445319804066	0.5773944649912106	156.0	142591.57142857142	0.014462569	7	1	1	2	102	2	95	0.9313725	1.1465726	0.2790734676864135	True	True	True	True	PP	P_A__P_B	PP:group_3419--group_5361	149	7173.0	0.08341222594638732	0.16186191601190375	0.27907346768641356	0.999860588317301	True
4462118	1656	1683	group_3419	Int-Tn_2	PP	0.3100052955028014	0.5856979806063782	179.1875	164203.375	0.014223782	16	1	1	2	102	2	95	0.9313725	1.1465726	0.3100052955028014	True	True	True	True	PP	P_A__P_B	PP:group_3419--Int-Tn_2	154	6972.0	0.09211054727327994	0.2198618223933002	0.3100052955028014	0.9987091222030982	True
4462120	1656	1685	group_3419	group_5944	PP	0.3100052955028014	0.5856979806063782	155.83333333333334	143014.66666666666	0.014223782	6	1	1	2	102	2	95	0.9313725	1.1465726	0.2790734676864135	True	True	True	True	PP	P_A__P_B	PP:group_3419--group_5944	149	7173.0	0.08341222594638732	0.16186191601190375	0.27907346768641356	1.0	True
4462121	1656	1686	group_3419	group_5945	PP	0.3100052955028014	0.5856979806063782	180.0625	165201.875	0.014223782	16	1	1	2	102	2	95	0.9313725	1.1465726	0.3100052955028014	True	True	True	True	PP	P_A__P_B	PP:group_3419--group_5945	154	6972.0	0.09211054727327994	0.2198618223933002	0.3100052955028014	0.9988525530694206	True
4462187	1656	1752	group_3419	group_4882	PP	0.2893368153532141	0.5583937932465471	156.33333333333334	148056.7564102564	0.0141337635	78	1	1	1	96	2	96	1.0	1.0	0.267453801147041	True	True	False	False	PP	P_A__P_B	PP:group_3419--group_4882	150	7224.0	0.0835690225853602	0.1891902803848992	0.267453801147041	0.9995847176079734	True
4462217	1656	1782	group_3419	tetM	PP	0.3926951430553817	0.7696115873681337	188.4375	177189.0	0.010848171	16	1	1	2	102	2	95	0.9313725	1.1465726	0.3681338077204296	True	True	True	True	PP	P_A__P_B	PP:group_3419--tetM	156	6528.0	0.08221860760714088	0.24131709557293915	0.3681338077204296	0.999234068627451	True
4462227	1656	1792	group_3419	group_3724	PP	0.31124534003220183	0.6116115251984702	198.0625	186464.875	0.01249917	16	1	1	1	95	2	95	1.0	1.0	0.2891375207722786	True	True	False	False	PP	P_A__P_B	PP:group_3419--group_3724	158	6219.0	0.07233978097571946	0.2059138638563704	0.28913752077227867	0.9998392024441228	True
4462279	1656	1844	group_3419	galT_2	PP	0.3246770996323243	0.6486961654338662	299.4	293543.0	0.011767918	20	1	1	1	93	2	93	1.0	1.0	0.2894330772506382	True	True	False	False	PP	P_A__P_B	PP:group_3419--galT_2	172	3223.0	0.1254302256115865	0.19309289533961863	0.2894330772506382	0.9996897300651567	True
4462297	1656	1862	group_3419	group_1976	PP	0.3271787341539895	0.6574913988731942	283.09090909090907	274808.2727272727	0.011618059	11	1	1	1	92	2	92	1.0	1.0	0.3251225242961465	True	True	False	False	PP	P_A__P_B	PP:group_3419--group_1976	170	3808.0	0.08932472434969523	0.18669627857107593	0.3251225242961465	0.9992121848739496	True
4462302	1656	1867	group_3419	group_4451	PP	0.3271787341539895	0.6574913988731942	330.5	325427.65	0.011721573	20	1	1	1	92	2	92	1.0	1.0	0.3271787341539895	True	True	False	False	PP	P_A__P_B	PP:group_3419--group_4451	175	2726.0	0.1327882248154605	0.2682520213804329	0.3271787341539895	0.9985326485693323	True
4462306	1656	1871	group_3419	group_1359	PP	0.3374066053885051	0.6800450793388443	300.4	294168.5	0.011381629	20	1	1	1	92	2	92	1.0	1.0	0.2894330772506382	True	True	False	False	PP	P_A__P_B	PP:group_3419--group_1359	172	3223.0	0.1254302256115865	0.19309289533961863	0.2894330772506382	1.0	True
4462341	1656	1906	group_3419	group_624	PP	0.3221777465280171	0.6552473965997023	163.75555555555556	158859.35555555555	0.011740655	45	1	1	1	89	2	89	1.0	1.0	0.2676486562424987	True	True	False	False	PP	P_A__P_B	PP:group_3419--group_624	151	7093.0	0.08016485582239659	0.16620799112503734	0.26764865624249873	0.9997180318623996	True
4469566	1660	1677	group_5411	group_5361	PP	0.3156855294827363	0.5950975458354059	146.83333333333334	135049.0	0.014225133	6	1	1	3	103	2	95	0.9223301	1.1690358	0.3036648005762775	True	True	True	True	PP	P_A__P_B	PP:group_5411--group_5361	147	6865.0	0.0779575224623964	0.16324289686893095	0.30366480057627754	0.9998543335761108	True
4469572	1660	1683	group_5411	Int-Tn_2	PP	0.3100052955028014	0.5856979806063782	172.93333333333334	158015.13333333333	0.014269606	15	1	1	2	102	2	95	0.9313725	1.1465726	0.306539247592334	True	True	True	True	PP	P_A__P_B	PP:group_5411--Int-Tn_2	153	7024.0	0.08947656875874647	0.18774163590115295	0.30653924759233403	0.9992881548974943	True
4469574	1660	1685	group_5411	group_5944	PP	0.3100052955028014	0.5856979806063782	147.4	136692.4	0.014269606	5	1	1	2	102	2	95	0.9313725	1.1465726	0.2811976723722856	True	True	True	True	PP	P_A__P_B	PP:group_5411--group_5944	148	6921.0	0.08708641753572753	0.17756413864598863	0.28119767237228566	0.9998555122092183	True
4469575	1660	1686	group_5411	group_5945	PP	0.3100052955028014	0.5856979806063782	173.93333333333334	159132.66666666666	0.014269606	15	1	1	2	102	2	95	0.9313725	1.1465726	0.306539247592334	True	True	True	True	PP	P_A__P_B	PP:group_5411--group_5945	153	7024.0	0.08947656875874647	0.18774163590115295	0.30653924759233403	0.9994305239179955	True
4469641	1660	1752	group_5411	group_4882	PP	0.2893368153532141	0.5583937932465471	168.32051282051282	157135.10256410256	0.014172965	78	1	1	1	96	2	96	1.0	1.0	0.2864702557437782	True	True	False	False	PP	P_A__P_B	PP:group_5411--group_4882	152	6975.0	0.08074861224185069	0.1666841194180666	0.28647025574377827	0.9992831541218637	True
4469667	1660	1778	group_5411	group_4894	PP	0.31144801294501295	0.6087761125348091	254.55	252453.9	0.012979772	20	1	1	2	96	2	95	0.9895833	1.0210503	0.2946815627543256	True	True	True	True	PP	P_A__P_B	PP:group_5411--group_4894	166	4560.0	0.09393288886775424	0.1920536312331571	0.2946815627543256	1.0	True
4469671	1660	1782	group_5411	tetM	PP	0.3926951430553817	0.7696115873681337	183.6	172698.73333333334	0.010891487	15	1	1	2	102	2	95	0.9313725	1.1465726	0.3170845279151985	True	True	True	True	PP	P_A__P_B	PP:group_5411--tetM	155	6489.0	0.07478644229557524	0.17953682317087796	0.31708452791519853	1.0	True
4469681	1660	1792	group_5411	group_3724	PP	0.31124534003220183	0.6116115251984702	194.6	183356.93333333332	0.012543529	15	1	1	1	95	2	95	1.0	1.0	0.2893381220454996	True	True	False	False	PP	P_A__P_B	PP:group_5411--group_3724	157	6321.0	0.08501534501267864	0.23699808305306264	0.28933812204549963	0.9998417971839899	True
4469751	1660	1862	group_5411	group_1976	PP	0.3271787341539895	0.6574913988731942	275.54545454545456	269912.0909090909	0.011663319	11	1	1	1	92	2	92	1.0	1.0	0.3205238054578492	True	True	False	False	PP	P_A__P_B	PP:group_5411--group_1976	169	3783.0	0.08427079071304637	0.17947006613657207	0.32052380545784925	0.999735659529474	True
4469756	1660	1867	group_5411	group_4451	PP	0.3271787341539895	0.6574913988731942	324.55	320293.95	0.011766945	20	1	1	1	92	2	92	1.0	1.0	0.3271787341539895	True	True	False	False	PP	P_A__P_B	PP:group_5411--group_4451	175	2726.0	0.1327882248154605	0.2682520213804329	0.3271787341539895	0.9988994864269992	True
4469760	1660	1871	group_5411	group_1359	PP	0.3374066053885051	0.6800450793388443	294.45	289034.8	0.011426794	20	1	1	1	92	2	92	1.0	1.0	0.3284033120333542	True	True	False	False	PP	P_A__P_B	PP:group_5411--group_1359	171	3496.0	0.103522379503101	0.22505235952534586	0.3284033120333542	0.9997139588100686	True
4469762	1660	1873	group_5411	group_1656	PP	0.2978281404672676	0.6002744409232705	120.98611111111111	107681.41666666667	0.012626792	72	1	1	1	89	2	89	1.0	1.0	0.2702659479976715	True	True	False	False	PP	P_A__P_B	PP:group_5411--group_1656	141	7040.0	0.0729130353892996	0.15081812249817886	0.2702659479976715	0.9998579545454546	True
4469795	1660	1906	group_5411	group_624	PP	0.3221777465280171	0.6552473965997023	175.73333333333332	169560.97777777776	0.01178736	45	1	1	1	89	2	89	1.0	1.0	0.3100052955028014	True	True	False	False	PP	P_A__P_B	PP:group_5411--group_624	154	6972.0	0.09211054727327994	0.2198618223933002	0.3100052955028014	0.9998565691336776	True
4475146	1663	1677	group_5991	group_5361	PP	0.30629445319804066	0.5773944649912106	150.83333333333334	138780.66666666666	0.014462569	6	1	1	2	102	2	95	0.9313725	1.1465726	0.2811976723722856	True	True	True	True	PP	P_A__P_B	PP:group_5991--group_5361	148	6921.0	0.08708641753572753	0.17756413864598863	0.28119767237228566	0.9995665366276549	True
4475152	1663	1683	group_5991	Int-Tn_2	PP	0.3100052955028014	0.5856979806063782	175.86666666666667	161278.53333333333	0.014223782	15	1	1	2	102	2	95	0.9313725	1.1465726	0.3100052955028014	True	True	True	True	PP	P_A__P_B	PP:group_5991--Int-Tn_2	154	6972.0	0.09211054727327994	0.2198618223933002	0.3100052955028014	0.998995983935743	True
4475154	1663	1685	group_5991	group_5944	PP	0.3100052955028014	0.5856979806063782	151.4	140477.4	0.014223782	5	1	1	2	102	2	95	0.9313725	1.1465726	0.2811976723722856	True	True	True	True	PP	P_A__P_B	PP:group_5991--group_5944	148	6921.0	0.08708641753572753	0.17756413864598863	0.28119767237228566	1.0	True
4475155	1663	1686	group_5991	group_5945	PP	0.3100052955028014	0.5856979806063782	176.86666666666667	162396.06666666668	0.014223782	15	1	1	2	102	2	95	0.9313725	1.1465726	0.3100052955028014	True	True	True	True	PP	P_A__P_B	PP:group_5991--group_5945	154	6972.0	0.09211054727327994	0.2198618223933002	0.3100052955028014	0.9991394148020654	True
4475221	1663	1752	group_5991	group_4882	PP	0.2893368153532141	0.5583937932465471	164.32051282051282	154189.07692307694	0.0141337635	78	1	1	1	96	2	96	1.0	1.0	0.2676486562424987	True	True	False	False	PP	P_A__P_B	PP:group_5991--group_4882	151	7093.0	0.08016485582239659	0.16620799112503734	0.26764865624249873	0.9995770477935993	True
4475247	1663	1778	group_5991	group_4894	PP	0.3014219073789309	0.589178448344668	256.55	254633.85	0.013212884	20	1	1	1	95	2	95	1.0	1.0	0.2946815627543256	True	True	False	False	PP	P_A__P_B	PP:group_5991--group_4894	166	4560.0	0.09393288886775424	0.1920536312331571	0.2946815627543256	0.9991228070175439	True
4475251	1663	1782	group_5991	tetM	PP	0.3926951430553817	0.7696115873681337	186.53333333333333	175962.13333333333	0.010848171	15	1	1	2	102	2	95	0.9313725	1.1465726	0.3681338077204296	True	True	True	True	PP	P_A__P_B	PP:group_5991--tetM	156	6528.0	0.08221860760714088	0.24131709557293915	0.3681338077204296	0.9993872549019608	True
4475261	1663	1792	group_5991	group_3724	PP	0.31124534003220183	0.6116115251984702	197.53333333333333	186620.33333333334	0.01249917	15	1	1	1	95	2	95	1.0	1.0	0.2891375207722786	True	True	False	False	PP	P_A__P_B	PP:group_5991--group_3724	158	6219.0	0.07233978097571946	0.2059138638563704	0.28913752077227867	1.0	True
4475331	1663	1862	group_5991	group_1976	PP	0.3271787341539895	0.6574913988731942	278.09090909090907	272045.0909090909	0.011618059	11	1	1	1	92	2	92	1.0	1.0	0.3205238054578492	True	True	False	False	PP	P_A__P_B	PP:group_5991--group_1976	169	3783.0	0.08427079071304637	0.17947006613657207	0.32052380545784925	1.0	True
4475336	1663	1867	group_5991	group_4451	PP	0.3271787341539895	0.6574913988731942	326.55	322473.9	0.011721573	20	1	1	1	92	2	92	1.0	1.0	0.3271787341539895	True	True	False	False	PP	P_A__P_B	PP:group_5991--group_4451	175	2726.0	0.1327882248154605	0.2682520213804329	0.3271787341539895	0.9992663242846662	True
4475340	1663	1871	group_5991	group_1359	PP	0.3374066053885051	0.6800450793388443	296.45	291214.75	0.011381629	20	1	1	1	92	2	92	1.0	1.0	0.3284033120333542	True	True	False	False	PP	P_A__P_B	PP:group_5991--group_1359	171	3496.0	0.103522379503101	0.22505235952534586	0.3284033120333542	1.0	True
4475375	1663	1906	group_5991	group_624	PP	0.3221777465280171	0.6552473965997023	171.73333333333332	166011.44444444444	0.011740655	45	1	1	1	89	2	89	1.0	1.0	0.306539247592334	True	True	False	False	PP	P_A__P_B	PP:group_5991--group_624	153	7024.0	0.08947656875874647	0.18774163590115295	0.30653924759233403	0.9995728929384966	True
4501227	1677	1837	group_5361	group_5996	PP	0.3488885252574457	0.6983425341298639	115.11111111111111	115284.44444444444	0.011203881	9	1	1	1	95	2	95	1.0	1.0	0.3115003575532605	True	True	False	False	PP	P_A__P_B	PP:group_5361--group_5996	139	6861.0	0.07809943713238143	0.17094738819314798	0.31150035755326055	0.9992712432590002	True
4501228	1677	1838	group_5361	group_5997	PP	0.3488885252574457	0.6983425341298639	103.0	101754.71428571429	0.011203881	7	1	1	1	95	2	95	1.0	1.0	0.2980298401442606	True	True	False	False	PP	P_A__P_B	PP:group_5361--group_5997	135	7097.0	0.07790778407538533	0.15807643815472677	0.29802984014426065	0.999577286177258	True
4501263	1677	1873	group_5361	group_1656	PP	0.31468429067731357	0.6372526314260275	265.42857142857144	241272.57142857142	0.012350989	7	1	1	3	90	2	88	0.9777778	1.045701	0.2462821797544713	True	True	True	True	PP	P_A__P_B	PP:group_5361--group_1656	168	4297.0	0.08065099864178153	0.16584660997892212	0.24628217975447136	0.9995345589946474	True
4512276	1683	1837	Int-Tn_2	group_5996	PP	0.35197953363694856	0.7062044509085305	114.88888888888889	114705.0	0.010974925	9	1	1	1	95	2	95	1.0	1.0	0.3115003575532605	True	True	False	False	PP	P_A__P_B	PP:Int-Tn_2--group_5996	139	6861.0	0.07809943713238143	0.17094738819314798	0.31150035755326055	0.9995627459554001	True
4512277	1683	1838	Int-Tn_2	group_5997	PP	0.35197953363694856	0.7062044509085305	102.14285714285714	100849.57142857143	0.010974925	7	1	1	1	95	2	95	1.0	1.0	0.2980298401442606	True	True	False	False	PP	P_A__P_B	PP:Int-Tn_2--group_5997	135	7097.0	0.07790778407538533	0.15807643815472677	0.29802984014426065	0.9997181907848387	True
4512312	1683	1873	Int-Tn_2	group_1656	PP	0.31739494783736416	0.6442877906071462	260.875	238552.6875	0.012106356	16	1	1	3	90	2	88	0.9777778	1.045701	0.3173949478373641	True	True	True	True	PP	P_A__P_B	PP:Int-Tn_2--group_1656	167	4514.0	0.08760975382880715	0.20089296928701741	0.31739494783736416	0.9988923349579087	True
4514055	1684	1778	group_4888	group_4894	PP	0.32069027081227497	0.6311895739940322	353.5263157894737	345908.2105263158	0.013202013	19	1	1	2	96	2	94	0.9791667	1.042534	0.290221471054108	True	True	True	True	PP	P_A__P_B	PP:group_4888--group_4894	177	2052.0	0.14649294766732016	0.20020777450795496	0.290221471054108	0.9995126705653021	True
4514059	1684	1782	group_4888	tetM	PP	0.3050264039729409	0.6019541905838882	308.8235294117647	292384.17647058825	0.01330258	17	1	1	1	94	2	94	1.0	1.0	0.2925372418577882	True	True	False	False	PP	P_A__P_B	PP:group_4888--tetM	173	3200.0	0.14684271125802742	0.2248956273860025	0.29253724185778823	0.999375	True
4515951	1685	1837	group_5944	group_5996	PP	0.35197953363694856	0.7062044509085305	115.22222222222223	115290.22222222222	0.010974925	9	1	1	1	95	2	95	1.0	1.0	0.3115003575532605	True	True	False	False	PP	P_A__P_B	PP:group_5944--group_5996	139	6861.0	0.07809943713238143	0.17094738819314798	0.31150035755326055	0.9997084973036	True
4515952	1685	1838	group_5944	group_5997	PP	0.35197953363694856	0.7062044509085305	103.42857142857143	101862.71428571429	0.010974925	7	1	1	1	95	2	95	1.0	1.0	0.2980298401442606	True	True	False	False	PP	P_A__P_B	PP:group_5944--group_5997	135	7097.0	0.07790778407538533	0.15807643815472677	0.29802984014426065	0.9998590953924194	True
4515987	1685	1873	group_5944	group_1656	PP	0.31739494783736416	0.6442877906071462	265.6666666666667	241947.5	0.012106356	6	1	1	3	90	2	88	0.9777778	1.045701	0.2462821797544713	True	True	True	True	PP	P_A__P_B	PP:group_5944--group_1656	168	4297.0	0.08065099864178153	0.16584660997892212	0.24628217975447136	0.9997672794973237	True
4517787	1686	1837	group_5945	group_5996	PP	0.35197953363694856	0.7062044509085305	115.0	115127.77777777778	0.010974925	9	1	1	1	95	2	95	1.0	1.0	0.3115003575532605	True	True	False	False	PP	P_A__P_B	PP:group_5945--group_5996	139	6861.0	0.07809943713238143	0.17094738819314798	0.31150035755326055	0.9998542486518001	True
4517788	1686	1838	group_5945	group_5997	PP	0.35197953363694856	0.7062044509085305	102.57142857142857	101496.28571428571	0.010974925	7	1	1	1	95	2	95	1.0	1.0	0.2980298401442606	True	True	False	False	PP	P_A__P_B	PP:group_5945--group_5997	135	7097.0	0.07790778407538533	0.15807643815472677	0.29802984014426065	1.0	True
4517823	1686	1873	group_5945	group_1656	PP	0.31739494783736416	0.6442877906071462	261.875	239681.5625	0.012106356	16	1	1	3	90	2	88	0.9777778	1.045701	0.3173949478373641	True	True	True	True	PP	P_A__P_B	PP:group_5945--group_1656	167	4514.0	0.08760975382880715	0.20089296928701741	0.31739494783736416	0.999113867966327	True
4526867	1691	1752	group_5360	group_4882	PP	0.29231127850240024	0.5693194620217701	297.4375	278236.75	0.013954779	16	1	1	1	95	2	95	1.0	1.0	0.2894330772506382	True	True	False	False	PP	P_A__P_B	PP:group_5360--group_4882	172	3223.0	0.1254302256115865	0.19309289533961863	0.2894330772506382	0.99906919019547	True
4526952	1691	1837	group_5360	group_5996	PP	0.35513969719027216	0.7142576410152947	115.33333333333333	115738.0	0.010774779	9	1	1	1	95	2	95	1.0	1.0	0.3115003575532605	True	True	False	False	PP	P_A__P_B	PP:group_5360--group_5996	139	6861.0	0.07809943713238143	0.17094738819314798	0.31150035755326055	1.0	True
4526953	1691	1838	group_5360	group_5997	PP	0.35513969719027216	0.7142576410152947	103.85714285714286	102580.71428571429	0.010774779	7	1	1	1	95	2	95	1.0	1.0	0.2766426328587189	True	True	False	False	PP	P_A__P_B	PP:group_5360--group_5997	136	6916.0	0.07787244335288054	0.17361808860938566	0.27664263285871893	1.0	True
4526988	1691	1873	group_5360	group_1656	PP	0.3201589944237661	0.6514790969196886	263.2	241765.2	0.011891488	15	1	1	3	90	2	88	0.9777778	1.045701	0.3173949478373641	True	True	True	True	PP	P_A__P_B	PP:group_5360--group_1656	167	4514.0	0.08760975382880715	0.20089296928701741	0.31739494783736416	0.9993354009747453	True
4574206	1717	1836	sarA_2	group_5418	PP	0.34216816208145323	0.6949964097519166	142.4	143832.4	0.010419262	5	1	1	1	93	2	93	1.0	1.0	0.2595898669752842	True	True	False	False	PP	P_A__P_B	PP:sarA_2--group_5418	146	6731.0	0.0732830878400802	0.14664409309432716	0.2595898669752842	1.0	True
4574207	1717	1837	sarA_2	group_5996	PP	0.34216816208145323	0.6949964097519166	158.6	159883.6	0.010419262	5	1	1	1	93	2	93	1.0	1.0	0.267453801147041	True	True	False	False	PP	P_A__P_B	PP:sarA_2--group_5996	150	7224.0	0.0835690225853602	0.1891902803848992	0.267453801147041	0.9997231450719822	True
4574208	1717	1838	sarA_2	group_5997	PP	0.34216816208145323	0.6949964097519166	159.2	159952.4	0.010419262	5	1	1	1	93	2	93	1.0	1.0	0.267453801147041	True	True	False	False	PP	P_A__P_B	PP:sarA_2--group_5997	150	7224.0	0.0835690225853602	0.1891902803848992	0.267453801147041	0.9998615725359912	True
4602866	1733	1752	group_3024	group_4882	PP	0.29336488812604533	0.5797150110640111	309.375	293416.75	0.013302241	16	1	1	1	93	2	93	1.0	1.0	0.2925372418577882	True	True	False	False	PP	P_A__P_B	PP:group_3024--group_4882	173	3200.0	0.14684271125802742	0.2248956273860025	0.29253724185778823	0.9990625	True
4602951	1733	1837	group_3024	group_5996	PP	0.3489567100785167	0.7124102733139693	122.125	119909.625	0.010136066	8	1	1	1	93	2	93	1.0	1.0	0.2702659479976715	True	True	False	False	PP	P_A__P_B	PP:group_3024--group_5996	141	7040.0	0.0729130353892996	0.15081812249817886	0.2702659479976715	1.0	True
4602952	1733	1838	group_3024	group_5997	PP	0.3489567100785167	0.7124102733139693	113.5	112660.16666666667	0.010136066	6	1	1	1	93	2	93	1.0	1.0	0.3115003575532605	True	True	False	False	PP	P_A__P_B	PP:group_3024--group_5997	139	6861.0	0.07809943713238143	0.17094738819314798	0.31150035755326055	0.9994169946072001	True
4620785	1743	1836	group_4895	group_5418	PP	0.3795867888728645	0.7769553340950934	108.0	108740.0	0.009448582	5	1	1	1	95	2	95	1.0	1.0	0.3183537144739995	True	True	False	False	PP	P_A__P_B	PP:group_4895--group_5418	137	7175.0	0.0753858933488012	0.16623554823323006	0.31835371447399957	0.9997212543554007	True
4620786	1743	1837	group_4895	group_5996	PP	0.3795867888728645	0.7769553340950934	118.0	116271.66666666667	0.009448582	9	1	1	1	95	2	95	1.0	1.0	0.3343558960177353	True	True	False	False	PP	P_A__P_B	PP:group_4895--group_5996	140	6849.0	0.08093896070683802	0.19017536277534852	0.3343558960177353	0.9995619798510732	True
4620787	1743	1838	group_4895	group_5997	PP	0.3795867888728645	0.7769553340950934	111.28571428571429	110455.28571428571	0.009448582	7	1	1	1	95	2	95	1.0	1.0	0.3343558960177353	True	True	False	False	PP	P_A__P_B	PP:group_4895--group_5997	138	6960.0	0.08032580193964121	0.17405424144485696	0.3343558960177353	0.9995689655172414	True
4620855	1743	1906	group_4895	group_624	PP	0.3373267143508931	0.7052454336022191	338.6666666666667	320068.22222222225	0.010173902	9	1	1	1	88	2	88	1.0	1.0	0.3373267143508931	True	True	False	False	PP	P_A__P_B	PP:group_4895--group_624	176	2369.0	0.10554857123789718	0.20648801413880324	0.3373267143508931	0.9987336428872943	True
4622563	1744	1836	erm	group_5418	PP	0.36547273702378946	0.7480660571463468	109.0	109656.8	0.009654336	5	1	1	1	94	2	94	1.0	1.0	0.3183537144739995	True	True	False	False	PP	P_A__P_B	PP:erm--group_5418	137	7175.0	0.0753858933488012	0.16623554823323006	0.31835371447399957	0.999581881533101	True
4622564	1744	1837	erm	group_5996	PP	0.36547273702378946	0.7480660571463468	118.11111111111111	116308.55555555556	0.009654336	9	1	1	1	94	2	94	1.0	1.0	0.3343558960177353	True	True	False	False	PP	P_A__P_B	PP:erm--group_5996	140	6849.0	0.08093896070683802	0.19017536277534852	0.3343558960177353	0.9994159731347642	True
4622565	1744	1838	erm	group_5997	PP	0.36547273702378946	0.7480660571463468	111.71428571428571	110746.42857142857	0.009654336	7	1	1	1	94	2	94	1.0	1.0	0.3343558960177353	True	True	False	False	PP	P_A__P_B	PP:erm--group_5997	138	6960.0	0.08032580193964121	0.17405424144485696	0.3343558960177353	0.9994252873563219	True
4622600	1744	1873	erm	group_1656	PP	0.328772297469059	0.6810042698913339	281.6875	261943.375	0.0107044345	16	1	1	3	89	2	87	0.9775281	1.046229	0.3251225242961465	True	True	True	True	PP	P_A__P_B	PP:erm--group_1656	170	3808.0	0.08932472434969523	0.18669627857107593	0.3251225242961465	0.9994747899159664	True
4622633	1744	1906	erm	group_624	PP	0.3373267143508931	0.7052454336022191	339.6666666666667	320646.44444444444	0.0101757785	9	1	1	1	88	2	88	1.0	1.0	0.3373267143508931	True	True	False	False	PP	P_A__P_B	PP:erm--group_624	176	2369.0	0.10554857123789718	0.20648801413880324	0.3373267143508931	0.9991557619248628	True
4636668	1752	1753	group_4882	group_5422	PP	0.32022388354563086	0.6359933270807065	314.5882352941176	298140.1176470588	0.012175178	17	1	1	1	95	2	95	1.0	1.0	0.2925372418577882	True	True	False	False	PP	P_A__P_B	PP:group_4882--group_5422	173	3200.0	0.14684271125802742	0.2248956273860025	0.29253724185778823	0.9996875	True
4636693	1752	1778	group_4882	group_4894	PP	0.34162881801506906	0.6874651423982848	351.7894736842105	345084.4210526316	0.011068683	19	1	1	1	95	2	95	1.0	1.0	0.290221471054108	True	True	False	False	PP	P_A__P_B	PP:group_4882--group_4894	177	2052.0	0.14649294766732016	0.20020777450795496	0.290221471054108	1.0	True
4636697	1752	1782	group_4882	tetM	PP	0.3464698421871525	0.6991002224427221	306.52941176470586	290323.23529411765	0.010605525	17	1	1	1	95	2	95	1.0	1.0	0.2925372418577882	True	True	False	False	PP	P_A__P_B	PP:group_4882--tetM	173	3200.0	0.14684271125802742	0.2248956273860025	0.29253724185778823	1.0	True
4636707	1752	1792	group_4882	group_3724	PP	0.35156108134731223	0.711321254363612	317.5882352941176	301059.0588235294	0.010423061	17	1	1	1	95	2	95	1.0	1.0	0.3216034386049561	True	True	False	False	PP	P_A__P_B	PP:group_4882--group_3724	174	3061.0	0.14981143661780202	0.26081323244417676	0.32160343860495616	1.0	True
4636759	1752	1844	group_4882	galT_2	PP	0.3628881688797394	0.7469138962206151	390.7368421052632	381015.15789473685	0.009723483	19	1	1	1	93	2	93	1.0	1.0	0.3592705410095851	True	True	False	False	PP	P_A__P_B	PP:group_4882--galT_2	181	1213.0	0.1399099256544141	0.21884144902339997	0.3592705410095851	0.9991755976916735	True
4636777	1752	1862	group_4882	group_1976	PP	0.3643696001245133	0.754451472943927	408.6	392805.2	0.0095710205	10	1	1	1	92	2	92	1.0	1.0	0.2972704554310693	True	True	False	False	PP	P_A__P_B	PP:group_4882--group_1976	182	1171.0	0.1653693639582281	0.2509403696505097	0.2972704554310693	1.0	True
4636782	1752	1867	group_4882	group_4451	PP	0.3643696001245133	0.754451472943927	421.7894736842105	412851.36842105264	0.009671137	19	1	1	1	92	2	92	1.0	1.0	0.3390678461203284	True	True	False	False	PP	P_A__P_B	PP:group_4882--group_4451	184	784.0	0.09702978715046268	0.21051958368386878	0.3390678461203284	1.0	True
4636786	1752	1871	group_4882	group_1359	PP	0.3746510433573451	0.7780976672727491	391.7368421052632	381651.36842105264	0.009355026	19	1	1	1	92	2	92	1.0	1.0	0.3592705410095851	True	True	False	False	PP	P_A__P_B	PP:group_4882--group_1359	181	1213.0	0.1399099256544141	0.21884144902339997	0.3592705410095851	1.0	True
4638520	1753	1836	group_5422	group_5418	PP	0.383485539289718	0.7869965856935466	107.0	107533.8	0.00918114	5	1	1	1	95	2	95	1.0	1.0	0.3183537144739995	True	True	False	False	PP	P_A__P_B	PP:group_5422--group_5418	137	7175.0	0.0753858933488012	0.16623554823323006	0.31835371447399957	0.9998606271777003	True
4638521	1753	1837	group_5422	group_5996	PP	0.383485539289718	0.7869965856935466	117.88888888888889	116169.88888888889	0.00918114	9	1	1	1	95	2	95	1.0	1.0	0.3343558960177353	True	True	False	False	PP	P_A__P_B	PP:group_5422--group_5996	140	6849.0	0.08093896070683802	0.19017536277534852	0.3343558960177353	0.9997079865673821	True
4638522	1753	1838	group_5422	group_5997	PP	0.383485539289718	0.7869965856935466	110.85714285714286	109851.0	0.00918114	7	1	1	1	95	2	95	1.0	1.0	0.3343558960177353	True	True	False	False	PP	P_A__P_B	PP:group_5422--group_5997	138	6960.0	0.08032580193964121	0.17405424144485696	0.3343558960177353	0.9997126436781609	True
4638590	1753	1906	group_5422	group_624	PP	0.34044294650276846	0.7136696172751509	337.6666666666667	319730.77777777775	0.009883148	9	1	1	1	88	2	88	1.0	1.0	0.3373267143508931	True	True	False	False	PP	P_A__P_B	PP:group_5422--group_624	176	2369.0	0.10554857123789718	0.20648801413880324	0.3373267143508931	0.9995778809624314	True
4643782	1756	1797	group_244	group_1754	PP	0.28610115850515516	0.5820060113540237	131.4	126440.2	0.013003243	5	1	1	2	88	2	87	0.9886364	1.0229855	0.2733852714492829	True	True	True	True	PP	P_A__P_B	PP:group_244--group_1754	144	6933.0	0.07489760409001708	0.1464357387484686	0.27338527144928293	0.9992788114813212	True
4643852	1756	1867	group_244	group_4451	PP	0.30681462120424163	0.6369819624233496	132.0	126882.4	0.011288832	5	1	1	1	87	2	87	1.0	1.0	0.2733852714492829	True	True	False	False	PP	P_A__P_B	PP:group_244--group_4451	144	6933.0	0.07489760409001708	0.1464357387484686	0.27338527144928293	0.999423049185057	True
4650906	1760	1867	group_4448	group_4451	PP	0.28914682106435463	0.6019278295473183	447.0	440939.125	0.011939543	16	1	1	1	85	2	85	1.0	1.0	0.2749663771102005	True	True	False	False	PP	P_A__P_B	PP:group_4448--group_4451	185	825.0	0.10754100517566145	0.19102053703673283	0.2749663771102005	1.0	True
4650912	1760	1873	group_4448	group_1656	PP	0.2738982460859388	0.5719266926481694	123.07352941176471	132238.07352941178	0.012574467	68	1	1	2	83	2	82	0.9879518	1.0243866	0.2702659479976715	True	True	True	True	PP	P_A__P_B	PP:group_4448--group_1656	141	7040.0	0.0729130353892996	0.15081812249817886	0.2702659479976715	0.9992897727272727	True
4682420	1778	1836	group_4894	group_5418	PP	0.4051570655950227	0.8428215134920964	190.0	198345.77777777778	0.008176766	9	1	1	1	95	2	95	1.0	1.0	0.3681338077204296	True	True	False	False	PP	P_A__P_B	PP:group_4894--group_5418	156	6528.0	0.08221860760714088	0.24131709557293915	0.3681338077204296	0.9995404411764706	True
4682421	1778	1837	group_4894	group_5996	PP	0.4051570655950227	0.8428215134920964	172.21428571428572	177266.0	0.008176766	14	1	1	1	95	2	95	1.0	1.0	0.306539247592334	True	True	False	False	PP	P_A__P_B	PP:group_4894--group_5996	153	7024.0	0.08947656875874647	0.18774163590115295	0.30653924759233403	1.0	True
4682422	1778	1838	group_4894	group_5997	PP	0.4051570655950227	0.8428215134920964	186.63636363636363	193647.0909090909	0.008176766	11	1	1	1	95	2	95	1.0	1.0	0.3681338077204296	True	True	False	False	PP	P_A__P_B	PP:group_4894--group_5997	156	6528.0	0.08221860760714088	0.24131709557293915	0.3681338077204296	0.9996936274509803	True
4682457	1778	1873	group_4894	group_1656	PP	0.3369223449423962	0.7094086942485895	315.9	317172.4	0.009530307	10	1	1	1	88	2	88	1.0	1.0	0.3216034386049561	True	True	False	False	PP	P_A__P_B	PP:group_4894--group_1656	174	3061.0	0.14981143661780202	0.26081323244417676	0.32160343860495616	0.999673309376021	True
4682490	1778	1906	group_4894	group_624	PP	0.3572734931433066	0.7593978315044198	379.375	369179.5625	0.008788875	16	1	1	1	88	2	88	1.0	1.0	0.3247237362155518	True	True	False	False	PP	P_A__P_B	PP:group_4894--group_624	180	1623.0	0.15824349114559816	0.23035931184815844	0.3247237362155518	1.0	True
4682549	1778	1965	group_4894	group_5998	PP	0.3212354944252488	0.6965267572169718	179.44444444444446	188200.88888888888	0.009242213	9	1	1	1	82	2	82	1.0	1.0	0.3100052955028014	True	True	False	False	PP	P_A__P_B	PP:group_4894--group_5998	154	6972.0	0.09211054727327994	0.2198618223933002	0.3100052955028014	0.9995697074010327	True
4689387	1782	1837	tetM	group_5996	PP	0.4100510306791215	0.8553970143620474	116.88888888888889	115627.22222222222	0.00773086	9	1	1	1	95	2	95	1.0	1.0	0.3343558960177353	True	True	False	False	PP	P_A__P_B	PP:tetM--group_5996	140	6849.0	0.08093896070683802	0.19017536277534852	0.3343558960177353	0.9998539932836911	True
4689388	1782	1838	tetM	group_5997	PP	0.4100510306791215	0.8553970143620474	107.28571428571429	106452.28571428571	0.00773086	7	1	1	1	95	2	95	1.0	1.0	0.3183537144739995	True	True	False	False	PP	P_A__P_B	PP:tetM--group_5997	137	7175.0	0.0753858933488012	0.16623554823323006	0.31835371447399957	1.0	True
4689423	1782	1873	tetM	group_1656	PP	0.34056765431390035	0.7191219734797955	271.625	252901.375	0.009042171	16	1	1	1	88	2	88	1.0	1.0	0.2462821797544713	True	True	False	False	PP	P_A__P_B	PP:tetM--group_1656	168	4297.0	0.08065099864178153	0.16584660997892212	0.24628217975447136	1.0	True
4689456	1782	1906	tetM	group_624	PP	0.3609318980928212	0.7693748815540528	329.6666666666667	313278.3333333333	0.008305559	9	1	1	1	88	2	88	1.0	1.0	0.3271787341539895	True	True	False	False	PP	P_A__P_B	PP:tetM--group_624	175	2726.0	0.1327882248154605	0.2682520213804329	0.3271787341539895	1.0	True
4693501	1784	2474	group_3921	group_6482	PP	0.09960744042051357	0.2642685077180669	648.1666666666666	669108.0	0.050291732	6	1	1	1	36	13	36	1.0	1.0	0.099372613743849	True	True	False	False	PP	P_A__P_B	PP:group_3921--group_6482	198	62.0	0.0927943509173575	0.09725917365386837	0.09937261374384905	1.0	True
4693569	1784	2542	group_3921	group_3051	PP	0.12288862484122719	0.3345782230120934	662.1666666666666	674672.1666666666	0.043985095	6	1	1	1	36	13	36	1.0	1.0	0.1225298926803248	True	True	False	False	PP	P_A__P_B	PP:group_3921--group_3051	199	44.0	0.11018492771930327	0.11930130323220337	0.12252989268032481	0.9770784861726861	True
4706731	1792	1836	group_3724	group_5418	PP	0.41519508631419166	0.868587123439894	110.0	110607.8	0.007589626	5	1	1	1	95	2	95	1.0	1.0	0.3343558960177353	True	True	False	False	PP	P_A__P_B	PP:group_3724--group_5418	138	6960.0	0.08032580193964121	0.17405424144485696	0.3343558960177353	0.9998563218390805	True
4706732	1792	1837	group_3724	group_5996	PP	0.41519508631419166	0.868587123439894	118.22222222222223	116510.44444444444	0.007589626	9	1	1	1	95	2	95	1.0	1.0	0.3343558960177353	True	True	False	False	PP	P_A__P_B	PP:group_3724--group_5996	140	6849.0	0.08093896070683802	0.19017536277534852	0.3343558960177353	1.0	True
4706733	1792	1838	group_3724	group_5997	PP	0.41519508631419166	0.868587123439894	112.14285714285714	110970.57142857143	0.007589626	7	1	1	1	95	2	95	1.0	1.0	0.3343558960177353	True	True	False	False	PP	P_A__P_B	PP:group_3724--group_5997	138	6960.0	0.08032580193964121	0.17405424144485696	0.3343558960177353	1.0	True
4706768	1792	1873	group_3724	group_1656	PP	0.34432851984555335	0.7291528355345724	282.6875	263704.5625	0.008877415	16	1	1	1	88	2	88	1.0	1.0	0.3251225242961465	True	True	False	False	PP	P_A__P_B	PP:group_3724--group_1656	170	3808.0	0.08932472434969523	0.18669627857107593	0.3251225242961465	0.9997373949579832	True
4706801	1792	1906	group_3724	group_624	PP	0.3647058287473767	0.7796752238139496	340.6666666666667	322755.0	0.008151282	9	1	1	1	88	2	88	1.0	1.0	0.3373267143508931	True	True	False	False	PP	P_A__P_B	PP:group_3724--group_624	176	2369.0	0.10554857123789718	0.20648801413880324	0.3373267143508931	1.0	True
4715366	1797	1836	group_1754	group_5418	PP	0.3762858072709082	0.7894493970931715	260.57142857142856	267336.28571428574	0.0085109845	7	1	1	1	92	2	92	1.0	1.0	0.3173949478373641	True	True	False	False	PP	P_A__P_B	PP:group_1754--group_5418	167	4514.0	0.08760975382880715	0.20089296928701741	0.31739494783736416	0.9997784669915818	True
4715367	1797	1837	group_1754	group_5996	PP	0.3762858072709082	0.7894493970931715	205.25	209280.5	0.0085109845	12	1	1	1	92	2	92	1.0	1.0	0.278252336362305	True	True	False	False	PP	P_A__P_B	PP:group_1754--group_5996	159	6011.0	0.07923949105051266	0.1890138768129557	0.27825233636230506	0.9998336383297288	True
4715368	1797	1838	group_1754	group_5997	PP	0.3762858072709082	0.7894493970931715	240.88888888888889	246775.77777777778	0.0085109845	9	1	1	1	92	2	92	1.0	1.0	0.2766250829955313	True	True	False	False	PP	P_A__P_B	PP:group_1754--group_5997	164	4910.0	0.11128019493820808	0.21860279272641442	0.27662508299553135	0.99979633401222	True
4715495	1797	1965	group_1754	group_5998	PP	0.2932053553572496	0.6414125989394442	246.85714285714286	253987.2857142857	0.009736756	7	1	1	1	79	2	79	1.0	1.0	0.2609630808680016	True	True	False	False	PP	P_A__P_B	PP:group_1754--group_5998	165	4959.0	0.11367578113139926	0.21135906298852594	0.26096308086800163	0.9997983464408147	True
4781869	1836	1844	group_5418	galT_2	PP	0.4192779476169528	0.8927923627791765	223.75	229701.0	0.00690435	8	1	1	1	93	2	93	1.0	1.0	0.2979072339908784	True	True	False	False	PP	P_A__P_B	PP:group_5418--galT_2	162	5472.0	0.09175280636939254	0.22521672534845816	0.29790723399087843	1.0	True
4781887	1836	1862	group_5418	group_1976	PP	0.418018836579402	0.8956236415872123	233.0	238725.0	0.006740239	7	1	1	1	92	2	92	1.0	1.0	0.289851304603196	True	True	False	False	PP	P_A__P_B	PP:group_5418--group_1976	163	5249.0	0.08492304095172	0.17143864771060247	0.289851304603196	0.9998094875214326	True
4781892	1836	1867	group_5418	group_4451	PP	0.418018836579402	0.8956236415872123	261.57142857142856	267870.14285714284	0.006835755	7	1	1	1	92	2	92	1.0	1.0	0.3173949478373641	True	True	False	False	PP	P_A__P_B	PP:group_5418--group_4451	167	4514.0	0.08760975382880715	0.20089296928701741	0.31739494783736416	1.0	True
4781896	1836	1871	group_5418	group_1359	PP	0.4283523617789676	0.9206503932342436	232.0	237663.7142857143	0.0065441374	7	1	1	1	92	2	92	1.0	1.0	0.289851304603196	True	True	False	False	PP	P_A__P_B	PP:group_5418--group_1359	163	5249.0	0.08492304095172	0.17143864771060247	0.289851304603196	1.0	True
4783554	1837	1844	group_5996	galT_2	PP	0.4192779476169528	0.8927923627791765	188.23076923076923	192918.38461538462	0.00690435	13	1	1	1	93	2	93	1.0	1.0	0.3681338077204296	True	True	False	False	PP	P_A__P_B	PP:group_5996--galT_2	156	6528.0	0.08221860760714088	0.24131709557293915	0.3681338077204296	0.9998468137254902	True
4783572	1837	1862	group_5996	group_1976	PP	0.418018836579402	0.8956236415872123	194.9	199250.8	0.006740239	10	1	1	1	92	2	92	1.0	1.0	0.2893381220454996	True	True	False	False	PP	P_A__P_B	PP:group_5996--group_1976	157	6321.0	0.08501534501267864	0.23699808305306264	0.28933812204549963	1.0	True
4783577	1837	1867	group_5996	group_4451	PP	0.418018836579402	0.8956236415872123	205.75	209405.75	0.006835755	12	1	1	1	92	2	92	1.0	1.0	0.278252336362305	True	True	False	False	PP	P_A__P_B	PP:group_5996--group_4451	159	6011.0	0.07923949105051266	0.1890138768129557	0.27825233636230506	1.0	True
4783581	1837	1871	group_5996	group_1359	PP	0.4283523617789676	0.9206503932342436	190.25	194536.5	0.0065441374	12	1	1	1	92	2	92	1.0	1.0	0.3681338077204296	True	True	False	False	PP	P_A__P_B	PP:group_5996--group_1359	156	6528.0	0.08221860760714088	0.24131709557293915	0.3681338077204296	1.0	True
4783708	1837	1998	group_5996	group_4063	PP	0.2662508838990288	0.5960151161397792	209.4	201504.2	0.010422643	5	1	1	1	74	2	74	1.0	1.0	0.2653859311411507	True	True	False	False	PP	P_A__P_B	PP:group_5996--group_4063	160	5684.0	0.08298880518793039	0.1820746095221526	0.2653859311411507	0.9991203377902885	True
4783743	1837	2033	group_5996	group_6011	PP	0.2941453818844142	0.6658199909126702	209.0	202123.8	0.008849107	5	1	1	1	75	2	75	1.0	1.0	0.278252336362305	True	True	False	False	PP	P_A__P_B	PP:group_5996--group_6011	159	6011.0	0.07923949105051266	0.1890138768129557	0.27825233636230506	0.9991681916486441	True
4785238	1838	1844	group_5997	galT_2	PP	0.4192779476169528	0.8927923627791765	212.9	218276.7	0.00690435	10	1	1	1	93	2	93	1.0	1.0	0.2653859311411507	True	True	False	False	PP	P_A__P_B	PP:group_5997--galT_2	160	5684.0	0.08298880518793039	0.1820746095221526	0.2653859311411507	1.0	True
4785256	1838	1862	group_5997	group_1976	PP	0.418018836579402	0.8956236415872123	219.11111111111111	224330.44444444444	0.006740239	9	1	1	1	92	2	92	1.0	1.0	0.3081386391361106	True	True	False	False	PP	P_A__P_B	PP:group_5997--group_1976	161	5348.0	0.09467939271767922	0.24394594674628953	0.30813863913611067	0.99981301421092	True
4785261	1838	1867	group_5997	group_4451	PP	0.418018836579402	0.8956236415872123	241.66666666666666	247175.88888888888	0.006835755	9	1	1	1	92	2	92	1.0	1.0	0.2766250829955313	True	True	False	False	PP	P_A__P_B	PP:group_5997--group_4451	164	4910.0	0.11128019493820808	0.21860279272641442	0.27662508299553135	1.0	True
4785265	1838	1871	group_5997	group_1359	PP	0.4283523617789676	0.9206503932342436	218.33333333333334	223235.88888888888	0.0065441374	9	1	1	1	92	2	92	1.0	1.0	0.3081386391361106	True	True	False	False	PP	P_A__P_B	PP:group_5997--group_1359	161	5348.0	0.09467939271767922	0.24394594674628953	0.30813863913611067	1.0	True
4785439	1838	2045	group_5997	group_3426	PP	0.28287384377797126	0.645218567433298	157.16666666666666	151451.66666666666	0.009201312	6	1	1	1	73	2	73	1.0	1.0	0.267453801147041	True	True	False	False	PP	P_A__P_B	PP:group_5997--group_3426	150	7224.0	0.0835690225853602	0.1891902803848992	0.267453801147041	0.9994462901439646	True
4795350	1844	1873	galT_2	group_1656	PP	0.35687709740444157	0.7693898838473027	355.7	352578.3	0.007955524	10	1	1	1	87	2	87	1.0	1.0	0.3124166129924191	True	True	False	False	PP	P_A__P_B	PP:galT_2--group_1656	178	1882.0	0.1389796488889416	0.23645135095136283	0.3124166129924191	0.9994686503719448	True
4795442	1844	1965	galT_2	group_5998	PP	0.3208109160233968	0.7127445729806117	219.875	226261.875	0.007861954	8	1	1	1	80	2	80	1.0	1.0	0.3081386391361106	True	True	False	False	PP	P_A__P_B	PP:galT_2--group_5998	161	5348.0	0.09467939271767922	0.24394594674628953	0.30813863913611067	0.9996260284218399	True
4825475	1862	1965	group_1976	group_5998	PP	0.3155514254070551	0.7055906667915953	221.875	228206.625	0.007704403	8	1	1	1	79	2	79	1.0	1.0	0.3081386391361106	True	True	False	False	PP	P_A__P_B	PP:group_1976--group_5998	161	5348.0	0.09467939271767922	0.24394594674628953	0.30813863913611067	0.9992520568436799	True
4833668	1867	1873	group_4451	group_1656	PP	0.341106565694113	0.740001578395191	385.9	384065.4	0.008086197	10	1	1	1	85	2	85	1.0	1.0	0.3247237362155518	True	True	False	False	PP	P_A__P_B	PP:group_4451--group_1656	180	1623.0	0.15824349114559816	0.23035931184815844	0.3247237362155518	0.9993838570548367	True
4833701	1867	1906	group_4451	group_624	PP	0.37041591897260556	0.8114449962488471	449.375	437138.8125	0.0071861465	16	1	1	1	86	2	86	1.0	1.0	0.3486940665814115	True	True	False	False	PP	P_A__P_B	PP:group_4451--group_624	186	744.0	0.1058672875420893	0.2441010122955669	0.34869406658141155	1.0	True
4833760	1867	1965	group_4451	group_5998	PP	0.3155514254070551	0.7055906667915953	247.85714285714286	254481.2857142857	0.007810146	7	1	1	1	79	2	79	1.0	1.0	0.2609630808680016	True	True	False	False	PP	P_A__P_B	PP:group_4451--group_5998	165	4959.0	0.11367578113139926	0.21135906298852594	0.26096308086800163	1.0	True
4840278	1871	1873	group_1359	group_1656	PP	0.3584856615725707	0.7801810003559997	356.7	353158.0	0.007576405	10	1	1	1	86	2	86	1.0	1.0	0.3124166129924191	True	True	False	False	PP	P_A__P_B	PP:group_1359--group_1656	178	1882.0	0.1389796488889416	0.23645135095136283	0.3124166129924191	1.0	True
4840311	1871	1906	group_1359	group_624	PP	0.4064714901842195	0.8932932961851309	419.125	405873.1875	0.006561373	16	1	1	1	88	2	88	1.0	1.0	0.4011162726167763	True	True	False	False	PP	P_A__P_B	PP:group_1359--group_624	183	947.0	0.1320753032628127	0.2836877780600303	0.40111627261677635	1.0	True
4840370	1871	1965	group_1359	group_5998	PP	0.3191387690193294	0.7159550421530412	220.875	226903.125	0.007479677	8	1	1	1	79	2	79	1.0	1.0	0.3081386391361106	True	True	False	False	PP	P_A__P_B	PP:group_1359--group_5998	161	5348.0	0.09467939271767922	0.24394594674628953	0.30813863913611067	0.99943904263276	True
5025337	1987	2202	group_4509	group_6133	PP	0.08902197076532911	0.23028276782487522	597.6666666666666	626993.3333333334	0.04402451	6	1	1	8	39	13	30	0.7692308	1.6622951	0.0890063061323792	True	True	True	True	PP	P_A__P_B	PP:group_4509--group_6133	195	263.0	0.04502964869403515	0.08512564050536772	0.08900630613237921	1.0	True
5025599	1987	2464	group_4509	group_6467	PP	0.08632632304772452	0.24790288808311445	609.3333333333334	637035.8333333334	0.04254882	6	1	1	2	32	13	30	0.9375	1.1327434	0.0860501660629824	True	True	True	True	PP	P_A__P_B	PP:group_4509--group_6467	196	231.0	0.07472287547456186	0.08207032191664879	0.08605016606298246	1.0	True
5025600	1987	2465	group_4509	group_6478	PP	0.09998352969325329	0.2871222229400243	631.3333333333334	645960.0	0.037620313	6	1	1	2	34	13	30	0.88235295	1.2620088	0.0999835296932532	True	True	True	True	PP	P_A__P_B	PP:group_4509--group_6478	197	163.0	0.06911784003602953	0.09676260746355486	0.09998352969325329	0.9938650306748467	True
5025601	1987	2466	group_4509	group_6479	PP	0.09998352969325329	0.2871222229400243	630.3333333333334	645377.3333333334	0.037620313	6	1	1	2	34	13	30	0.88235295	1.2620088	0.0999835296932532	True	True	True	True	PP	P_A__P_B	PP:group_4509--group_6479	197	163.0	0.06911784003602953	0.09676260746355486	0.09998352969325329	1.0	True
5026722	1988	2053	lytB_3	group_4046	PP	0.2992262744533664	0.722774925941835	102.4	103998.0	0.01068659	5	1	1	5	70	9	56	0.8	1.5302936	0.2980298401442606	True	True	True	True	PP	P_A__P_B	PP:lytB_3--group_4046	135	7097.0	0.07790778407538533	0.15807643815472677	0.29802984014426065	0.999154572354516	True
5081280	2024	2053	group_5890	group_4046	PP	0.2985649738130297	0.729811036906832	102.6	105352.6	0.010203342	5	1	1	4	69	9	56	0.8115942	1.4873477	0.2980298401442606	True	True	True	True	PP	P_A__P_B	PP:group_5890--group_4046	135	7097.0	0.07790778407538533	0.15807643815472677	0.29802984014426065	0.9990136677469353	True
5654498	2474	2646	group_6482	group_437	PP	0.1374667987689966	0.5577758648465878	493.5	504822.0	0.012263942	6	1	1	1	28	13	28	1.0	1.0	0.1364543752921183	True	True	False	False	PP	P_A__P_B	PP:group_6482--group_437	189	464.0	0.07002690854969813	0.125702775153238	0.13645437529211837	1.0	True
5721455	2540	2646	group_2868	group_437	PP	0.13645295473888977	0.5761596202329028	517.8	514158.8	0.010169288	5	1	1	1	27	13	27	1.0	1.0	0.1310675353572347	True	True	False	False	PP	P_A__P_B	PP:group_2868--group_437	191	349.0	0.07002306668386281	0.08567374909085657	0.13106753535723473	1.0	True
5723416	2542	2646	group_3051	group_437	PP	0.1474532405259649	0.622607280480807	507.5	510386.1666666667	0.008917407	6	1	1	1	28	13	28	1.0	1.0	0.146462327439012	True	True	False	False	PP	P_A__P_B	PP:group_3051--group_437	190	366.0	0.06519663813552284	0.136044217285875	0.14646232743901202	1.0	True
2071216	647	2111	ydaF_1	group_2974	PT	0.5510799280869729	0.6770445403385985	415.1111111111111	417624.1111111111	0.29789603	9	0	1	1	6	4	6	1.0	1.0	0.5494441997012607	True	True	False	False	P↔T	P_A__T_B	PT:ydaF_1--group_2974	183	854.0	0.43925869447854854	0.4877841591034591	0.5494441997012607	1.0	True
2232473	704	1146	group_4212	group_3601	PT	0.5324510966408658	0.867292517633049	164.11111111111111	158278.33333333334	0.065218024	9	0	0	1	15	3	15	1.0	1.0	0.5229541676739113	True	True	False	False	P↔T	P_A__T_B	PT:group_4212--group_3601	153	7357.0	0.3875685866379974	0.461561628741317	0.5229541676739113	0.9997281500611662	True
2247689	709	2287	group_2753	group_4266	PT	0.5452835046657886	0.6333963717124956	225.6	217077.6	1.7555146	5	1	2	3	8	2	4	0.5	2.4615386	0.5413836004686878	True	True	True	True	P↔T	P_A__T_B	PT:group_2753--group_4266	163	5948.0	0.39222965366257195	0.46771821073727887	0.5413836004686878	0.9996637525218561	True
2323262	736	2287	glf_2	group_4266	PT	0.6268694575724263	0.7395695833710967	134.16666666666666	122644.25	1.8933095	12	1	2	3	8	2	4	0.5	2.4615386	0.5407323985278885	True	True	True	True	P↔T	P_A__T_B	PT:glf_2--group_4266	146	7243.0	0.3985379884054626	0.4711160910096245	0.5407323985278885	1.0	True
2382802	758	788	group_3656	group_1409	PT	0.6020246338684441	0.813498544893021	106.5	112604.16666666667	0.030420795	12	0	0	1	30	2	30	1.0	1.0	0.5583716907218641	True	True	False	False	P↔T	P_A__T_B	PT:group_3656--group_1409	139	7470.0	0.4039879220229497	0.47413304049816535	0.5583716907218641	1.0	True
2383012	758	998	group_3656	clpC_1	PT	0.583519940463185	0.7861780315433348	127.6	131731.0	0.04703967	5	0	1	1	18	2	18	1.0	1.0	0.5349641700005964	True	True	False	False	P↔T	P_A__T_B	PT:group_3656--clpC_1	145	7304.0	0.3878549399318433	0.47243878077081425	0.5349641700005964	0.9997261774370209	True
2383070	758	1056	group_3656	group_4441	PT	0.6011919136548338	0.6009458225842075	103.57142857142857	106442.57142857143	0.06061098	7	1	4	15	59	9	21	0.3559322	5.008633	0.5315847205535043	True	True	True	True	P↔T	P_A__T_B	PT:group_3656--group_4441	138	7091.0	0.3981037355735937	0.4751136246144751	0.5315847205535043	1.0	True
2407799	767	954	group_3978	group_2261	PT	0.5235863374812597	0.9999999999999998	246.4	240358.2	0.04271064	5	0	0	1	10	2	10	1.0	1.0	0.5193783119600369	True	True	False	False	P↔T	P_A__T_B	PT:group_3978--group_2261	166	5137.0	0.3932103505718579	0.46372119274965456	0.5193783119600369	0.9992213354097722	True
2407843	767	998	group_3978	clpC_1	PT	0.583519940463185	0.7861780315433348	160.375	157000.375	0.047034554	8	0	1	1	18	2	18	1.0	1.0	0.5235805508804294	True	True	False	False	P↔T	P_A__T_B	PT:group_3978--clpC_1	152	7432.0	0.3944546112106894	0.4644477840770286	0.5235805508804294	0.9998654467168999	True
2415892	770	788	galE	group_1409	PT	0.5775898054428965	0.7771227982462272	134.28571428571428	131289.85714285713	0.030875226	7	0	0	1	29	2	29	1.0	1.0	0.5407323985278885	True	True	False	False	P↔T	P_A__T_B	PT:galE--group_1409	146	7243.0	0.3985379884054626	0.4711160910096245	0.5407323985278885	0.9998619356620185	True
2416054	770	950	galE	epsL	PT	0.5264391976407933	0.8372132711729029	158.71428571428572	160761.7142857143	0.04358148	7	0	0	1	29	2	29	1.0	1.0	0.5235805508804294	True	True	False	False	P↔T	P_A__T_B	PT:galE--epsL	152	7432.0	0.3944546112106894	0.4644477840770286	0.5235805508804294	0.9991926803013994	True
2432140	775	3291	group_4326	tcyN	PT	0.5951851979404787	0.4522944165593002	181.47058823529412	177979.14705882352	NA	34	0	3	1	92	2	92	1.0	1.0	0.5287792974125534	True	True	False	False	P↔T	P_A__T_B	PT:group_4326--tcyN	156	7473.0	0.3899028010488324	0.473850126100351	0.5287792974125534	1.0	True
2506470	803	1111	gpsB	group_2394	PT	0.5569987529310441	0.8110635673707663	151.6153846153846	147219.23076923078	0.082379565	13	0	0	1	24	2	24	1.0	1.0	0.5237519847899347	True	True	False	False	P↔T	P_A__T_B	PT:gpsB--group_2394	150	7437.0	0.3911741891394638	0.4657936908457945	0.5237519847899347	1.0	True
2506617	803	1258	gpsB	group_1130	PT	0.6179271255663197	0.652523040540498	192.97058823529412	189997.88235294117	0.119551465	34	1	3	8	21	6	5	0.23809524	5.5822783	0.5413618801996942	True	True	True	True	P↔T	P_A__T_B	PT:gpsB--group_1130	158	7119.0	0.40751075935490166	0.4786089151492017	0.5413618801996942	0.9997190616659644	True
2506620	803	1261	gpsB	group_2577	PT	0.5509865752942333	0.6678610538025493	184.16666666666666	177779.08333333334	0.11610002	12	1	2	16	37	8	10	0.27027026	8.398773	0.5463577586943603	True	True	True	True	P↔T	P_A__T_B	PT:gpsB--group_2577	157	7369.0	0.39746671270646744	0.47722938257552205	0.5463577586943603	0.9991857782602795	True
2585033	832	1258	ponA	group_1130	PT	0.6179271255663197	0.652523040540498	190.13513513513513	186659.94594594595	0.12028751	37	1	3	8	21	6	5	0.23809524	5.5822783	0.5413618801996942	True	True	True	True	P↔T	P_A__T_B	PT:ponA--group_1130	158	7119.0	0.40751075935490166	0.4786089151492017	0.5413618801996942	0.9998595308329822	True
2651979	857	1279	group_2233	group_711	PT	0.5285303455019461	0.6135060387461422	174.57142857142858	181918.0	0.15002702	7	1	2	6	18	9	10	0.5555556	2.7	0.5276160322713785	True	True	True	True	P↔T	P_A__T_B	PT:group_2233--group_711	155	7412.0	0.38892000468947596	0.4653771741862497	0.5276160322713785	0.999055585536967	True
2669960	863	3291	celA_1	tcyN	PT	0.5409208460066478	0.40454985663543136	229.11111111111111	228461.44444444444	NA	9	0	3	1	92	2	92	1.0	1.0	0.5397237085463444	True	True	False	False	P↔T	P_A__T_B	PT:celA_1--tcyN	164	5481.0	0.3984892490229369	0.478419404054818	0.5397237085463444	0.9992702061667579	True
2750713	894	2111	group_2850	group_2974	PT	0.5510799280869729	0.6770445403385985	370.6666666666667	375121.44444444444	0.20935078	9	0	1	1	6	4	6	1.0	1.0	0.5492786742546253	True	True	False	False	P↔T	P_A__T_B	PT:group_2850--group_2974	180	1473.0	0.4253227715255289	0.5093176264078622	0.5492786742546253	0.9993211133740665	True
2755113	896	1258	group_2568	group_1130	PT	0.6179271255663197	0.652523040540498	169.92	160276.14	0.11124479	50	1	3	8	21	6	5	0.23809524	5.5822783	0.546038452356308	True	True	True	True	P↔T	P_A__T_B	PT:group_2568--group_1130	154	7155.0	0.4005528880979349	0.47750188380058434	0.546038452356308	0.9998602375960867	True
2785540	907	2865	yjaB	plsX	PT	0.5580243602684435	0.3547659669179073	130.2	128137.0	NA	5	0	0	1	90	2	90	1.0	1.0	0.5349641700005964	True	True	False	False	P↔T	P_A__T_B	PT:yjaB--plsX	145	7304.0	0.3878549399318433	0.47243878077081425	0.5349641700005964	0.9994523548740416	True
2785546	907	2871	yjaB	mutM	PT	0.5650701846062866	0.34739030817194844	168.8	162590.2	NA	5	0	8	1	94	2	94	1.0	1.0	0.546038452356308	True	True	False	False	P↔T	P_A__T_B	PT:yjaB--mutM	154	7155.0	0.4005528880979349	0.47750188380058434	0.546038452356308	0.9997204751921733	True
2785557	907	2882	yjaB	pdxK	PT	0.5433590444814125	0.39988345606706677	208.25	206944.0	NA	8	0	5	1	93	2	93	1.0	1.0	0.5417174321406638	True	True	False	False	P↔T	P_A__T_B	PT:yjaB--pdxK	161	6396.0	0.40269179499689234	0.4716752021482288	0.5417174321406638	0.99906191369606	True
2785565	907	2890	yjaB	trpE	PT	0.5354443547880436	0.3193630163591548	324.3333333333333	322983.8333333333	NA	6	0	1	1	94	2	94	1.0	1.0	0.5153361345577364	True	True	False	False	P↔T	P_A__T_B	PT:yjaB--trpE	175	2542.0	0.4065702476086075	0.4697852628526343	0.5153361345577364	1.0	True
2785566	907	2891	yjaB	paaI	PT	0.5587865382750515	0.3505811320001675	403.2	402330.8	NA	5	0	7	1	96	2	96	1.0	1.0	0.5394432147054717	True	True	False	False	P↔T	P_A__T_B	PT:yjaB--paaI	182	976.0	0.4054434142529123	0.4818033888696771	0.5394432147054717	1.0	True
2785602	907	2927	yjaB	ybbH	PT	0.5976927481725689	0.38384973609343687	220.28571428571428	219384.2857142857	NA	7	0	13	1	84	2	84	1.0	1.0	0.5340649006682804	True	True	False	False	P↔T	P_A__T_B	PT:yjaB--ybbH	162	6229.0	0.3950004171278652	0.4754701501436089	0.5340649006682804	1.0	True
2785625	907	2950	yjaB	gyrB	PT	0.5470593134615663	0.33092121896073	218.28571428571428	211296.14285714287	NA	7	0	1	1	95	2	95	1.0	1.0	0.5340649006682804	True	True	False	False	P↔T	P_A__T_B	PT:yjaB--gyrB	162	6229.0	0.3950004171278652	0.4754701501436089	0.5340649006682804	0.9996789211751484	True
2785645	907	2970	yjaB	group_4364	PT	0.5647664601800998	0.35531156554282717	132.2	129893.0	NA	5	0	16	1	94	2	94	1.0	1.0	0.5407323985278885	True	True	False	False	P↔T	P_A__T_B	PT:yjaB--group_4364	146	7243.0	0.3985379884054626	0.4711160910096245	0.5407323985278885	0.999723871324037	True
2785669	907	2994	yjaB	aroB	PT	0.5328695254721424	0.33134221012789605	113.55932203389831	112235.98305084746	NA	118	0	17	1	82	2	82	1.0	1.0	0.5316533189375846	True	True	False	False	P↔T	P_A__T_B	PT:yjaB--aroB	141	7395.0	0.3871496933098411	0.47030095213421264	0.5316533189375846	0.9994590939824205	True
2785684	907	3009	yjaB	rsgA	PT	0.5298929266675061	0.407513519547004	109.5	107407.83333333333	NA	6	0	2	1	93	2	93	1.0	1.0	0.5223882377413513	True	True	False	False	P↔T	P_A__T_B	PT:yjaB--rsgA	140	7343.0	0.3911716732582963	0.4619817890418844	0.5223882377413513	0.9995914476372055	True
2785699	907	3024	yjaB	prfB	PT	0.5461716736843787	0.3824498224882442	158.85714285714286	154869.14285714287	NA	7	0	8	2	159	2	94	0.591195	1.9356098	0.5235805508804294	True	True	True	True	P↔T	P_A__T_B	PT:yjaB--prfB	152	7432.0	0.3944546112106894	0.4644477840770286	0.5235805508804294	0.9994617868675996	True
2785769	907	3094	yjaB	pncB2	PT	0.5711486782672339	0.3616083880532472	154.46315789473684	151089.38947368422	NA	95	0	2	1	83	2	83	1.0	1.0	0.5418130524014179	True	True	False	False	P↔T	P_A__T_B	PT:yjaB--pncB2	151	7301.0	0.3921240553854216	0.4786156708682058	0.5418130524014179	0.99958909738392	True
2785805	907	3130	yjaB	coaA	PT	0.55379344313189	0.34489485857771846	189.0	188170.75	NA	8	0	6	1	93	2	93	1.0	1.0	0.5463577586943603	True	True	False	False	P↔T	P_A__T_B	PT:yjaB--coaA	157	7369.0	0.39746671270646744	0.47722938257552205	0.5463577586943603	0.9993214818835663	True
2785878	907	3203	yjaB	gapN	PT	0.5645333740733123	0.3664096897940116	120.5	127179.3	NA	10	0	1	1	93	2	93	1.0	1.0	0.5308723356946042	True	True	False	False	P↔T	P_A__T_B	PT:yjaB--gapN	143	7375.0	0.3892867715236539	0.465944154279683	0.5308723356946042	0.999864406779661	True
2785944	907	3269	yjaB	eno	PT	0.5656859764794674	0.35736996503164725	118.9	125257.4	NA	10	0	17	1	93	2	93	1.0	1.0	0.5405748341731146	True	True	False	False	P↔T	P_A__T_B	PT:yjaB--eno	142	7405.0	0.3975290926622001	0.4820870544336064	0.5405748341731146	1.0	True
2785955	907	3280	yjaB	queA	PT	0.5432028227922028	0.34031312425437993	149.90350877192984	146428.9298245614	NA	114	0	6	1	92	2	92	1.0	1.0	0.5237519847899347	True	True	False	False	P↔T	P_A__T_B	PT:yjaB--queA	150	7437.0	0.3911741891394638	0.4657936908457945	0.5237519847899347	0.99946214871588	True
2785966	907	3291	yjaB	tcyN	PT	0.5698026314634661	0.4315478298187882	182.125	178668.21875	NA	32	0	3	1	92	2	92	1.0	1.0	0.5287792974125534	True	True	False	False	P↔T	P_A__T_B	PT:yjaB--tcyN	156	7473.0	0.3899028010488324	0.473850126100351	0.5287792974125534	0.9998661849324234	True
2786033	907	3358	yjaB	livF	PT	0.5760705201854748	0.36003832840675687	146.0	141413.33333333334	NA	6	0	11	1	94	2	94	1.0	1.0	0.5319567578769561	True	True	False	False	P↔T	P_A__T_B	PT:yjaB--livF	149	7270.0	0.39273772892798514	0.47759800837721783	0.5319567578769561	0.9998624484181569	True
2786096	907	3421	yjaB	aroF	PT	0.546411981225194	0.3429527435743394	221.66666666666666	221283.77777777778	NA	9	0	17	1	87	2	87	1.0	1.0	0.5413836004686878	True	True	False	False	P↔T	P_A__T_B	PT:yjaB--aroF	163	5948.0	0.39222965366257195	0.46771821073727887	0.5413836004686878	0.9998318762609281	True
2786129	907	3454	yjaB	tmpC	PT	0.5464965956109082	0.34273928149786625	184.75	184709.625	NA	8	0	4	1	88	2	88	1.0	1.0	0.5463577586943603	True	True	False	False	P↔T	P_A__T_B	PT:yjaB--tmpC	157	7369.0	0.39746671270646744	0.47722938257552205	0.5463577586943603	0.9990500746369928	True
2786178	907	3503	yjaB	glyS	PT	0.5704882467862759	0.3377559578671145	194.40506329113924	187545.41772151898	NA	79	0	7	1	96	2	96	1.0	1.0	0.5413618801996942	True	True	False	False	P↔T	P_A__T_B	PT:yjaB--glyS	158	7119.0	0.40751075935490166	0.4786089151492017	0.5413618801996942	0.9992976541649108	True
2786191	907	3516	yjaB	lysA	PT	0.5558787011011701	0.3357234781684	103.5	101515.83333333333	NA	6	0	18	1	93	2	93	1.0	1.0	0.5315847205535043	True	True	False	False	P↔T	P_A__T_B	PT:yjaB--lysA	138	7091.0	0.3981037355735937	0.4751136246144751	0.5315847205535043	0.9997179523339444	True
2801874	914	922	group_2556	cpsB	PT	0.5209786798081777	0.6270566381601742	124.05263157894737	136055.68421052632	0.035142448	19	0	1	1	31	2	31	1.0	1.0	0.5201689320844887	True	True	False	False	P↔T	P_A__T_B	PT:group_2556--cpsB	144	7342.0	0.38556350821089364	0.468443024335511	0.5201689320844887	0.9990465813129937	True
2801950	914	998	group_2556	clpC_1	PT	0.5409091930050876	0.724868895740143	134.44444444444446	148371.55555555556	0.039348025	18	0	1	1	18	2	18	1.0	1.0	0.5407323985278885	True	True	False	False	P↔T	P_A__T_B	PT:group_2556--clpC_1	146	7243.0	0.3985379884054626	0.4711160910096245	0.5407323985278885	0.9990335496341295	True
2802210	914	1258	group_2556	group_1130	PT	0.6179271255663197	0.652523040540498	306.84615384615387	315278.46153846156	0.108859494	13	1	3	8	21	6	5	0.23809524	5.5822783	0.546391606804913	True	True	True	True	P↔T	P_A__T_B	PT:group_2556--group_1130	173	3102.0	0.4202058119151096	0.4872892599227348	0.546391606804913	1.0	True
2811586	917	2816	mutX_1	prmA	PT	0.5276189584896719	0.33286637680180997	282.85714285714283	283082.85714285716	NA	7	0	19	1	93	2	93	1.0	1.0	0.517793164531963	True	True	False	False	P↔T	P_A__T_B	PT:mutX_1--prmA	171	3852.0	0.41346459786437395	0.4738879625483933	0.517793164531963	0.9994807892004154	True
2811603	917	2833	mutX_1	thiN	PT	0.5639886988379416	0.3638144739859172	107.16666666666667	105760.33333333333	NA	6	0	7	1	94	2	94	1.0	1.0	0.5583716907218641	True	True	False	False	P↔T	P_A__T_B	PT:mutX_1--thiN	139	7470.0	0.4039879220229497	0.47413304049816535	0.5583716907218641	0.999330655957162	True
2811619	917	2849	mutX_1	yheH	PT	0.5529071613307054	0.3448678565358175	332.0	335386.0	NA	5	0	19	1	87	2	87	1.0	1.0	0.5460806404260556	True	True	False	False	P↔T	P_A__T_B	PT:mutX_1--yheH	176	2453.0	0.4306587226759392	0.47528611287123	0.5460806404260556	0.9991846718304117	True
2811661	917	2891	mutX_1	paaI	PT	0.5640989712088018	0.35297757405485375	373.8333333333333	374045.0	NA	6	0	7	1	96	2	96	1.0	1.0	0.5492786742546253	True	True	False	False	P↔T	P_A__T_B	PT:mutX_1--paaI	180	1473.0	0.4253227715255289	0.5093176264078622	0.5492786742546253	1.0	True
2811720	917	2950	mutX_1	gyrB	PT	0.5461727289163152	0.32953373331604174	170.71428571428572	166400.14285714287	NA	7	0	1	1	95	2	95	1.0	1.0	0.546038452356308	True	True	False	False	P↔T	P_A__T_B	PT:mutX_1--gyrB	154	7155.0	0.4005528880979349	0.47750188380058434	0.546038452356308	0.9990216631726065	True
2811747	917	2977	mutX_1	tehB	PT	0.5440050090363543	0.35950539820904825	155.83333333333334	149769.16666666666	NA	6	0	16	1	93	2	93	1.0	1.0	0.5418130524014179	True	True	False	False	P↔T	P_A__T_B	PT:mutX_1--tehB	151	7301.0	0.3921240553854216	0.4786156708682058	0.5418130524014179	0.9990412272291467	True
2811786	917	3016	mutX_1	agaS	PT	0.5289152216644104	0.3509854077113526	125.0	119614.8	NA	5	0	1	1	91	2	91	1.0	1.0	0.5201689320844887	True	True	False	False	P↔T	P_A__T_B	PT:mutX_1--agaS	144	7342.0	0.38556350821089364	0.468443024335511	0.5201689320844887	0.9997275946608554	True
2811864	917	3094	mutX_1	pncB2	PT	0.5696660103355811	0.3597648403077125	154.55102040816325	151237.47959183675	NA	98	0	2	1	83	2	83	1.0	1.0	0.5418130524014179	True	True	False	False	P↔T	P_A__T_B	PT:mutX_1--pncB2	151	7301.0	0.3921240553854216	0.4786156708682058	0.5418130524014179	0.9994521298452267	True
2811881	917	3111	mutX_1	rluB	PT	0.5411776428029543	0.38844130670711	387.6666666666667	387402.1666666667	NA	6	0	5	1	92	2	92	1.0	1.0	0.5308975649222357	True	True	False	False	P↔T	P_A__T_B	PT:mutX_1--rluB	181	1218.0	0.40575704862652495	0.46238348092565246	0.5308975649222357	1.0	True
2811900	917	3130	mutX_1	coaA	PT	0.5511498737103575	0.34234679955588615	175.14285714285714	175464.85714285713	NA	7	0	6	1	93	2	93	1.0	1.0	0.5276160322713785	True	True	False	False	P↔T	P_A__T_B	PT:mutX_1--coaA	155	7412.0	0.38892000468947596	0.4653771741862497	0.5276160322713785	1.0	True
2811936	917	3166	mutX_1	cobQ	PT	0.5464862761148744	0.3815501902490509	299.7916666666667	288321.8333333333	NA	24	0	4	1	91	2	91	1.0	1.0	0.546391606804913	True	True	False	False	P↔T	P_A__T_B	PT:mutX_1--cobQ	173	3102.0	0.4202058119151096	0.4872892599227348	0.546391606804913	0.9990328820116054	True
2812039	917	3269	mutX_1	eno	PT	0.5563904214692919	0.35056922750615316	118.5	124424.6	NA	10	0	17	1	93	2	93	1.0	1.0	0.5405748341731146	True	True	False	False	P↔T	P_A__T_B	PT:mutX_1--eno	142	7405.0	0.3975290926622001	0.4820870544336064	0.5405748341731146	0.999594868332208	True
2812050	917	3280	mutX_1	queA	PT	0.5432556270434995	0.3394468406282182	150.45299145299145	146992.63247863247	NA	117	0	6	1	92	2	92	1.0	1.0	0.5237519847899347	True	True	False	False	P↔T	P_A__T_B	PT:mutX_1--queA	150	7437.0	0.3911741891394638	0.4657936908457945	0.5237519847899347	0.99959661153691	True
2812061	917	3291	mutX_1	tcyN	PT	0.5679735410043825	0.43051128178326986	182.76470588235293	179167.79411764705	NA	34	0	3	1	92	2	92	1.0	1.0	0.5287792974125534	True	True	False	False	P↔T	P_A__T_B	PT:mutX_1--tcyN	156	7473.0	0.3899028010488324	0.473850126100351	0.5287792974125534	0.9997323698648468	True
2812128	917	3358	mutX_1	livF	PT	0.5521001960098457	0.34429578738024486	144.125	139157.75	NA	8	0	11	1	94	2	94	1.0	1.0	0.5319567578769561	True	True	False	False	P↔T	P_A__T_B	PT:mutX_1--livF	149	7270.0	0.39273772892798514	0.47759800837721783	0.5319567578769561	0.9993122420907841	True
2812162	917	3392	mutX_1	priA	PT	0.5406193630521047	0.33438612999322154	234.125	233810.5	NA	8	0	19	1	90	2	90	1.0	1.0	0.5397237085463444	True	True	False	False	P↔T	P_A__T_B	PT:mutX_1--priA	164	5481.0	0.3984892490229369	0.478419404054818	0.5397237085463444	0.9990877577084474	True
2812191	917	3421	mutX_1	aroF	PT	0.5517736391850528	0.34540113846994297	228.44444444444446	228627.33333333334	NA	9	0	17	1	87	2	87	1.0	1.0	0.5397237085463444	True	True	False	False	P↔T	P_A__T_B	PT:mutX_1--aroF	164	5481.0	0.3984892490229369	0.478419404054818	0.5397237085463444	0.9994526546250684	True
2832453	925	2879	group_1257	murD	PT	0.545639427613712	0.33173929234985405	463.6	472619.8	NA	15	0	18	2	103	2	93	0.9029126	1.2125957	0.5430097944858625	True	True	True	True	P↔T	P_A__T_B	PT:group_1257--murD	187	433.0	0.43143039129791066	0.517223288424442	0.5430097944858625	1.0	True
2853333	933	3019	panM	lcnD_1	PT	0.5505874514841735	0.34829157874141	219.66666666666666	236988.88888888888	NA	18	0	15	1	63	3	63	1.0	1.0	0.5340649006682804	True	True	False	False	P↔T	P_A__T_B	PT:panM--lcnD_1	162	6229.0	0.3950004171278652	0.4754701501436089	0.5340649006682804	0.9998394605875742	True
2873277	941	2287	group_2386	group_4266	PT	0.6268694575724263	0.7395695833710967	128.58333333333334	117799.33333333333	1.6539729	12	1	2	3	8	2	4	0.5	2.4615386	0.5349641700005964	True	True	True	True	P↔T	P_A__T_B	PT:group_2386--group_4266	145	7304.0	0.3878549399318433	0.47243878077081425	0.5349641700005964	0.9998630887185104	True
2874448	941	3458	group_2386	secA	PT	0.5370130186449554	0.3558497993945651	173.3181818181818	177219.27272727274	NA	22	0	3	1	62	3	62	1.0	1.0	0.5276160322713785	True	True	False	False	P↔T	P_A__T_B	PT:group_2386--secA	155	7412.0	0.38892000468947596	0.4653771741862497	0.5276160322713785	0.999190501888829	True
2874506	941	3516	group_2386	lysA	PT	0.5410691735396164	0.32479921406865264	118.33333333333333	108671.0	NA	21	0	15	1	62	3	62	1.0	1.0	0.5405748341731146	True	True	False	False	P↔T	P_A__T_B	PT:group_2386--lysA	142	7405.0	0.3975290926622001	0.4820870544336064	0.5405748341731146	0.9990546927751519	True
2886167	946	2287	wfgD	group_4266	PT	0.6268694575724263	0.7395695833710967	139.9090909090909	126733.36363636363	1.9719115	11	1	2	3	8	2	4	0.5	2.4615386	0.5278959988823944	True	True	True	True	P↔T	P_A__T_B	PT:wfgD--group_4266	148	7014.0	0.3872508087143199	0.4707294104569887	0.5278959988823944	1.0	True
2891140	948	2111	group_2411	group_2974	PT	0.5510799280869729	0.6770445403385985	507.22222222222223	523751.44444444444	0.18399262	9	0	1	1	6	4	6	1.0	1.0	0.5229978987164968	True	True	False	False	P↔T	P_A__T_B	PT:group_2411--group_2974	190	339.0	0.33457695589480463	0.420921802118413	0.5229978987164968	1.0	True
2925718	961	3318	group_1285	glyQ	PT	0.545950883780096	0.32857319059479895	219.77777777777777	217944.88888888888	NA	18	0	10	1	96	2	96	1.0	1.0	0.5340649006682804	True	True	False	False	P↔T	P_A__T_B	PT:group_1285--glyQ	162	6229.0	0.3950004171278652	0.4754701501436089	0.5340649006682804	0.9995183817627228	True
2934745	965	2111	group_3319	group_2974	PT	0.4361752259116707	0.5120364690763364	557.125	571831.125	0.2849386	8	0	1	1	6	4	6	1.0	1.0	0.4229385706992559	True	True	False	False	P↔T	P_A__T_B	PT:group_3319--group_2974	193	121.0	0.27869213185946706	0.32298094441008013	0.4229385706992559	1.0	True
2990746	987	2111	lysS	group_2974	PT	0.467373762943983	0.5598054910934565	517.1111111111111	533749.7777777778	0.18740271	9	0	1	1	6	4	6	1.0	1.0	0.4552624750290504	True	True	False	False	P↔T	P_A__T_B	PT:lysS--group_2974	191	282.0	0.34202096498148105	0.36045492671881024	0.45526247502905043	1.0	True
3121912	1039	2835	group_2751	rnhC	PT	0.5758066594979727	0.34022558678713216	231.3	231094.76666666666	NA	30	0	6	1	94	2	94	1.0	1.0	0.5397237085463444	True	True	False	False	P↔T	P_A__T_B	PT:group_2751--rnhC	164	5481.0	0.3984892490229369	0.478419404054818	0.5397237085463444	1.0	True
3121920	1039	2843	group_2751	arnB	PT	0.5431724872728726	0.3137607362596875	226.375	224087.875	NA	8	0	0	1	88	2	88	1.0	1.0	0.5413836004686878	True	True	False	False	P↔T	P_A__T_B	PT:group_2751--arnB	163	5948.0	0.39222965366257195	0.46771821073727887	0.5413836004686878	0.9993275050437121	True
3121967	1039	2890	group_2751	trpE	PT	0.5542605712887104	0.3243733099478584	212.5	209470.5	NA	8	0	1	1	94	2	94	1.0	1.0	0.5417174321406638	True	True	False	False	P↔T	P_A__T_B	PT:group_2751--trpE	161	6396.0	0.40269179499689234	0.4716752021482288	0.5417174321406638	0.9993746091307066	True
3121978	1039	2901	group_2751	sorB	PT	0.5453052179711018	0.5076960786197134	161.59574468085106	153231.5744680851	NA	47	1	1	14	68	13	34	0.5	3.4977307	0.5235805508804294	True	True	True	True	P↔T	P_A__T_B	PT:group_2751--sorB	152	7432.0	0.3944546112106894	0.4644477840770286	0.5235805508804294	0.9993272335844995	True
3121998	1039	2921	group_2751	adhB	PT	0.5514052949971389	0.3370009861227859	160.57142857142858	158258.14285714287	NA	7	0	13	1	94	2	94	1.0	1.0	0.5235805508804294	True	True	False	False	P↔T	P_A__T_B	PT:group_2751--adhB	152	7432.0	0.3944546112106894	0.4644477840770286	0.5235805508804294	0.9995963401506996	True
3122096	1039	3019	group_2751	lcnD_1	PT	0.5606909208522373	0.3513448155695749	273.1875	276885.375	NA	16	0	2	2	97	2	96	0.9896907	1.0208311	0.5572412141756375	True	True	True	True	P↔T	P_A__T_B	PT:group_2751--lcnD_1	170	4350.0	0.41698755685469835	0.48456443129473364	0.5572412141756375	0.999080459770115	True
3122109	1039	3032	group_2751	pnp	PT	0.5580375648998278	0.3589480328373488	332.3125	336128.1875	NA	16	0	9	3	96	2	87	0.90625	1.2072308	0.5460806404260556	True	True	True	True	P↔T	P_A__T_B	PT:group_2751--pnp	176	2453.0	0.4306587226759392	0.47528611287123	0.5460806404260556	0.9995923359152059	True
3122267	1039	3190	group_2751	marR	PT	0.5607787880450472	0.5870002060827939	244.875	246456.0	NA	24	0	3	1	95	2	95	1.0	1.0	0.5193783119600369	True	True	False	False	P↔T	P_A__T_B	PT:group_2751--marR	166	5137.0	0.3932103505718579	0.46372119274965456	0.5193783119600369	0.9998053338524431	True
3122367	1039	3290	group_2751	fabH	PT	0.5519530527080369	0.3670345222775756	241.23333333333332	241526.7	NA	30	0	8	1	95	2	95	1.0	1.0	0.531299325178733	True	True	False	False	P↔T	P_A__T_B	PT:group_2751--fabH	165	5181.0	0.4055404470708287	0.47828381926891644	0.531299325178733	0.9994209612044007	True
3122599	1039	3522	group_2751	sulA	PT	0.5369156609258596	0.3234355829348344	141.48245614035088	131411.4649122807	NA	114	0	21	1	87	2	87	1.0	1.0	0.5278959988823944	True	True	False	False	P↔T	P_A__T_B	PT:group_2751--sulA	148	7014.0	0.3872508087143199	0.4707294104569887	0.5278959988823944	0.9995722840034217	True
3146779	1049	2927	group_2818	ybbH	PT	0.53865058808316	0.3444415332144059	123.2	122169.8	NA	5	0	13	1	84	2	84	1.0	1.0	0.5308723356946042	True	True	False	False	P↔T	P_A__T_B	PT:group_2818--ybbH	143	7375.0	0.3892867715236539	0.465944154279683	0.5308723356946042	0.999457627118644	True
3146802	1049	2950	group_2818	gyrB	PT	0.5362419202878145	0.31788568301180264	110.66666666666667	107115.83333333333	NA	6	0	1	1	95	2	95	1.0	1.0	0.5223882377413513	True	True	False	False	P↔T	P_A__T_B	PT:group_2818--gyrB	140	7343.0	0.3911716732582963	0.4619817890418844	0.5223882377413513	0.9998638158790685	True
3147273	1049	3421	group_2818	aroF	PT	0.5244820119683997	0.32243969940062345	127.0	128569.75	NA	8	0	17	1	87	2	87	1.0	1.0	0.5201689320844887	True	True	False	False	P↔T	P_A__T_B	PT:group_2818--aroF	144	7342.0	0.38556350821089364	0.468443024335511	0.5201689320844887	0.9993189866521384	True
3147353	1049	3501	group_2818	dapB	PT	0.5258380584438728	0.3108798116600785	112.66666666666667	112726.55555555556	NA	9	0	10	1	86	2	86	1.0	1.0	0.5223882377413513	True	True	False	False	P↔T	P_A__T_B	PT:group_2818--dapB	140	7343.0	0.3911716732582963	0.4619817890418844	0.5223882377413513	0.9993190793953425	True
3147355	1049	3503	group_2818	glyS	PT	0.5533264000041686	0.3212527294883014	133.33333333333334	126765.88888888889	NA	9	0	7	1	96	2	96	1.0	1.0	0.5407323985278885	True	True	False	False	P↔T	P_A__T_B	PT:group_2818--glyS	146	7243.0	0.3985379884054626	0.4711160910096245	0.5407323985278885	0.999447742648074	True
3169208	1058	3144	group_3600	pheS	PT	0.5275187317776148	0.3375684471569202	162.66666666666666	167889.83333333334	NA	6	1	10	5	103	2	94	0.9126214	1.1953803	0.5229541676739113	True	True	True	True	P↔T	P_A__T_B	PT:group_3600--pheS	153	7357.0	0.3875685866379974	0.461561628741317	0.5229541676739113	0.9995922250917494	True
3176398	1061	2948	group_2421	folD	PT	0.5434283552432793	0.35583989304957947	149.33333333333334	148247.0	NA	6	0	2	5	162	2	93	0.5740741	2.2146835	0.5237519847899347	True	True	True	True	P↔T	P_A__T_B	PT:group_2421--folD	150	7437.0	0.3911741891394638	0.4657936908457945	0.5237519847899347	0.9997310743579401	True
3176400	1061	2950	group_2421	gyrB	PT	0.519557930738113	0.30783702875563573	137.66666666666666	138357.8148148148	NA	27	0	1	1	94	2	94	1.0	1.0	0.5185137616003813	True	True	False	False	P↔T	P_A__T_B	PT:group_2421--gyrB	147	7193.0	0.3914997417947871	0.46727837387359594	0.5185137616003813	0.9991658556930348	True
3176741	1061	3291	group_2421	tcyN	PT	0.578871970183593	0.43488837320368373	144.0	143693.2	NA	5	1	7	1	44	8	44	1.0	1.0	0.5319567578769561	True	True	False	False	P↔T	P_A__T_B	PT:group_2421--tcyN	149	7270.0	0.39273772892798514	0.47759800837721783	0.5319567578769561	1.0	True
3178860	1062	2950	group_3737	gyrB	PT	0.5327848027565902	0.3156739238177794	126.66666666666667	130764.83333333333	NA	6	0	1	1	90	2	90	1.0	1.0	0.5201689320844887	True	True	False	False	P↔T	P_A__T_B	PT:group_3737--gyrB	144	7342.0	0.38556350821089364	0.468443024335511	0.5201689320844887	0.9998637973304276	True
3183655	1064	2828	pezA	ftsY	PT	0.5706133083573015	0.3477266300022876	100.3125	101244.0625	NA	16	0	5	1	95	2	95	1.0	1.0	0.5419450591393834	True	True	False	False	P↔T	P_A__T_B	PT:pezA--ftsY	137	6850.0	0.3930959098558664	0.4741026879635306	0.5419450591393834	0.9998540145985402	True
3183733	1064	2906	pezA	cysS	PT	0.5612804033730839	0.3492730347345289	107.0	111272.83333333333	NA	6	0	13	4	104	2	93	0.8942308	1.2406515	0.5583716907218641	True	True	True	True	P↔T	P_A__T_B	PT:pezA--cysS	139	7470.0	0.4039879220229497	0.47413304049816535	0.5583716907218641	0.9990629183400268	True
3183784	1064	2957	pezA	glnP_1	PT	0.5473913743364904	0.35496412027696733	100.0	99078.54545454546	NA	11	0	1	1	93	2	93	1.0	1.0	0.5419450591393834	True	True	False	False	P↔T	P_A__T_B	PT:pezA--glnP_1	137	6850.0	0.3930959098558664	0.4741026879635306	0.5419450591393834	0.9995620437956204	True
3188690	1066	2950	licR_1	gyrB	PT	0.5382594048662911	0.3188536966706192	128.66666666666666	132451.5	NA	6	0	1	1	90	2	90	1.0	1.0	0.5349641700005964	True	True	False	False	P↔T	P_A__T_B	PT:licR_1--gyrB	145	7304.0	0.3878549399318433	0.47243878077081425	0.5349641700005964	0.9991785323110625	True
3192936	1068	2287	ygaZ	group_4266	PT	0.6268694575724264	0.7395695833710968	120.06451612903226	112791.16129032258	0.20279017	31	0	2	3	8	2	4	0.5	2.4615386	0.5308723356946042	True	True	True	True	P↔T	P_A__T_B	PT:ygaZ--group_4266	143	7375.0	0.3892867715236539	0.465944154279683	0.5308723356946042	1.0	True
3196008	1069	2906	pezT	cysS	PT	0.5676982906353113	0.35322010473226473	106.33333333333333	110623.83333333333	NA	6	0	13	5	105	2	93	0.8857143	1.2644799	0.5583716907218641	True	True	True	True	P↔T	P_A__T_B	PT:pezT--cysS	139	7470.0	0.4039879220229497	0.47413304049816535	0.5583716907218641	0.9997322623828648	True
3201193	1071	3188	group_3436	accA	PT	0.5186379783587436	0.306717322609871	136.875	138888.0	NA	8	1	16	1	96	2	96	1.0	1.0	0.5185137616003813	True	True	False	False	P↔T	P_A__T_B	PT:group_3436--accA	147	7193.0	0.3914997417947871	0.46727837387359594	0.5185137616003813	0.999026831641874	True
3201266	1071	3261	group_3436	prfC	PT	0.5649939673570846	0.322317301795225	107.25925925925925	106945.44444444444	NA	27	1	22	1	95	2	95	1.0	1.0	0.5583716907218641	True	True	False	False	P↔T	P_A__T_B	PT:group_3436--prfC	139	7470.0	0.4039879220229497	0.47413304049816535	0.5583716907218641	0.9994645247657296	True
3211060	1075	3261	group_4413	prfC	PT	0.5308707153564672	0.3028343247490287	111.8	112475.6	NA	5	1	22	1	92	2	92	1.0	1.0	0.5223882377413513	True	True	False	False	P↔T	P_A__T_B	PT:group_4413--prfC	140	7343.0	0.3911716732582963	0.4619817890418844	0.5223882377413513	0.999727631758137	True
3211503	1076	1258	group_5169	group_1130	PT	0.5268969176510274	0.5589536886891495	308.61538461538464	317320.1538461539	0.12829179	13	1	3	8	19	6	5	0.2631579	5.084507	0.5165281309090163	True	True	True	True	P↔T	P_A__T_B	PT:group_5169--group_1130	174	2770.0	0.41357427129786367	0.4791488749926245	0.5165281309090163	1.0	True
3228403	1082	3503	group_2827	glyS	PT	0.5449563552554273	0.31614500376448895	216.88235294117646	213803.9411764706	NA	17	1	7	1	95	2	95	1.0	1.0	0.5340649006682804	True	True	False	False	P↔T	P_A__T_B	PT:group_2827--glyS	162	6229.0	0.3950004171278652	0.4754701501436089	0.5340649006682804	0.999357842350297	True
3230354	1083	3015	haeIIIM	mnmA	PT	0.5372917640681383	0.325342556621117	149.33333333333334	143088.33333333334	NA	6	1	8	4	118	2	93	0.7881356	1.5167756	0.5237519847899347	True	True	True	True	P↔T	P_A__T_B	PT:haeIIIM--mnmA	150	7437.0	0.3911741891394638	0.4657936908457945	0.5237519847899347	0.9993276858948501	True
3230527	1083	3188	haeIIIM	accA	PT	0.5305747292224661	0.3137427357863598	136.125	138614.25	NA	8	1	16	1	96	2	96	1.0	1.0	0.5185137616003813	True	True	False	False	P↔T	P_A__T_B	PT:haeIIIM--accA	147	7193.0	0.3914997417947871	0.46727837387359594	0.5185137616003813	0.9994439037953566	True
3230600	1083	3261	haeIIIM	prfC	PT	0.5659364978164934	0.3228213858099346	106.33333333333333	106264.48148148147	NA	27	1	22	1	95	2	95	1.0	1.0	0.5583716907218641	True	True	False	False	P↔T	P_A__T_B	PT:haeIIIM--prfC	139	7470.0	0.4039879220229497	0.47413304049816535	0.5583716907218641	0.9995983935742971	True
3230722	1083	3383	haeIIIM	polA	PT	0.5234970156626491	0.3319746319364795	109.6	106563.0	NA	5	1	5	1	91	2	91	1.0	1.0	0.5223882377413513	True	True	False	False	P↔T	P_A__T_B	PT:haeIIIM--polA	140	7343.0	0.3911716732582963	0.4619817890418844	0.5223882377413513	0.999182895274411	True
3240376	1087	3291	group_861	tcyN	PT	0.536222315995827	0.40379967942142825	142.8	142275.4	NA	5	1	7	1	43	8	43	1.0	1.0	0.5278959988823944	True	True	False	False	P↔T	P_A__T_B	PT:group_861--tcyN	148	7014.0	0.3872508087143199	0.4707294104569887	0.5278959988823944	0.9994297120045623	True
3242571	1088	3052	group_4236	fieF	PT	0.5293895617745881	0.32272570337582146	182.4	185545.6	NA	5	0	16	4	101	2	95	0.9405941	1.128554	0.5287792974125534	True	True	True	True	P↔T	P_A__T_B	PT:group_4236--fieF	156	7473.0	0.3899028010488324	0.473850126100351	0.5287792974125534	0.9990632945269637	True
3243020	1088	3501	group_4236	dapB	PT	0.5336861979603601	0.31520558697716367	180.6	183244.6	NA	5	0	10	4	91	2	85	0.93406594	1.1439425	0.5287792974125534	True	True	True	True	P↔T	P_A__T_B	PT:group_4236--dapB	156	7473.0	0.3899028010488324	0.473850126100351	0.5287792974125534	0.9993309246621169	True
3247413	1090	3029	celD	pyrF	PT	0.5237286705395949	0.3340372479956572	160.66666666666666	149248.33333333334	NA	6	1	5	5	122	8	44	0.36065573	3.7396984	0.5235805508804294	True	True	True	True	P↔T	P_A__T_B	PT:celD--pyrF	152	7432.0	0.3944546112106894	0.4644477840770286	0.5235805508804294	0.9990581270182992	True
3278757	1103	2848	group_1424	uvrB	PT	0.537751295944956	0.3266261030192416	105.1	102556.2	NA	10	1	17	1	90	2	90	1.0	1.0	0.5315847205535043	True	True	False	False	P↔T	P_A__T_B	PT:group_1424--uvrB	138	7091.0	0.3981037355735937	0.4751136246144751	0.5315847205535043	0.9991538570018333	True
3279576	1104	1249	group_2522	group_4408	PT	0.5870809905801407	0.7351258474585997	136.12244897959184	153104.5306122449	0.11334905	49	0	2	7	30	9	10	0.33333334	4.245283	0.5185137616003813	True	True	True	True	P↔T	P_A__T_B	PT:group_2522--group_4408	147	7193.0	0.3914997417947871	0.46727837387359594	0.5185137616003813	1.0	True
3295764	1110	2950	group_926	gyrB	PT	0.545153904373062	0.32282469866816266	103.65079365079364	94954.30158730158	NA	63	0	1	1	95	2	95	1.0	1.0	0.5315847205535043	True	True	False	False	P↔T	P_A__T_B	PT:group_926--gyrB	138	7091.0	0.3981037355735937	0.4751136246144751	0.5315847205535043	0.9995769285009166	True
3312505	1117	2835	group_3437	rnhC	PT	0.5260337076622396	0.31037060441405584	126.07142857142857	125815.35714285714	NA	14	1	6	1	94	2	94	1.0	1.0	0.5201689320844887	True	True	False	False	P↔T	P_A__T_B	PT:group_3437--rnhC	144	7342.0	0.38556350821089364	0.468443024335511	0.5201689320844887	0.9994551893217107	True
3312620	1117	2950	group_3437	gyrB	PT	0.5407387360794674	0.3202422125630189	114.83333333333333	116270.66666666667	NA	6	1	1	1	95	2	95	1.0	1.0	0.5316533189375846	True	True	False	False	P↔T	P_A__T_B	PT:group_3437--gyrB	141	7395.0	0.3871496933098411	0.47030095213421264	0.5316533189375846	0.9998647734956051	True
3322123	1121	2843	ptsN	arnB	PT	0.5320515030693577	0.306871688055748	115.5	115805.73076923077	NA	26	1	0	1	87	2	87	1.0	1.0	0.5316533189375846	True	True	False	False	P↔T	P_A__T_B	PT:ptsN--arnB	141	7395.0	0.3871496933098411	0.47030095213421264	0.5316533189375846	0.9991886409736308	True
3324515	1122	2835	group_4884	rnhC	PT	0.5477740201098432	0.32321001040998115	121.75	122783.75	NA	8	1	6	1	94	2	94	1.0	1.0	0.5308723356946042	True	True	False	False	P↔T	P_A__T_B	PT:group_4884--rnhC	143	7375.0	0.3892867715236539	0.465944154279683	0.5308723356946042	0.9997288135593221	True
3324523	1122	2843	group_4884	arnB	PT	0.5321710303378461	0.3069406278753672	116.07142857142857	114895.57142857143	NA	14	1	0	1	87	2	87	1.0	1.0	0.5316533189375846	True	True	False	False	P↔T	P_A__T_B	PT:group_4884--arnB	141	7395.0	0.3871496933098411	0.47030095213421264	0.5316533189375846	0.9993238674780257	True
3324618	1122	2938	group_4884	scrB	PT	0.5464713320916709	0.34737968501965816	100.04	103221.96	NA	25	1	3	2	98	2	91	0.9285714	1.1529412	0.5419450591393834	True	True	True	True	P↔T	P_A__T_B	PT:group_4884--scrB	137	6850.0	0.3930959098558664	0.4741026879635306	0.5419450591393834	0.9994160583941606	True
3329571	1124	3094	yoeB	pncB2	PT	0.5574038402287372	0.3457909214006336	229.5	229483.0	NA	8	0	2	1	83	2	83	1.0	1.0	0.5397237085463444	True	True	False	False	P↔T	P_A__T_B	PT:yoeB--pncB2	164	5481.0	0.3984892490229369	0.478419404054818	0.5397237085463444	0.999635103083379	True
3341471	1129	3019	group_1922	lcnD_1	PT	0.5310931835804974	0.33373830551940586	123.14285714285714	122004.85714285714	NA	7	1	3	1	42	8	42	1.0	1.0	0.5308723356946042	True	True	False	False	P↔T	P_A__T_B	PT:group_1922--lcnD_1	143	7375.0	0.3892867715236539	0.465944154279683	0.5308723356946042	0.9990508474576271	True
3341955	1129	3503	group_1922	glyS	PT	0.55677102282556	0.32301547626716254	134.48837209302326	131997.48837209304	NA	43	0	7	1	94	2	94	1.0	1.0	0.5407323985278885	True	True	False	False	P↔T	P_A__T_B	PT:group_1922--glyS	146	7243.0	0.3985379884054626	0.4711160910096245	0.5407323985278885	0.9995858069860555	True
3346081	1131	2846	lagD_1	rsuA_2	PT	0.5691468287611744	0.33574389092889007	362.1764705882353	370317.5294117647	NA	17	1	10	1	93	2	93	1.0	1.0	0.5490038316833781	True	True	False	False	P↔T	P_A__T_B	PT:lagD_1--rsuA_2	179	1902.0	0.432324206528512	0.5196932102564731	0.5490038316833781	1.0	True
3346098	1131	2863	lagD_1	ydfG	PT	0.5367975450322283	0.3362826903646846	179.6	169428.6	NA	20	1	5	1	95	2	95	1.0	1.0	0.5287792974125534	True	True	False	False	P↔T	P_A__T_B	PT:lagD_1--ydfG	156	7473.0	0.3899028010488324	0.473850126100351	0.5287792974125534	0.9995985547972702	True
3346114	1131	2879	lagD_1	murD	PT	0.5554126541220706	0.3320415021345901	365.05882352941177	372798.4705882353	NA	17	1	18	2	104	2	94	0.90384614	1.210385	0.5490038316833781	True	True	True	True	P↔T	P_A__T_B	PT:lagD_1--murD	179	1902.0	0.432324206528512	0.5196932102564731	0.5490038316833781	0.9994742376445847	True
3346254	1131	3019	lagD_1	lcnD_1	PT	0.5818099187172339	0.364877035141223	301.46666666666664	304820.93333333335	NA	15	1	2	1	96	2	96	1.0	1.0	0.546391606804913	True	True	False	False	P↔T	P_A__T_B	PT:lagD_1--lcnD_1	173	3102.0	0.4202058119151096	0.4872892599227348	0.546391606804913	0.9996776273372018	True
3346411	1131	3176	lagD_1	ykuR	PT	0.5560824853012223	0.34425064786719006	148.85714285714286	150413.0	NA	7	1	6	1	94	2	94	1.0	1.0	0.5237519847899347	True	True	False	False	P↔T	P_A__T_B	PT:lagD_1--ykuR	150	7437.0	0.3911741891394638	0.4657936908457945	0.5237519847899347	0.99986553717897	True
3346496	1131	3261	lagD_1	prfC	PT	0.5486085157061378	0.3129528237282362	295.0095238095238	281393.67619047617	NA	105	1	22	1	95	2	95	1.0	1.0	0.538637613543026	True	True	False	False	P↔T	P_A__T_B	PT:lagD_1--prfC	172	3348.0	0.4155455576610918	0.4910481058387643	0.538637613543026	0.9997013142174432	True
3346716	1131	3481	lagD_1	copY	PT	0.5312400236331521	0.35840666032046126	485.84615384615387	494950.23076923075	NA	13	1	0	1	95	2	95	1.0	1.0	0.5184115173127329	True	True	False	False	P↔T	P_A__T_B	PT:lagD_1--copY	189	327.0	0.36638120536131574	0.46427656703936765	0.5184115173127329	1.0	True
3348468	1132	2843	mngA	arnB	PT	0.5375140266920919	0.3100540467815446	120.32142857142857	120608.82142857143	NA	28	1	0	1	87	2	87	1.0	1.0	0.5308723356946042	True	True	False	False	P↔T	P_A__T_B	PT:mngA--arnB	143	7375.0	0.3892867715236539	0.465944154279683	0.5308723356946042	0.9993220338983051	True
3348474	1132	2849	mngA	yheH	PT	0.5235081737472077	0.3220689469343442	124.03703703703704	124372.85185185185	NA	27	1	19	1	86	2	86	1.0	1.0	0.5201689320844887	True	True	False	False	P↔T	P_A__T_B	PT:mngA--yheH	144	7342.0	0.38556350821089364	0.468443024335511	0.5201689320844887	0.9991827839825661	True
3350849	1133	2835	group_1051	rnhC	PT	0.5477301311118838	0.3232287825557979	121.625	123062.125	NA	8	1	6	1	94	2	94	1.0	1.0	0.5308723356946042	True	True	False	False	P↔T	P_A__T_B	PT:group_1051--rnhC	143	7375.0	0.3892867715236539	0.465944154279683	0.5308723356946042	0.999593220338983	True
3350904	1133	2890	group_1051	trpE	PT	0.542997373373244	0.3173688235004025	117.13333333333334	115885.06666666667	NA	15	1	1	1	93	2	93	1.0	1.0	0.5405748341731146	True	True	False	False	P↔T	P_A__T_B	PT:group_1051--trpE	142	7405.0	0.3975290926622001	0.4820870544336064	0.5405748341731146	0.9991897366644159	True
3360748	1137	3188	yxlF	accA	PT	0.5855291492645281	0.34629694136286554	254.17241379310346	243619.58620689655	NA	29	1	16	1	96	2	96	1.0	1.0	0.585342065690689	True	True	False	False	P↔T	P_A__T_B	PT:yxlF--accA	167	4861.0	0.39145679725215143	0.46645311733563194	0.585342065690689	0.9991771240485496	True
3365162	1139	2835	alsE	rnhC	PT	0.5544136995493681	0.327190736479847	117.16666666666667	118254.0	NA	6	1	6	1	94	2	94	1.0	1.0	0.5405748341731146	True	True	False	False	P↔T	P_A__T_B	PT:alsE--rnhC	142	7405.0	0.3975290926622001	0.4820870544336064	0.5405748341731146	0.999459824442944	True
3365170	1139	2843	alsE	arnB	PT	0.5467600267566798	0.31542487832611016	173.05263157894737	172856.42105263157	NA	19	1	0	1	87	2	87	1.0	1.0	0.5276160322713785	True	True	False	False	P↔T	P_A__T_B	PT:alsE--arnB	155	7412.0	0.38892000468947596	0.4653771741862497	0.5276160322713785	0.9998650836481382	True
3365176	1139	2849	alsE	yheH	PT	0.5415379424784418	0.33316465054191347	174.42105263157896	174234.7894736842	NA	19	1	19	1	86	2	86	1.0	1.0	0.5276160322713785	True	True	False	False	P↔T	P_A__T_B	PT:alsE--yheH	155	7412.0	0.38892000468947596	0.4653771741862497	0.5276160322713785	0.9993254182406908	True
3365217	1139	2890	alsE	trpE	PT	0.5404137978141922	0.31587699941228675	167.15	164711.45	NA	20	1	1	1	93	2	93	1.0	1.0	0.5229541676739113	True	True	False	False	P↔T	P_A__T_B	PT:alsE--trpE	153	7357.0	0.3875685866379974	0.461561628741317	0.5229541676739113	0.9998640750305832	True
3365421	1139	3094	alsE	pncB2	PT	0.5332648048804994	0.3310953293198618	114.2	114294.6	NA	5	1	2	1	82	2	82	1.0	1.0	0.5316533189375846	True	True	False	False	P↔T	P_A__T_B	PT:alsE--pncB2	141	7395.0	0.3871496933098411	0.47030095213421264	0.5316533189375846	0.9995943204868154	True
3365645	1139	3318	alsE	glyQ	PT	0.5416607055356434	0.3223969262653578	104.07142857142857	101979.21428571429	NA	14	1	10	1	95	2	95	1.0	1.0	0.5315847205535043	True	True	False	False	P↔T	P_A__T_B	PT:alsE--glyQ	138	7091.0	0.3981037355735937	0.4751136246144751	0.5315847205535043	0.9992948808348611	True
3365830	1139	3503	alsE	glyS	PT	0.5738118498223971	0.33293982602984157	104.35714285714286	101909.0	NA	14	1	7	1	95	2	95	1.0	1.0	0.5315847205535043	True	True	False	False	P↔T	P_A__T_B	PT:alsE--glyS	138	7091.0	0.3981037355735937	0.4751136246144751	0.5315847205535043	0.9998589761669722	True
3366510	1140	1801	group_860	glf	PT	0.532078094356881	0.6201549708621072	204.08333333333334	216671.41666666666	0.3093973	12	0	2	5	10	8	6	0.6	2.5	0.5252361461537143	True	True	True	True	P↔T	P_A__T_B	PT:group_860--glf	160	6267.0	0.4018437936070797	0.4723210133605855	0.5252361461537143	0.9992021700973353	True
3367657	1140	2948	group_860	folD	PT	0.5246364110720015	0.34345396636127007	164.9	167609.7	NA	10	1	2	5	162	2	93	0.5740741	2.2146835	0.5229541676739113	True	True	True	True	P↔T	P_A__T_B	PT:group_860--folD	153	7357.0	0.3875685866379974	0.461561628741317	0.5229541676739113	0.9993203751529156	True
3368891	1141	1801	group_2416	glf	PT	0.532078094356881	0.6201549708621072	206.58333333333334	218474.0	0.30893955	12	0	2	5	10	8	6	0.6	2.5	0.5252361461537143	True	True	True	True	P↔T	P_A__T_B	PT:group_2416--glf	160	6267.0	0.4018437936070797	0.4723210133605855	0.5252361461537143	0.9993617360778682	True
3370038	1141	2948	group_2416	folD	PT	0.5248229396336043	0.3436014454044114	164.3	167978.9	NA	10	1	2	5	162	2	93	0.5740741	2.2146835	0.5229541676739113	True	True	True	True	P↔T	P_A__T_B	PT:group_2416--folD	153	7357.0	0.3875685866379974	0.461561628741317	0.5229541676739113	0.9994563001223324	True
3374684	1143	2835	tkt_3	rnhC	PT	0.556419279717064	0.32841425047098	116.33333333333333	117480.0	NA	6	1	6	1	94	2	94	1.0	1.0	0.5405748341731146	True	True	False	False	P↔T	P_A__T_B	PT:tkt_3--rnhC	142	7405.0	0.3975290926622001	0.4820870544336064	0.5405748341731146	0.999729912221472	True
3374692	1143	2843	tkt_3	arnB	PT	0.5467515756365288	0.3154626573217263	173.6315789473684	174257.52631578947	NA	19	1	0	1	87	2	87	1.0	1.0	0.5276160322713785	True	True	False	False	P↔T	P_A__T_B	PT:tkt_3--arnB	155	7412.0	0.38892000468947596	0.4653771741862497	0.5276160322713785	0.9997301672962763	True
3374698	1143	2849	tkt_3	yheH	PT	0.5415379424784418	0.33316465054191347	175.0	175635.8947368421	NA	19	1	19	1	86	2	86	1.0	1.0	0.5276160322713785	True	True	False	False	P↔T	P_A__T_B	PT:tkt_3--yheH	155	7412.0	0.38892000468947596	0.4653771741862497	0.5276160322713785	0.9994603345925526	True
3374943	1143	3094	tkt_3	pncB2	PT	0.5262538295632584	0.32681336101701897	110.83333333333333	110532.16666666667	NA	6	1	2	1	82	2	82	1.0	1.0	0.5223882377413513	True	True	False	False	P↔T	P_A__T_B	PT:tkt_3--pncB2	140	7343.0	0.3911716732582963	0.4619817890418844	0.5223882377413513	0.999455263516274	True
3375004	1143	3155	tkt_3	xseA	PT	0.5316236382308794	0.3008577145491485	103.0	98171.2	NA	5	1	8	1	87	2	87	1.0	1.0	0.5315847205535043	True	True	False	False	P↔T	P_A__T_B	PT:tkt_3--xseA	138	7091.0	0.3981037355735937	0.4751136246144751	0.5315847205535043	0.9990128331688055	True
3375167	1143	3318	tkt_3	glyQ	PT	0.5438981067901465	0.3237707341820614	101.78571428571429	100169.64285714286	NA	14	1	10	1	95	2	95	1.0	1.0	0.5419450591393834	True	True	False	False	P↔T	P_A__T_B	PT:tkt_3--glyQ	137	6850.0	0.3930959098558664	0.4741026879635306	0.5419450591393834	0.9992700729927008	True
3375238	1143	3389	tkt_3	amyS	PT	0.5595620531424815	0.3401690841867113	171.4	170400.8	NA	5	1	5	1	77	2	77	1.0	1.0	0.546038452356308	True	True	False	False	P↔T	P_A__T_B	PT:tkt_3--amyS	154	7155.0	0.4005528880979349	0.47750188380058434	0.546038452356308	0.9994409503843467	True
3375352	1143	3503	tkt_3	glyS	PT	0.5763373446951358	0.3344487865897737	102.21428571428571	100344.07142857143	NA	14	1	7	1	95	2	95	1.0	1.0	0.5419450591393834	True	True	False	False	P↔T	P_A__T_B	PT:tkt_3--glyS	137	6850.0	0.3930959098558664	0.4741026879635306	0.5419450591393834	1.0	True
3381999	1146	3019	group_3601	lcnD_1	PT	0.5504306085015642	0.3464750234329742	137.1	138470.5	NA	10	1	15	2	65	3	64	0.9846154	1.0312424	0.5185137616003813	True	True	True	True	P↔T	P_A__T_B	PT:group_3601--lcnD_1	147	7193.0	0.3914997417947871	0.46727837387359594	0.5185137616003813	0.9997219518976783	True
3382074	1146	3094	group_3601	pncB2	PT	0.5279094191046202	0.3275332081817241	143.66666666666666	135138.66666666666	NA	6	0	2	1	82	2	82	1.0	1.0	0.5278959988823944	True	True	False	False	P↔T	P_A__T_B	PT:group_3601--pncB2	148	7014.0	0.3872508087143199	0.4707294104569887	0.5278959988823944	0.999001996007984	True
3382135	1146	3155	group_3601	xseA	PT	0.5379195003173063	0.3044418610920647	248.0	240018.16666666666	NA	6	1	1	1	64	3	64	1.0	1.0	0.5193783119600369	True	True	False	False	P↔T	P_A__T_B	PT:group_3601--xseA	166	5137.0	0.3932103505718579	0.46372119274965456	0.5193783119600369	0.9994160015573291	True
3382159	1146	3179	group_3601	aguA	PT	0.5472793062819372	0.3201237594615229	131.66666666666666	135032.83333333334	NA	6	1	7	1	65	3	65	1.0	1.0	0.5407323985278885	True	True	False	False	P↔T	P_A__T_B	PT:group_3601--aguA	146	7243.0	0.3985379884054626	0.4711160910096245	0.5407323985278885	0.999171613972111	True
3386686	1148	2957	group_2348	glnP_1	PT	0.5355989977441841	0.34681780715450516	127.8	128202.6	NA	5	0	1	1	93	2	93	1.0	1.0	0.5349641700005964	True	True	False	False	P↔T	P_A__T_B	PT:group_2348--glnP_1	145	7304.0	0.3878549399318433	0.47243878077081425	0.5349641700005964	0.9990416210295728	True
3386856	1148	3127	group_2348	purH	PT	0.539397892194411	0.32451319370512594	294.9166666666667	303167.4166666667	NA	12	1	15	3	64	9	57	0.890625	1.2495424	0.538637613543026	True	True	True	True	P↔T	P_A__T_B	PT:group_2348--purH	172	3348.0	0.4155455576610918	0.4910481058387643	0.538637613543026	0.9991039426523297	True
3386879	1148	3150	group_2348	topA	PT	0.538466863754731	0.339453160682632	124.2	124219.0	NA	5	0	13	9	126	2	96	0.7619048	1.6918159	0.5201689320844887	True	True	True	True	P↔T	P_A__T_B	PT:group_2348--topA	144	7342.0	0.38556350821089364	0.468443024335511	0.5201689320844887	1.0	True
3386884	1148	3155	group_2348	xseA	PT	0.5367843878921841	0.30382177802927945	122.0	120619.8	NA	5	0	8	1	88	2	88	1.0	1.0	0.5308723356946042	True	True	False	False	P↔T	P_A__T_B	PT:group_2348--xseA	143	7375.0	0.3892867715236539	0.465944154279683	0.5308723356946042	0.9991864406779661	True
3387047	1148	3318	group_2348	glyQ	PT	0.5392041771988348	0.3210493056328477	201.83333333333334	201022.5	NA	6	0	10	1	96	2	96	1.0	1.0	0.5252361461537143	True	True	False	False	P↔T	P_A__T_B	PT:group_2348--glyQ	160	6267.0	0.4018437936070797	0.4723210133605855	0.5252361461537143	0.9995213020584012	True
3387118	1148	3389	group_2348	amyS	PT	0.5704340720145293	0.3468317225928926	193.375	192275.0	NA	8	1	2	5	70	9	59	0.8428571	1.3920455	0.5413618801996942	True	True	True	True	P↔T	P_A__T_B	PT:group_2348--amyS	158	7119.0	0.40751075935490166	0.4786089151492017	0.5413618801996942	0.999157184997893	True
3387183	1148	3454	group_2348	tmpC	PT	0.5642391745415427	0.34637183493701934	169.11111111111111	170034.88888888888	NA	9	1	9	2	61	9	55	0.90163934	1.2156159	0.546038452356308	True	True	True	True	P↔T	P_A__T_B	PT:group_2348--tmpC	154	7155.0	0.4005528880979349	0.47750188380058434	0.546038452356308	0.99958071278826	True
3387232	1148	3503	group_2348	glyS	PT	0.5837058650920037	0.33877445540968665	191.57142857142858	190202.85714285713	NA	7	0	7	1	96	2	96	1.0	1.0	0.5413618801996942	True	True	False	False	P↔T	P_A__T_B	PT:group_2348--glyS	158	7119.0	0.40751075935490166	0.4786089151492017	0.5413618801996942	0.9994381233319286	True
3410917	1158	3503	group_1378	glyS	PT	0.5609480493981154	0.3258108049930191	116.4	113788.0	NA	10	1	19	1	63	3	63	1.0	1.0	0.5405748341731146	True	True	False	False	P↔T	P_A__T_B	PT:group_1378--glyS	142	7405.0	0.3975290926622001	0.4820870544336064	0.5405748341731146	0.999864956110736	True
3429218	1166	2928	acpA_2	rlmI	PT	0.5395323581984959	0.30911091993044315	143.35714285714286	139820.7857142857	NA	14	1	11	3	72	2	65	0.9027778	1.2186178	0.5278959988823944	True	True	True	True	P↔T	P_A__T_B	PT:acpA_2--rlmI	148	7014.0	0.3872508087143199	0.4707294104569887	0.5278959988823944	0.9997148560022812	True
3429296	1166	3006	acpA_2	exoA	PT	0.5577440991117993	0.3325585675255326	244.0	247912.58333333334	NA	12	1	6	1	95	2	95	1.0	1.0	0.5193783119600369	True	True	False	False	P↔T	P_A__T_B	PT:acpA_2--exoA	166	5137.0	0.3932103505718579	0.46372119274965456	0.5193783119600369	0.9996106677048862	True
3429740	1166	3450	acpA_2	trpB	PT	0.5368318558150814	0.3349615324184996	217.08333333333334	220065.58333333334	NA	12	1	14	4	105	2	95	0.9047619	1.215948	0.5340649006682804	True	True	True	True	P↔T	P_A__T_B	PT:acpA_2--trpB	162	6229.0	0.3950004171278652	0.4754701501436089	0.5340649006682804	0.9990367635254455	True
3443499	1172	3094	group_4323	pncB2	PT	0.571174379245687	0.3547516414151001	136.47368421052633	131682.34210526315	NA	38	1	2	1	83	2	83	1.0	1.0	0.5185137616003813	True	True	False	False	P↔T	P_A__T_B	PT:group_4323--pncB2	147	7193.0	0.3914997417947871	0.46727837387359594	0.5185137616003813	0.9998609759488392	True
3443723	1172	3318	group_4323	glyQ	PT	0.584390179545042	0.3484975343312165	184.8148148148148	178674.66666666666	NA	27	1	10	1	96	2	96	1.0	1.0	0.5463577586943603	True	True	False	False	P↔T	P_A__T_B	PT:group_4323--glyQ	157	7369.0	0.39746671270646744	0.47722938257552205	0.5463577586943603	0.9997285927534265	True
3443908	1172	3503	group_4323	glyS	PT	0.5687165402627039	0.3305663452208009	183.96296296296296	176675.03703703705	NA	27	1	7	1	96	2	96	1.0	1.0	0.5463577586943603	True	True	False	False	P↔T	P_A__T_B	PT:group_4323--glyS	157	7369.0	0.39746671270646744	0.47722938257552205	0.5463577586943603	0.9995928891301398	True
3466137	1182	2287	group_4466	group_4266	PT	0.6268694575724264	0.7395695833710968	276.3076923076923	295326.0	0.15638399	13	0	2	3	8	2	4	0.5	2.4615386	0.5572412141756375	True	True	True	True	P↔T	P_A__T_B	PT:group_4466--group_4266	170	4350.0	0.41698755685469835	0.48456443129473364	0.5572412141756375	0.9997701149425288	True
3466977	1182	3127	group_4466	purH	PT	0.5165156618734196	0.31146144970544637	431.8	445020.7	NA	10	1	2	1	64	3	64	1.0	1.0	0.5136944628334523	True	True	False	False	P↔T	P_A__T_B	PT:group_4466--purH	185	664.0	0.4075444854909519	0.45681285460938437	0.5136944628334523	1.0	True
3552576	1219	2849	group_3354	yheH	PT	0.5321527071102874	0.3282317941156443	147.44444444444446	149588.33333333334	NA	9	1	19	1	85	2	85	1.0	1.0	0.5319567578769561	True	True	False	False	P↔T	P_A__T_B	PT:group_3354--yheH	149	7270.0	0.39273772892798514	0.47759800837721783	0.5319567578769561	0.9990371389270977	True
3552733	1219	3006	group_3354	exoA	PT	0.5325232966467914	0.3186821233674159	142.8	145099.7	NA	10	1	6	1	93	2	93	1.0	1.0	0.5278959988823944	True	True	False	False	P↔T	P_A__T_B	PT:group_3354--exoA	148	7014.0	0.3872508087143199	0.4707294104569887	0.5278959988823944	0.9991445680068435	True
3552797	1219	3070	group_3354	rlmL	PT	0.5421404911755758	0.3209336678438186	115.83333333333333	114894.5	NA	6	1	20	1	88	2	88	1.0	1.0	0.5316533189375846	True	True	False	False	P↔T	P_A__T_B	PT:group_3354--rlmL	141	7395.0	0.3871496933098411	0.47030095213421264	0.5316533189375846	1.0	True
3553018	1219	3291	group_3354	tcyN	PT	0.543237600992527	0.406011934828947	103.42857142857143	100196.42857142857	NA	7	1	3	1	90	2	90	1.0	1.0	0.5315847205535043	True	True	False	False	P↔T	P_A__T_B	PT:group_3354--tcyN	138	7091.0	0.3981037355735937	0.4751136246144751	0.5315847205535043	0.9994359046678889	True
3553177	1219	3450	group_3354	trpB	PT	0.5469659394853398	0.3426241255772947	128.91666666666666	129023.58333333333	NA	12	1	14	2	98	2	93	0.9489796	1.107217	0.5349641700005964	True	True	True	True	P↔T	P_A__T_B	PT:group_3354--trpB	145	7304.0	0.3878549399318433	0.47243878077081425	0.5349641700005964	0.999315443592552	True
3553230	1219	3503	group_3354	glyS	PT	0.5617612155257304	0.3276117739480911	106.2	104146.8	NA	10	1	7	1	94	2	94	1.0	1.0	0.5583716907218641	True	True	False	False	P↔T	P_A__T_B	PT:group_3354--glyS	139	7470.0	0.4039879220229497	0.47413304049816535	0.5583716907218641	0.9991967871485944	True
3574989	1229	2287	group_4912	group_4266	PT	0.6268694575724264	0.7395695833710968	168.68	159155.76	0.12294042	25	0	2	3	8	2	4	0.5	2.4615386	0.546038452356308	True	True	True	True	P↔T	P_A__T_B	PT:group_4912--group_4266	154	7155.0	0.4005528880979349	0.47750188380058434	0.546038452356308	1.0	True
3593851	1237	2841	cmpC	tabA_1	PT	0.649912047786039	0.7733834388108688	153.9090909090909	151175.63636363635	NA	11	1	0	1	40	8	40	1.0	1.0	0.5418130524014179	True	True	False	False	P↔T	P_A__T_B	PT:cmpC--tabA_1	151	7301.0	0.3921240553854216	0.4786156708682058	0.5418130524014179	1.0	True
3594328	1237	3318	cmpC	glyQ	PT	0.565252979859405	0.33891150141976967	280.35714285714283	279342.35714285716	NA	14	1	16	1	56	9	56	1.0	1.0	0.5572412141756375	True	True	False	False	P↔T	P_A__T_B	PT:cmpC--glyQ	170	4350.0	0.41698755685469835	0.48456443129473364	0.5572412141756375	0.9995402298850574	True
3594513	1237	3503	cmpC	glyS	PT	0.5284570123964909	0.30876356353298584	281.07142857142856	279999.21428571426	NA	14	1	17	1	45	8	45	1.0	1.0	0.517793164531963	True	True	False	False	P↔T	P_A__T_B	PT:cmpC--glyS	171	3852.0	0.41346459786437395	0.4738879625483933	0.517793164531963	0.9997403946002077	True
3609818	1244	2841	lsrC	tabA_1	PT	0.6014375724930504	0.7180932326471392	154.72727272727272	151703.9090909091	NA	11	1	0	1	39	8	39	1.0	1.0	0.5418130524014179	True	True	False	False	P↔T	P_A__T_B	PT:lsrC--tabA_1	151	7301.0	0.3921240553854216	0.4786156708682058	0.5418130524014179	0.9997260649226133	True
3610480	1244	3503	lsrC	glyS	PT	0.5260881391942115	0.3076163236169486	281.64285714285717	280298.35714285716	NA	14	1	17	1	44	8	44	1.0	1.0	0.517793164531963	True	True	False	False	P↔T	P_A__T_B	PT:lsrC--glyS	171	3852.0	0.41346459786437395	0.4738879625483933	0.517793164531963	0.9992211838006231	True
3666514	1269	2912	group_5893	zwf	PT	0.5420101663378114	0.33182478325863635	102.11111111111111	103826.0	NA	9	1	13	1	92	2	92	1.0	1.0	0.5419450591393834	True	True	False	False	P↔T	P_A__T_B	PT:group_5893--zwf	137	6850.0	0.3930959098558664	0.4741026879635306	0.5419450591393834	0.9991240875912408	True
3666550	1269	2948	group_5893	folD	PT	0.5771011743865724	0.38128071349214404	107.42857142857143	110187.85714285714	NA	7	1	2	5	163	2	93	0.5705522	2.2209313	0.5583716907218641	True	True	True	True	P↔T	P_A__T_B	PT:group_5893--folD	139	7470.0	0.4039879220229497	0.47413304049816535	0.5583716907218641	0.9998661311914324	True
3666559	1269	2957	group_5893	glnP_1	PT	0.5543545297814031	0.3585267799427353	102.33333333333333	103788.66666666667	NA	9	1	1	1	92	2	92	1.0	1.0	0.5419450591393834	True	True	False	False	P↔T	P_A__T_B	PT:group_5893--glnP_1	137	6850.0	0.3930959098558664	0.4741026879635306	0.5419450591393834	0.9997080291970802	True
3666757	1269	3155	group_5893	xseA	PT	0.5396296066107515	0.3077379573347787	112.57142857142857	113502.0	NA	7	1	8	1	87	2	87	1.0	1.0	0.5223882377413513	True	True	False	False	P↔T	P_A__T_B	PT:group_5893--xseA	140	7343.0	0.3911716732582963	0.4619817890418844	0.5223882377413513	1.0	True
3666790	1269	3188	group_5893	accA	PT	0.5368160131939482	0.3200831478809598	237.91666666666666	236753.0	NA	12	1	16	1	95	2	95	1.0	1.0	0.531299325178733	True	True	False	False	P↔T	P_A__T_B	PT:group_5893--accA	165	5181.0	0.4055404470708287	0.47828381926891644	0.531299325178733	0.9992279482725342	True
3666863	1269	3261	group_5893	prfC	PT	0.5538012226763265	0.31844217446728973	237.83333333333334	236862.16666666666	NA	12	1	22	1	94	2	94	1.0	1.0	0.531299325178733	True	True	False	False	P↔T	P_A__T_B	PT:group_5893--prfC	165	5181.0	0.4055404470708287	0.47828381926891644	0.531299325178733	0.9996139741362672	True
3666871	1269	3269	group_5893	eno	PT	0.5521246831972143	0.34439505964344486	140.55555555555554	150681.66666666666	NA	9	1	17	1	92	2	92	1.0	1.0	0.5278959988823944	True	True	False	False	P↔T	P_A__T_B	PT:group_5893--eno	148	7014.0	0.3872508087143199	0.4707294104569887	0.5278959988823944	0.9998574280011405	True
3700920	1285	1406	group_4825	group_3896	PT	0.5233850054371224	0.7891634838885607	162.9	149216.5625	0.070753634	80	1	0	1	9	2	9	1.0	1.0	0.5229541676739113	True	True	False	False	P↔T	P_A__T_B	PT:group_4825--group_3896	153	7357.0	0.3875685866379974	0.461561628741317	0.5229541676739113	0.9990485252140818	True
3753646	1308	2957	ftsH4	glnP_1	PT	0.5348705138517722	0.34645425290851467	179.0	184857.2857142857	NA	14	1	1	1	93	2	93	1.0	1.0	0.5287792974125534	True	True	False	False	P↔T	P_A__T_B	PT:ftsH4--glnP_1	156	7473.0	0.3899028010488324	0.473850126100351	0.5287792974125534	0.9994647397296935	True
3753759	1308	3070	ftsH4	rlmL	PT	0.5217693220495154	0.3107200761175986	350.4	344782.3	NA	20	1	20	1	90	2	90	1.0	1.0	0.5153106261467447	True	True	False	False	P↔T	P_A__T_B	PT:ftsH4--rlmL	178	1999.0	0.4306926575160151	0.47809614104960807	0.5153106261467447	0.9994997498749375	True
3753980	1308	3291	ftsH4	tcyN	PT	0.5931148824214013	0.4422741807572688	199.33333333333334	197558.55555555556	NA	9	1	3	1	92	2	92	1.0	1.0	0.5724348833960944	True	True	False	False	P↔T	P_A__T_B	PT:ftsH4--tcyN	159	6639.0	0.3978346012983011	0.4785392022326528	0.5724348833960944	0.9993974996234373	True
3754192	1308	3503	ftsH4	glyS	PT	0.541529069223499	0.317649181002561	194.66666666666666	193085.11111111112	NA	9	1	7	1	96	2	96	1.0	1.0	0.5413618801996942	True	True	False	False	P↔T	P_A__T_B	PT:ftsH4--glyS	158	7119.0	0.40751075935490166	0.4786089151492017	0.5413618801996942	0.9990167158308751	True
3858611	1356	2826	group_1077	thrC	PT	0.56086892914505	0.3597460945488163	144.8181818181818	142266.81818181818	NA	11	1	15	1	94	2	94	1.0	1.0	0.5319567578769561	True	True	False	False	P↔T	P_A__T_B	PT:group_1077--thrC	149	7270.0	0.39273772892798514	0.47759800837721783	0.5319567578769561	0.9995873452544705	True
3858620	1356	2835	group_1077	rnhC	PT	0.5541156221913882	0.3323141420381459	171.0	174762.41666666666	NA	12	1	6	1	94	2	94	1.0	1.0	0.546038452356308	True	True	False	False	P↔T	P_A__T_B	PT:group_1077--rnhC	154	7155.0	0.4005528880979349	0.47750188380058434	0.546038452356308	0.9993011879804332	True
3858648	1356	2863	group_1077	ydfG	PT	0.5227440254736547	0.3331739835399258	111.9090909090909	109323.0	NA	11	1	5	1	95	2	95	1.0	1.0	0.5223882377413513	True	True	False	False	P↔T	P_A__T_B	PT:group_1077--ydfG	140	7343.0	0.3911716732582963	0.4619817890418844	0.5223882377413513	0.9990467111534795	True
3858676	1356	2891	group_1077	paaI	PT	0.5520136913262651	0.34484151778322075	213.34782608695653	215979.52173913043	NA	23	1	7	1	96	2	96	1.0	1.0	0.5417174321406638	True	True	False	False	P↔T	P_A__T_B	PT:group_1077--paaI	161	6396.0	0.40269179499689234	0.4716752021482288	0.5417174321406638	0.9992182614133833	True
3858712	1356	2927	group_1077	ybbH	PT	0.5653374319168547	0.3621104361304926	157.08695652173913	160598.04347826086	NA	23	1	13	1	84	2	84	1.0	1.0	0.5418130524014179	True	True	False	False	P↔T	P_A__T_B	PT:group_1077--ybbH	151	7301.0	0.3921240553854216	0.4786156708682058	0.5418130524014179	0.9993151623065334	True
3858879	1356	3094	group_1077	pncB2	PT	0.5526093502527403	0.3483371487331229	134.0	131438.0	NA	7	1	2	1	83	2	83	1.0	1.0	0.5407323985278885	True	True	False	False	P↔T	P_A__T_B	PT:group_1077--pncB2	146	7243.0	0.3985379884054626	0.4711160910096245	0.5407323985278885	0.9993096783100925	True
3858973	1356	3188	group_1077	accA	PT	0.544905596589731	0.3276046005024061	174.66666666666666	178313.16666666666	NA	12	1	16	1	96	2	96	1.0	1.0	0.5276160322713785	True	True	False	False	P↔T	P_A__T_B	PT:group_1077--accA	155	7412.0	0.38892000468947596	0.4653771741862497	0.5276160322713785	0.9995952509444145	True
3859046	1356	3261	group_1077	prfC	PT	0.5551891713860055	0.32179591483018766	236.85714285714286	241847.42857142858	NA	7	1	22	1	95	2	95	1.0	1.0	0.531299325178733	True	True	False	False	P↔T	P_A__T_B	PT:group_1077--prfC	165	5181.0	0.4055404470708287	0.47828381926891644	0.531299325178733	0.9998069870681335	True
3859064	1356	3279	group_1077	relA	PT	0.558400038233449	0.3970222389617257	146.82608695652175	147040.21739130435	NA	23	1	4	1	90	2	90	1.0	1.0	0.5319567578769561	True	True	False	False	P↔T	P_A__T_B	PT:group_1077--relA	149	7270.0	0.39273772892798514	0.47759800837721783	0.5319567578769561	0.9994497936726272	True
3859068	1356	3283	group_1077	tgt	PT	0.5636896759358604	0.346545976169089	145.54545454545453	143117.72727272726	NA	11	1	12	1	94	2	94	1.0	1.0	0.5319567578769561	True	True	False	False	P↔T	P_A__T_B	PT:group_1077--tgt	149	7270.0	0.39273772892798514	0.47759800837721783	0.5319567578769561	0.9997248968363136	True
3859132	1356	3347	group_1077	spsB	PT	0.5482519767402579	0.3438648932363313	170.83333333333334	174767.33333333334	NA	12	1	12	1	93	2	93	1.0	1.0	0.546038452356308	True	True	False	False	P↔T	P_A__T_B	PT:group_1077--spsB	154	7155.0	0.4005528880979349	0.47750188380058434	0.546038452356308	0.9991614255765199	True
3859206	1356	3421	group_1077	aroF	PT	0.5242204416809662	0.3276079079207865	166.56521739130434	171407.69565217392	NA	23	1	17	1	87	2	87	1.0	1.0	0.5229541676739113	True	True	False	False	P↔T	P_A__T_B	PT:group_1077--aroF	153	7357.0	0.3875685866379974	0.461561628741317	0.5229541676739113	0.9991844501834987	True
3862401	1358	2287	group_1322	group_4266	PT	0.6268694575724264	0.7395695833710968	131.06451612903226	123747.06451612903	0.11616103	31	0	2	3	8	2	4	0.5	2.4615386	0.5349641700005964	True	True	True	True	P↔T	P_A__T_B	PT:group_1322--group_4266	145	7304.0	0.3878549399318433	0.47243878077081425	0.5349641700005964	1.0	True
3899650	1375	2901	group_4450	sorB	PT	0.5336256711601667	0.4965009125331588	181.2183908045977	161308.8735632184	NA	87	0	1	14	68	13	34	0.5	3.4977307	0.5287792974125534	True	True	True	True	P↔T	P_A__T_B	PT:group_4450--sorB	156	7473.0	0.3899028010488324	0.473850126100351	0.5287792974125534	0.9991971095945403	True
3918853	1384	2826	group_4444	thrC	PT	0.5354084414706692	0.3447650940734848	287.3333333333333	286909.44444444444	NA	9	1	15	1	94	2	94	1.0	1.0	0.517793164531963	True	True	False	False	P↔T	P_A__T_B	PT:group_4444--thrC	171	3852.0	0.41346459786437395	0.4738879625483933	0.517793164531963	1.0	True
3918928	1384	2901	group_4444	sorB	PT	0.5535558547737731	0.5126908755091831	158.85454545454544	176875.70909090908	NA	55	1	2	1	85	2	85	1.0	1.0	0.5235805508804294	True	True	False	False	P↔T	P_A__T_B	PT:group_4444--sorB	152	7432.0	0.3944546112106894	0.4644477840770286	0.5235805508804294	0.9997308934337998	True
3919033	1384	3006	group_4444	exoA	PT	0.5437113362150959	0.33000530641703	423.0	424915.8	NA	15	1	6	1	95	2	95	1.0	1.0	0.5367770164026828	True	True	False	False	P↔T	P_A__T_B	PT:group_4444--exoA	184	631.0	0.4242595397957824	0.49839482717872796	0.5367770164026828	1.0	True
3919221	1384	3194	group_4444	adhE	PT	0.517973380595243	0.32036005800338235	311.3333333333333	308301.0	NA	9	1	0	1	88	2	88	1.0	1.0	0.5165281309090163	True	True	False	False	P↔T	P_A__T_B	PT:group_4444--adhE	174	2770.0	0.41357427129786367	0.4791488749926245	0.5165281309090163	0.9992779783393502	True
3919310	1384	3283	group_4444	tgt	PT	0.5444353855419852	0.33554155220905557	289.8888888888889	289512.3333333333	NA	9	1	12	1	94	2	94	1.0	1.0	0.538637613543026	True	True	False	False	P↔T	P_A__T_B	PT:group_4444--tgt	172	3348.0	0.4155455576610918	0.4910481058387643	0.538637613543026	0.9994026284348865	True
3929659	1389	2957	yihX	glnP_1	PT	0.5363415055055896	0.3491060715158052	115.83333333333333	113392.66666666667	NA	6	1	1	2	93	2	92	0.9892473	1.0217366	0.5316533189375846	True	True	True	True	P↔T	P_A__T_B	PT:yihX--glnP_1	141	7395.0	0.3871496933098411	0.47030095213421264	0.5316533189375846	0.9997295469912103	True
3944562	1396	2957	malI	glnP_1	PT	0.5318143247257864	0.3462732889996844	115.16666666666667	113016.16666666667	NA	6	1	1	2	93	2	92	0.9892473	1.0217366	0.5316533189375846	True	True	True	True	P↔T	P_A__T_B	PT:malI--glnP_1	141	7395.0	0.3871496933098411	0.47030095213421264	0.5316533189375846	0.999053414469236	True
3961856	1404	3279	group_2046	relA	PT	0.5272147852280138	0.37744237321728213	137.08641975308643	140081.24691358025	NA	81	1	4	1	90	2	90	1.0	1.0	0.5185137616003813	True	True	False	False	P↔T	P_A__T_B	PT:group_2046--relA	147	7193.0	0.3914997417947871	0.46727837387359594	0.5185137616003813	0.9993048797441958	True
3967760	1407	2835	group_4084	rnhC	PT	0.5307859013609991	0.31963571462655743	348.22222222222223	331995.27777777775	NA	18	1	6	1	94	2	94	1.0	1.0	0.5153106261467447	True	True	False	False	P↔T	P_A__T_B	PT:group_4084--rnhC	178	1999.0	0.4306926575160151	0.47809614104960807	0.5153106261467447	1.0	True
3972109	1409	2957	group_6001	glnP_1	PT	0.5452289525687529	0.3552504210190126	117.83333333333333	115347.5	NA	6	1	1	2	93	2	92	0.9892473	1.0217366	0.5405748341731146	True	True	True	True	P↔T	P_A__T_B	PT:group_6001--glnP_1	142	7405.0	0.3975290926622001	0.4820870544336064	0.5405748341731146	0.9993247805536799	True
4003628	1424	2901	group_4078	sorB	PT	0.544526475439556	0.5047965515151777	222.73493975903614	200112.02409638555	NA	83	1	2	1	84	2	84	1.0	1.0	0.5413836004686878	True	True	False	False	P↔T	P_A__T_B	PT:group_4078--sorB	163	5948.0	0.39222965366257195	0.46771821073727887	0.5413836004686878	0.9994956287827841	True
4005725	1425	2901	group_5992	sorB	PT	0.544526475439556	0.5047965515151777	219.73493975903614	197852.6987951807	NA	83	1	2	1	84	2	84	1.0	1.0	0.5340649006682804	True	True	False	False	P↔T	P_A__T_B	PT:group_5992--sorB	162	6229.0	0.3950004171278652	0.4754701501436089	0.5340649006682804	0.9991973029378712	True
4012010	1428	2901	group_5414	sorB	PT	0.5618337906068256	0.5210025524746941	221.73493975903614	198840.8674698795	NA	83	1	2	1	84	2	84	1.0	1.0	0.5413836004686878	True	True	False	False	P↔T	P_A__T_B	PT:group_5414--sorB	163	5948.0	0.39222965366257195	0.46771821073727887	0.5413836004686878	1.0	True
4012370	1428	3261	group_5414	prfC	PT	0.5193928418433682	0.3034722128557937	317.6875	298972.8	NA	80	1	22	1	94	2	94	1.0	1.0	0.5153361345577364	True	True	False	False	P↔T	P_A__T_B	PT:group_5414--prfC	175	2542.0	0.4065702476086075	0.4697852628526343	0.5153361345577364	0.9996066089693155	True
4014103	1429	2901	group_5993	sorB	PT	0.5426976757743505	0.503101185346503	220.73493975903614	198415.65060240965	NA	83	1	2	1	84	2	84	1.0	1.0	0.5413836004686878	True	True	False	False	P↔T	P_A__T_B	PT:group_5993--sorB	163	5948.0	0.39222965366257195	0.46771821073727887	0.5413836004686878	0.9991593813046402	True
4014463	1429	3261	group_5993	prfC	PT	0.5207126473412881	0.3042433522761436	316.6875	298558.575	NA	80	1	22	1	94	2	94	1.0	1.0	0.5165281309090163	True	True	False	False	P↔T	P_A__T_B	PT:group_5993--prfC	174	2770.0	0.41357427129786367	0.4791488749926245	0.5165281309090163	0.9996389891696751	True
4060274	1451	3279	group_3714	relA	PT	0.5343867285811688	0.38646322033987407	140.3181818181818	131014.22727272728	NA	22	1	4	1	90	2	90	1.0	1.0	0.5278959988823944	True	True	False	False	P↔T	P_A__T_B	PT:group_3714--relA	148	7014.0	0.3872508087143199	0.4707294104569887	0.5278959988823944	0.9992871400057028	True
4060357	1451	3362	group_3714	fabF	PT	0.5258454323743088	0.40135387964380326	201.44444444444446	196162.3777777778	NA	90	1	7	1	96	2	96	1.0	1.0	0.5252361461537143	True	True	False	False	P↔T	P_A__T_B	PT:group_3714--fabF	160	6267.0	0.4018437936070797	0.4723210133605855	0.5252361461537143	0.9990426041168023	True
4068548	1455	3279	group_1989	relA	PT	0.5343867285811688	0.38646322033987407	138.6818181818182	130385.63636363637	NA	22	1	4	1	90	2	90	1.0	1.0	0.5185137616003813	True	True	False	False	P↔T	P_A__T_B	PT:group_1989--relA	147	7193.0	0.3914997417947871	0.46727837387359594	0.5185137616003813	0.9995829278465175	True
4129640	1485	2826	group_4891	thrC	PT	0.5558847686562488	0.36230627111578984	188.08333333333334	178497.16666666666	NA	12	1	15	1	94	2	94	1.0	1.0	0.5463577586943603	True	True	False	False	P↔T	P_A__T_B	PT:group_4891--thrC	157	7369.0	0.39746671270646744	0.47722938257552205	0.5463577586943603	0.999457185506853	True
4130004	1485	3190	group_4891	marR	PT	0.5729025890486326	0.6196710474166676	195.4375	191739.7	NA	80	1	3	1	95	2	95	1.0	1.0	0.5724348833960944	True	True	False	False	P↔T	P_A__T_B	PT:group_4891--marR	159	6639.0	0.3978346012983011	0.4785392022326528	0.5724348833960944	0.9990962494351558	True
4130093	1485	3279	group_4891	relA	PT	0.5471279110429447	0.3976141378769413	147.0	136842.85714285713	NA	21	1	4	1	90	2	90	1.0	1.0	0.5319567578769561	True	True	False	False	P↔T	P_A__T_B	PT:group_4891--relA	149	7270.0	0.39273772892798514	0.47759800837721783	0.5319567578769561	0.9991746905089408	True
4130197	1485	3383	group_4891	polA	PT	0.5326384094802524	0.34946358423124946	148.41666666666666	142346.25	NA	12	1	5	1	91	2	91	1.0	1.0	0.5237519847899347	True	True	False	False	P↔T	P_A__T_B	PT:group_4891--polA	150	7437.0	0.3911741891394638	0.4657936908457945	0.5237519847899347	0.9991932230738201	True
4228613	1534	3211	gutB	araD	PT	0.484663622693381	0.30932055215188115	480.5	455246.25	NA	8	1	6	1	95	2	95	1.0	1.0	0.4835582655421094	True	True	False	False	P↔T	P_A__T_B	PT:gutB--araD	188	443.0	0.37946584952387863	0.4163101131281514	0.48355826554210946	1.0	True
4260264	1550	3190	Int-Tn_1	marR	PT	0.5729025890486326	0.6196710474166676	209.425	202892.6125	NA	80	1	3	1	95	2	95	1.0	1.0	0.5417174321406638	True	True	False	False	P↔T	P_A__T_B	PT:Int-Tn_1--marR	161	6396.0	0.40269179499689234	0.4716752021482288	0.5417174321406638	0.9995309568480301	True
4287418	1564	2841	group_2056	tabA_1	PT	0.5751008786276031	0.6988475174028916	129.6	129758.2	NA	5	1	0	1	39	8	39	1.0	1.0	0.5349641700005964	True	True	False	False	P↔T	P_A__T_B	PT:group_2056--tabA_1	145	7304.0	0.3878549399318433	0.47243878077081425	0.5349641700005964	0.9995892661555312	True
4287868	1564	3291	group_2056	tcyN	PT	0.5709609547423844	0.42768575336315406	237.71428571428572	237134.0	NA	7	1	1	3	56	9	49	0.875	1.290535	0.531299325178733	True	True	True	True	P↔T	P_A__T_B	PT:group_2056--tcyN	165	5181.0	0.4055404470708287	0.47828381926891644	0.531299325178733	1.0	True
4288821	1565	2287	group_2856	group_4266	PT	0.6268694575724264	0.7395695833710968	269.53846153846155	287091.6923076923	0.079943776	13	0	2	3	8	2	4	0.5	2.4615386	0.6087443308342555	True	True	True	True	P↔T	P_A__T_B	PT:group_2856--group_4266	169	4479.0	0.40207819214322427	0.4730930617839842	0.6087443308342555	0.9991069435141773	True
4330301	1586	2901	group_1962	sorB	PT	0.5490131061055475	0.5099579757521416	301.9	283702.25	NA	20	1	2	1	84	2	84	1.0	1.0	0.546391606804913	True	True	False	False	P↔T	P_A__T_B	PT:group_1962--sorB	173	3102.0	0.4202058119151096	0.4872892599227348	0.546391606804913	0.9993552546744036	True
4334459	1588	3190	group_3705	marR	PT	0.5837166809656091	0.6322366250960524	204.425	198816.5625	NA	80	1	3	1	95	2	95	1.0	1.0	0.5252361461537143	True	True	False	False	P↔T	P_A__T_B	PT:group_3705--marR	160	6267.0	0.4018437936070797	0.4723210133605855	0.5252361461537143	0.9996808680389341	True
4337960	1590	2826	group_5408	thrC	PT	0.5313263882152133	0.35038698777356087	238.0	223865.75	NA	8	1	15	1	94	2	94	1.0	1.0	0.531299325178733	True	True	False	False	P↔T	P_A__T_B	PT:group_5408--thrC	165	5181.0	0.4055404470708287	0.47828381926891644	0.531299325178733	0.9990349353406678	True
4338324	1590	3190	group_5408	marR	PT	0.5837166809656091	0.6322366250960524	200.425	194992.6375	NA	80	1	3	1	95	2	95	1.0	1.0	0.5724348833960944	True	True	False	False	P↔T	P_A__T_B	PT:group_5408--marR	159	6639.0	0.3978346012983011	0.4785392022326528	0.5724348833960944	0.9992468745292966	True
4396817	1621	2287	group_2872	group_4266	PT	0.6268694575724264	0.7395695833710968	245.9090909090909	246876.18181818182	0.08593537	11	0	2	3	8	2	4	0.5	2.4615386	0.5193783119600369	True	True	True	True	P↔T	P_A__T_B	PT:group_2872--group_4266	166	5137.0	0.3932103505718579	0.46372119274965456	0.5193783119600369	1.0	True
4425756	1636	2831	group_1743	divIB	PT	0.24455987828954145	0.15461776128866148	619.3333333333334	636754.0	NA	6	1	17	1	35	13	35	1.0	1.0	0.2440720893552544	True	True	False	False	P↔T	P_A__T_B	PT:group_1743--divIB	197	130.0	0.22369635341587024	0.23828814813124233	0.24407208935525446	1.0	True
4429595	1638	2901	group_2704	sorB	PT	0.5639572287505837	0.5225506256974093	157.11111111111111	173731.62962962964	NA	54	1	2	1	85	2	85	1.0	1.0	0.5418130524014179	True	True	False	False	P↔T	P_A__T_B	PT:group_2704--sorB	151	7301.0	0.3921240553854216	0.4786156708682058	0.5418130524014179	0.99917819476784	True
4433649	1640	3190	group_4892	marR	PT	0.5776478096611963	0.624803640432338	208.425	202360.475	NA	80	1	3	1	95	2	95	1.0	1.0	0.5417174321406638	True	True	False	False	P↔T	P_A__T_B	PT:group_4892--marR	161	6396.0	0.40269179499689234	0.4716752021482288	0.5417174321406638	0.9996873045653534	True
4454285	1651	3190	group_5412	marR	PT	0.5837166809656091	0.6322366250960524	207.425	201190.35	NA	80	1	3	1	95	2	95	1.0	1.0	0.5417174321406638	True	True	False	False	P↔T	P_A__T_B	PT:group_5412--marR	161	6396.0	0.40269179499689234	0.4716752021482288	0.5417174321406638	0.9998436522826767	True
4463326	1656	2891	group_3419	paaI	PT	0.5160939921866251	0.33319472656416027	321.15	316365.3	NA	20	1	7	1	96	2	96	1.0	1.0	0.5153361345577364	True	True	False	False	P↔T	P_A__T_B	PT:group_3419--paaI	175	2542.0	0.4065702476086075	0.4697852628526343	0.5153361345577364	0.999213217938631	True
4463625	1656	3190	group_3419	marR	PT	0.5837166809656091	0.6322366250960524	194.4375	190853.85	NA	80	1	3	1	95	2	95	1.0	1.0	0.5413618801996942	True	True	False	False	P↔T	P_A__T_B	PT:group_3419--marR	158	7119.0	0.40751075935490166	0.4786089151492017	0.5413618801996942	0.9995785924989464	True
4471079	1660	3190	group_5411	marR	PT	0.5837166809656091	0.6322366250960524	206.425	200041.7375	NA	80	1	3	1	95	2	95	1.0	1.0	0.5252361461537143	True	True	False	False	P↔T	P_A__T_B	PT:group_5411--marR	160	6267.0	0.4018437936070797	0.4723210133605855	0.5252361461537143	0.9998404340194671	True
4474901	1662	3291	group_5565	tcyN	PT	0.5238800383831655	0.39296132160982084	148.92	143654.52	NA	25	1	7	1	43	8	43	1.0	1.0	0.5237519847899347	True	True	False	False	P↔T	P_A__T_B	PT:group_5565--tcyN	150	7437.0	0.3911741891394638	0.4657936908457945	0.5237519847899347	0.9990587602527901	True
4476370	1663	2901	group_5991	sorB	PT	0.5275765519575036	0.48908333405356696	126.45454545454545	114409.375	NA	88	1	2	1	85	2	85	1.0	1.0	0.5201689320844887	True	True	False	False	P↔T	P_A__T_B	PT:group_5991--sorB	144	7342.0	0.38556350821089364	0.468443024335511	0.5201689320844887	0.999591391991283	True
4476659	1663	3190	group_5991	marR	PT	0.5837166809656091	0.6322366250960524	202.425	197078.925	NA	80	1	3	1	95	2	95	1.0	1.0	0.5252361461537143	True	True	False	False	P↔T	P_A__T_B	PT:group_5991--marR	160	6267.0	0.4018437936070797	0.4723210133605855	0.5252361461537143	1.0	True
4534716	1695	2287	argH	group_4266	PT	0.6268694575724264	0.7395695833710968	163.79166666666666	154006.79166666666	0.06638675	24	0	2	3	8	2	4	0.5	2.4615386	0.5229541676739113	True	True	True	True	P↔T	P_A__T_B	PT:argH--group_4266	153	7357.0	0.3875685866379974	0.461561628741317	0.5229541676739113	1.0	True
4545657	1701	2287	group_6020	group_4266	PT	0.6268694575724264	0.7395695833710968	207.92307692307693	224475.23076923078	0.083366744	13	0	2	3	8	2	4	0.5	2.4615386	0.5417174321406638	True	True	True	True	P↔T	P_A__T_B	PT:group_6020--group_4266	161	6396.0	0.40269179499689234	0.4716752021482288	0.5417174321406638	1.0	True
4546757	1701	3387	group_6020	proS	PT	0.5700766184912238	0.38279405699193664	231.46153846153845	254356.15384615384	NA	13	1	0	1	61	3	61	1.0	1.0	0.5397237085463444	True	True	False	False	P↔T	P_A__T_B	PT:group_6020--proS	164	5481.0	0.3984892490229369	0.478419404054818	0.5397237085463444	0.9998175515416895	True
4622139	1743	3190	group_4895	marR	PT	0.5429788119089445	0.5873044659466728	343.5882352941176	329159.1176470588	NA	17	1	3	1	94	2	94	1.0	1.0	0.5429788119089445	True	True	False	False	P↔T	P_A__T_B	PT:group_4895--marR	177	2116.0	0.4323586248143557	0.4904347943867734	0.5429788119089445	0.9985822306238186	True
4639874	1753	3190	group_5422	marR	PT	0.5429788119089445	0.5873044659466728	342.5882352941176	328458.5882352941	NA	17	1	3	1	94	2	94	1.0	1.0	0.5429788119089445	True	True	False	False	P↔T	P_A__T_B	PT:group_5422--marR	177	2116.0	0.4323586248143557	0.4904347943867734	0.5429788119089445	0.999054820415879	True
4690451	1782	2901	tetM	sorB	PT	0.5632308480397528	0.5231643105661956	275.4117647058824	256776.64705882352	NA	17	1	2	1	84	2	84	1.0	1.0	0.5572412141756375	True	True	False	False	P↔T	P_A__T_B	PT:tetM--sorB	170	4350.0	0.41698755685469835	0.48456443129473364	0.5572412141756375	0.9993103448275862	True
4690740	1782	3190	tetM	marR	PT	0.5926529703045242	0.644676618533699	334.52941176470586	320641.70588235295	NA	17	1	3	1	94	2	94	1.0	1.0	0.5460806404260556	True	True	False	False	P↔T	P_A__T_B	PT:tetM--marR	176	2453.0	0.4306587226759392	0.47528611287123	0.5460806404260556	1.0	True
4693138	1784	2111	group_3921	group_2974	PT	0.4257054994342201	0.48656774443562506	572.375	585815.875	0.1373417	8	0	1	1	6	4	6	1.0	1.0	0.411028222235786	True	True	False	False	P↔T	P_A__T_B	PT:group_3921--group_2974	194	171.0	0.22314653094897086	0.288757879590369	0.411028222235786	1.0	True
4693314	1784	2287	group_3921	group_4266	PT	0.6268694575724264	0.7395695833710968	341.8333333333333	361045.0833333333	0.06723683	12	0	2	3	8	2	4	0.5	2.4615386	0.5429788119089445	True	True	True	True	P↔T	P_A__T_B	PT:group_3921--group_4266	177	2116.0	0.4323586248143557	0.4904347943867734	0.5429788119089445	1.0	True
4708085	1792	3190	group_3724	marR	PT	0.575862404675935	0.6254990775079784	345.5882352941176	331377.5294117647	NA	17	1	3	1	94	2	94	1.0	1.0	0.5429788119089445	True	True	False	False	P↔T	P_A__T_B	PT:group_3724--marR	177	2116.0	0.4323586248143557	0.4904347943867734	0.5429788119089445	0.9995274102079396	True
4711183	1794	2831	group_4985	divIB	PT	0.24835770906105376	0.15966578208160787	612.3333333333334	633973.5	NA	6	1	17	1	35	13	35	1.0	1.0	0.247702150029546	True	True	False	False	P↔T	P_A__T_B	PT:group_4985--divIB	196	140.0	0.23520440472222423	0.2429928620967598	0.24770215002954604	1.0	True
4716431	1797	2901	group_1754	sorB	PT	0.5308975649222357	0.4939626027969063	388.89473684210526	379098.2631578947	NA	19	1	2	1	82	2	82	1.0	1.0	0.5308975649222357	True	True	False	False	P↔T	P_A__T_B	PT:group_1754--sorB	181	1218.0	0.40575704862652495	0.46238348092565246	0.5308975649222357	0.9983579638752053	True
4767102	1827	2287	group_1172	group_4266	PT	0.5193783119600369	0.6033051349009347	244.9090909090909	246355.9090909091	0.07693357	11	0	2	3	8	2	4	0.5	2.4615386	0.5193783119600369	True	True	True	True	P↔T	P_A__T_B	PT:group_1172--group_4266	166	5137.0	0.3932103505718579	0.46372119274965456	0.5193783119600369	0.9988320031146584	True
4822476	1860	2287	group_1186	group_4266	PT	0.6268694575724264	0.7395695833710968	161.94736842105263	172616.36842105264	0.049427133	19	0	2	3	8	2	4	0.5	2.4615386	0.5235805508804294	True	True	True	True	P↔T	P_A__T_B	PT:group_1186--group_4266	152	7432.0	0.3944546112106894	0.4644477840770286	0.5235805508804294	1.0	True
4834696	1867	2901	group_4451	sorB	PT	0.5308975649222357	0.4939626027969063	389.89473684210526	380170.94736842107	NA	19	1	2	1	82	2	82	1.0	1.0	0.5308975649222357	True	True	False	False	P↔T	P_A__T_B	PT:group_4451--sorB	181	1218.0	0.40575704862652495	0.46238348092565246	0.5308975649222357	0.9991789819376026	True
4834985	1867	3190	group_4451	marR	PT	0.5539500225459748	0.6034730910811628	446.3157894736842	439561.94736842107	NA	19	1	3	1	92	2	92	1.0	1.0	0.5471977670129914	True	True	False	False	P↔T	P_A__T_B	PT:group_4451--marR	186	601.0	0.44003857903196014	0.5101737365128187	0.5471977670129914	1.0	True
4837389	1869	2287	group_5527	group_4266	PT	0.6268694575724264	0.7395695833710968	188.78571428571428	205020.35714285713	0.05374972	14	0	2	3	8	2	4	0.5	2.4615386	0.5463577586943603	True	True	True	True	P↔T	P_A__T_B	PT:group_5527--group_4266	157	7369.0	0.39746671270646744	0.47722938257552205	0.5463577586943603	0.9998642963767133	True
4913952	1916	2287	group_3103	group_4266	PT	0.5193783119600369	0.6033051349009347	246.9090909090909	247468.36363636365	0.05856729	11	0	2	3	8	2	4	0.5	2.4615386	0.5193783119600369	True	True	True	True	P↔T	P_A__T_B	PT:group_3103--group_4266	166	5137.0	0.3932103505718579	0.46372119274965456	0.5193783119600369	0.9990266692622153	True
5026123	1987	2988	group_4509	radA	PT	0.28241269562269244	0.18487960083500748	583.375	613446.375	NA	8	1	4	2	35	13	29	0.82857144	1.3968073	0.2805224762385984	True	True	True	True	P↔T	P_A__T_B	PT:group_4509--radA	195	279.0	0.21682445067166092	0.22734752587147078	0.28052247623859844	1.0	True
5033082	1992	2287	group_5452	group_4266	PT	0.6268694575724264	0.7395695833710968	201.13333333333333	194780.06666666668	0.042270612	15	0	2	3	8	2	4	0.5	2.4615386	0.5724348833960944	True	True	True	True	P↔T	P_A__T_B	PT:group_5452--group_4266	159	6639.0	0.3978346012983011	0.4785392022326528	0.5724348833960944	0.9995481247175779	True
5033626	1992	2831	group_5452	divIB	PT	0.3644570925661555	0.23886140724371807	533.75	557189.5	NA	8	1	17	1	37	13	37	1.0	1.0	0.3644570925661555	True	True	False	False	P↔T	P_A__T_B	PT:group_5452--divIB	192	189.0	0.29591848991926345	0.3607773132949873	0.3644570925661555	0.9947089947089947	True
5034611	1993	2287	group_6043	group_4266	PT	0.6268694575724264	0.7395695833710968	200.13333333333333	194069.2	0.042270612	15	0	2	3	8	2	4	0.5	2.4615386	0.5724348833960944	True	True	True	True	P↔T	P_A__T_B	PT:group_6043--group_4266	159	6639.0	0.3978346012983011	0.4785392022326528	0.5724348833960944	0.9996987498117186	True
5035155	1993	2831	group_6043	divIB	PT	0.3644570925661555	0.23886140724371807	532.75	556640.25	NA	8	1	17	1	37	13	37	1.0	1.0	0.3644570925661555	True	True	False	False	P↔T	P_A__T_B	PT:group_6043--divIB	192	189.0	0.29591848991926345	0.3607773132949873	0.3644570925661555	1.0	True
5043764	1999	2287	group_4105	group_4266	PT	0.6268694575724264	0.7395695833710968	199.13333333333333	193011.0	0.041652247	15	0	2	3	8	2	4	0.5	2.4615386	0.5724348833960944	True	True	True	True	P↔T	P_A__T_B	PT:group_4105--group_4266	159	6639.0	0.3978346012983011	0.4785392022326528	0.5724348833960944	0.9998493749058593	True
5048327	2002	2287	maa	group_4266	PT	0.6268694575724264	0.7395695833710968	197.13333333333333	187995.53333333333	0.041830365	15	0	2	3	8	2	4	0.5	2.4615386	0.5724348833960944	True	True	True	True	P↔T	P_A__T_B	PT:maa--group_4266	159	6639.0	0.3978346012983011	0.4785392022326528	0.5724348833960944	1.0	True
5055912	2007	2287	licC_3	group_4266	PT	0.6268694575724264	0.7395695833710968	157.14285714285714	166960.66666666666	0.04173715	21	0	2	3	8	2	4	0.5	2.4615386	0.5418130524014179	True	True	True	True	P↔T	P_A__T_B	PT:licC_3--group_4266	151	7301.0	0.3921240553854216	0.4786156708682058	0.5418130524014179	0.9998630324613067	True
5103864	2039	2287	group_6045	group_4266	PT	0.6268694575724264	0.7395695833710968	192.13333333333333	183169.6	0.0421258	15	0	2	3	8	2	4	0.5	2.4615386	0.5413618801996942	True	True	True	True	P↔T	P_A__T_B	PT:group_6045--group_4266	158	7119.0	0.40751075935490166	0.4786089151492017	0.5413618801996942	1.0	True
5111264	2044	2287	group_3157	group_4266	PT	0.6268694575724264	0.7395695833710968	268.6363636363636	260380.63636363635	0.044712648	11	0	2	3	8	2	4	0.5	2.4615386	0.6087443308342555	True	True	True	True	P↔T	P_A__T_B	PT:group_3157--group_4266	169	4479.0	0.40207819214322427	0.4730930617839842	0.6087443308342555	0.999330207635633	True
5133314	2059	2287	group_3144	group_4266	PT	0.6268694575724264	0.7395695833710968	273.8	270496.9	0.044014253	10	0	2	3	8	2	4	0.5	2.4615386	0.5572412141756375	True	True	True	True	P↔T	P_A__T_B	PT:group_3144--group_4266	170	4350.0	0.41698755685469835	0.48456443129473364	0.5572412141756375	1.0	True
5270472	2156	2287	group_3469	group_4266	PT	0.6268694575724264	0.7395695833710968	251.1	253508.7	0.034890436	10	0	2	3	8	2	4	0.5	2.4615386	0.585342065690689	True	True	True	True	P↔T	P_A__T_B	PT:group_3469--group_4266	167	4861.0	0.39145679725215143	0.46645311733563194	0.585342065690689	0.9993828430364122	True
5274564	2159	2287	group_4136	group_4266	PT	0.6268694575724264	0.7395695833710968	250.1	252864.9	0.034890436	10	0	2	3	8	2	4	0.5	2.4615386	0.585342065690689	True	True	True	True	P↔T	P_A__T_B	PT:group_4136--group_4266	167	4861.0	0.39145679725215143	0.46645311733563194	0.585342065690689	0.9995885620242748	True
5277287	2161	2287	group_4951	group_4266	PT	0.6268694575724264	0.7395695833710968	252.33333333333334	256151.33333333334	0.034890436	9	0	2	3	8	2	4	0.5	2.4615386	0.585342065690689	True	True	True	True	P↔T	P_A__T_B	PT:group_4951--group_4266	167	4861.0	0.39145679725215143	0.46645311733563194	0.585342065690689	0.9997942810121374	True
5278647	2162	2287	group_4952	group_4266	PT	0.6268694575724264	0.7395695833710968	263.8	264342.2	0.034890436	10	0	2	3	8	2	4	0.5	2.4615386	0.6268694575724264	True	True	True	True	P↔T	P_A__T_B	PT:group_4952--group_4266	168	4612.0	0.39201979489926325	0.4617603086912223	0.6268694575724264	0.998915871639202	True
5280006	2163	2287	group_5505	group_4266	PT	0.6268694575724264	0.7395695833710968	259.8	260546.8	0.034890436	10	0	2	3	8	2	4	0.5	2.4615386	0.6268694575724264	True	True	True	True	P↔T	P_A__T_B	PT:group_5505--group_4266	168	4612.0	0.39201979489926325	0.4617603086912223	0.6268694575724264	0.9991326973113617	True
5281364	2164	2287	group_5506	group_4266	PT	0.6268694575724264	0.7395695833710968	260.8	261703.0	0.034890436	10	0	2	3	8	2	4	0.5	2.4615386	0.6268694575724264	True	True	True	True	P↔T	P_A__T_B	PT:group_5506--group_4266	168	4612.0	0.39201979489926325	0.4617603086912223	0.6268694575724264	0.9993495229835212	True
5282721	2165	2287	group_5508	group_4266	PT	0.6268694575724264	0.7395695833710968	265.8	266457.9	0.034890436	10	0	2	3	8	2	4	0.5	2.4615386	0.6087443308342555	True	True	True	True	P↔T	P_A__T_B	PT:group_5508--group_4266	169	4479.0	0.40207819214322427	0.4730930617839842	0.6087443308342555	0.9995534717570886	True
5284077	2166	2287	group_6135	group_4266	PT	0.6268694575724264	0.7395695833710968	264.8	264806.6	0.034890436	10	0	2	3	8	2	4	0.5	2.4615386	0.6087443308342555	True	True	True	True	P↔T	P_A__T_B	PT:group_6135--group_4266	169	4479.0	0.40207819214322427	0.4730930617839842	0.6087443308342555	0.9997767358785443	True
5292192	2172	2287	group_5507	group_4266	PT	0.6268694575724264	0.7395695833710968	261.8	262606.1	0.034177344	10	0	2	3	8	2	4	0.5	2.4615386	0.6268694575724264	True	True	True	True	P↔T	P_A__T_B	PT:group_5507--group_4266	168	4612.0	0.39201979489926325	0.4617603086912223	0.6268694575724264	0.9995663486556808	True
5306976	2183	2287	group_4501	group_4266	PT	0.6268694575724264	0.7395695833710968	262.8	263166.1	0.03345328	10	0	2	3	8	2	4	0.5	2.4615386	0.6268694575724264	True	True	True	True	P↔T	P_A__T_B	PT:group_4501--group_4266	168	4612.0	0.39201979489926325	0.4617603086912223	0.6268694575724264	0.9997831743278404	True
5332227	2202	2287	group_6133	group_4266	PT	0.6268694575724264	0.7395695833710968	256.0	257795.2	0.031547032	10	0	2	3	8	2	4	0.5	2.4615386	0.585342065690689	True	True	True	True	P↔T	P_A__T_B	PT:group_6133--group_4266	167	4861.0	0.39145679725215143	0.46645311733563194	0.585342065690689	1.0	True
5386764	2244	2287	bca	group_4266	PT	0.6268694575724264	0.7395695833710968	291.8	307326.0	0.027304024	5	0	2	3	8	2	4	0.5	2.4615386	0.538637613543026	True	True	True	True	P↔T	P_A__T_B	PT:bca--group_4266	172	3348.0	0.4155455576610918	0.4910481058387643	0.538637613543026	1.0	True
5394411	2250	2287	group_5627	group_4266	PT	0.6268694575724264	0.7395695833710968	266.8	267191.6	0.029563747	10	0	2	3	8	2	4	0.5	2.4615386	0.6087443308342555	True	True	True	True	P↔T	P_A__T_B	PT:group_5627--group_4266	169	4479.0	0.40207819214322427	0.4730930617839842	0.6087443308342555	1.0	True
5418389	2269	2287	group_3475	group_4266	PT	0.6268694575724264	0.7395695833710968	187.85714285714286	204178.42857142858	0.02666696	14	0	2	3	8	2	4	0.5	2.4615386	0.5463577586943603	True	True	True	True	P↔T	P_A__T_B	PT:group_3475--group_4266	157	7369.0	0.39746671270646744	0.47722938257552205	0.5463577586943603	1.0	True
5432106	2280	2287	group_4953	group_4266	PT	0.6268694575724264	0.7395695833710968	261.27272727272725	257986.72727272726	0.026030747	11	0	2	3	8	2	4	0.5	2.4615386	0.6268694575724264	True	True	True	True	P↔T	P_A__T_B	PT:group_4953--group_4266	168	4612.0	0.39201979489926325	0.4617603086912223	0.6268694575724264	1.0	True
5645742	2465	3358	group_6478	livF	PT	0.22658797347939394	0.15911828118952112	672.8333333333334	681494.1666666666	NA	6	1	15	1	33	13	33	1.0	1.0	0.226088000331177	True	True	False	False	P↔T	P_A__T_B	PT:group_6478--livF	199	30.0	0.20326238169522057	0.22158824199722502	0.22608800033117704	0.7543759531657401	True
5645865	2465	3481	group_6478	copY	PT	0.21159069045797352	0.16638910575774724	650.3333333333334	661251.3333333334	NA	6	1	10	1	36	13	36	1.0	1.0	0.2115906904579735	True	True	False	False	P↔T	P_A__T_B	PT:group_6478--copY	198	146.0	0.19893377149116534	0.21075947284275476	0.21159069045797352	0.9931506849315068	True
5646921	2466	3481	group_6479	copY	PT	0.21159069045797352	0.16638910575774724	649.3333333333334	660668.6666666666	NA	6	1	10	1	36	13	36	1.0	1.0	0.2115906904579735	True	True	False	False	P↔T	P_A__T_B	PT:group_6479--copY	198	146.0	0.19893377149116534	0.21075947284275476	0.21159069045797352	1.0	True
63982	18	758	group_2551	group_3656	TP	0.4739043469733781	0.8348432237134307	110.83333333333333	115250.58333333333	0.02236181	12	0	0	1	25	2	25	1.0	1.0	0.4707176508234734	True	True	False	False	P↔T	T_A__P_B	TP:group_2551--group_3656	138	10415.0	0.2022911687580762	0.31450568392964134	0.47071765082347344	0.9990398463754201	True
70987	20	758	leuS	group_3656	TP	0.46855715760422567	0.4515703945694955	118.0	122078.125	0.022351626	8	4	0	1	30	2	30	1.0	1.0	0.4511704467790327	True	True	False	False	P↔T	T_A__P_B	TP:leuS--group_3656	140	10352.0	0.20911143075537533	0.3289027557887971	0.4511704467790327	0.9993238021638331	True
81487	23	758	bcrC_1	group_3656	TP	0.560343344068006	0.7041495502893963	111.33333333333333	116324.41666666667	0.02236181	12	1	0	1	23	2	23	1.0	1.0	0.4707176508234734	True	True	False	False	P↔T	T_A__P_B	TP:bcrC_1--group_3656	138	10415.0	0.2022911687580762	0.31450568392964134	0.47071765082347344	1.0	True
81499	23	770	bcrC_1	galE	TP	0.4802831587013108	0.6022070709009729	104.66666666666667	100385.0	0.022647237	6	0	0	1	24	2	24	1.0	1.0	0.4397637997091607	True	True	False	False	P↔T	T_A__P_B	TP:bcrC_1--galE	136	10419.0	0.19238775690224888	0.306910351125285	0.43976379970916074	0.9998080429983683	True
81504	23	775	bcrC_1	group_4326	TP	0.496838586770186	0.6205211717389815	101.9	106002.0	0.022778763	10	1	0	1	23	2	23	1.0	1.0	0.4729031778618347	True	True	False	False	P↔T	T_A__P_B	TP:bcrC_1--group_4326	135	10445.0	0.19427115083720545	0.31339558513779836	0.4729031778618347	0.9994255624700814	True
81547	23	818	bcrC_1	group_2606	TP	0.5159426832361664	0.6455954400077307	111.33333333333333	115041.44444444444	0.023647415	9	1	0	1	23	2	23	1.0	1.0	0.4707176508234734	True	True	False	False	P↔T	T_A__P_B	TP:bcrC_1--group_2606	138	10415.0	0.2022911687580762	0.31450568392964134	0.47071765082347344	0.9996159385501681	True
82591	23	1862	bcrC_1	group_1976	TP	0.534735656035526	0.6735746431066726	480.75	475066.75	0.10994834	8	1	1	1	23	2	23	1.0	1.0	0.437289885697993	True	True	False	False	P↔T	T_A__P_B	TP:bcrC_1--group_1976	188	810.0	0.2142050535060517	0.3372597546189773	0.437289885697993	1.0	True
82600	23	1871	bcrC_1	group_1359	TP	0.534735656035526	0.6735746431066726	441.52941176470586	437138.35294117645	0.111403175	17	1	1	1	23	2	23	1.0	1.0	0.5339397572276786	True	True	False	False	P↔T	T_A__P_B	TP:bcrC_1--group_1359	185	1036.0	0.27763128243506446	0.46569789037101944	0.5339397572276786	0.999034749034749	True
82602	23	1873	bcrC_1	group_1656	TP	0.5241624088573597	0.6602561536546828	146.34285714285716	159663.5285714286	0.11156945	70	0	1	1	24	2	24	1.0	1.0	0.4871561782106265	True	True	False	False	P↔T	T_A__P_B	TP:bcrC_1--group_1656	147	10318.0	0.2240150343862563	0.3704410052249503	0.48715617821062657	0.9996123279705369	True
320503	92	758	thrB_2	group_3656	TP	0.4877816767070451	0.5412647451492653	116.0	121071.75	0.02234551	12	1	0	1	28	2	28	1.0	1.0	0.4480416103913727	True	True	False	False	P↔T	T_A__P_B	TP:thrB_2--group_3656	139	10221.0	0.20489226871164087	0.32643918991900917	0.44804161039137275	0.9996086488601899	True
320557	92	812	thrB_2	group_2605	TP	0.46011330241579984	0.5072605381261134	116.0	117849.18181818182	0.02332386	11	1	0	1	28	2	28	1.0	1.0	0.4480416103913727	True	True	False	False	P↔T	T_A__P_B	TP:thrB_2--group_2605	139	10221.0	0.20489226871164087	0.32643918991900917	0.44804161039137275	0.9994129732902847	True
320662	92	917	thrB_2	mutX_1	TP	0.45140401683956954	0.4962177357186143	119.14285714285714	118417.14285714286	0.027056675	7	4	1	36	97	8	14	0.14432989	16.89228	0.4511704467790327	True	True	True	True	P↔T	T_A__P_B	TP:thrB_2--mutX_1	140	10352.0	0.20911143075537533	0.3289027557887971	0.4511704467790327	0.9990340030911901	True
490728	142	758	group_5166	group_3656	TP	0.5034854735635761	0.7902056140818077	112.61538461538461	117899.92307692308	0.02236181	13	0	0	1	25	2	25	1.0	1.0	0.4707176508234734	True	True	False	False	P↔T	T_A__P_B	TP:group_5166--group_3656	138	10415.0	0.2022911687580762	0.31450568392964134	0.47071765082347344	0.9993278924627941	True
490740	142	770	group_5166	galE	TP	0.5034854735635761	0.7902056140818077	139.125	135207.375	0.022647237	8	0	0	1	25	2	25	1.0	1.0	0.4848323580993047	True	True	False	False	P↔T	T_A__P_B	TP:group_5166--galE	146	10299.0	0.22485448112403592	0.36155200654189734	0.48483235809930475	0.9993203223613943	True
490788	142	818	group_5166	group_2606	TP	0.47689671145943924	0.7442458489486028	102.44444444444444	104809.55555555556	0.023647415	9	0	0	1	25	2	25	1.0	1.0	0.4729031778618347	True	True	False	False	P↔T	T_A__P_B	TP:group_5166--group_2606	135	10445.0	0.19427115083720545	0.31339558513779836	0.4729031778618347	0.9990426041168023	True
491876	142	1906	group_5166	group_624	TP	0.5034854735635761	0.7902056140818077	100.04651162790698	110575.69767441861	0.11553392	43	0	1	1	25	2	25	1.0	1.0	0.4497386959303774	True	True	False	False	P↔T	T_A__P_B	TP:group_5166--group_624	134	10173.0	0.19511130437945876	0.30647824497783543	0.4497386959303774	0.9997051017398997	True
527777	153	693	group_5238	group_3324	TP	0.45544134572210576	0.4769596069405714	106.27272727272727	102321.92424242424	0.02090959	66	3	0	1	15	3	15	1.0	1.0	0.4397637997091607	True	True	False	False	P↔T	T_A__P_B	TP:group_5238--group_3324	136	10419.0	0.19238775690224888	0.306910351125285	0.43976379970916074	0.9992321719934735	True
652940	190	1906	glnR	group_624	TP	0.4855848957684863	0.6472934868247008	101.02272727272727	111309.84090909091	0.11553392	44	2	1	1	16	2	16	1.0	1.0	0.4729031778618347	True	True	False	False	P↔T	T_A__P_B	TP:glnR--group_624	135	10445.0	0.19427115083720545	0.31339558513779836	0.4729031778618347	0.9993298228817616	True
695017	203	758	hpdA	group_3656	TP	0.5128019947998883	0.606064710244494	130.8	136129.2	0.022358622	5	0	0	1	30	2	30	1.0	1.0	0.4951956694861554	True	True	False	False	P↔T	T_A__P_B	TP:hpdA--group_3656	143	10696.0	0.20891625980446152	0.33272057308449343	0.49519566948615545	0.99943904263276	True
695034	203	775	hpdA	group_4326	TP	0.4656537232976449	0.5476326112656277	106.8	94736.8	0.022775413	5	0	0	1	30	2	30	1.0	1.0	0.4397637997091607	True	True	False	False	P↔T	T_A__P_B	TP:hpdA--group_4326	136	10419.0	0.19238775690224888	0.306910351125285	0.43976379970916074	0.9996160859967367	True
787590	231	805	gatB	group_5291	TP	0.4962454554925879	0.6660032505700283	125.08333333333333	126229.16666666667	0.023337089	12	1	0	1	26	2	26	1.0	1.0	0.4822776444081364	True	True	False	False	P↔T	T_A__P_B	TP:gatB--group_5291	142	10625.0	0.208132684526371	0.3292462678341217	0.4822776444081364	0.9991529411764706	True
790880	232	805	group_5935	group_5291	TP	0.49721387273340056	0.6061236285566917	131.11111111111111	131587.33333333334	0.023332275	9	1	0	1	31	2	31	1.0	1.0	0.4951956694861554	True	True	False	False	P↔T	T_A__P_B	TP:group_5935--group_5291	143	10696.0	0.20891625980446152	0.33272057308449343	0.49519566948615545	0.9991585639491398	True
791673	232	1598	group_5935	group_5409	TP	0.44976882555909936	0.5412540614643636	202.31372549019608	195663.66666666666	0.07855881	51	1	1	1	31	2	31	1.0	1.0	0.4495451588683012	True	True	False	False	P↔T	T_A__P_B	TP:group_5935--group_5409	158	9065.0	0.23362085440445762	0.35204446739901274	0.4495451588683012	0.9990071704357418	True
791738	232	1663	group_5935	group_5991	TP	0.44976882555909936	0.5412540614643636	203.31372549019608	197871.98039215687	0.08368325	51	1	1	1	31	2	31	1.0	1.0	0.4495451588683012	True	True	False	False	P↔T	T_A__P_B	TP:group_5935--group_5991	158	9065.0	0.23362085440445762	0.35204446739901274	0.4495451588683012	0.9991174848317705	True
791867	232	1792	group_5935	group_3724	TP	0.542039485596869	0.667264367599529	371.8	353153.13333333336	0.10009043	15	1	1	1	31	2	31	1.0	1.0	0.541388303749566	True	True	False	False	P↔T	T_A__P_B	TP:group_5935--group_3724	179	2126.0	0.3514645368032616	0.46377582596719047	0.541388303749566	0.9990592662276576	True
924916	273	812	bsaA	group_2605	TP	0.4518583999950052	0.5615421441966931	115.2	108210.8	0.023524962	5	0	0	1	28	2	28	1.0	1.0	0.4480416103913727	True	True	False	False	P↔T	T_A__P_B	TP:bsaA--group_2605	139	10221.0	0.20489226871164087	0.32643918991900917	0.44804161039137275	0.9990216221504745	True
924922	273	818	bsaA	group_2606	TP	0.5107419291721534	0.6373921543987051	100.33333333333333	98104.33333333333	0.02372118	6	0	0	1	28	2	28	1.0	1.0	0.4497386959303774	True	True	False	False	P↔T	T_A__P_B	TP:bsaA--group_2606	134	10173.0	0.19511130437945876	0.30647824497783543	0.4497386959303774	0.9998034011599332	True
924953	273	849	bsaA	group_4346	TP	0.5464156046781585	0.6858722852342882	138.72727272727272	137551.0909090909	0.024917375	11	0	0	1	28	2	28	1.0	1.0	0.4671066682257567	True	True	False	False	P↔T	T_A__P_B	TP:bsaA--group_4346	145	10489.0	0.20390163535341135	0.33111220016910736	0.4671066682257567	0.9999046620268853	True
924961	273	857	bsaA	group_2233	TP	0.517956666521378	0.6419780557502306	217.85714285714286	224013.2857142857	0.025241405	7	0	0	1	28	2	28	1.0	1.0	0.4844131039521858	True	True	False	False	P↔T	T_A__P_B	TP:bsaA--group_2233	161	7560.0	0.23628115157323065	0.35115320246362075	0.48441310395218584	0.9997354497354497	True
925638	273	1534	bsaA	gutB	TP	0.4518583999950051	0.5615421441966929	100.61111111111111	104330.02222222222	0.07267758	90	0	1	1	28	2	28	1.0	1.0	0.4497386959303774	True	True	False	False	P↔T	T_A__P_B	TP:bsaA--gutB	134	10173.0	0.19511130437945876	0.30647824497783543	0.4497386959303774	0.9991153052196992	True
925695	273	1591	bsaA	group_5410	TP	0.5175466238130187	0.6444023794352983	119.1826923076923	107365.47115384616	0.07778296	104	0	1	1	28	2	28	1.0	1.0	0.4511704467790327	True	True	False	False	P↔T	T_A__P_B	TP:bsaA--group_5410	140	10352.0	0.20911143075537533	0.3289027557887971	0.4511704467790327	0.9997102009273571	True
925702	273	1598	bsaA	group_5409	TP	0.5175466238130187	0.6444023794352983	117.1826923076923	105092.44230769231	0.07843618	104	0	1	1	28	2	28	1.0	1.0	0.4511704467790327	True	True	False	False	P↔T	T_A__P_B	TP:bsaA--group_5409	140	10352.0	0.20911143075537533	0.3289027557887971	0.4511704467790327	0.999806800618238	True
925716	273	1612	bsaA	group_5355	TP	0.5107419291721534	0.6373921543987051	282.94444444444446	266523.94444444444	0.07944171	18	0	1	1	28	2	28	1.0	1.0	0.5107419291721534	True	True	False	False	P↔T	T_A__P_B	TP:bsaA--group_5355	170	5298.0	0.32524529881666403	0.44167257289575557	0.5107419291721534	0.9986787466968667	True
925732	273	1628	bsaA	ftsK_1	TP	0.5107419291721534	0.6373921543987051	280.94444444444446	263983.94444444444	0.08079445	18	0	1	1	28	2	28	1.0	1.0	0.5107419291721534	True	True	False	False	P↔T	T_A__P_B	TP:bsaA--ftsK_1	170	5298.0	0.32524529881666403	0.44167257289575557	0.5107419291721534	0.9988674971687429	True
925736	273	1632	bsaA	group_5942	TP	0.5107419291721534	0.6373921543987051	281.94444444444446	265083.6666666667	0.08079445	18	0	1	1	28	2	28	1.0	1.0	0.5107419291721534	True	True	False	False	P↔T	T_A__P_B	TP:bsaA--group_5942	170	5298.0	0.32524529881666403	0.44167257289575557	0.5107419291721534	0.9990562476406191	True
925744	273	1640	bsaA	group_4892	TP	0.5175466238130187	0.6444023794352983	124.05882352941177	111418.22549019608	0.08208325	102	0	1	1	28	2	28	1.0	1.0	0.4822776444081364	True	True	False	False	P↔T	T_A__P_B	TP:bsaA--group_4892	142	10625.0	0.208132684526371	0.3292462678341217	0.4822776444081364	0.9993411764705883	True
925755	273	1651	bsaA	group_5412	TP	0.5175466238130187	0.6444023794352983	123.00980392156863	110234.56862745098	0.082807936	102	0	1	1	28	2	28	1.0	1.0	0.4638188177778241	True	True	False	False	P↔T	T_A__P_B	TP:bsaA--group_5412	141	10327.0	0.2151252996707094	0.3408525996411131	0.4638188177778241	0.9993221651980246	True
925760	273	1656	bsaA	group_3419	TP	0.5175466238130187	0.6444023794352983	110.05825242718447	99819.2718446602	0.08354813	103	0	1	1	28	2	28	1.0	1.0	0.4707176508234734	True	True	False	False	P↔T	T_A__P_B	TP:bsaA--group_3419	138	10415.0	0.2022911687580762	0.31450568392964134	0.47071765082347344	0.999711953912626	True
925764	273	1660	bsaA	group_5411	TP	0.5175466238130187	0.6444023794352983	122.06796116504854	109199.5145631068	0.08358218	103	0	1	1	28	2	28	1.0	1.0	0.4638188177778241	True	True	False	False	P↔T	T_A__P_B	TP:bsaA--group_5411	141	10327.0	0.2151252996707094	0.3408525996411131	0.4638188177778241	0.9994189987411639	True
925767	273	1663	bsaA	group_5991	TP	0.5175466238130187	0.6444023794352983	118.06796116504854	106280.67961165048	0.08354813	103	0	1	1	28	2	28	1.0	1.0	0.4511704467790327	True	True	False	False	P↔T	T_A__P_B	TP:bsaA--group_5991	140	10352.0	0.20911143075537533	0.3289027557887971	0.4511704467790327	0.9999034003091191	True
925781	273	1677	bsaA	group_5361	TP	0.5107419291721534	0.6373921543987051	262.25	241885.25	0.08466647	8	0	1	1	28	2	28	1.0	1.0	0.5107419291721534	True	True	False	False	P↔T	T_A__P_B	TP:bsaA--group_5361	167	6382.0	0.28859550233087417	0.3958517696707674	0.5107419291721534	0.9984330930742714	True
925787	273	1683	bsaA	Int-Tn_2	TP	0.5107419291721534	0.6373921543987051	258.5	237979.77777777778	0.08544071	18	0	1	1	28	2	28	1.0	1.0	0.5107419291721534	True	True	False	False	P↔T	T_A__P_B	TP:bsaA--Int-Tn_2	167	6382.0	0.28859550233087417	0.3958517696707674	0.5107419291721534	0.9985897837668443	True
925789	273	1685	bsaA	group_5944	TP	0.5107419291721534	0.6373921543987051	262.2857142857143	242838.85714285713	0.08544071	7	0	1	1	28	2	28	1.0	1.0	0.5107419291721534	True	True	False	False	P↔T	T_A__P_B	TP:bsaA--group_5944	167	6382.0	0.28859550233087417	0.3958517696707674	0.5107419291721534	0.9987464744594171	True
925790	273	1686	bsaA	group_5945	TP	0.5107419291721534	0.6373921543987051	259.5	239082.05555555556	0.08544071	18	0	1	1	28	2	28	1.0	1.0	0.5107419291721534	True	True	False	False	P↔T	T_A__P_B	TP:bsaA--group_5945	167	6382.0	0.28859550233087417	0.3958517696707674	0.5107419291721534	0.99890316515199	True
925795	273	1691	bsaA	group_5360	TP	0.5107419291721534	0.6373921543987051	260.8235294117647	241176.70588235295	0.08621442	17	0	1	1	28	2	28	1.0	1.0	0.5107419291721534	True	True	False	False	P↔T	T_A__P_B	TP:bsaA--group_5360	167	6382.0	0.28859550233087417	0.3958517696707674	0.5107419291721534	0.9990598558445628	True
925848	273	1744	bsaA	erm	TP	0.5482387393179563	0.6860326572318007	278.94444444444446	261000.0	0.09187085	18	0	1	1	28	2	28	1.0	1.0	0.5289453394573007	True	True	False	False	P↔T	T_A__P_B	TP:bsaA--erm	169	5474.0	0.30550744334912777	0.4273537436110101	0.5289453394573007	0.999269272926562	True
925896	273	1792	bsaA	group_3724	TP	0.5107419291721534	0.6373921543987051	281.05882352941177	262549.82352941175	0.0999262	17	0	1	1	28	2	28	1.0	1.0	0.5107419291721534	True	True	False	False	P↔T	T_A__P_B	TP:bsaA--group_3724	170	5298.0	0.32524529881666403	0.44167257289575557	0.5107419291721534	0.9992449981124952	True
925975	273	1871	bsaA	group_1359	TP	0.6000385433673685	0.7558280547309923	354.85	344369.1	0.111187086	20	0	1	1	28	2	28	1.0	1.0	0.5156840732485811	True	True	False	False	P↔T	T_A__P_B	TP:bsaA--group_1359	178	2683.0	0.344660845195104	0.46165215980684055	0.5156840732485811	1.0	True
951744	281	1684	group_3828	group_4888	TP	0.49398323338519023	0.6997787325316517	106.9625	115933.1375	0.08657684	80	0	1	1	25	2	25	1.0	1.0	0.4813187017149842	True	True	False	False	P↔T	T_A__P_B	TP:group_3828--group_4888	137	10349.0	0.20064857616853873	0.32538320593770226	0.48131870171498425	0.9993236061455213	True
951812	281	1752	group_3828	group_4882	TP	0.5158715263457113	0.7341515845229589	109.9625	121985.975	0.09385723	80	0	1	1	25	2	25	1.0	1.0	0.4813187017149842	True	True	False	False	P↔T	T_A__P_B	TP:group_3828--group_4882	137	10349.0	0.20064857616853873	0.32538320593770226	0.48131870171498425	0.9995168615325152	True
951927	281	1867	group_3828	group_4451	TP	0.5406958830466129	0.7732627223396035	468.94444444444446	468715.6111111111	0.109871596	18	0	1	1	25	2	25	1.0	1.0	0.5197689503477538	True	True	False	False	P↔T	T_A__P_B	TP:group_3828--group_4451	187	844.0	0.2688254039396952	0.4566596119162424	0.5197689503477538	1.0	True
951966	281	1906	group_3828	group_624	TP	0.5701790334941199	0.8196965299046732	102.88372093023256	113076.6046511628	0.11531151	43	0	1	1	25	2	25	1.0	1.0	0.4729031778618347	True	True	False	False	P↔T	T_A__P_B	TP:group_3828--group_624	135	10445.0	0.19427115083720545	0.31339558513779836	0.4729031778618347	0.9999042604116802	True
990736	293	1862	trkA	group_1976	TP	0.3448900287722054	0.5945537285776741	514.4285714285714	507073.28571428574	0.10969842	7	0	1	1	30	2	30	1.0	1.0	0.3310922254260096	True	True	False	False	P↔T	T_A__P_B	TP:trkA--group_1976	190	438.0	0.18022024931652822	0.27831126162286945	0.33109222542600963	1.0	True
1041858	309	1456	rpsI	group_827	TP	0.5185594154774653	0.6958889784197461	147.6209677419355	133817.43548387097	0.06666426	124	0	1	1	11	13	11	1.0	1.0	0.4869206249272111	True	True	False	False	P↔T	T_A__P_B	TP:rpsI--group_827	148	10641.0	0.22730636303357493	0.385790964314127	0.48692062492721117	0.9995301193496852	True
1043048	309	2646	rpsI	group_437	TP	0.4631105777087342	0.7089290120194355	224.16666666666666	236103.91666666666	0.33786243	12	0	1	1	11	13	11	1.0	1.0	0.460990287300509	True	True	False	False	P↔T	T_A__P_B	TP:rpsI--group_437	162	7828.0	0.24869316427324445	0.37233550229445356	0.46099028730050906	0.9991057741440981	True
1407099	425	775	yhaM	group_4326	TP	0.5196204838090651	0.7181380002475966	102.25	100571.375	0.023042714	8	2	0	1	11	2	11	1.0	1.0	0.4729031778618347	True	True	False	False	P↔T	T_A__P_B	TP:yhaM--group_4326	135	10445.0	0.19427115083720545	0.31339558513779836	0.4729031778618347	0.9996170416467209	True
1408161	425	1837	yhaM	group_5996	TP	0.5196204838090651	0.7181380002475966	113.22222222222223	110297.33333333333	0.10560115	9	2	1	1	11	2	11	1.0	1.0	0.4707176508234734	True	True	False	False	P↔T	T_A__P_B	TP:yhaM--group_5996	138	10415.0	0.2022911687580762	0.31450568392964134	0.47071765082347344	0.999807969275084	True
1410232	426	812	pepC	group_2605	TP	0.4578369772779761	0.6502790631618098	115.2	111230.6	0.023746455	5	1	0	1	29	2	29	1.0	1.0	0.4480416103913727	True	True	False	False	P↔T	T_A__P_B	TP:pepC--group_2605	139	10221.0	0.20489226871164087	0.32643918991900917	0.44804161039137275	0.9993151355053321	True
1450335	439	758	group_1393	group_3656	TP	0.5164565558869559	0.5223086968406295	137.6	141236.6	0.022662092	5	4	1	28	76	9	17	0.2236842	8.968945	0.4671066682257567	True	True	True	True	P↔T	T_A__P_B	TP:group_1393--group_3656	145	10489.0	0.20390163535341135	0.33111220016910736	0.4671066682257567	0.9997139860806559	True
1450382	439	805	group_1393	group_5291	TP	0.5092470499564825	0.514297191347669	122.0	120634.0	0.023674937	5	4	1	27	75	9	17	0.22666667	8.748056	0.4638188177778241	True	True	True	True	P↔T	T_A__P_B	TP:group_1393--group_5291	141	10327.0	0.2151252996707094	0.3408525996411131	0.4638188177778241	0.9992253316548853	True
1450389	439	812	group_1393	group_2605	TP	0.5445947228446042	0.5499954028318409	103.25	97172.0	0.023796346	8	4	1	28	76	9	17	0.2236842	8.968945	0.4729031778618347	True	True	True	True	P↔T	T_A__P_B	TP:group_1393--group_2605	135	10445.0	0.19427115083720545	0.31339558513779836	0.4729031778618347	0.9997127812350407	True
1451111	439	1534	group_1393	gutB	TP	0.47268415672031294	0.4765110734781797	136.11111111111111	144239.14444444445	0.073100545	90	4	0	24	72	9	17	0.2361111	8.1	0.4671066682257567	True	True	True	True	P↔T	T_A__P_B	TP:group_1393--gutB	145	10489.0	0.20390163535341135	0.33111220016910736	0.4671066682257567	0.9992372962150825	True
1663672	509	770	fpgS_2	galE	TP	0.512588432187681	0.560728364479235	134.33333333333334	134100.0	0.022899657	9	1	0	2	27	2	26	0.962963	1.0768094	0.485564597768414	True	True	True	True	P↔T	T_A__P_B	TP:fpgS_2--galE	144	10335.0	0.2042225686961178	0.34049151864976346	0.485564597768414	0.9994194484760522	True
1663714	509	812	fpgS_2	group_2605	TP	0.46378964057824723	0.49916926380173354	117.2	113299.6	0.023625914	5	1	0	2	28	2	27	0.96428573	1.0739726	0.4511704467790327	True	True	True	True	P↔T	T_A__P_B	TP:fpgS_2--group_2605	140	10352.0	0.20911143075537533	0.3289027557887971	0.4511704467790327	0.999227202472952	True
1681726	515	767	hepC	group_3978	TP	0.46342806836061406	0.6980803074348655	192.875	190044.75	0.022769408	8	1	0	1	27	2	27	1.0	1.0	0.4594130094976121	True	True	False	False	P↔T	T_A__P_B	TP:hepC--group_3978	157	9172.0	0.22800226591397058	0.3397986272798108	0.45941300949761216	0.9991277802006105	True
1907323	591	758	tcyA	group_3656	TP	0.5081640110422097	0.5707270119646632	141.14285714285714	141019.14285714287	0.024405055	7	3	0	1	30	2	30	1.0	1.0	0.4848323580993047	True	True	False	False	P↔T	T_A__P_B	TP:tcyA--group_3656	146	10299.0	0.22485448112403592	0.36155200654189734	0.48483235809930475	0.9998058063889698	True
1908242	591	1677	tcyA	group_5361	TP	0.48665808875993544	0.539240012798751	119.0	111696.5	0.084556445	8	3	1	1	30	2	30	1.0	1.0	0.4511704467790327	True	True	False	False	P↔T	T_A__P_B	TP:tcyA--group_5361	140	10352.0	0.20911143075537533	0.3289027557887971	0.4511704467790327	0.9995170015455951	True
1908249	591	1684	tcyA	group_4888	TP	0.48796431292899434	0.5406873705102733	196.48837209302326	185645.9534883721	0.08209152	86	3	1	1	30	2	30	1.0	1.0	0.4594130094976121	True	True	False	False	P↔T	T_A__P_B	TP:tcyA--group_4888	157	9172.0	0.22800226591397058	0.3397986272798108	0.45941300949761216	0.9993458351504579	True
1908250	591	1685	tcyA	group_5944	TP	0.48665808875993544	0.539240012798751	119.71428571428571	113146.28571428571	0.085362785	7	3	1	1	30	2	30	1.0	1.0	0.4511704467790327	True	True	False	False	P↔T	T_A__P_B	TP:tcyA--group_5944	140	10352.0	0.20911143075537533	0.3289027557887971	0.4511704467790327	0.999613601236476	True
1908308	591	1743	tcyA	group_4895	TP	0.5238738788646277	0.5842388887957073	165.83333333333334	158651.88888888888	0.09997538	18	3	1	1	30	2	30	1.0	1.0	0.4884936686160739	True	True	False	False	P↔T	T_A__P_B	TP:tcyA--group_4895	152	10786.0	0.22550428321809185	0.3493053612327472	0.48849366861607396	0.9994437233450769	True
1908309	591	1744	tcyA	erm	TP	0.5370094805261585	0.6009570568576785	166.83333333333334	159109.22222222222	0.10572483	18	3	1	1	30	2	30	1.0	1.0	0.4884936686160739	True	True	False	False	P↔T	T_A__P_B	TP:tcyA--erm	152	10786.0	0.22550428321809185	0.3493053612327472	0.48849366861607396	0.9997218616725385	True
1908317	591	1752	tcyA	group_4882	TP	0.5181604330548663	0.5778670932820164	193.55421686746988	180532.09638554216	0.08894881	83	3	1	1	30	2	30	1.0	1.0	0.4594130094976121	True	True	False	False	P↔T	T_A__P_B	TP:tcyA--group_4882	157	9172.0	0.22800226591397058	0.3397986272798108	0.45941300949761216	0.9996729175752289	True
1908318	591	1753	tcyA	group_5422	TP	0.5238738788646277	0.5842388887957073	164.83333333333334	157982.72222222222	0.100934274	18	3	1	1	30	2	30	1.0	1.0	0.4867813349051285	True	True	False	False	P↔T	T_A__P_B	TP:tcyA--group_5422	151	10832.0	0.22913031554138144	0.3510825961738888	0.4867813349051285	0.9994460856720827	True
1908347	591	1782	tcyA	tetM	TP	0.5181604330548663	0.5778670932820164	158.76470588235293	151053.35294117648	0.094141915	17	3	1	1	30	2	30	1.0	1.0	0.5128217656534273	True	True	False	False	P↔T	T_A__P_B	TP:tcyA--tetM	150	10867.0	0.22948210615913214	0.36890238885126486	0.5128217656534273	0.9990797828287475	True
1908357	591	1792	tcyA	group_3724	TP	0.5370094805261585	0.6009570568576785	169.8235294117647	161789.17647058822	0.1048696	17	3	1	1	30	2	30	1.0	1.0	0.4884936686160739	True	True	False	False	P↔T	T_A__P_B	TP:tcyA--group_3724	152	10786.0	0.22550428321809185	0.3493053612327472	0.48849366861607396	0.999814574448359	True
1908471	591	1906	tcyA	group_624	TP	0.4732889052799961	0.5378335523430712	202.66666666666666	193279.60416666666	0.109157674	48	3	1	1	29	2	29	1.0	1.0	0.4495451588683012	True	True	False	False	P↔T	T_A__P_B	TP:tcyA--group_624	158	9065.0	0.23362085440445762	0.35204446739901274	0.4495451588683012	0.999338113623828	True
2064166	645	812	group_5208	group_2605	TP	0.4539848726546313	0.7959856721673783	114.8	111144.4	0.02672431	5	0	0	1	30	2	30	1.0	1.0	0.4480416103913727	True	True	False	False	P↔T	T_A__P_B	TP:group_5208--group_2605	139	10221.0	0.20489226871164087	0.32643918991900917	0.44804161039137275	0.9991194599354271	True
2078482	650	758	tag	group_3656	TP	0.48093160414086084	0.5151880191522976	137.0	138810.66666666666	0.025429543	6	3	0	1	27	2	27	1.0	1.0	0.4671066682257567	True	True	False	False	P↔T	T_A__P_B	TP:tag--group_3656	145	10489.0	0.20390163535341135	0.33111220016910736	0.4671066682257567	0.9994279721613119	True
2079467	650	1743	tag	group_4895	TP	0.4892489129785642	0.5216920684225135	196.36363636363637	187775.36363636365	0.08669845	11	0	1	1	30	2	30	1.0	1.0	0.4594130094976121	True	True	False	False	P↔T	T_A__P_B	TP:tag--group_4895	157	9172.0	0.22800226591397058	0.3397986272798108	0.45941300949761216	0.9994548626253816	True
2079468	650	1744	tag	erm	TP	0.4607983259918889	0.49051389280051944	197.36363636363637	188359.18181818182	0.08635534	11	0	1	1	30	2	30	1.0	1.0	0.4594130094976121	True	True	False	False	P↔T	T_A__P_B	TP:tag--erm	157	9172.0	0.22800226591397058	0.3397986272798108	0.45941300949761216	0.9990187527256869	True
2079476	650	1752	tag	group_4882	TP	0.5218569830346722	0.557633765355598	174.01351351351352	161608.66216216216	0.09171759	74	0	1	1	30	2	30	1.0	1.0	0.4822446250268134	True	True	False	False	P↔T	T_A__P_B	TP:tag--group_4882	153	10364.0	0.22839731187146514	0.356249497460672	0.4822446250268134	0.9993245851022771	True
2079477	650	1753	tag	group_5422	TP	0.4892489129785642	0.5216920684225135	195.36363636363637	187438.9090909091	0.087446004	11	0	1	1	30	2	30	1.0	1.0	0.4594130094976121	True	True	False	False	P↔T	T_A__P_B	TP:tag--group_5422	157	9172.0	0.22800226591397058	0.3397986272798108	0.45941300949761216	0.9995638901003053	True
2079516	650	1792	tag	group_3724	TP	0.5218569830346722	0.557633765355598	198.36363636363637	190501.81818181818	0.09036137	11	0	1	1	30	2	30	1.0	1.0	0.4495451588683012	True	True	False	False	P↔T	T_A__P_B	TP:tag--group_3724	158	9065.0	0.23362085440445762	0.35204446739901274	0.4495451588683012	0.9997793712079427	True
2096475	656	1540	group_2623	group_6012	TP	0.5251034287165837	0.6995175233807113	124.88888888888889	126518.0	0.06716582	9	0	1	1	27	2	27	1.0	1.0	0.4822776444081364	True	True	False	False	P↔T	T_A__P_B	TP:group_2623--group_6012	142	10625.0	0.208132684526371	0.3292462678341217	0.4822776444081364	0.9996235294117647	True
2096612	656	1677	group_2623	group_5361	TP	0.5206741557660045	0.6907526908427747	359.57142857142856	340244.14285714284	0.080114365	7	0	1	1	27	2	27	1.0	1.0	0.5156840732485811	True	True	False	False	P↔T	T_A__P_B	TP:group_2623--group_5361	178	2683.0	0.344660845195104	0.46165215980684055	0.5156840732485811	0.9992545657845695	True
2096620	656	1685	group_2623	group_5944	TP	0.5206741557660045	0.6907526908427747	359.8333333333333	341336.1666666667	0.0808833	6	0	1	1	27	2	27	1.0	1.0	0.5156840732485811	True	True	False	False	P↔T	T_A__P_B	TP:group_2623--group_5944	178	2683.0	0.344660845195104	0.46165215980684055	0.5156840732485811	0.9996272828922848	True
2096678	656	1743	group_2623	group_4895	TP	0.5573425727256055	0.7424649599042634	351.8235294117647	335650.0588235294	0.08449037	17	0	1	1	27	2	27	1.0	1.0	0.5573425727256055	True	True	False	False	P↔T	T_A__P_B	TP:group_2623--group_4895	177	2932.0	0.3287921109198606	0.47649639354599094	0.5573425727256055	0.9986357435197817	True
2096679	656	1744	group_2623	erm	TP	0.5573425727256055	0.7424649599042634	352.8235294117647	336075.82352941175	0.08560604	17	0	1	1	27	2	27	1.0	1.0	0.5573425727256055	True	True	False	False	P↔T	T_A__P_B	TP:group_2623--erm	177	2932.0	0.3287921109198606	0.47649639354599094	0.5573425727256055	0.9989768076398363	True
2096688	656	1753	group_2623	group_5422	TP	0.5573425727256055	0.7424649599042634	350.8235294117647	334949.5294117647	0.08513833	17	0	1	1	27	2	27	1.0	1.0	0.5573425727256055	True	True	False	False	P↔T	T_A__P_B	TP:group_2623--group_5422	177	2932.0	0.3287921109198606	0.47649639354599094	0.5573425727256055	0.9993178717598908	True
2096717	656	1782	group_2623	tetM	TP	0.5611181591492925	0.7509355058515333	342.7647058823529	327132.64705882355	0.092850104	17	0	1	1	27	2	27	1.0	1.0	0.5511309254021438	True	True	False	False	P↔T	T_A__P_B	TP:group_2623--tetM	176	3481.0	0.3306868110574498	0.43954626227847926	0.5511309254021438	0.9991381786842861	True
2096727	656	1792	group_2623	group_3724	TP	0.5611181591492925	0.7509355058515333	353.8235294117647	337868.4705882353	0.091479	17	0	1	1	27	2	27	1.0	1.0	0.5573425727256055	True	True	False	False	P↔T	T_A__P_B	TP:group_2623--group_3724	177	2932.0	0.3287921109198606	0.47649639354599094	0.5573425727256055	0.9996589358799455	True
2096732	656	1797	group_2623	group_1754	TP	0.5611181591492925	0.7509355058515333	447.89473684210526	440456.15789473685	0.09317734	19	0	1	1	27	2	27	1.0	1.0	0.5611181591492925	True	True	False	False	P↔T	T_A__P_B	TP:group_2623--group_1754	186	929.0	0.25175750172385536	0.3893772362904819	0.5611181591492925	0.9989235737351991	True
2096797	656	1862	group_2623	group_1976	TP	0.5528216064275375	0.7477170600300161	445.1	434816.1	0.100617856	10	0	1	1	26	2	26	1.0	1.0	0.5339397572276786	True	True	False	False	P↔T	T_A__P_B	TP:group_2623--group_1976	185	1036.0	0.27763128243506446	0.46569789037101944	0.5339397572276786	1.0	True
2096802	656	1867	group_2623	group_4451	TP	0.5611181591492925	0.7509355058515333	448.89473684210526	441529.5263157895	0.10074039	19	0	1	1	27	2	27	1.0	1.0	0.5611181591492925	True	True	False	False	P↔T	T_A__P_B	TP:group_2623--group_4451	186	929.0	0.25175750172385536	0.3893772362904819	0.5611181591492925	1.0	True
2141413	672	758	ywtF	group_3656	TP	0.46037499852083563	0.75605576058923	118.8	120997.6	0.025799375	5	0	0	1	31	2	31	1.0	1.0	0.4511704467790327	True	True	False	False	P↔T	T_A__P_B	TP:ywtF--group_3656	140	10352.0	0.20911143075537533	0.3289027557887971	0.4511704467790327	0.9991306027820711	True
2213034	697	1454	group_4291	group_1298	TP	0.49519566948615545	0.6316941357776332	168.7058823529412	163802.35294117648	0.05565101	17	0	1	1	10	2	10	1.0	1.0	0.4884936686160739	True	True	False	False	P↔T	T_A__P_B	TP:group_4291--group_1298	152	10786.0	0.22550428321809185	0.3493053612327472	0.48849366861607396	0.999072872241795	True
2213263	697	1683	group_4291	Int-Tn_2	TP	0.49519566948615545	0.6316941357776332	128.05555555555554	121255.38888888889	0.0730979	18	0	1	1	10	2	10	1.0	1.0	0.4951956694861554	True	True	False	False	P↔T	T_A__P_B	TP:group_4291--Int-Tn_2	143	10696.0	0.20891625980446152	0.33272057308449343	0.49519566948615545	0.9989715781600599	True
2213266	697	1686	group_4291	group_5945	TP	0.49519566948615545	0.6316941357776332	129.05555555555554	122357.66666666667	0.0730979	18	0	1	1	10	2	10	1.0	1.0	0.4951956694861554	True	True	False	False	P↔T	T_A__P_B	TP:group_4291--group_5945	143	10696.0	0.20891625980446152	0.33272057308449343	0.49519566948615545	0.9990650710545999	True
2213271	697	1691	group_4291	group_5360	TP	0.49519566948615545	0.6316941357776332	132.8235294117647	126610.17647058824	0.07375065	17	0	1	1	10	2	10	1.0	1.0	0.485564597768414	True	True	False	False	P↔T	T_A__P_B	TP:group_4291--group_5360	144	10335.0	0.2042225686961178	0.34049151864976346	0.485564597768414	0.9991291727140784	True
2213358	697	1778	group_4291	group_4894	TP	0.49519566948615545	0.6316941357776332	225.14285714285714	227025.2380952381	0.08414236	21	0	1	1	10	2	10	1.0	1.0	0.460990287300509	True	True	False	False	P↔T	T_A__P_B	TP:group_4291--group_4894	162	7828.0	0.24869316427324445	0.37233550229445356	0.46099028730050906	0.9996167603474706	True
2213362	697	1782	group_4291	tetM	TP	0.49519566948615545	0.6316941357776332	140.64705882352942	136450.4705882353	0.08492804	17	0	1	1	10	2	10	1.0	1.0	0.4848323580993047	True	True	False	False	P↔T	T_A__P_B	TP:group_4291--tetM	146	10299.0	0.22485448112403592	0.36155200654189734	0.48483235809930475	0.9991261287503641	True
2313372	733	758	group_3678	group_3656	TP	0.5645871048712305	0.9218130012232524	103.38461538461539	110908.46153846153	0.027906025	13	0	0	1	30	2	30	1.0	1.0	0.4729031778618347	True	True	False	False	P↔T	T_A__P_B	TP:group_3678--group_3656	135	10445.0	0.19427115083720545	0.31339558513779836	0.4729031778618347	0.9998085208233605	True
2313384	733	770	group_3678	galE	TP	0.48300922224369325	0.7886191110874164	115.75	112961.5	0.028424136	8	0	0	1	29	2	29	1.0	1.0	0.4480416103913727	True	True	False	False	P↔T	T_A__P_B	TP:group_3678--galE	139	10221.0	0.20489226871164087	0.32643918991900917	0.44804161039137275	0.9995108110752372	True
2313419	733	805	group_3678	group_5291	TP	0.5087919630558841	0.820521619353583	111.5	112064.0	0.029847516	8	0	0	1	30	2	30	1.0	1.0	0.4707176508234734	True	True	False	False	P↔T	T_A__P_B	TP:group_3678--group_5291	138	10415.0	0.2022911687580762	0.31450568392964134	0.47071765082347344	0.999423907825252	True
2313426	733	812	group_3678	group_2605	TP	0.46620701327796865	0.743788188926391	120.22222222222223	122702.66666666667	0.029724952	9	0	0	1	30	2	30	1.0	1.0	0.4638188177778241	True	True	False	False	P↔T	T_A__P_B	TP:group_3678--group_2605	141	10327.0	0.2151252996707094	0.3408525996411131	0.4638188177778241	0.9990316645686066	True
2314396	733	1782	group_3678	tetM	TP	0.5645871048712304	0.9218130012232523	313.70588235294116	298958.82352941175	0.1028484	17	0	1	1	30	2	30	1.0	1.0	0.5462153733518725	True	True	False	False	P↔T	T_A__P_B	TP:group_3678--tetM	173	4267.0	0.3313521235794704	0.4543886035648884	0.5462153733518725	0.9992969299273494	True
2375497	755	1778	group_952	group_4894	TP	0.4908103595520275	0.7132614574554227	219.95238095238096	222301.04761904763	0.095358655	21	1	1	1	23	2	23	1.0	1.0	0.4844131039521858	True	True	False	False	P↔T	T_A__P_B	TP:group_952--group_4894	161	7560.0	0.23628115157323065	0.35115320246362075	0.48441310395218584	0.9990740740740741	True
2465281	788	812	group_1409	group_2605	TP	0.5314035384702831	0.7095636522385402	121.22222222222223	123798.11111111111	0.032270193	9	0	0	1	30	2	30	1.0	1.0	0.4638188177778241	True	True	False	False	P↔T	T_A__P_B	TP:group_1409--group_2605	141	10327.0	0.2151252996707094	0.3408525996411131	0.4638188177778241	0.999709499370582	True
2465369	788	900	group_1409	group_789	TP	0.5035192667253453	0.6633806309756665	126.8	129605.2	0.036598116	5	0	0	1	30	2	30	1.0	1.0	0.4822776444081364	True	True	False	False	P↔T	T_A__P_B	TP:group_1409--group_789	142	10625.0	0.208132684526371	0.3292462678341217	0.4822776444081364	0.9992470588235294	True
2466019	788	1550	group_1409	Int-Tn_1	TP	0.5522160860901267	0.7307659698479342	182.37362637362637	174912.010989011	0.08076908	91	0	1	1	30	2	30	1.0	1.0	0.5227654098814415	True	True	False	False	P↔T	T_A__P_B	TP:group_1409--Int-Tn_1	155	9591.0	0.23574501803149556	0.38088356576024535	0.5227654098814415	0.999687206756334	True
2466057	788	1588	group_1409	group_3705	TP	0.5522160860901267	0.7307659698479342	177.42222222222222	170852.8777777778	0.08026139	90	0	1	1	30	2	30	1.0	1.0	0.5509865752942332	True	True	False	False	P↔T	T_A__P_B	TP:group_1409--group_3705	154	10147.0	0.23925083268906638	0.3677343582400997	0.5509865752942332	0.9991130383364542	True
2466059	788	1590	group_1409	group_5408	TP	0.5522160860901267	0.7307659698479342	173.4	167039.67777777778	0.08026139	90	0	1	1	30	2	30	1.0	1.0	0.4822446250268134	True	True	False	False	P↔T	T_A__P_B	TP:group_1409--group_5408	153	10364.0	0.22839731187146514	0.356249497460672	0.4822446250268134	0.9995175607873408	True
2466060	788	1591	group_1409	group_5410	TP	0.5810696400329596	0.771008762001165	176.1818181818182	169774.48863636365	0.091035075	88	0	1	1	30	2	30	1.0	1.0	0.5509865752942332	True	True	False	False	P↔T	T_A__P_B	TP:group_1409--group_5410	154	10147.0	0.23925083268906638	0.3677343582400997	0.5509865752942332	0.9997043461121514	True
2466067	788	1598	group_1409	group_5409	TP	0.5810696400329596	0.771008762001165	174.1818181818182	167417.26136363635	0.09029883	88	0	1	1	30	2	30	1.0	1.0	0.4822446250268134	True	True	False	False	P↔T	T_A__P_B	TP:group_1409--group_5409	153	10364.0	0.22839731187146514	0.356249497460672	0.4822446250268134	0.9997105364724045	True
2466071	788	1602	group_1409	group_1119	TP	0.4542429247963683	0.599694299691985	113.91304347826087	125683.93478260869	0.08836573	92	0	1	1	29	2	29	1.0	1.0	0.4480416103913727	True	True	False	False	P↔T	T_A__P_B	TP:group_1409--group_1119	139	10221.0	0.20489226871164087	0.32643918991900917	0.44804161039137275	0.9992172977203796	True
2466109	788	1640	group_1409	group_4892	TP	0.5522160860901267	0.7307659698479342	181.1494252873563	174064.72413793104	0.08715528	87	0	1	1	30	2	30	1.0	1.0	0.5227654098814415	True	True	False	False	P↔T	T_A__P_B	TP:group_1409--group_4892	155	9591.0	0.23574501803149556	0.38088356576024535	0.5227654098814415	0.9997914711708894	True
2466120	788	1651	group_1409	group_5412	TP	0.5810696400329596	0.771008762001165	180.1818181818182	172873.95454545456	0.08813157	88	0	1	1	30	2	30	1.0	1.0	0.5509865752942332	True	True	False	False	P↔T	T_A__P_B	TP:group_1409--group_5412	154	10147.0	0.23925083268906638	0.3677343582400997	0.5509865752942332	0.9998028974081009	True
2466125	788	1656	group_1409	group_3419	TP	0.5810696400329596	0.771008762001165	167.22727272727272	162470.79545454544	0.08738117	88	0	1	1	30	2	30	1.0	1.0	0.4884936686160739	True	True	False	False	P↔T	T_A__P_B	TP:group_1409--group_3419	152	10786.0	0.22550428321809185	0.3493053612327472	0.48849366861607396	1.0	True
2466129	788	1660	group_1409	group_5411	TP	0.5810696400329596	0.771008762001165	179.1818181818182	171772.01136363635	0.08916734	88	0	1	1	30	2	30	1.0	1.0	0.5509865752942332	True	True	False	False	P↔T	T_A__P_B	TP:group_1409--group_5411	154	10147.0	0.23925083268906638	0.3677343582400997	0.5509865752942332	0.9999014487040505	True
2466132	788	1663	group_1409	group_5991	TP	0.5810696400329596	0.771008762001165	175.1818181818182	168791.875	0.08738117	88	0	1	1	30	2	30	1.0	1.0	0.4822446250268134	True	True	False	False	P↔T	T_A__P_B	TP:group_1409--group_5991	153	10364.0	0.22839731187146514	0.356249497460672	0.4822446250268134	0.9998070243149363	True
2466202	788	1733	group_1409	group_3024	TP	0.5550615104044748	0.7468119244825355	317.25	302497.6875	0.0936427	16	0	1	1	30	2	30	1.0	1.0	0.5362446942321507	True	True	False	False	P↔T	T_A__P_B	TP:group_1409--group_3024	174	4367.0	0.3133152048902774	0.4665206558190084	0.5362446942321507	0.9997710098465766	True
2466251	788	1782	group_1409	tetM	TP	0.6119963804290635	0.8234153982529324	314.47058823529414	299692.9411764706	0.10179814	17	0	1	1	30	2	30	1.0	1.0	0.5462153733518725	True	True	False	False	P↔T	T_A__P_B	TP:group_1409--tetM	173	4267.0	0.3313521235794704	0.4543886035648884	0.5462153733518725	0.9997656433091164	True
2466261	788	1792	group_1409	group_3724	TP	0.6119963804290635	0.8234153982529324	325.52941176470586	310428.76470588235	0.098102115	17	0	1	1	30	2	30	1.0	1.0	0.5403114221760668	True	True	False	False	P↔T	T_A__P_B	TP:group_1409--group_3724	175	3819.0	0.3326430681026033	0.45841715009459055	0.5403114221760668	1.0	True
2466313	788	1844	group_1409	galT_2	TP	0.6119963804290635	0.8234153982529324	397.42105263157896	388991.05263157893	0.0929256	19	0	1	1	30	2	30	1.0	1.0	0.5945432365273329	True	True	False	False	P↔T	T_A__P_B	TP:group_1409--galT_2	181	1579.0	0.3834973253766738	0.4825864171766016	0.5945432365273329	1.0	True
2466331	788	1862	group_1409	group_1976	TP	0.6020246338684441	0.813498544893021	417.4	405652.4	0.0931428	10	0	1	1	30	2	30	1.0	1.0	0.5963715669898623	True	True	False	False	P↔T	T_A__P_B	TP:group_1409--group_1976	183	1152.0	0.3309076242339926	0.4910272936693899	0.5963715669898623	0.9991319444444444	True
2466336	788	1867	group_1409	group_4451	TP	0.5594504832719586	0.7559693216488678	428.4736842105263	420827.2631578947	0.095359184	19	0	1	1	29	2	29	1.0	1.0	0.5421091295875696	True	True	False	False	P↔T	T_A__P_B	TP:group_1409--group_4451	184	997.0	0.322306334062217	0.4763674789217773	0.5421091295875696	1.0	True
2466340	788	1871	group_1409	group_1359	TP	0.6020246338684441	0.813498544893021	398.42105263157896	389627.2631578947	0.09440904	19	0	1	1	30	2	30	1.0	1.0	0.5277319755147447	True	True	False	False	P↔T	T_A__P_B	TP:group_1409--group_1359	182	1505.0	0.32153927586734365	0.45645276744570457	0.5277319755147447	1.0	True
2478927	793	803	phnV	gpsB	TP	0.5099631877012021	0.5309422701969686	128.0	127032.44444444444	0.029980395	9	3	0	1	16	2	16	1.0	1.0	0.4951956694861554	True	True	False	False	P↔T	T_A__P_B	TP:phnV--gpsB	143	10696.0	0.20891625980446152	0.33272057308449343	0.49519566948615545	0.9993455497382199	True
2478929	793	805	phnV	group_5291	TP	0.5095471477478473	0.5272894096386881	210.33333333333334	209220.15151515152	0.030792229	33	3	0	1	17	2	17	1.0	1.0	0.4908120108542949	True	True	False	False	P↔T	T_A__P_B	TP:phnV--group_5291	160	8107.0	0.24810609129841318	0.36662452662648437	0.4908120108542949	0.9995065992352288	True
2478956	793	832	phnV	ponA	TP	0.4857857632203414	0.49766920433070855	142.16666666666666	139836.5	0.032017227	6	3	0	2	18	2	17	0.9444444	1.1172414	0.4848323580993047	True	True	True	True	P↔T	T_A__P_B	TP:phnV--ponA	146	10299.0	0.22485448112403592	0.36155200654189734	0.48483235809930475	0.999029031944849	True
2478981	793	857	phnV	group_2233	TP	0.4857857632203414	0.49766920433070855	222.30434782608697	223114.60869565216	0.033857077	23	3	0	2	18	2	17	0.9444444	1.1172414	0.460990287300509	True	True	True	True	P↔T	T_A__P_B	TP:phnV--group_2233	162	7828.0	0.24869316427324445	0.37233550229445356	0.46099028730050906	0.9993612672457843	True
2479960	793	1836	phnV	group_5418	TP	0.5368300308184454	0.557165011701623	199.77777777777777	204750.22222222222	0.08701532	9	3	1	1	17	2	17	1.0	1.0	0.4495451588683012	True	True	False	False	P↔T	T_A__P_B	TP:phnV--group_5418	158	9065.0	0.23362085440445762	0.35204446739901274	0.4495451588683012	0.9998896856039713	True
2479961	793	1837	phnV	group_5996	TP	0.5368300308184454	0.557165011701623	184.15384615384616	188302.15384615384	0.08701532	13	3	1	1	17	2	17	1.0	1.0	0.5227654098814415	True	True	False	False	P↔T	T_A__P_B	TP:phnV--group_5996	155	9591.0	0.23574501803149556	0.38088356576024535	0.5227654098814415	0.9994786779272234	True
2479962	793	1838	phnV	group_5997	TP	0.5368300308184454	0.557165011701623	206.9	211736.8	0.08701532	10	3	1	1	17	2	17	1.0	1.0	0.485384688437638	True	True	False	False	P↔T	T_A__P_B	TP:phnV--group_5997	159	8564.0	0.2423459130179614	0.3683869752229423	0.485384688437638	0.9997664642690332	True
2628362	848	1683	artP_1	Int-Tn_2	TP	0.49565506590402664	0.45722545621390437	109.27777777777777	102932.66666666667	0.07322652	18	1	1	1	26	2	26	1.0	1.0	0.4813187017149842	True	True	False	False	P↔T	T_A__P_B	TP:artP_1--Int-Tn_2	137	10349.0	0.20064857616853873	0.32538320593770226	0.48131870171498425	0.9994202338390182	True
2628365	848	1686	artP_1	group_5945	TP	0.49565506590402664	0.45722545621390437	110.27777777777777	104034.94444444444	0.07322652	18	1	1	1	26	2	26	1.0	1.0	0.4707176508234734	True	True	False	False	P↔T	T_A__P_B	TP:artP_1--group_5945	138	10415.0	0.2022911687580762	0.31450568392964134	0.47071765082347344	0.999231877100336	True
2628370	848	1691	artP_1	group_5360	TP	0.49565506590402664	0.45722545621390437	114.3529411764706	108516.29411764706	0.07398009	17	1	1	1	26	2	26	1.0	1.0	0.4480416103913727	True	True	False	False	P↔T	T_A__P_B	TP:artP_1--group_5360	139	10221.0	0.20489226871164087	0.32643918991900917	0.44804161039137275	0.9997064866451424	True
2628412	848	1733	artP_1	group_3024	TP	0.5082342596965704	0.47033281893620077	127.9375	124064.125	0.07716091	16	1	1	1	26	2	26	1.0	1.0	0.4951956694861554	True	True	False	False	P↔T	T_A__P_B	TP:artP_1--group_3024	143	10696.0	0.20891625980446152	0.33272057308449343	0.49519566948615545	0.9992520568436799	True
2628431	848	1752	artP_1	group_4882	TP	0.5297116647799058	0.49109375280573425	242.52777777777777	223579.98611111112	0.08812805	72	1	1	1	26	2	26	1.0	1.0	0.5234061453017568	True	True	False	False	P↔T	T_A__P_B	TP:artP_1--group_4882	165	6896.0	0.2614019625823992	0.40428941286859854	0.5234061453017568	0.9994199535962877	True
2628457	848	1778	artP_1	group_4894	TP	0.5297116647799058	0.49109375280573425	216.85	218775.7	0.0773409	20	1	1	1	26	2	26	1.0	1.0	0.4844131039521858	True	True	False	False	P↔T	T_A__P_B	TP:artP_1--group_4894	161	7560.0	0.23628115157323065	0.35115320246362075	0.48441310395218584	0.9998677248677249	True
2628461	848	1782	artP_1	tetM	TP	0.5409637875927356	0.5006215506069953	122.29411764705883	118562.23529411765	0.07621594	17	1	1	1	26	2	26	1.0	1.0	0.4638188177778241	True	True	False	False	P↔T	T_A__P_B	TP:artP_1--tetM	141	10327.0	0.2151252996707094	0.3408525996411131	0.4638188177778241	0.9998063329137213	True
2628471	848	1792	artP_1	group_3724	TP	0.4894335074363805	0.4521792323000479	133.35294117647058	129298.05882352941	0.078315824	17	1	1	1	26	2	26	1.0	1.0	0.485564597768414	True	True	False	False	P↔T	T_A__P_B	TP:artP_1--group_3724	144	10335.0	0.2042225686961178	0.34049151864976346	0.485564597768414	0.9990324141267537	True
2628541	848	1862	artP_1	group_1976	TP	0.4904963960645555	0.45562138652783923	227.54545454545453	225762.18181818182	0.08639648	11	1	1	1	25	2	25	1.0	1.0	0.460990287300509	True	True	False	False	P↔T	T_A__P_B	TP:artP_1--group_1976	162	7828.0	0.24869316427324445	0.37233550229445356	0.46099028730050906	0.9994890137966275	True
2636379	851	1684	bshA	group_4888	TP	0.4988988516320098	0.5339416707671851	214.8125	201181.7	0.06552002	80	1	1	1	27	2	27	1.0	1.0	0.4908120108542949	True	True	False	False	P↔T	T_A__P_B	TP:bshA--group_4888	160	8107.0	0.24810609129841318	0.36662452662648437	0.4908120108542949	0.9992598988528433	True
2636447	851	1752	bshA	group_4882	TP	0.4988988516320098	0.5339416707671851	211.84415584415584	196002.6883116883	0.069668494	77	1	1	1	27	2	27	1.0	1.0	0.4908120108542949	True	True	False	False	P↔T	T_A__P_B	TP:bshA--group_4882	160	8107.0	0.24810609129841318	0.36662452662648437	0.4908120108542949	0.999383249044036	True
2823207	922	1427	cpsB	group_4876	TP	0.48738735589125576	0.5809520881836994	164.8	159209.0	0.05725246	5	1	1	1	31	2	31	1.0	1.0	0.4867813349051285	True	True	False	False	P↔T	T_A__P_B	TP:cpsB--group_4876	151	10832.0	0.22913031554138144	0.3510825961738888	0.4867813349051285	0.9990768094534712	True
2823368	922	1588	cpsB	group_3705	TP	0.48738735589125576	0.5809520881836994	149.23333333333332	136334.98888888888	0.06816402	90	1	1	1	31	2	31	1.0	1.0	0.4869206249272111	True	True	False	False	P↔T	T_A__P_B	TP:cpsB--group_3705	148	10641.0	0.22730636303357493	0.385790964314127	0.48692062492721117	0.9990602386993703	True
2823370	922	1590	cpsB	group_5408	TP	0.48738735589125576	0.5809520881836994	145.17777777777778	132420.83333333334	0.06816402	90	1	1	1	31	2	31	1.0	1.0	0.4871561782106265	True	True	False	False	P↔T	T_A__P_B	TP:cpsB--group_5408	147	10318.0	0.2240150343862563	0.3704410052249503	0.48715617821062657	0.9990308199263424	True
2823371	922	1591	cpsB	group_5410	TP	0.5065282104223571	0.6050054678778021	147.51764705882354	134755.50588235294	0.07191221	85	1	1	1	31	2	31	1.0	1.0	0.4869206249272111	True	True	False	False	P↔T	T_A__P_B	TP:cpsB--group_5410	148	10641.0	0.22730636303357493	0.385790964314127	0.48692062492721117	0.9994361432196223	True
2823378	922	1598	cpsB	group_5409	TP	0.5274578804818371	0.631454900181644	145.51764705882354	132372.55294117646	0.072733864	85	1	1	1	31	2	31	1.0	1.0	0.4871561782106265	True	True	False	False	P↔T	T_A__P_B	TP:cpsB--group_5409	147	10318.0	0.2240150343862563	0.3704410052249503	0.48715617821062657	0.9997092459779027	True
2823420	922	1640	cpsB	group_4892	TP	0.5274578804818371	0.631454900181644	152.34939759036143	138876.93975903615	0.07280939	83	1	1	1	31	2	31	1.0	1.0	0.5188868186701031	True	True	False	False	P↔T	T_A__P_B	TP:cpsB--group_4892	149	10619.0	0.23329372527485046	0.39653805781618356	0.5188868186701031	0.9992466333929748	True
2823431	922	1651	cpsB	group_5412	TP	0.5274578804818371	0.631454900181644	151.36904761904762	137677.61904761905	0.072214775	84	1	1	1	31	2	31	1.0	1.0	0.4869206249272111	True	True	False	False	P↔T	T_A__P_B	TP:cpsB--group_5412	148	10641.0	0.22730636303357493	0.385790964314127	0.48692062492721117	0.9996240954797482	True
2823436	922	1656	cpsB	group_3419	TP	0.5506827612727886	0.6609457539475704	138.41666666666666	127276.72619047618	0.0730501	84	1	1	1	31	2	31	1.0	1.0	0.4671066682257567	True	True	False	False	P↔T	T_A__P_B	TP:cpsB--group_3419	145	10489.0	0.20390163535341135	0.33111220016910736	0.4671066682257567	1.0	True
2823440	922	1660	cpsB	group_5411	TP	0.5274578804818371	0.631454900181644	150.36904761904762	136568.5357142857	0.07305968	84	1	1	1	31	2	31	1.0	1.0	0.4869206249272111	True	True	False	False	P↔T	T_A__P_B	TP:cpsB--group_5411	148	10641.0	0.22730636303357493	0.385790964314127	0.48692062492721117	0.9997180716098111	True
2823443	922	1663	cpsB	group_5991	TP	0.5506827612727886	0.6609457539475704	146.36904761904762	133585.7619047619	0.0730501	84	1	1	1	31	2	31	1.0	1.0	0.4871561782106265	True	True	False	False	P↔T	T_A__P_B	TP:cpsB--group_5991	147	10318.0	0.2240150343862563	0.3704410052249503	0.48715617821062657	0.9998061639852684	True
2823562	922	1782	cpsB	tetM	TP	0.5770670708700674	0.6945653468697732	293.05882352941177	273902.17647058825	0.08146376	17	1	1	1	31	2	31	1.0	1.0	0.5373939396899984	True	True	False	False	P↔T	T_A__P_B	TP:cpsB--tetM	171	4936.0	0.3232153444496031	0.45119838305172694	0.5373939396899984	1.0	True
2823577	922	1797	cpsB	group_1754	TP	0.5277319755147447	0.6416013327922657	408.27777777777777	396236.3333333333	0.080116704	18	1	1	1	30	2	30	1.0	1.0	0.5277319755147447	True	True	False	False	P↔T	T_A__P_B	TP:cpsB--group_1754	182	1505.0	0.32153927586734365	0.45645276744570457	0.5277319755147447	0.998671096345515	True
2823647	922	1867	cpsB	group_4451	TP	0.5277319755147447	0.6416013327922657	409.27777777777777	397329.55555555556	0.079718925	18	1	1	1	30	2	30	1.0	1.0	0.5277319755147447	True	True	False	False	P↔T	T_A__P_B	TP:cpsB--group_4451	182	1505.0	0.32153927586734365	0.45645276744570457	0.5277319755147447	0.9993355481727575	True
2872674	941	1684	group_2386	group_4888	TP	0.4637428963506291	0.47166419467001186	203.03614457831324	191643.9518072289	0.054400884	83	4	0	34	66	9	19	0.28787878	9.766816	0.4495451588683012	True	True	True	True	P↔T	T_A__P_B	TP:group_2386--group_4888	158	9065.0	0.23362085440445762	0.35204446739901274	0.4495451588683012	0.9992277992277993	True
2872742	941	1752	group_2386	group_4882	TP	0.5064677323814242	0.5159557114260696	200.0875	186494.65	0.05777766	80	4	0	35	69	9	19	0.2753623	10.372549	0.4495451588683012	True	True	True	True	P↔T	T_A__P_B	TP:group_2386--group_4882	158	9065.0	0.23362085440445762	0.35204446739901274	0.4495451588683012	0.999669056811914	True
2872782	941	1792	group_2386	group_3724	TP	0.5064677323814242	0.5159557114260696	166.11764705882354	158397.4705882353	0.05886419	17	4	0	37	69	9	19	0.2753623	10.463737	0.4884936686160739	True	True	True	True	P↔T	T_A__P_B	TP:group_2386--group_3724	152	10786.0	0.22550428321809185	0.3493053612327472	0.48849366861607396	0.9992582977934359	True
2895812	950	1638	epsL	group_2704	TP	0.5207027143892121	0.8141131499687286	133.57407407407408	149003.85185185185	0.08384748	54	0	1	1	30	2	30	1.0	1.0	0.485564597768414	True	True	False	False	P↔T	T_A__P_B	TP:epsL--group_2704	144	10335.0	0.2042225686961178	0.34049151864976346	0.485564597768414	0.9995162070633768	True
2895830	950	1656	epsL	group_3419	TP	0.49637833019479904	0.7723527000135284	141.41666666666666	131470.2142857143	0.0702635	84	0	1	1	30	2	30	1.0	1.0	0.4848323580993047	True	True	False	False	P↔T	T_A__P_B	TP:epsL--group_3419	146	10299.0	0.22485448112403592	0.36155200654189734	0.48483235809930475	0.9992232255558792	True
2895834	950	1660	epsL	group_5411	TP	0.5207027143892121	0.8141131499687286	153.36904761904762	140762.02380952382	0.070272096	84	0	1	1	30	2	30	1.0	1.0	0.5188868186701031	True	True	False	False	P↔T	T_A__P_B	TP:epsL--group_5411	149	10619.0	0.23329372527485046	0.39653805781618356	0.5188868186701031	0.9991524625670967	True
2895837	950	1663	epsL	group_5991	TP	0.49637833019479904	0.7723527000135284	149.36904761904762	137779.25	0.0702635	84	0	1	1	30	2	30	1.0	1.0	0.4869206249272111	True	True	False	False	P↔T	T_A__P_B	TP:epsL--group_5991	148	10641.0	0.22730636303357493	0.385790964314127	0.48692062492721117	0.9992481909594962	True
2895956	950	1782	epsL	tetM	TP	0.5483549523883321	0.861849138981328	295.3529411764706	276842.4117647059	0.07827892	17	0	1	1	30	2	30	1.0	1.0	0.5373939396899984	True	True	False	False	P↔T	T_A__P_B	TP:epsL--tetM	171	4936.0	0.3232153444496031	0.45119838305172694	0.5373939396899984	0.9995948136142626	True
2895966	950	1792	epsL	group_3724	TP	0.5483549523883321	0.861849138981328	306.4117647058824	287578.23529411765	0.0676062	17	0	1	1	30	2	30	1.0	1.0	0.5462153733518725	True	True	False	False	P↔T	T_A__P_B	TP:epsL--group_3724	173	4267.0	0.3313521235794704	0.4543886035648884	0.5462153733518725	0.9990625732364659	True
2906136	954	1684	group_2261	group_4888	TP	0.5235863374812597	0.9999999999999998	247.72972972972974	230693.0945945946	0.083889306	74	0	1	1	10	2	10	1.0	1.0	0.5234061453017568	True	True	False	False	P↔T	T_A__P_B	TP:group_2261--group_4888	165	6896.0	0.2614019625823992	0.40428941286859854	0.5234061453017568	0.9991299303944315	True
2906195	954	1743	group_2261	group_4895	TP	0.5235863374812597	0.9999999999999998	127.16666666666667	124310.77777777778	0.06790468	18	0	1	1	10	2	10	1.0	1.0	0.4822776444081364	True	True	False	False	P↔T	T_A__P_B	TP:group_2261--group_4895	142	10625.0	0.208132684526371	0.3292462678341217	0.4822776444081364	0.9994352941176471	True
2906196	954	1744	group_2261	erm	TP	0.5235863374812597	0.9999999999999998	128.16666666666666	124768.11111111111	0.06772168	18	0	1	1	10	2	10	1.0	1.0	0.4951956694861554	True	True	False	False	P↔T	T_A__P_B	TP:group_2261--erm	143	10696.0	0.20891625980446152	0.33272057308449343	0.49519566948615545	0.9995325355272999	True
2906204	954	1752	group_2261	group_4882	TP	0.5235863374812597	0.9999999999999998	244.52777777777777	225420.65277777778	0.08573284	72	0	1	1	10	2	10	1.0	1.0	0.5234061453017568	True	True	False	False	P↔T	T_A__P_B	TP:group_2261--group_4882	165	6896.0	0.2614019625823992	0.40428941286859854	0.5234061453017568	0.9992749419953596	True
2906205	954	1753	group_2261	group_5422	TP	0.5235863374812597	0.9999999999999998	126.16666666666667	123641.61111111111	0.068568535	18	0	1	1	10	2	10	1.0	1.0	0.4822776444081364	True	True	False	False	P↔T	T_A__P_B	TP:group_2261--group_5422	142	10625.0	0.208132684526371	0.3292462678341217	0.4822776444081364	0.9995294117647059	True
2906234	954	1782	group_2261	tetM	TP	0.5235863374812597	0.9999999999999998	120.76470588235294	117451.5294117647	0.07054882	17	0	1	1	10	2	10	1.0	1.0	0.4638188177778241	True	True	False	False	P↔T	T_A__P_B	TP:group_2261--tetM	141	10327.0	0.2151252996707094	0.3408525996411131	0.4638188177778241	0.9995158322843033	True
2906244	954	1792	group_2261	group_3724	TP	0.5235863374812597	0.9999999999999998	131.8235294117647	128187.35294117648	0.0726039	17	0	1	1	10	2	10	1.0	1.0	0.485564597768414	True	True	False	False	P↔T	T_A__P_B	TP:group_2261--group_3724	144	10335.0	0.2042225686961178	0.34049151864976346	0.485564597768414	0.9996129656507015	True
2906314	954	1862	group_2261	group_1976	TP	0.5235863374812597	0.9999999999999998	226.27272727272728	224783.72727272726	0.076943606	11	0	1	1	10	2	10	1.0	1.0	0.460990287300509	True	True	False	False	P↔T	T_A__P_B	TP:group_2261--group_1976	162	7828.0	0.24869316427324445	0.37233550229445356	0.46099028730050906	0.9997445068983137	True
2906319	954	1867	group_2261	group_4451	TP	0.5235863374812597	0.9999999999999998	285.85	285999.5	0.078968205	20	0	1	1	10	2	10	1.0	1.0	0.5107419291721534	True	True	False	False	P↔T	T_A__P_B	TP:group_2261--group_4451	170	5298.0	0.32524529881666403	0.44167257289575557	0.5107419291721534	0.9994337485843715	True
2926316	962	1356	group_1032	group_1077	TP	0.5492163128976567	0.5682592099189866	201.0909090909091	204016.36363636365	0.1038922	22	3	1	1	17	2	17	1.0	1.0	0.4495451588683012	True	True	False	False	P↔T	T_A__P_B	TP:group_1032--group_1077	158	9065.0	0.23362085440445762	0.35204446739901274	0.4495451588683012	1.0	True
2926510	962	1550	group_1032	Int-Tn_1	TP	0.5097279543220731	0.5252317522743879	236.95238095238096	238766.04761904763	0.06989816	21	3	1	1	17	2	17	1.0	1.0	0.5097279543220731	True	True	False	False	P↔T	T_A__P_B	TP:group_1032--Int-Tn_1	164	6865.0	0.2630241893124906	0.399875563537318	0.5097279543220731	0.9986890021849963	True
2926548	962	1588	group_1032	group_3705	TP	0.5097279543220731	0.5252317522743879	239.61904761904762	240804.14285714287	0.07520863	21	3	1	1	17	2	17	1.0	1.0	0.5097279543220731	True	True	False	False	P↔T	T_A__P_B	TP:group_1032--group_3705	164	6865.0	0.2630241893124906	0.399875563537318	0.5097279543220731	0.9988346686088857	True
2926550	962	1590	group_1032	group_5408	TP	0.5097279543220731	0.5252317522743879	241.71428571428572	244017.2857142857	0.07520863	21	3	1	1	17	2	17	1.0	1.0	0.5097279543220731	True	True	False	False	P↔T	T_A__P_B	TP:group_1032--group_5408	164	6865.0	0.2630241893124906	0.399875563537318	0.5097279543220731	0.998980335032775	True
2926600	962	1640	group_1032	group_4892	TP	0.5097279543220731	0.5252317522743879	237.52380952380952	238926.7619047619	0.068842754	21	3	1	1	17	2	17	1.0	1.0	0.5097279543220731	True	True	False	False	P↔T	T_A__P_B	TP:group_1032--group_4892	164	6865.0	0.2630241893124906	0.399875563537318	0.5097279543220731	0.9991260014566642	True
2926611	962	1651	group_1032	group_5412	TP	0.5097279543220731	0.5252317522743879	238.04761904761904	238951.61904761905	0.069639005	21	3	1	1	17	2	17	1.0	1.0	0.5097279543220731	True	True	False	False	P↔T	T_A__P_B	TP:group_1032--group_5412	164	6865.0	0.2630241893124906	0.399875563537318	0.5097279543220731	0.9992716678805535	True
2926620	962	1660	group_1032	group_5411	TP	0.5097279543220731	0.5252317522743879	238.57142857142858	239592.42857142858	0.0704705	21	3	1	1	17	2	17	1.0	1.0	0.5097279543220731	True	True	False	False	P↔T	T_A__P_B	TP:group_1032--group_5411	164	6865.0	0.2630241893124906	0.399875563537318	0.5097279543220731	0.9994173343044428	True
2926623	962	1663	group_1032	group_5991	TP	0.5097279543220731	0.5252317522743879	240.66666666666666	241877.09523809524	0.07040084	21	3	1	1	17	2	17	1.0	1.0	0.5097279543220731	True	True	False	False	P↔T	T_A__P_B	TP:group_1032--group_5991	164	6865.0	0.2630241893124906	0.399875563537318	0.5097279543220731	0.9995630007283322	True
2926684	962	1724	group_1032	group_3083	TP	0.5302487072910768	0.5540708372482185	168.44444444444446	178000.77777777778	0.088430904	9	3	1	1	17	2	17	1.0	1.0	0.4884936686160739	True	True	False	False	P↔T	T_A__P_B	TP:group_1032--group_3083	152	10786.0	0.22550428321809185	0.3493053612327472	0.48849366861607396	0.9995364361208975	True
2926796	962	1836	group_1032	group_5418	TP	0.578147465515073	0.6009848883878175	176.77777777777777	187009.88888888888	0.06203076	9	3	1	1	17	2	17	1.0	1.0	0.5509865752942332	True	True	False	False	P↔T	T_A__P_B	TP:group_1032--group_5418	154	10147.0	0.23925083268906638	0.3677343582400997	0.5509865752942332	0.9995072435202523	True
2926797	962	1837	group_1032	group_5996	TP	0.578147465515073	0.6009848883878175	164.92857142857142	170104.42857142858	0.06203076	14	3	1	1	17	2	17	1.0	1.0	0.4867813349051285	True	True	False	False	P↔T	T_A__P_B	TP:group_1032--group_5996	151	10832.0	0.22913031554138144	0.3510825961738888	0.4867813349051285	0.9996307237813885	True
2926798	962	1838	group_1032	group_5997	TP	0.578147465515073	0.6009848883878175	175.8181818181818	184184.18181818182	0.06203076	11	3	1	1	17	2	17	1.0	1.0	0.5509865752942332	True	True	False	False	P↔T	T_A__P_B	TP:group_1032--group_5997	154	10147.0	0.23925083268906638	0.3677343582400997	0.5509865752942332	0.9996057948162018	True
2926925	962	1965	group_1032	group_5998	TP	0.5302487072910768	0.5540708372482185	166.0	176838.33333333334	0.070354134	9	3	1	1	17	2	17	1.0	1.0	0.4884936686160739	True	True	False	False	P↔T	T_A__P_B	TP:group_1032--group_5998	152	10786.0	0.22550428321809185	0.3493053612327472	0.48849366861607396	0.999629148896718	True
2935174	965	2540	group_3319	group_2868	TP	0.15268625149125253	0.1961585629160613	657.2	664384.4	0.18908595	5	3	1	1	6	13	6	1.0	1.0	0.1526434221607253	True	True	False	False	P↔T	T_A__P_B	TP:group_3319--group_2868	199	42.0	0.14767433826900014	0.1522579581859803	0.15264342216072532	0.9230226818662592	True
2936639	966	1449	lytA_2	group_1366	TP	0.4822518893365438	0.7122542048968626	175.26388888888889	168261.30555555556	0.07738856	72	0	1	1	30	2	30	1.0	1.0	0.4822446250268134	True	True	False	False	P↔T	T_A__P_B	TP:lytA_2--group_1366	153	10364.0	0.22839731187146514	0.356249497460672	0.4822446250268134	0.9990351215746816	True
2936675	966	1485	lytA_2	group_4891	TP	0.5083917893043521	0.7525126590975768	165.57534246575344	160718.54794520547	0.07651372	73	0	1	1	30	2	30	1.0	1.0	0.4867813349051285	True	True	False	False	P↔T	T_A__P_B	TP:lytA_2--group_4891	151	10832.0	0.22913031554138144	0.3510825961738888	0.4867813349051285	0.9992614475627769	True
2936704	966	1514	lytA_2	group_5990	TP	0.5083917893043521	0.7525126590975768	167.55555555555554	161703.59722222222	0.077351466	72	0	1	1	30	2	30	1.0	1.0	0.4884936686160739	True	True	False	False	P↔T	T_A__P_B	TP:lytA_2--group_5990	152	10786.0	0.22550428321809185	0.3493053612327472	0.48849366861607396	0.9993510105692565	True
2936710	966	1520	lytA_2	phnU	TP	0.5373939396899984	0.7975900914050931	318.25	307095.6666666667	0.087689355	12	0	1	1	30	2	30	1.0	1.0	0.5362446942321507	True	True	False	False	P↔T	T_A__P_B	TP:lytA_2--phnU	174	4367.0	0.3133152048902774	0.4665206558190084	0.5362446942321507	0.9990840393863064	True
2936778	966	1588	lytA_2	group_3705	TP	0.5373939396899984	0.7975900914050931	174.58904109589042	168009.98630136985	0.076085	73	0	1	1	30	2	30	1.0	1.0	0.4822446250268134	True	True	False	False	P↔T	T_A__P_B	TP:lytA_2--group_3705	153	10364.0	0.22839731187146514	0.356249497460672	0.4822446250268134	0.999421072944809	True
2936780	966	1590	lytA_2	group_5408	TP	0.5373939396899984	0.7975900914050931	170.56164383561645	163998.24657534246	0.076085	73	0	1	1	30	2	30	1.0	1.0	0.4884936686160739	True	True	False	False	P↔T	T_A__P_B	TP:lytA_2--group_5408	152	10786.0	0.22550428321809185	0.3493053612327472	0.48849366861607396	0.9999072872241795	True
2936781	966	1591	lytA_2	group_5410	TP	0.5083917893043521	0.7525126590975768	173.26760563380282	166807.38028169013	0.08061325	71	0	1	1	30	2	30	1.0	1.0	0.4822446250268134	True	True	False	False	P↔T	T_A__P_B	TP:lytA_2--group_5410	153	10364.0	0.22839731187146514	0.356249497460672	0.4822446250268134	0.9991316094172135	True
2936788	966	1598	lytA_2	group_5409	TP	0.5083917893043521	0.7525126590975768	171.26760563380282	164235.46478873238	0.07993185	71	0	1	1	30	2	30	1.0	1.0	0.4822446250268134	True	True	False	False	P↔T	T_A__P_B	TP:lytA_2--group_5409	153	10364.0	0.22839731187146514	0.356249497460672	0.4822446250268134	0.9992280972597453	True
2936792	966	1602	lytA_2	group_1119	TP	0.47687042763502024	0.7100353097262775	111.0945945945946	122734.52702702703	0.08696038	74	0	1	1	29	2	29	1.0	1.0	0.4707176508234734	True	True	False	False	P↔T	T_A__P_B	TP:lytA_2--group_1119	138	10415.0	0.2022911687580762	0.31450568392964134	0.47071765082347344	0.999135861737878	True
2936828	966	1638	lytA_2	group_2704	TP	0.4822518893365438	0.7122542048968626	106.87272727272727	115913.25454545455	0.05928672	55	0	1	1	30	2	30	1.0	1.0	0.4813187017149842	True	True	False	False	P↔T	T_A__P_B	TP:lytA_2--group_2704	137	10349.0	0.20064857616853873	0.32538320593770226	0.48131870171498425	0.9990337230650305	True
2936830	966	1640	lytA_2	group_4892	TP	0.5703639157658722	0.8492422597810358	178.21428571428572	171218.94285714286	0.085602924	70	0	1	1	30	2	30	1.0	1.0	0.5509865752942332	True	True	False	False	P↔T	T_A__P_B	TP:lytA_2--group_4892	154	10147.0	0.23925083268906638	0.3677343582400997	0.5509865752942332	0.9992115896324036	True
2936841	966	1651	lytA_2	group_5412	TP	0.5703639157658722	0.8492422597810358	177.26760563380282	169873.49295774646	0.08489335	71	0	1	1	30	2	30	1.0	1.0	0.5509865752942332	True	True	False	False	P↔T	T_A__P_B	TP:lytA_2--group_5412	154	10147.0	0.23925083268906638	0.3677343582400997	0.5509865752942332	0.9993101409283532	True
2936846	966	1656	lytA_2	group_3419	TP	0.5703639157658722	0.8492422597810358	164.28169014084506	159408.22535211267	0.084136285	71	0	1	1	30	2	30	1.0	1.0	0.4867813349051285	True	True	False	False	P↔T	T_A__P_B	TP:lytA_2--group_3419	151	10832.0	0.22913031554138144	0.3510825961738888	0.4867813349051285	0.9995384047267356	True
2936850	966	1660	lytA_2	group_5411	TP	0.5703639157658722	0.8492422597810358	176.26760563380282	168795.338028169	0.08422418	71	0	1	1	30	2	30	1.0	1.0	0.5509865752942332	True	True	False	False	P↔T	T_A__P_B	TP:lytA_2--group_5411	154	10147.0	0.23925083268906638	0.3677343582400997	0.5509865752942332	0.9994086922243027	True
2936853	966	1663	lytA_2	group_5991	TP	0.5703639157658722	0.8492422597810358	172.26760563380282	165796.39436619717	0.084136285	71	0	1	1	30	2	30	1.0	1.0	0.4822446250268134	True	True	False	False	P↔T	T_A__P_B	TP:lytA_2--group_5991	153	10364.0	0.22839731187146514	0.356249497460672	0.4822446250268134	0.9996140486298727	True
2936873	966	1683	lytA_2	Int-Tn_2	TP	0.5373939396899984	0.7975900914050931	293.72727272727275	275114.0	0.07815982	11	0	1	1	30	2	30	1.0	1.0	0.5373939396899984	True	True	False	False	P↔T	T_A__P_B	TP:lytA_2--Int-Tn_2	171	4936.0	0.3232153444496031	0.45119838305172694	0.5373939396899984	0.9989870340356564	True
2936876	966	1686	lytA_2	group_5945	TP	0.5373939396899984	0.7975900914050931	294.72727272727275	276148.8181818182	0.07815982	11	0	1	1	30	2	30	1.0	1.0	0.5373939396899984	True	True	False	False	P↔T	T_A__P_B	TP:lytA_2--group_5945	171	4936.0	0.3232153444496031	0.45119838305172694	0.5373939396899984	0.9991896272285251	True
2936881	966	1691	lytA_2	group_5360	TP	0.5373939396899984	0.7975900914050931	292.8	276063.7	0.077463485	10	0	1	1	30	2	30	1.0	1.0	0.5373939396899984	True	True	False	False	P↔T	T_A__P_B	TP:lytA_2--group_5360	171	4936.0	0.3232153444496031	0.45119838305172694	0.5373939396899984	0.9993922204213939	True
2936972	966	1782	lytA_2	tetM	TP	0.5703639157658722	0.8492422597810358	303.72727272727275	292480.8181818182	0.07446283	11	0	1	1	30	2	30	1.0	1.0	0.5427275615906816	True	True	False	False	P↔T	T_A__P_B	TP:lytA_2--tetM	172	4689.0	0.3362189976488277	0.45633727941803354	0.5427275615906816	0.99957346982299	True
2937034	966	1844	lytA_2	galT_2	TP	0.6096414951175623	0.9111115740508745	396.2631578947368	388345.7894736842	0.0708465	19	0	1	1	30	2	30	1.0	1.0	0.5945432365273329	True	True	False	False	P↔T	T_A__P_B	TP:lytA_2--galT_2	181	1579.0	0.3834973253766738	0.4825864171766016	0.5945432365273329	0.999366687777074	True
2937052	966	1862	lytA_2	group_1976	TP	0.6096414951175623	0.9111115740508745	415.8	404634.3	0.07097958	10	0	1	1	30	2	30	1.0	1.0	0.5963715669898623	True	True	False	False	P↔T	T_A__P_B	TP:lytA_2--group_1976	183	1152.0	0.3309076242339926	0.4910272936693899	0.5963715669898623	1.0	True
2980974	983	2485	group_5406	group_5007	TP	0.45884684243710094	0.9999999999999998	105.73684210526316	112342.57894736843	0.17988709	19	0	1	1	11	13	11	1.0	1.0	0.4397637997091607	True	True	False	False	P↔T	T_A__P_B	TP:group_5406--group_5007	136	10419.0	0.19238775690224888	0.306910351125285	0.43976379970916074	0.9993281504942892	True
2980979	983	2490	group_5406	epsJ_1	TP	0.45884684243710094	0.9999999999999998	105.47619047619048	111961.90476190476	0.17988709	21	0	1	1	11	13	11	1.0	1.0	0.4397637997091607	True	True	False	False	P↔T	T_A__P_B	TP:group_5406--epsJ_1	136	10419.0	0.19238775690224888	0.306910351125285	0.43976379970916074	0.9994241289951051	True
2980982	983	2493	group_5406	epsF	TP	0.45884684243710094	0.9999999999999998	106.47619047619048	112742.28571428571	0.17988709	21	0	1	1	11	13	11	1.0	1.0	0.4397637997091607	True	True	False	False	P↔T	T_A__P_B	TP:group_5406--epsF	136	10419.0	0.19238775690224888	0.306910351125285	0.43976379970916074	0.9995201074959209	True
3017774	998	1320	clpC_1	group_846	TP	0.5303553335865642	0.7292829747069277	184.73846153846154	165762.36923076923	0.18395053	65	1	1	1	16	2	16	1.0	1.0	0.5227654098814415	True	True	False	False	P↔T	T_A__P_B	TP:clpC_1--group_846	155	9591.0	0.23574501803149556	0.38088356576024535	0.5227654098814415	0.9993744135126681	True
3017838	998	1384	clpC_1	group_4444	TP	0.5056202253994955	0.6744106389330714	143.92	162950.3	0.11053226	50	1	1	1	18	2	18	1.0	1.0	0.4871561782106265	True	True	False	False	P↔T	T_A__P_B	TP:clpC_1--group_4444	147	10318.0	0.2240150343862563	0.3704410052249503	0.48715617821062657	0.9991277379337081	True
3018004	998	1550	clpC_1	Int-Tn_1	TP	0.5056202253994955	0.6744106389330714	148.11494252873564	133909.88505747126	0.07462265	87	1	1	1	18	2	18	1.0	1.0	0.4869206249272111	True	True	False	False	P↔T	T_A__P_B	TP:clpC_1--Int-Tn_1	148	10641.0	0.22730636303357493	0.385790964314127	0.48692062492721117	0.9993421670895593	True
3018040	998	1586	clpC_1	group_1962	TP	0.583519940463185	0.7861780315433348	311.3333333333333	294204.06666666665	0.11290675	15	1	1	1	18	2	18	1.0	1.0	0.5462153733518725	True	True	False	False	P↔T	T_A__P_B	TP:clpC_1--group_1962	173	4267.0	0.3313521235794704	0.4543886035648884	0.5462153733518725	0.999531286618233	True
3018042	998	1588	clpC_1	group_3705	TP	0.5056202253994955	0.6744106389330714	143.17073170731706	129744.84146341463	0.08105632	82	1	1	1	18	2	18	1.0	1.0	0.4848323580993047	True	True	False	False	P↔T	T_A__P_B	TP:clpC_1--group_3705	146	10299.0	0.22485448112403592	0.36155200654189734	0.48483235809930475	0.9994174191669094	True
3018044	998	1590	clpC_1	group_5408	TP	0.5056202253994955	0.6744106389330714	139.1341463414634	126096.80487804877	0.08105632	82	1	1	1	18	2	18	1.0	1.0	0.4848323580993047	True	True	False	False	P↔T	T_A__P_B	TP:clpC_1--group_5408	146	10299.0	0.22485448112403592	0.36155200654189734	0.48483235809930475	0.9995145159724245	True
3018092	998	1638	clpC_1	group_2704	TP	0.5056202253994955	0.6744106389330714	142.3877551020408	160014.6530612245	0.08404571	49	1	1	1	18	2	18	1.0	1.0	0.4848323580993047	True	True	False	False	P↔T	T_A__P_B	TP:clpC_1--group_2704	146	10299.0	0.22485448112403592	0.36155200654189734	0.48483235809930475	0.9996116127779396	True
3018094	998	1640	clpC_1	group_4892	TP	0.5056202253994955	0.6744106389330714	146.98717948717947	132864.55128205128	0.08438613	78	1	1	1	18	2	18	1.0	1.0	0.4871561782106265	True	True	False	False	P↔T	T_A__P_B	TP:clpC_1--group_4892	147	10318.0	0.2240150343862563	0.3704410052249503	0.48715617821062657	0.9992246559410739	True
3018105	998	1651	clpC_1	group_5412	TP	0.5056202253994955	0.6744106389330714	145.98717948717947	131675.1923076923	0.083700806	78	1	1	1	18	2	18	1.0	1.0	0.4871561782106265	True	True	False	False	P↔T	T_A__P_B	TP:clpC_1--group_5412	147	10318.0	0.2240150343862563	0.3704410052249503	0.48715617821062657	0.9993215739484396	True
3018110	998	1656	clpC_1	group_3419	TP	0.5056202253994955	0.6744106389330714	133.02564102564102	121408.43589743589	0.08296929	78	1	1	1	18	2	18	1.0	1.0	0.485564597768414	True	True	False	False	P↔T	T_A__P_B	TP:clpC_1--group_3419	144	10335.0	0.2042225686961178	0.34049151864976346	0.485564597768414	0.9993226898887276	True
3018114	998	1660	clpC_1	group_5411	TP	0.5056202253994955	0.6744106389330714	144.98717948717947	130593.76923076923	0.08494084	78	1	1	1	18	2	18	1.0	1.0	0.4871561782106265	True	True	False	False	P↔T	T_A__P_B	TP:clpC_1--group_5411	147	10318.0	0.2240150343862563	0.3704410052249503	0.48715617821062657	0.9994184919558053	True
3018117	998	1663	clpC_1	group_5991	TP	0.5056202253994955	0.6744106389330714	140.98717948717947	127699.92307692308	0.08296929	78	1	1	1	18	2	18	1.0	1.0	0.4848323580993047	True	True	False	False	P↔T	T_A__P_B	TP:clpC_1--group_5991	146	10299.0	0.22485448112403592	0.36155200654189734	0.48483235809930475	0.9997087095834547	True
3018236	998	1782	clpC_1	tetM	TP	0.583519940463185	0.7861780315433348	286.0	268752.6923076923	0.09173354	13	1	1	1	18	2	18	1.0	1.0	0.5107419291721534	True	True	False	False	P↔T	T_A__P_B	TP:clpC_1--tetM	170	5298.0	0.32524529881666403	0.44167257289575557	0.5107419291721534	1.0	True
3018325	998	1871	clpC_1	group_1359	TP	0.583519940463185	0.7861780315433348	376.8888888888889	366068.94444444444	0.08737053	18	1	1	1	18	2	18	1.0	1.0	0.5828268911948791	True	True	False	False	P↔T	T_A__P_B	TP:clpC_1--group_1359	180	2130.0	0.37164060360744455	0.48472570851415564	0.5828268911948791	0.9990610328638497	True
3075700	1021	1470	msbA	group_5415	TP	0.4986950883017697	0.43266489372370076	233.38095238095238	232818.47619047618	0.057463817	21	1	1	1	24	2	24	1.0	1.0	0.4908116321999718	True	True	False	False	P↔T	T_A__P_B	TP:msbA--group_5415	163	7312.0	0.25010076509932777	0.3837856937996939	0.4908116321999718	0.99945295404814	True
3075861	1021	1631	msbA	group_5416	TP	0.49081220664628633	0.4304032027720322	231.38095238095238	231497.2857142857	0.07141939	21	1	1	1	24	2	24	1.0	1.0	0.4908116321999718	True	True	False	False	P↔T	T_A__P_B	TP:msbA--group_5416	163	7312.0	0.25010076509932777	0.3837856937996939	0.4908116321999718	0.999042669584245	True
3075914	1021	1684	msbA	group_4888	TP	0.49081220664628633	0.4304032027720322	212.06410256410257	198569.57692307694	0.07426085	78	1	1	1	24	2	24	1.0	1.0	0.4908120108542949	True	True	False	False	P↔T	T_A__P_B	TP:msbA--group_4888	160	8107.0	0.24810609129841318	0.36662452662648437	0.4908120108542949	0.9990131984704577	True
3075982	1021	1752	msbA	group_4882	TP	0.49081220664628633	0.4304032027720322	209.33783783783784	193531.7027027027	0.06612132	74	1	1	1	24	2	24	1.0	1.0	0.485384688437638	True	True	False	False	P↔T	T_A__P_B	TP:msbA--group_4882	159	8564.0	0.2423459130179614	0.3683869752229423	0.485384688437638	0.9990658570761326	True
3076008	1021	1778	msbA	group_4894	TP	0.49081220664628633	0.4304032027720322	230.38095238095238	230869.52380952382	0.06297575	21	1	1	1	24	2	24	1.0	1.0	0.4908116321999718	True	True	False	False	P↔T	T_A__P_B	TP:msbA--group_4894	163	7312.0	0.25010076509932777	0.3837856937996939	0.4908116321999718	0.9991794310722101	True
3076022	1021	1792	msbA	group_3724	TP	0.49081220664628633	0.4304032027720322	161.5625	154473.3125	0.062427297	16	1	1	1	24	2	24	1.0	1.0	0.4867813349051285	True	True	False	False	P↔T	T_A__P_B	TP:msbA--group_3724	151	10832.0	0.22913031554138144	0.3510825961738888	0.4867813349051285	0.9991691285081241	True
3076136	1021	1906	msbA	group_624	TP	0.49081220664628633	0.4304032027720322	216.6818181818182	205973.61363636365	0.063500844	44	1	1	1	24	2	24	1.0	1.0	0.4844131039521858	True	True	False	False	P↔T	T_A__P_B	TP:msbA--group_624	161	7560.0	0.23628115157323065	0.35115320246362075	0.48441310395218584	0.9992063492063492	True
3162684	1056	1549	group_4441	group_8256	TP	0.4858538659893969	0.4857682043685985	194.97142857142856	186619.27142857143	0.07599941	70	4	0	13	56	9	21	0.375	4.5581393	0.4594130094976121	True	True	True	True	P↔T	T_A__P_B	TP:group_4441--group_8256	157	9172.0	0.22800226591397058	0.3397986272798108	0.45941300949761216	0.9992368076755342	True
3162685	1056	1550	group_4441	Int-Tn_1	TP	0.5227654098814415	0.5234061459682091	193.08860759493672	185432.98734177215	0.0755054	79	4	0	13	55	9	21	0.38181818	4.4160585	0.4594130094976121	True	True	True	True	P↔T	T_A__P_B	TP:group_4441--Int-Tn_1	157	9172.0	0.22800226591397058	0.3397986272798108	0.45941300949761216	0.9997819450501526	True
3162723	1056	1588	group_4441	group_3705	TP	0.5227654098814415	0.5234061459682091	188.12820512820514	181304.2435897436	0.0736823	78	4	0	13	55	9	21	0.38181818	4.4160585	0.5227654098814415	True	True	True	True	P↔T	T_A__P_B	TP:group_4441--group_3705	156	9821.0	0.2278506213944058	0.36729734267133524	0.5227654098814415	0.99887995112514	True
3162725	1056	1590	group_4441	group_5408	TP	0.5227654098814415	0.5234061459682091	184.12820512820514	177526.38461538462	0.0736823	78	4	0	13	55	9	21	0.38181818	4.4160585	0.5227654098814415	True	True	True	True	P↔T	T_A__P_B	TP:group_4441--group_5408	155	9591.0	0.23574501803149556	0.38088356576024535	0.5227654098814415	0.9989573558544469	True
3162745	1056	1610	group_4441	group_4837	TP	0.5403114221760668	0.5406576064510512	329.70588235294116	315937.0588235294	0.07138643	17	4	0	14	56	9	21	0.375	4.571429	0.5403114221760668	True	True	True	True	P↔T	T_A__P_B	TP:group_4441--group_4837	175	3819.0	0.3326430681026033	0.45841715009459055	0.5403114221760668	0.997643362136685	True
3162748	1056	1613	group_4441	group_5357	TP	0.5403114221760668	0.5406576064510512	330.70588235294116	316415.0	0.07138191	17	4	0	14	56	9	21	0.375	4.571429	0.5403114221760668	True	True	True	True	P↔T	T_A__P_B	TP:group_4441--group_5357	175	3819.0	0.3326430681026033	0.45841715009459055	0.5403114221760668	0.9979052107881644	True
3162764	1056	1629	group_4441	group_5358	TP	0.5403114221760668	0.5406576064510512	328.70588235294116	314758.64705882355	0.07011748	17	4	0	14	56	9	21	0.375	4.571429	0.5403114221760668	True	True	True	True	P↔T	T_A__P_B	TP:group_4441--group_5358	175	3819.0	0.3326430681026033	0.45841715009459055	0.5403114221760668	0.9981670594396439	True
3162765	1056	1630	group_4441	group_5359	TP	0.5403114221760668	0.5406576064510512	327.70588235294116	313081.4705882353	0.07016387	17	4	0	14	56	9	21	0.375	4.571429	0.5403114221760668	True	True	True	True	P↔T	T_A__P_B	TP:group_4441--group_5359	175	3819.0	0.3326430681026033	0.45841715009459055	0.5403114221760668	0.9984289080911233	True
3162768	1056	1633	group_4441	iap	TP	0.5403114221760668	0.5406576064510512	325.70588235294116	310849.64705882355	0.07011748	17	4	0	14	56	9	21	0.375	4.571429	0.5403114221760668	True	True	True	True	P↔T	T_A__P_B	TP:group_4441--iap	175	3819.0	0.3326430681026033	0.45841715009459055	0.5403114221760668	0.9986907567426028	True
3162775	1056	1640	group_4441	group_4892	TP	0.5227654098814415	0.5234061459682091	192.11688311688312	184938.2857142857	0.07151357	77	4	0	13	55	9	21	0.38181818	4.4160585	0.4594130094976121	True	True	True	True	P↔T	T_A__P_B	TP:group_4441--group_4892	157	9172.0	0.22800226591397058	0.3397986272798108	0.45941300949761216	0.9998909725250763	True
3162786	1056	1651	group_4441	group_5412	TP	0.5227654098814415	0.5234061459682091	191.12820512820514	183707.6794871795	0.070902005	78	4	0	13	55	9	21	0.38181818	4.4160585	0.5227654098814415	True	True	True	True	P↔T	T_A__P_B	TP:group_4441--group_5412	156	9821.0	0.2278506213944058	0.36729734267133524	0.5227654098814415	0.9989817737501273	True
3162795	1056	1660	group_4441	group_5411	TP	0.5227654098814415	0.5234061459682091	190.12820512820514	182550.83333333334	0.070324495	78	4	0	13	55	9	21	0.38181818	4.4160585	0.5227654098814415	True	True	True	True	P↔T	T_A__P_B	TP:group_4441--group_5411	156	9821.0	0.2278506213944058	0.36729734267133524	0.5227654098814415	0.9990835963751146	True
3162798	1056	1663	group_4441	group_5991	TP	0.5227654098814415	0.5234061459682091	186.12820512820514	179578.39743589744	0.070236206	78	4	0	13	55	9	21	0.38181818	4.4160585	0.5227654098814415	True	True	True	True	P↔T	T_A__P_B	TP:group_4441--group_5991	155	9591.0	0.23574501803149556	0.38088356576024535	0.5227654098814415	0.9990616202690021	True
3162868	1056	1733	group_4441	group_3024	TP	0.5403114221760668	0.5406576064510512	326.25	311559.5	0.06667143	16	4	0	14	56	9	21	0.375	4.571429	0.5403114221760668	True	True	True	True	P↔T	T_A__P_B	TP:group_4441--group_3024	175	3819.0	0.3326430681026033	0.45841715009459055	0.5403114221760668	0.9989526053940823	True
3162878	1056	1743	group_4441	group_4895	TP	0.5403114221760668	0.5406576064510512	332.70588235294116	317498.0	0.061976064	17	4	0	14	56	9	21	0.375	4.571429	0.5403114221760668	True	True	True	True	P↔T	T_A__P_B	TP:group_4441--group_4895	175	3819.0	0.3326430681026033	0.45841715009459055	0.5403114221760668	0.9992144540455616	True
3162879	1056	1744	group_4441	erm	TP	0.5403114221760668	0.5406576064510512	333.70588235294116	317923.76470588235	0.06322551	17	4	0	14	56	9	21	0.375	4.571429	0.5403114221760668	True	True	True	True	P↔T	T_A__P_B	TP:group_4441--erm	175	3819.0	0.3326430681026033	0.45841715009459055	0.5403114221760668	0.9994763026970411	True
3162888	1056	1753	group_4441	group_5422	TP	0.5403114221760668	0.5406576064510512	331.70588235294116	316797.4705882353	0.06267301	17	4	0	14	56	9	21	0.375	4.571429	0.5403114221760668	True	True	True	True	P↔T	T_A__P_B	TP:group_4441--group_5422	175	3819.0	0.3326430681026033	0.45841715009459055	0.5403114221760668	0.9997381513485205	True
3162917	1056	1782	group_4441	tetM	TP	0.5403114221760668	0.5406576064510512	323.6470588235294	308980.5882352941	0.06182725	17	4	0	14	56	9	21	0.375	4.571429	0.5362446942321507	True	True	True	True	P↔T	T_A__P_B	TP:group_4441--tetM	174	4367.0	0.3133152048902774	0.4665206558190084	0.5362446942321507	0.9993130295397298	True
3287258	1107	1683	group_1200	Int-Tn_2	TP	0.46790226641977944	0.47961184398791656	136.23529411764707	127771.94117647059	0.06759979	17	3	1	1	9	2	9	1.0	1.0	0.4671066682257567	True	True	False	False	P↔T	T_A__P_B	TP:group_1200--Int-Tn_2	145	10489.0	0.20390163535341135	0.33111220016910736	0.4671066682257567	0.999046620268853	True
3287260	1107	1685	group_1200	group_5944	TP	0.46790226641977944	0.47961184398791656	104.28571428571429	101501.85714285714	0.06759979	7	3	1	1	9	2	9	1.0	1.0	0.4397637997091607	True	True	False	False	P↔T	T_A__P_B	TP:group_1200--group_5944	136	10419.0	0.19238775690224888	0.306910351125285	0.43976379970916074	0.9997120644975526	True
3287261	1107	1686	group_1200	group_5945	TP	0.46790226641977944	0.47961184398791656	137.23529411764707	128873.4705882353	0.06759979	17	3	1	1	9	2	9	1.0	1.0	0.4671066682257567	True	True	False	False	P↔T	T_A__P_B	TP:group_1200--group_5945	145	10489.0	0.20390163535341135	0.33111220016910736	0.4671066682257567	0.9991419582419677	True
3296902	1111	1677	group_2394	group_5361	TP	0.4778499455562671	0.6945214348213262	101.14285714285714	94904.85714285714	0.04684709	7	0	1	1	24	2	24	1.0	1.0	0.4729031778618347	True	True	False	False	P↔T	T_A__P_B	TP:group_2394--group_5361	135	10445.0	0.19427115083720545	0.31339558513779836	0.4729031778618347	0.9991383437051221	True
3296909	1111	1684	group_2394	group_4888	TP	0.5147212013475813	0.748458182078201	214.2716049382716	200902.33333333334	0.04540624	81	0	1	1	24	2	24	1.0	1.0	0.4908120108542949	True	True	False	False	P↔T	T_A__P_B	TP:group_2394--group_4888	160	8107.0	0.24810609129841318	0.36662452662648437	0.4908120108542949	0.9996299494264216	True
3296910	1111	1685	group_2394	group_5944	TP	0.4778499455562671	0.6945214348213262	101.83333333333333	96254.33333333333	0.047329985	6	0	1	1	24	2	24	1.0	1.0	0.4729031778618347	True	True	False	False	P↔T	T_A__P_B	TP:group_2394--group_5944	135	10445.0	0.19427115083720545	0.31339558513779836	0.4729031778618347	0.9992340832934419	True
3296911	1111	1686	group_2394	group_5945	TP	0.4778499455562671	0.6945214348213262	135.52941176470588	126003.88235294117	0.047329985	17	0	1	1	24	2	24	1.0	1.0	0.4671066682257567	True	True	False	False	P↔T	T_A__P_B	TP:group_2394--group_5945	145	10489.0	0.20390163535341135	0.33111220016910736	0.4671066682257567	0.9993326341881972	True
3296977	1111	1752	group_2394	group_4882	TP	0.5147212013475813	0.748458182078201	212.84415584415584	197098.62337662338	0.04846046	77	0	1	1	24	2	24	1.0	1.0	0.4908120108542949	True	True	False	False	P↔T	T_A__P_B	TP:group_2394--group_4882	160	8107.0	0.24810609129841318	0.36662452662648437	0.4908120108542949	0.9997532996176144	True
3297003	1111	1778	group_2394	group_4894	TP	0.4778499455562671	0.6945214348213262	228.28571428571428	229913.2380952381	0.043057624	21	0	1	1	24	2	24	1.0	1.0	0.460990287300509	True	True	False	False	P↔T	T_A__P_B	TP:group_2394--group_4894	162	7828.0	0.24869316427324445	0.37233550229445356	0.46099028730050906	0.9992335206949412	True
3297007	1111	1782	group_2394	tetM	TP	0.5147212013475813	0.748458182078201	145.23529411764707	139404.35294117648	0.04822325	17	0	1	1	24	2	24	1.0	1.0	0.4871561782106265	True	True	False	False	P↔T	T_A__P_B	TP:group_2394--tetM	147	10318.0	0.2240150343862563	0.3704410052249503	0.48715617821062657	0.9995154099631711	True
3297087	1111	1862	group_2394	group_1976	TP	0.607933038747716	0.8872963022317096	246.36363636363637	244908.81818181818	0.04663682	11	0	1	1	24	2	24	1.0	1.0	0.5234061453017568	True	True	False	False	P↔T	T_A__P_B	TP:group_2394--group_1976	165	6896.0	0.2614019625823992	0.40428941286859854	0.5234061453017568	1.0	True
3297098	1111	1873	group_2394	group_1656	TP	0.5147212013475813	0.748458182078201	165.31944444444446	147335.16666666666	0.04642104	72	0	1	1	24	2	24	1.0	1.0	0.4867813349051285	True	True	False	False	P↔T	T_A__P_B	TP:group_2394--group_1656	151	10832.0	0.22913031554138144	0.3510825961738888	0.4867813349051285	0.9993537666174298	True
3297131	1111	1906	group_2394	group_624	TP	0.607933038747716	0.8872963022317096	220.2608695652174	208792.6739130435	0.0478103	46	0	1	1	24	2	24	1.0	1.0	0.4844131039521858	True	True	False	False	P↔T	T_A__P_B	TP:group_2394--group_624	161	7560.0	0.23628115157323065	0.35115320246362075	0.48441310395218584	1.0	True
3401544	1155	1225	group_2492	group_1349	TP	0.32700772164017755	0.34671749235916527	493.75	482049.0	0.06693694	8	3	0	11	27	8	8	0.2962963	5.481203	0.2988911820712692	True	True	True	True	P↔T	T_A__P_B	TP:group_2492--group_1349	189	598.0	0.18081340513226318	0.25248819492336316	0.2988911820712692	1.0	True
3416177	1161	1677	phnV_2	group_5361	TP	0.5091524360174702	0.48847761779073323	205.42857142857142	176509.0	0.048395883	7	4	0	14	29	9	7	0.2413793	8.009523	0.485384688437638	True	True	True	True	P↔T	T_A__P_B	TP:phnV_2--group_5361	159	8564.0	0.2423459130179614	0.3683869752229423	0.485384688437638	0.9992993928070995	True
3416183	1161	1683	phnV_2	Int-Tn_2	TP	0.5091524360174702	0.48847761779073323	216.46666666666667	189573.26666666666	0.047904596	15	4	0	14	29	9	7	0.2413793	8.009523	0.4844131039521858	True	True	True	True	P↔T	T_A__P_B	TP:phnV_2--Int-Tn_2	161	7560.0	0.23628115157323065	0.35115320246362075	0.48441310395218584	0.9993386243386243	True
3416184	1161	1684	phnV_2	group_4888	TP	0.5521700017738462	0.5251133595863693	109.8	118739.2625	0.05986203	80	4	0	16	32	9	7	0.21875	9.309091	0.4813187017149842	True	True	True	True	P↔T	T_A__P_B	TP:phnV_2--group_4888	137	10349.0	0.20064857616853873	0.32538320593770226	0.48131870171498425	0.9997101169195092	True
3416185	1161	1685	phnV_2	group_5944	TP	0.5091524360174702	0.48847761779073323	205.66666666666666	177734.16666666666	0.047904596	6	4	0	14	29	9	7	0.2413793	8.009523	0.485384688437638	True	True	True	True	P↔T	T_A__P_B	TP:phnV_2--group_5944	159	8564.0	0.2423459130179614	0.3683869752229423	0.485384688437638	0.9994161606725829	True
3416186	1161	1686	phnV_2	group_5945	TP	0.5091524360174702	0.48847761779073323	217.46666666666667	190703.06666666668	0.047904596	15	4	0	14	29	9	7	0.2413793	8.009523	0.4844131039521858	True	True	True	True	P↔T	T_A__P_B	TP:phnV_2--group_5945	161	7560.0	0.23628115157323065	0.35115320246362075	0.48441310395218584	0.9994708994708995	True
3416191	1161	1691	phnV_2	group_5360	TP	0.5091524360174702	0.48847761779073323	219.92857142857142	194154.92857142858	0.04745195	14	4	0	14	29	9	7	0.2413793	8.009523	0.4844131039521858	True	True	True	True	P↔T	T_A__P_B	TP:phnV_2--group_5360	161	7560.0	0.23628115157323065	0.35115320246362075	0.48441310395218584	0.9996031746031746	True
3416233	1161	1733	phnV_2	group_3024	TP	0.5344912148368385	0.5114836566616527	232.14285714285714	208764.35714285713	0.049922157	14	4	0	15	30	9	7	0.23333333	8.490566	0.4908116321999718	True	True	True	True	P↔T	T_A__P_B	TP:phnV_2--group_3024	163	7312.0	0.25010076509932777	0.3837856937996939	0.4908116321999718	0.999589715536105	True
3416244	1161	1744	phnV_2	erm	TP	0.5344912148368385	0.5114836566616527	237.33333333333334	212872.13333333333	0.045289483	15	4	0	15	30	9	7	0.23333333	8.490566	0.5097279543220731	True	True	True	True	P↔T	T_A__P_B	TP:phnV_2--erm	164	6865.0	0.2630241893124906	0.399875563537318	0.5097279543220731	1.0	True
3416252	1161	1752	phnV_2	group_4882	TP	0.5521700017738462	0.5251133595863693	106.85526315789474	113418.15789473684	0.055561952	76	4	0	16	32	9	7	0.21875	9.309091	0.4813187017149842	True	True	True	True	P↔T	T_A__P_B	TP:phnV_2--group_4882	137	10349.0	0.20064857616853873	0.32538320593770226	0.48131870171498425	0.9998067446130061	True
3416253	1161	1753	phnV_2	group_5422	TP	0.493825320880969	0.47147751852151626	235.33333333333334	211721.13333333333	0.04592318	15	4	0	15	30	9	7	0.23333333	8.490566	0.4908116321999718	True	True	True	True	P↔T	T_A__P_B	TP:phnV_2--group_5422	163	7312.0	0.25010076509932777	0.3837856937996939	0.4908116321999718	0.999316192560175	True
3416260	1161	1760	phnV_2	group_4448	TP	0.525054028154644	0.49851430436016975	182.94444444444446	196619.29166666666	0.06174112	72	4	0	16	32	9	7	0.21875	9.309091	0.5227654098814415	True	True	True	True	P↔T	T_A__P_B	TP:phnV_2--group_4448	155	9591.0	0.23574501803149556	0.38088356576024535	0.5227654098814415	0.9992701490981128	True
3416282	1161	1782	phnV_2	tetM	TP	0.5521700017738462	0.5251133595863693	227.26666666666668	203718.13333333333	0.052832417	15	4	0	16	32	9	7	0.21875	9.309091	0.460990287300509	True	True	True	True	P↔T	T_A__P_B	TP:phnV_2--tetM	162	7828.0	0.24869316427324445	0.37233550229445356	0.46099028730050906	1.0	True
3416292	1161	1792	phnV_2	group_3724	TP	0.521253593161121	0.4966306866011499	238.33333333333334	214597.66666666666	0.045369342	15	4	0	16	31	9	7	0.22580644	8.981308	0.5097279543220731	True	True	True	True	P↔T	T_A__P_B	TP:phnV_2--group_3724	164	6865.0	0.2630241893124906	0.399875563537318	0.5097279543220731	0.9997086671522214	True
3416406	1161	1906	phnV_2	group_624	TP	0.5885191399174267	0.5587714671377985	114.20454545454545	125818.45454545454	0.04940356	44	4	0	17	33	9	7	0.21212122	9.810811	0.4480416103913727	True	True	True	True	P↔T	T_A__P_B	TP:phnV_2--group_624	139	10221.0	0.20489226871164087	0.32643918991900917	0.44804161039137275	1.0	True
3425618	1165	1684	group_567	group_4888	TP	0.48242000917340067	0.5990923692276382	107.77358490566037	115918.98113207547	0.08906254	53	0	1	1	22	2	22	1.0	1.0	0.4813187017149842	True	True	False	False	P↔T	T_A__P_B	TP:group_567--group_4888	137	10349.0	0.20064857616853873	0.32538320593770226	0.48131870171498425	0.9991303507585274	True
3425686	1165	1752	group_567	group_4882	TP	0.5119956900970845	0.6379696231390991	110.77358490566037	122454.03773584905	0.09104866	53	0	1	1	22	2	22	1.0	1.0	0.4707176508234734	True	True	False	False	P↔T	T_A__P_B	TP:group_567--group_4882	138	10415.0	0.2022911687580762	0.31450568392964134	0.47071765082347344	0.99951992318771	True
3425840	1165	1906	group_567	group_624	TP	0.5465770359041076	0.6838440665194785	103.84	114360.04	0.092176385	25	0	1	1	22	2	22	1.0	1.0	0.4397637997091607	True	True	False	False	P↔T	T_A__P_B	TP:group_567--group_624	136	10419.0	0.19238775690224888	0.306910351125285	0.43976379970916074	1.0	True
3589966	1236	1241	group_3291	group_5999	TP	0.4416089197179164	0.5297337966138986	106.4	101049.45	0.066182375	20	0	1	1	25	2	25	1.0	1.0	0.4397637997091607	True	True	False	False	P↔T	T_A__P_B	TP:group_3291--group_5999	136	10419.0	0.19238775690224888	0.306910351125285	0.43976379970916074	0.9990402149918418	True
3590311	1236	1586	group_3291	group_1962	TP	0.5290454118414176	0.6297517247813921	194.77777777777777	186930.94444444444	0.058908038	18	0	1	1	25	2	25	1.0	1.0	0.4594130094976121	True	True	False	False	P↔T	T_A__P_B	TP:group_3291--group_1962	157	9172.0	0.22800226591397058	0.3397986272798108	0.45941300949761216	1.0	True
3590335	1236	1610	group_3291	group_4837	TP	0.5290454118414176	0.6297517247813921	125.8125	124223.625	0.037483577	16	0	1	1	25	2	25	1.0	1.0	0.4822776444081364	True	True	False	False	P↔T	T_A__P_B	TP:group_3291--group_4837	142	10625.0	0.208132684526371	0.3292462678341217	0.4822776444081364	0.9997176470588235	True
3590337	1236	1612	group_3291	group_5355	TP	0.5290454118414176	0.6297517247813921	133.8125	131790.3125	0.037539195	16	0	1	1	25	2	25	1.0	1.0	0.485564597768414	True	True	False	False	P↔T	T_A__P_B	TP:group_3291--group_5355	144	10335.0	0.2042225686961178	0.34049151864976346	0.485564597768414	0.9997097242380262	True
3590338	1236	1613	group_3291	group_5357	TP	0.49576289663296924	0.5911377666879875	126.8125	124713.5625	0.036715515	16	0	1	1	25	2	25	1.0	1.0	0.4822776444081364	True	True	False	False	P↔T	T_A__P_B	TP:group_3291--group_5357	142	10625.0	0.208132684526371	0.3292462678341217	0.4822776444081364	0.9990588235294118	True
3590353	1236	1628	group_3291	ftsK_1	TP	0.5290454118414176	0.6297517247813921	131.8125	129201.25	0.036792915	16	0	1	1	25	2	25	1.0	1.0	0.485564597768414	True	True	False	False	P↔T	T_A__P_B	TP:group_3291--ftsK_1	144	10335.0	0.2042225686961178	0.34049151864976346	0.485564597768414	0.9998064828253508	True
3590354	1236	1629	group_3291	group_5358	TP	0.5290454118414176	0.6297517247813921	124.8125	123070.375	0.03750193	16	0	1	1	25	2	25	1.0	1.0	0.4822776444081364	True	True	False	False	P↔T	T_A__P_B	TP:group_3291--group_5358	142	10625.0	0.208132684526371	0.3292462678341217	0.4822776444081364	0.9998117647058824	True
3590355	1236	1630	group_3291	group_5359	TP	0.5290454118414176	0.6297517247813921	123.8125	121371.9375	0.036778554	16	0	1	1	25	2	25	1.0	1.0	0.4822776444081364	True	True	False	False	P↔T	T_A__P_B	TP:group_3291--group_5359	142	10625.0	0.208132684526371	0.3292462678341217	0.4822776444081364	0.9999058823529412	True
3590357	1236	1632	group_3291	group_5942	TP	0.5290454118414176	0.6297517247813921	132.8125	130350.9375	0.036792915	16	0	1	1	25	2	25	1.0	1.0	0.485564597768414	True	True	False	False	P↔T	T_A__P_B	TP:group_3291--group_5942	144	10335.0	0.2042225686961178	0.34049151864976346	0.485564597768414	0.9999032414126754	True
3590358	1236	1633	group_3291	iap	TP	0.5290454118414176	0.6297517247813921	121.8125	119105.75	0.03750193	16	0	1	1	25	2	25	1.0	1.0	0.4638188177778241	True	True	False	False	P↔T	T_A__P_B	TP:group_3291--iap	141	10327.0	0.2151252996707094	0.3408525996411131	0.4638188177778241	0.9996126658274427	True
3590378	1236	1653	group_3291	group_108	TP	0.48914011560986964	0.5817569165232267	151.8125	147635.125	0.05357526	16	0	1	1	24	2	24	1.0	1.0	0.4869206249272111	True	True	False	False	P↔T	T_A__P_B	TP:group_3291--group_108	148	10641.0	0.22730636303357493	0.385790964314127	0.48692062492721117	0.9991542148294333	True
3590408	1236	1683	group_3291	Int-Tn_2	TP	0.5290454118414176	0.6297517247813921	109.0	102843.3125	0.04005877	16	0	1	1	25	2	25	1.0	1.0	0.4813187017149842	True	True	False	False	P↔T	T_A__P_B	TP:group_3291--Int-Tn_2	137	10349.0	0.20064857616853873	0.32538320593770226	0.48131870171498425	0.9996134892260121	True
3590411	1236	1686	group_3291	group_5945	TP	0.5290454118414176	0.6297517247813921	110.0	103972.1875	0.04005877	16	0	1	1	25	2	25	1.0	1.0	0.4707176508234734	True	True	False	False	P↔T	T_A__P_B	TP:group_3291--group_5945	138	10415.0	0.2022911687580762	0.31450568392964134	0.47071765082347344	0.999903984637542	True
3590416	1236	1691	group_3291	group_5360	TP	0.5290454118414176	0.6297517247813921	114.8	109125.13333333333	0.040510863	15	0	1	1	25	2	25	1.0	1.0	0.4480416103913727	True	True	False	False	P↔T	T_A__P_B	TP:group_3291--group_5360	139	10221.0	0.20489226871164087	0.32643918991900917	0.44804161039137275	0.9998043244300949	True
3590458	1236	1733	group_3291	group_3024	TP	0.5290454118414176	0.6297517247813921	125.86666666666666	123265.4	0.03971711	15	0	1	1	25	2	25	1.0	1.0	0.4822776444081364	True	True	False	False	P↔T	T_A__P_B	TP:group_3291--group_3024	142	10625.0	0.208132684526371	0.3292462678341217	0.4822776444081364	1.0	True
3590468	1236	1743	group_3291	group_4895	TP	0.5683590532203286	0.6759756554975294	128.8125	125819.6875	0.039452642	16	0	1	1	25	2	25	1.0	1.0	0.4951956694861554	True	True	False	False	P↔T	T_A__P_B	TP:group_3291--group_4895	143	10696.0	0.20891625980446152	0.33272057308449343	0.49519566948615545	0.9996260284218399	True
3590469	1236	1744	group_3291	erm	TP	0.5683590532203286	0.6759756554975294	129.8125	126234.0	0.038420364	16	0	1	1	25	2	25	1.0	1.0	0.4951956694861554	True	True	False	False	P↔T	T_A__P_B	TP:group_3291--erm	143	10696.0	0.20891625980446152	0.33272057308449343	0.49519566948615545	0.99971952131638	True
3590478	1236	1753	group_3291	group_5422	TP	0.5683590532203286	0.6759756554975294	127.8125	125096.125	0.038897727	16	0	1	1	25	2	25	1.0	1.0	0.4951956694861554	True	True	False	False	P↔T	T_A__P_B	TP:group_3291--group_5422	143	10696.0	0.20891625980446152	0.33272057308449343	0.49519566948615545	0.99981301421092	True
3590503	1236	1778	group_3291	group_4894	TP	0.49576289663296924	0.5911377666879875	213.35	216175.05	0.041261993	20	0	1	1	25	2	25	1.0	1.0	0.4908120108542949	True	True	False	False	P↔T	T_A__P_B	TP:group_3291--group_4894	160	8107.0	0.24810609129841318	0.36662452662648437	0.4908120108542949	0.9991365486616505	True
3590507	1236	1782	group_3291	tetM	TP	0.5290454118414176	0.6297517247813921	119.75	117192.0	0.036988206	16	0	1	1	25	2	25	1.0	1.0	0.4511704467790327	True	True	False	False	P↔T	T_A__P_B	TP:group_3291--tetM	140	10352.0	0.20911143075537533	0.3289027557887971	0.4511704467790327	1.0	True
3590517	1236	1792	group_3291	group_3724	TP	0.5683590532203286	0.6759756554975294	130.8125	127995.1875	0.038163148	16	0	1	1	25	2	25	1.0	1.0	0.4951956694861554	True	True	False	False	P↔T	T_A__P_B	TP:group_3291--group_3724	143	10696.0	0.20891625980446152	0.33272057308449343	0.49519566948615545	0.99990650710546	True
3590522	1236	1797	group_3291	group_1754	TP	0.5290454118414176	0.6297517247813921	282.35	282960.25	0.04303895	20	0	1	1	25	2	25	1.0	1.0	0.5107419291721534	True	True	False	False	P↔T	T_A__P_B	TP:group_3291--group_1754	170	5298.0	0.32524529881666403	0.44167257289575557	0.5107419291721534	0.9996224990562477	True
3590592	1236	1867	group_3291	group_4451	TP	0.5290454118414176	0.6297517247813921	283.35	284015.1	0.040285546	20	0	1	1	25	2	25	1.0	1.0	0.5107419291721534	True	True	False	False	P↔T	T_A__P_B	TP:group_3291--group_4451	170	5298.0	0.32524529881666403	0.44167257289575557	0.5107419291721534	0.9998112495281238	True
3619708	1249	1356	group_4408	group_1077	TP	0.5325035048821389	0.6713042549143775	241.625	248020.25	0.067151986	8	2	0	6	28	4	9	0.32142857	4.0833335	0.5097279543220731	True	True	True	True	P↔T	T_A__P_B	TP:group_4408--group_1077	164	6865.0	0.2630241893124906	0.399875563537318	0.5097279543220731	0.9998543335761108	True
3619736	1249	1384	group_4408	group_4444	TP	0.5325035048821389	0.6713042549143775	132.140350877193	148923.0	0.0617859	57	2	0	7	28	9	10	0.35714287	4.0833335	0.485564597768414	True	True	True	True	P↔T	T_A__P_B	TP:group_4408--group_4444	144	10335.0	0.2042225686961178	0.34049151864976346	0.485564597768414	1.0	True
3619756	1249	1404	group_4408	group_2046	TP	0.6217438715271476	0.7798384882039797	367.8421052631579	357263.05263157893	0.052920498	19	2	0	7	30	9	10	0.33333334	4.245283	0.541388303749566	True	True	True	True	P↔T	T_A__P_B	TP:group_4408--group_2046	179	2126.0	0.3514645368032616	0.46377582596719047	0.541388303749566	1.0	True
3619872	1249	1520	group_4408	phnU	TP	0.5870809905801407	0.7351258474585997	334.70588235294116	314340.1176470588	0.04933834	17	2	0	7	30	9	10	0.33333334	4.245283	0.5511309254021438	True	True	True	True	P↔T	T_A__P_B	TP:group_4408--phnU	176	3481.0	0.3306868110574498	0.43954626227847926	0.5511309254021438	0.9997127262280954	True
3619902	1249	1550	group_4408	Int-Tn_1	TP	0.6217438715271476	0.7798384882039797	159.1851851851852	146308.54320987655	0.042333983	81	2	0	7	30	9	10	0.33333334	4.245283	0.5128217656534273	True	True	True	True	P↔T	T_A__P_B	TP:group_4408--Int-Tn_1	150	10867.0	0.22948210615913214	0.36890238885126486	0.5128217656534273	0.9998159565657495	True
3619938	1249	1586	group_4408	group_1962	TP	0.5584889044385895	0.699323663615708	318.3	300298.55	0.048341643	20	2	0	7	30	9	10	0.33333334	4.245283	0.5362446942321507	True	True	True	True	P↔T	T_A__P_B	TP:group_4408--group_1962	174	4367.0	0.3133152048902774	0.4665206558190084	0.5362446942321507	1.0	True
3619940	1249	1588	group_4408	group_3705	TP	0.6217438715271476	0.7798384882039797	154.19753086419752	142240.67901234567	0.040209256	81	2	0	7	30	9	10	0.33333334	4.245283	0.5188868186701031	True	True	True	True	P↔T	T_A__P_B	TP:group_4408--group_3705	149	10619.0	0.23329372527485046	0.39653805781618356	0.5188868186701031	0.9997174875223656	True
3619942	1249	1590	group_4408	group_5408	TP	0.6217438715271476	0.7798384882039797	150.19753086419752	138424.2098765432	0.040209256	81	2	0	7	30	9	10	0.33333334	4.245283	0.4869206249272111	True	True	True	True	P↔T	T_A__P_B	TP:group_4408--group_5408	148	10641.0	0.22730636303357493	0.385790964314127	0.48692062492721117	0.999906023869937	True
3619943	1249	1591	group_4408	group_5410	TP	0.6217438715271476	0.7798384882039797	153.19753086419752	141498.77777777778	0.03995833	81	2	0	7	30	9	10	0.33333334	4.245283	0.5188868186701031	True	True	True	True	P↔T	T_A__P_B	TP:group_4408--group_5410	149	10619.0	0.23329372527485046	0.39653805781618356	0.5188868186701031	0.9998116583482437	True
3619950	1249	1598	group_4408	group_5409	TP	0.6217438715271476	0.7798384882039797	151.19753086419752	139070.01234567902	0.0395562	81	2	0	7	30	9	10	0.33333334	4.245283	0.4869206249272111	True	True	True	True	P↔T	T_A__P_B	TP:group_4408--group_5409	148	10641.0	0.22730636303357493	0.385790964314127	0.48692062492721117	1.0	True
3619990	1249	1638	group_4408	group_2704	TP	0.5870809905801407	0.7351258474585997	130.51785714285714	146076.2857142857	0.04210609	56	2	0	7	30	9	10	0.33333334	4.245283	0.4951956694861554	True	True	True	True	P↔T	T_A__P_B	TP:group_4408--group_2704	143	10696.0	0.20891625980446152	0.33272057308449343	0.49519566948615545	1.0	True
3619992	1249	1640	group_4408	group_4892	TP	0.6217438715271476	0.7798384882039797	158.175	145827.1375	0.03792892	80	2	0	7	30	9	10	0.33333334	4.245283	0.5128217656534273	True	True	True	True	P↔T	T_A__P_B	TP:group_4408--group_4892	150	10867.0	0.22948210615913214	0.36890238885126486	0.5128217656534273	0.9999079782828748	True
3620003	1249	1651	group_4408	group_5412	TP	0.6217438715271476	0.7798384882039797	157.19753086419752	144614.97530864197	0.037561677	81	2	0	7	30	9	10	0.33333334	4.245283	0.5128217656534273	True	True	True	True	P↔T	T_A__P_B	TP:group_4408--group_5412	150	10867.0	0.22948210615913214	0.36890238885126486	0.5128217656534273	1.0	True
3620008	1249	1656	group_4408	group_3419	TP	0.6217438715271476	0.7798384882039797	144.20987654320987	134280.72839506174	0.037159543	81	2	0	7	30	9	10	0.33333334	4.245283	0.4871561782106265	True	True	True	True	P↔T	T_A__P_B	TP:group_4408--group_3419	147	10318.0	0.2240150343862563	0.3704410052249503	0.48715617821062657	1.0	True
3620012	1249	1660	group_4408	group_5411	TP	0.6217438715271476	0.7798384882039797	156.19753086419752	143473.46913580247	0.037218012	81	2	0	7	30	9	10	0.33333334	4.245283	0.5188868186701031	True	True	True	True	P↔T	T_A__P_B	TP:group_4408--group_5411	149	10619.0	0.23329372527485046	0.39653805781618356	0.5188868186701031	0.9999058291741219	True
3620015	1249	1663	group_4408	group_5991	TP	0.6217438715271476	0.7798384882039797	152.19753086419752	140501.11111111112	0.037159543	81	2	0	7	30	9	10	0.33333334	4.245283	0.5188868186701031	True	True	True	True	P↔T	T_A__P_B	TP:group_4408--group_5991	149	10619.0	0.23329372527485046	0.39653805781618356	0.5188868186701031	1.0	True
3620105	1249	1753	group_4408	group_5422	TP	0.5734152604727226	0.7208401980021812	305.70588235294116	286795.5294117647	0.03419028	17	2	0	6	29	9	10	0.3448276	3.985782	0.5427275615906816	True	True	True	True	P↔T	T_A__P_B	TP:group_4408--group_5422	172	4689.0	0.3362189976488277	0.45633727941803354	0.5427275615906816	0.999786734911495	True
3620134	1249	1782	group_4408	tetM	TP	0.6217438715271476	0.7798384882039797	297.6470588235294	278978.64705882355	0.03468168	17	2	0	7	30	9	10	0.33333334	4.245283	0.5427275615906816	True	True	True	True	P↔T	T_A__P_B	TP:group_4408--tetM	172	4689.0	0.3362189976488277	0.45633727941803354	0.5427275615906816	1.0	True
3620144	1249	1792	group_4408	group_3724	TP	0.6217438715271476	0.7798384882039797	308.70588235294116	289714.4705882353	0.03343344	17	2	0	7	30	9	10	0.33333334	4.245283	0.5462153733518725	True	True	True	True	P↔T	T_A__P_B	TP:group_4408--group_3724	173	4267.0	0.3313521235794704	0.4543886035648884	0.5462153733518725	1.0	True
3620196	1249	1844	group_4408	galT_2	TP	0.6217438715271476	0.7798384882039797	383.7894736842105	372115.36842105264	0.03336129	19	2	0	7	30	9	10	0.33333334	4.245283	0.5828268911948791	True	True	True	True	P↔T	T_A__P_B	TP:group_4408--galT_2	180	2130.0	0.37164060360744455	0.48472570851415564	0.5828268911948791	1.0	True
3632205	1254	2503	group_5619	group_1578	TP	0.5130308358569238	1.0	206.66666666666666	184298.5	0.09232954	30	0	1	1	9	2	9	1.0	1.0	0.485384688437638	True	True	False	False	P↔T	T_A__P_B	TP:group_5619--group_1578	159	8564.0	0.2423459130179614	0.3683869752229423	0.485384688437638	0.9995329285380663	True
3640053	1258	1289	group_1130	group_3703	TP	0.5680084844489448	0.6009860744968017	116.21794871794872	92095.76923076923	0.087479055	78	3	0	8	20	6	5	0.25	5.4054055	0.4480416103913727	True	True	True	True	P↔T	T_A__P_B	TP:group_1130--group_3703	139	10221.0	0.20489226871164087	0.32643918991900917	0.44804161039137275	0.9999021622150475	True
3640120	1258	1356	group_1130	group_1077	TP	0.5680084844489448	0.6009860744968017	341.125	340548.25	0.08223327	8	3	0	8	20	6	5	0.25	5.714286	0.5511309254021438	True	True	True	True	P↔T	T_A__P_B	TP:group_1130--group_1077	176	3481.0	0.3306868110574498	0.43954626227847926	0.5511309254021438	0.9994254524561907	True
3640244	1258	1480	group_1130	pbpX_1	TP	0.6179271255663197	0.652523040540498	184.94736842105263	166520.69736842104	0.0661656	76	3	0	8	21	6	5	0.23809524	5.5822783	0.5227654098814415	True	True	True	True	P↔T	T_A__P_B	TP:group_1130--pbpX_1	155	9591.0	0.23574501803149556	0.38088356576024535	0.5227654098814415	1.0	True
3640298	1258	1534	group_1130	gutB	TP	0.6179271255663197	0.652523040540498	257.4931506849315	244722.5205479452	0.062073052	73	3	0	8	21	6	5	0.23809524	5.5822783	0.5107419291721534	True	True	True	True	P↔T	T_A__P_B	TP:group_1130--gutB	167	6382.0	0.28859550233087417	0.3958517696707674	0.5107419291721534	0.9992165465371357	True
3640366	1258	1602	group_1130	group_1119	TP	0.4990948580676925	0.5260105520931369	103.16216216216216	79491.06756756757	0.06135209	74	3	0	8	21	6	5	0.23809524	5.5822783	0.4729031778618347	True	True	True	True	P↔T	T_A__P_B	TP:group_1130--group_1119	135	10445.0	0.19427115083720545	0.31339558513779836	0.4729031778618347	0.9995213020584012	True
3640374	1258	1610	group_1130	group_4837	TP	0.6179271255663197	0.652523040540498	156.52941176470588	151709.0	0.05403508	17	3	0	8	21	6	5	0.23809524	5.5822783	0.5128217656534273	True	True	True	True	P↔T	T_A__P_B	TP:group_1130--group_4837	150	10867.0	0.22948210615913214	0.36890238885126486	0.5128217656534273	0.999263826262998	True
3640376	1258	1612	group_1130	group_5355	TP	0.6179271255663197	0.652523040540498	164.52941176470588	159243.88235294117	0.054193065	17	3	0	8	21	6	5	0.23809524	5.5822783	0.4867813349051285	True	True	True	True	P↔T	T_A__P_B	TP:group_1130--group_5355	151	10832.0	0.22913031554138144	0.3510825961738888	0.4867813349051285	0.9997230428360414	True
3640377	1258	1613	group_1130	group_5357	TP	0.6179271255663197	0.652523040540498	157.52941176470588	152193.70588235295	0.054090094	17	3	0	8	21	6	5	0.23809524	5.5822783	0.5128217656534273	True	True	True	True	P↔T	T_A__P_B	TP:group_1130--group_5357	150	10867.0	0.22948210615913214	0.36890238885126486	0.5128217656534273	0.9993558479801233	True
3640391	1258	1627	group_1130	group_4581	TP	0.6179271255663197	0.652523040540498	151.52941176470588	145665.82352941178	0.054445725	17	3	0	8	21	6	5	0.23809524	5.5822783	0.4869206249272111	True	True	True	True	P↔T	T_A__P_B	TP:group_1130--group_4581	148	10641.0	0.22730636303357493	0.385790964314127	0.48692062492721117	0.9998120477398741	True
3640392	1258	1628	group_1130	ftsK_1	TP	0.6179271255663197	0.652523040540498	162.52941176470588	156741.41176470587	0.053127725	17	3	0	8	21	6	5	0.23809524	5.5822783	0.4867813349051285	True	True	True	True	P↔T	T_A__P_B	TP:group_1130--ftsK_1	151	10832.0	0.22913031554138144	0.3510825961738888	0.4867813349051285	0.9998153618906942	True
3640393	1258	1629	group_1130	group_5358	TP	0.6179271255663197	0.652523040540498	155.52941176470588	150587.4705882353	0.05308362	17	3	0	8	21	6	5	0.23809524	5.5822783	0.5188868186701031	True	True	True	True	P↔T	T_A__P_B	TP:group_1130--group_5358	149	10619.0	0.23329372527485046	0.39653805781618356	0.5188868186701031	0.999340804218853	True
3640394	1258	1630	group_1130	group_5359	TP	0.6179271255663197	0.652523040540498	154.52941176470588	148960.64705882352	0.054355428	17	3	0	8	21	6	5	0.23809524	5.5822783	0.5188868186701031	True	True	True	True	P↔T	T_A__P_B	TP:group_1130--group_5359	149	10619.0	0.23329372527485046	0.39653805781618356	0.5188868186701031	0.9994349750447311	True
3640395	1258	1631	group_1130	group_5416	TP	0.5680084844489448	0.6009860744968017	229.1904761904762	229584.66666666666	0.05390792	21	3	0	8	20	6	5	0.25	5.4054055	0.4908116321999718	True	True	True	True	P↔T	T_A__P_B	TP:group_1130--group_5416	163	7312.0	0.25010076509932777	0.3837856937996939	0.4908116321999718	0.999863238512035	True
3640396	1258	1632	group_1130	group_5942	TP	0.6179271255663197	0.652523040540498	163.52941176470588	157847.11764705883	0.053127725	17	3	0	8	21	6	5	0.23809524	5.5822783	0.4867813349051285	True	True	True	True	P↔T	T_A__P_B	TP:group_1130--group_5942	151	10832.0	0.22913031554138144	0.3510825961738888	0.4867813349051285	0.9999076809453471	True
3640397	1258	1633	group_1130	iap	TP	0.6179271255663197	0.652523040540498	152.52941176470588	146556.5294117647	0.05308362	17	3	0	8	21	6	5	0.23809524	5.5822783	0.5188868186701031	True	True	True	True	P↔T	T_A__P_B	TP:group_1130--iap	149	10619.0	0.23329372527485046	0.39653805781618356	0.5188868186701031	0.9995291458706093	True
3640441	1258	1677	group_1130	group_5361	TP	0.6179271255663197	0.652523040540498	108.5	103791.25	0.050952967	8	3	0	8	21	6	5	0.23809524	5.5822783	0.4813187017149842	True	True	True	True	P↔T	T_A__P_B	TP:group_1130--group_5361	137	10349.0	0.20064857616853873	0.32538320593770226	0.48131870171498425	0.9999033723065031	True
3640447	1258	1683	group_1130	Int-Tn_2	TP	0.6179271255663197	0.652523040540498	140.05882352941177	130854.23529411765	0.050449304	17	3	0	8	21	6	5	0.23809524	5.5822783	0.4848323580993047	True	True	True	True	P↔T	T_A__P_B	TP:group_1130--Int-Tn_2	146	10299.0	0.22485448112403592	0.36155200654189734	0.48483235809930475	0.9999029031944849	True
3640448	1258	1684	group_1130	group_4888	TP	0.6179271255663197	0.652523040540498	209.6164383561644	196672.15068493152	0.052563373	73	3	0	8	21	6	5	0.23809524	5.5822783	0.4908120108542949	True	True	True	True	P↔T	T_A__P_B	TP:group_1130--group_4888	160	8107.0	0.24810609129841318	0.36662452662648437	0.4908120108542949	1.0	True
3640449	1258	1685	group_1130	group_5944	TP	0.6179271255663197	0.652523040540498	109.28571428571429	105604.85714285714	0.050449304	7	3	0	8	21	6	5	0.23809524	5.5822783	0.4813187017149842	True	True	True	True	P↔T	T_A__P_B	TP:group_1130--group_5944	137	10349.0	0.20064857616853873	0.32538320593770226	0.48131870171498425	1.0	True
3640450	1258	1686	group_1130	group_5945	TP	0.6179271255663197	0.652523040540498	141.05882352941177	131955.76470588235	0.050449304	17	3	0	8	21	6	5	0.23809524	5.5822783	0.4848323580993047	True	True	True	True	P↔T	T_A__P_B	TP:group_1130--group_5945	146	10299.0	0.22485448112403592	0.36155200654189734	0.48483235809930475	1.0	True
3640455	1258	1691	group_1130	group_5360	TP	0.6179271255663197	0.652523040540498	144.9375	136367.125	0.049946494	16	3	0	8	21	6	5	0.23809524	5.5822783	0.4871561782106265	True	True	True	True	P↔T	T_A__P_B	TP:group_1130--group_5360	147	10318.0	0.2240150343862563	0.3704410052249503	0.48715617821062657	0.9999030819926342	True
3640497	1258	1733	group_1130	group_3024	TP	0.6179271255663197	0.652523040540498	158.06666666666666	151178.93333333332	0.05050319	15	3	0	8	21	6	5	0.23809524	5.5822783	0.5128217656534273	True	True	True	True	P↔T	T_A__P_B	TP:group_1130--group_3024	150	10867.0	0.22948210615913214	0.36890238885126486	0.5128217656534273	0.9994478696972485	True
3640507	1258	1743	group_1130	group_4895	TP	0.6179271255663197	0.652523040540498	159.52941176470588	153323.23529411765	0.047475167	17	3	0	8	21	6	5	0.23809524	5.5822783	0.5128217656534273	True	True	True	True	P↔T	T_A__P_B	TP:group_1130--group_4895	150	10867.0	0.22948210615913214	0.36890238885126486	0.5128217656534273	0.9995398914143738	True
3640508	1258	1744	group_1130	erm	TP	0.6179271255663197	0.652523040540498	160.52941176470588	153771.64705882352	0.046144463	17	3	0	8	21	6	5	0.23809524	5.5822783	0.5128217656534273	True	True	True	True	P↔T	T_A__P_B	TP:group_1130--erm	150	10867.0	0.22948210615913214	0.36890238885126486	0.5128217656534273	0.999631913131499	True
3640516	1258	1752	group_1130	group_4882	TP	0.6179271255663197	0.652523040540498	206.64285714285714	191585.1	0.047263466	70	3	0	8	21	6	5	0.23809524	5.5822783	0.485384688437638	True	True	True	True	P↔T	T_A__P_B	TP:group_1130--group_4882	159	8564.0	0.2423459130179614	0.3683869752229423	0.485384688437638	1.0	True
3640517	1258	1753	group_1130	group_5422	TP	0.6179271255663197	0.652523040540498	158.52941176470588	152634.23529411765	0.0468151	17	3	0	8	21	6	5	0.23809524	5.5822783	0.5128217656534273	True	True	True	True	P↔T	T_A__P_B	TP:group_1130--group_5422	150	10867.0	0.22948210615913214	0.36890238885126486	0.5128217656534273	0.9997239348486243	True
3640542	1258	1778	group_1130	group_4894	TP	0.5482282396563025	0.5781689406109003	228.28571428571428	229050.14285714287	0.045836784	21	3	0	8	21	6	5	0.23809524	5.5822783	0.460990287300509	True	True	True	True	P↔T	T_A__P_B	TP:group_1130--group_4894	162	7828.0	0.24869316427324445	0.37233550229445356	0.46099028730050906	0.9998722534491569	True
3640546	1258	1782	group_1130	tetM	TP	0.6179271255663197	0.652523040540498	152.75	145895.8125	0.04504597	16	3	0	8	21	6	5	0.23809524	5.5822783	0.5188868186701031	True	True	True	True	P↔T	T_A__P_B	TP:group_1130--tetM	149	10619.0	0.23329372527485046	0.39653805781618356	0.5188868186701031	0.9996233166964874	True
3640556	1258	1792	group_1130	group_3724	TP	0.6179271255663197	0.652523040540498	163.8125	156699.0	0.04419799	16	3	0	8	21	6	5	0.23809524	5.5822783	0.4867813349051285	True	True	True	True	P↔T	T_A__P_B	TP:group_1130--group_3724	151	10832.0	0.22913031554138144	0.3510825961738888	0.4867813349051285	1.0	True
3640561	1258	1797	group_1130	group_1754	TP	0.5482282396563025	0.5781689406109003	304.15	302880.35	0.04569672	20	3	0	8	21	6	5	0.23809524	5.5822783	0.5427275615906816	True	True	True	True	P↔T	T_A__P_B	TP:group_1130--group_1754	172	4689.0	0.3362189976488277	0.45633727941803354	0.5427275615906816	0.99914693964598	True
3640608	1258	1844	group_1130	galT_2	TP	0.6179271255663197	0.652523040540498	263.5238095238095	261548.61904761905	0.0405824	21	3	0	8	21	6	5	0.23809524	5.5822783	0.5107419291721534	True	True	True	True	P↔T	T_A__P_B	TP:group_1130--galT_2	167	6382.0	0.28859550233087417	0.3958517696707674	0.5107419291721534	0.9993732372297085	True
3640626	1258	1862	group_1130	group_1976	TP	0.6179271255663197	0.652523040540498	234.16666666666666	231958.5	0.03968028	12	3	0	8	21	6	5	0.23809524	5.5822783	0.4908116321999718	True	True	True	True	P↔T	T_A__P_B	TP:group_1130--group_1976	163	7312.0	0.25010076509932777	0.3837856937996939	0.4908116321999718	1.0	True
3640631	1258	1867	group_1130	group_4451	TP	0.5482282396563025	0.5781689406109003	305.15	303935.2	0.041769065	20	3	0	8	21	6	5	0.23809524	5.5822783	0.5427275615906816	True	True	True	True	P↔T	T_A__P_B	TP:group_1130--group_4451	172	4689.0	0.3362189976488277	0.45633727941803354	0.5427275615906816	0.999360204734485	True
3640635	1258	1871	group_1130	group_1359	TP	0.6179271255663197	0.652523040540498	264.42857142857144	262105.95238095237	0.039255075	21	3	0	8	21	6	5	0.23809524	5.5822783	0.5107419291721534	True	True	True	True	P↔T	T_A__P_B	TP:group_1130--group_1359	167	6382.0	0.28859550233087417	0.3958517696707674	0.5107419291721534	0.9995299279222815	True
3640637	1258	1873	group_1130	group_1656	TP	0.5700285688575066	0.6011598636015346	159.2923076923077	142095.21538461538	0.042501807	65	3	0	8	21	6	5	0.23809524	5.5822783	0.5128217656534273	True	True	True	True	P↔T	T_A__P_B	TP:group_1130--group_1656	150	10867.0	0.22948210615913214	0.36890238885126486	0.5128217656534273	0.9991718045458728	True
3640670	1258	1906	group_1130	group_624	TP	0.5700285688575066	0.6011598636015346	214.11904761904762	203631.2142857143	0.039871357	42	3	0	8	21	6	5	0.23809524	5.5822783	0.4908120108542949	True	True	True	True	P↔T	T_A__P_B	TP:group_1130--group_624	160	8107.0	0.24810609129841318	0.36662452662648437	0.4908120108542949	0.9998766498088072	True
3647030	1261	1480	group_2577	pbpX_1	TP	0.5189693812811891	0.6293237222373415	153.60714285714286	137738.59523809524	0.061016206	84	2	0	16	36	8	10	0.2777778	8.307693	0.5188868186701031	True	True	True	True	P↔T	T_A__P_B	TP:group_2577--pbpX_1	149	10619.0	0.23329372527485046	0.39653805781618356	0.5188868186701031	0.9990582917412185	True
3647188	1261	1638	group_2577	group_2704	TP	0.5509865752942332	0.6678610538025491	294.3191489361702	296817.21276595746	0.048705112	47	2	0	16	37	8	10	0.27027026	8.398773	0.5373939396899984	True	True	True	True	P↔T	T_A__P_B	TP:group_2577--group_2704	171	4936.0	0.3232153444496031	0.45119838305172694	0.5373939396899984	0.9997974068071313	True
3647234	1261	1684	group_2577	group_4888	TP	0.5509865752942332	0.6678610538025491	179.1153846153846	168675.71794871794	0.050667748	78	2	0	16	37	8	10	0.27027026	8.398773	0.5509865752942332	True	True	True	True	P↔T	T_A__P_B	TP:group_2577--group_4888	154	10147.0	0.23925083268906638	0.3677343582400997	0.5509865752942332	0.9989159357445551	True
3647293	1261	1743	group_2577	group_4895	TP	0.5871834925859922	0.7117360090389239	186.73333333333332	177903.6	0.04723281	15	2	0	17	38	8	10	0.2631579	8.804878	0.5227654098814415	True	True	True	True	P↔T	T_A__P_B	TP:group_2577--group_4895	156	9821.0	0.2278506213944058	0.36729734267133524	0.5227654098814415	0.9995927095000509	True
3647294	1261	1744	group_2577	erm	TP	0.5871834925859922	0.7117360090389239	187.73333333333332	178336.46666666667	0.046998926	15	2	0	17	38	8	10	0.2631579	8.804878	0.5227654098814415	True	True	True	True	P↔T	T_A__P_B	TP:group_2577--erm	156	9821.0	0.2278506213944058	0.36729734267133524	0.5227654098814415	0.9996945321250382	True
3647302	1261	1752	group_2577	group_4882	TP	0.5509865752942332	0.6678610538025491	176.16	163606.65333333332	0.045526527	75	2	0	16	37	8	10	0.27027026	8.398773	0.5509865752942332	True	True	True	True	P↔T	T_A__P_B	TP:group_2577--group_4882	154	10147.0	0.23925083268906638	0.3677343582400997	0.5509865752942332	0.9990144870405046	True
3647303	1261	1753	group_2577	group_5422	TP	0.5871834925859922	0.7117360090389239	185.73333333333332	177223.0	0.046577234	15	2	0	17	38	8	10	0.2631579	8.804878	0.5227654098814415	True	True	True	True	P↔T	T_A__P_B	TP:group_2577--group_5422	155	9591.0	0.23574501803149556	0.38088356576024535	0.5227654098814415	0.9998957355854446	True
3647342	1261	1792	group_2577	group_3724	TP	0.5871834925859922	0.7117360090389239	188.73333333333332	180138.33333333334	0.04280527	15	2	0	17	38	8	10	0.2631579	8.804878	0.5227654098814415	True	True	True	True	P↔T	T_A__P_B	TP:group_2577--group_3724	156	9821.0	0.2278506213944058	0.36729734267133524	0.5227654098814415	0.9997963547500255	True
3647417	1261	1867	group_2577	group_4451	TP	0.5509865752942332	0.6678610538025491	323.42105263157896	320842.36842105264	0.04126045	19	2	0	16	37	8	10	0.27027026	8.398773	0.5362446942321507	True	True	True	True	P↔T	T_A__P_B	TP:group_2577--group_4451	174	4367.0	0.3133152048902774	0.4665206558190084	0.5362446942321507	0.9995420196931531	True
3647456	1261	1906	group_2577	group_624	TP	0.5509865752942332	0.6678610538025491	183.5	175034.29545454544	0.04036126	44	2	0	16	37	8	10	0.27027026	8.398773	0.5227654098814415	True	True	True	True	P↔T	T_A__P_B	TP:group_2577--group_624	155	9591.0	0.23574501803149556	0.38088356576024535	0.5227654098814415	0.9995829423417788	True
3687368	1279	1291	group_711	group_5093	TP	0.5927701462228009	0.6848990596563721	208.4	211795.65	0.08513436	20	2	0	6	19	9	10	0.5263158	2.7984495	0.485384688437638	True	True	True	True	P↔T	T_A__P_B	TP:group_711--group_5093	159	8564.0	0.2423459130179614	0.3683869752229423	0.485384688437638	0.9998832321345166	True
3687461	1279	1384	group_711	group_4444	TP	0.5927701462228009	0.6848990596563721	378.0769230769231	382680.23076923075	0.07065392	13	2	0	6	19	9	10	0.5263158	2.7984495	0.5828268911948791	True	True	True	True	P↔T	T_A__P_B	TP:group_711--group_4444	180	2130.0	0.37164060360744455	0.48472570851415564	0.5828268911948791	0.9995305164319249	True
3687562	1279	1485	group_711	group_4891	TP	0.5927701462228009	0.6848990596563721	255.0	253269.47368421053	0.06070121	19	2	0	6	19	9	10	0.5263158	2.7984495	0.5927701462228009	True	True	True	True	P↔T	T_A__P_B	TP:group_711--group_4891	166	6567.0	0.27769632731709515	0.4251110879808286	0.5927701462228009	0.9986295111923252	True
3687591	1279	1514	group_711	group_5990	TP	0.5927701462228009	0.6848990596563721	256.3333333333333	255932.55555555556	0.063284695	18	2	0	6	19	9	10	0.5263158	2.7984495	0.5927701462228009	True	True	True	True	P↔T	T_A__P_B	TP:group_711--group_5990	166	6567.0	0.27769632731709515	0.4251110879808286	0.5927701462228009	0.9987817877265114	True
3687627	1279	1550	group_711	Int-Tn_1	TP	0.5927701462228009	0.6848990596563721	248.3684210526316	247746.68421052632	0.05568436	19	2	0	6	19	9	10	0.5263158	2.7984495	0.5234061453017568	True	True	True	True	P↔T	T_A__P_B	TP:group_711--Int-Tn_1	165	6896.0	0.2614019625823992	0.40428941286859854	0.5234061453017568	0.9995649651972158	True
3687665	1279	1588	group_711	group_3705	TP	0.5927701462228009	0.6848990596563721	250.78947368421052	249567.63157894736	0.05302236	19	2	0	6	19	9	10	0.5263158	2.7984495	0.5927701462228009	True	True	True	True	P↔T	T_A__P_B	TP:group_711--group_3705	166	6567.0	0.27769632731709515	0.4251110879808286	0.5927701462228009	0.9989340642606974	True
3687667	1279	1590	group_711	group_5408	TP	0.5927701462228009	0.6848990596563721	252.68421052631578	252601.68421052632	0.05302236	19	2	0	6	19	9	10	0.5263158	2.7984495	0.5927701462228009	True	True	True	True	P↔T	T_A__P_B	TP:group_711--group_5408	166	6567.0	0.27769632731709515	0.4251110879808286	0.5927701462228009	0.9990863407948835	True
3687717	1279	1640	group_711	group_4892	TP	0.5927701462228009	0.6848990596563721	248.89473684210526	247877.26315789475	0.050145257	19	2	0	6	19	9	10	0.5263158	2.7984495	0.5234061453017568	True	True	True	True	P↔T	T_A__P_B	TP:group_711--group_4892	165	6896.0	0.2614019625823992	0.40428941286859854	0.5234061453017568	0.9997099767981439	True
3687728	1279	1651	group_711	group_5412	TP	0.5927701462228009	0.6848990596563721	249.3684210526316	247840.0	0.04967355	19	2	0	6	19	9	10	0.5263158	2.7984495	0.5234061453017568	True	True	True	True	P↔T	T_A__P_B	TP:group_711--group_5412	165	6896.0	0.2614019625823992	0.40428941286859854	0.5234061453017568	0.9998549883990719	True
3687733	1279	1656	group_711	group_3419	TP	0.5927701462228009	0.6848990596563721	255.47368421052633	253413.36842105264	0.049163647	19	2	0	6	19	9	10	0.5263158	2.7984495	0.5927701462228009	True	True	True	True	P↔T	T_A__P_B	TP:group_711--group_3419	166	6567.0	0.27769632731709515	0.4251110879808286	0.5927701462228009	0.9992386173290696	True
3687737	1279	1660	group_711	group_5411	TP	0.5927701462228009	0.6848990596563721	249.8421052631579	248432.2105263158	0.04923576	19	2	0	6	19	9	10	0.5263158	2.7984495	0.5927701462228009	True	True	True	True	P↔T	T_A__P_B	TP:group_711--group_5411	166	6567.0	0.27769632731709515	0.4251110879808286	0.5927701462228009	0.9993908938632556	True
3687740	1279	1663	group_711	group_5991	TP	0.5927701462228009	0.6848990596563721	251.73684210526315	250566.36842105264	0.049163647	19	2	0	6	19	9	10	0.5263158	2.7984495	0.5927701462228009	True	True	True	True	P↔T	T_A__P_B	TP:group_711--group_5991	166	6567.0	0.27769632731709515	0.4251110879808286	0.5927701462228009	0.9995431703974418	True
3687761	1279	1684	group_711	group_4888	TP	0.5927701462228009	0.6848990596563721	344.8888888888889	338281.5	0.05360476	18	2	0	6	19	9	10	0.5263158	2.7984495	0.5573425727256055	True	True	True	True	P↔T	T_A__P_B	TP:group_711--group_4888	177	2932.0	0.3287921109198606	0.47649639354599094	0.5573425727256055	1.0	True
3687794	1279	1717	group_711	sarA_2	TP	0.5927701462228009	0.6848990596563721	180.625	179617.375	0.040709913	8	2	0	6	19	9	10	0.5263158	2.7984495	0.5509865752942332	True	True	True	True	P↔T	T_A__P_B	TP:group_711--sarA_2	154	10147.0	0.23925083268906638	0.3677343582400997	0.5509865752942332	1.0	True
3687829	1279	1752	group_711	group_4882	TP	0.5927701462228009	0.6848990596563721	343.22222222222223	337564.22222222225	0.047269687	18	2	0	6	19	9	10	0.5263158	2.7984495	0.5511309254021438	True	True	True	True	P↔T	T_A__P_B	TP:group_711--group_4882	176	3481.0	0.3306868110574498	0.43954626227847926	0.5511309254021438	1.0	True
3687913	1279	1836	group_711	group_5418	TP	0.5927701462228009	0.6848990596563721	190.625	200597.75	0.040751588	8	2	0	6	19	9	10	0.5263158	2.7984495	0.5227654098814415	True	True	True	True	P↔T	T_A__P_B	TP:group_711--group_5418	156	9821.0	0.2278506213944058	0.36729734267133524	0.5227654098814415	0.9998981773750127	True
3687914	1279	1837	group_711	group_5996	TP	0.5927701462228009	0.6848990596563721	175.5	181429.0	0.040751588	12	2	0	6	19	9	10	0.5263158	2.7984495	0.4822446250268134	True	True	True	True	P↔T	T_A__P_B	TP:group_711--group_5996	153	10364.0	0.22839731187146514	0.356249497460672	0.4822446250268134	1.0	True
3687915	1279	1838	group_711	group_5997	TP	0.5927701462228009	0.6848990596563721	187.0	195118.8	0.040751588	10	2	0	6	19	9	10	0.5263158	2.7984495	0.5227654098814415	True	True	True	True	P↔T	T_A__P_B	TP:group_711--group_5997	156	9821.0	0.2278506213944058	0.36729734267133524	0.5227654098814415	1.0	True
3687983	1279	1906	group_711	group_624	TP	0.6211568901452116	0.7136063831990954	371.8	361985.8	0.043933824	15	2	0	7	20	9	10	0.5	3.0769231	0.541388303749566	True	True	True	True	P↔T	T_A__P_B	TP:group_711--group_624	179	2126.0	0.3514645368032616	0.46377582596719047	0.541388303749566	0.9995296331138288	True
3703336	1286	1586	group_1314	group_1962	TP	0.4926694889079126	0.46651162377792127	208.94117647058823	197406.88235294117	0.06950251	17	4	0	14	23	14	4	0.17391305	10.372549	0.485384688437638	True	True	True	True	P↔T	T_A__P_B	TP:group_1314--group_1962	159	8564.0	0.2423459130179614	0.3683869752229423	0.485384688437638	0.999182624941616	True
3703434	1286	1684	group_1314	group_4888	TP	0.4934832004174444	0.46913059293227705	202.43939393939394	191019.65151515152	0.06855034	66	4	0	13	22	14	4	0.18181819	9.68	0.4495451588683012	True	True	True	True	P↔T	T_A__P_B	TP:group_1314--group_4888	158	9065.0	0.23362085440445762	0.35204446739901274	0.4495451588683012	0.9994484280198566	True
3703502	1286	1752	group_1314	group_4882	TP	0.4934832004174444	0.46913059293227705	199.46031746031747	186118.17460317462	0.060248587	63	4	0	13	22	14	4	0.18181819	9.68	0.4495451588683012	True	True	True	True	P↔T	T_A__P_B	TP:group_1314--group_4882	158	9065.0	0.23362085440445762	0.35204446739901274	0.4495451588683012	0.9995587424158853	True
3703656	1286	1906	group_1314	group_624	TP	0.5316744131592044	0.5027280526344434	206.90243902439025	197200.36585365853	0.054438796	41	4	0	14	24	14	4	0.16666667	10.666667	0.485384688437638	True	True	True	True	P↔T	T_A__P_B	TP:group_1314--group_624	159	8564.0	0.2423459130179614	0.3683869752229423	0.485384688437638	0.9996496964035497	True
3765308	1314	1356	group_1296	group_1077	TP	0.4825864171766016	0.5138257290639273	109.91666666666667	106985.58333333333	0.05542774	12	3	0	8	19	13	8	0.42105263	4.05618	0.4813187017149842	True	True	True	True	P↔T	T_A__P_B	TP:group_1296--group_1077	137	10349.0	0.20064857616853873	0.32538320593770226	0.48131870171498425	0.9992269784520244	True
3765380	1314	1428	group_1296	group_5414	TP	0.4825864171766016	0.5138257290639273	137.58823529411765	134403.88235294117	0.054435525	17	3	0	8	19	13	8	0.42105263	4.05618	0.4671066682257567	True	True	True	True	P↔T	T_A__P_B	TP:group_1296--group_5414	145	10489.0	0.20390163535341135	0.33111220016910736	0.4671066682257567	0.9995233101344265	True
3765381	1314	1429	group_1296	group_5993	TP	0.4825864171766016	0.5138257290639273	138.35294117647058	135240.9411764706	0.05442503	17	3	0	8	19	13	8	0.42105263	4.05618	0.4671066682257567	True	True	True	True	P↔T	T_A__P_B	TP:group_1296--group_5993	145	10489.0	0.20390163535341135	0.33111220016910736	0.4671066682257567	0.9996186481075412	True
3765789	1314	1837	group_1296	group_5996	TP	0.4825864171766016	0.5138257290639273	120.22222222222223	117486.11111111111	0.028092004	9	3	0	8	19	13	8	0.42105263	4.05618	0.4638188177778241	True	True	True	True	P↔T	T_A__P_B	TP:group_1296--group_5996	141	10327.0	0.2151252996707094	0.3408525996411131	0.4638188177778241	0.9991284981117459	True
3765790	1314	1838	group_1296	group_5997	TP	0.4825864171766016	0.5138257290639273	119.85714285714286	117903.57142857143	0.028092004	7	3	0	8	19	13	8	0.42105263	4.05618	0.4511704467790327	True	True	True	True	P↔T	T_A__P_B	TP:group_1296--group_5997	140	10352.0	0.20911143075537533	0.3289027557887971	0.4511704467790327	0.999420401854714	True
3819008	1338	2364	group_2076	group_5626	TP	0.20362604769065293	0.4836346387624395	592.3333333333334	620798.0	0.14553936	6	0	1	1	7	13	7	1.0	1.0	0.199694681460392	True	True	False	False	P↔T	T_A__P_B	TP:group_2076--group_5626	195	345.0	0.16447233865398259	0.18636884983753305	0.199694681460392	1.0	True
3924900	1387	2465	group_3730	group_6478	TP	0.22252070182573425	0.464842647351206	573.6666666666666	582171.8333333334	0.1322228	6	0	1	1	7	13	7	1.0	1.0	0.2225207018257342	True	True	False	False	P↔T	T_A__P_B	TP:group_3730--group_6478	194	370.0	0.1731376347426988	0.22252070182573425	0.22252070182573425	0.9891891891891892	True
3924901	1387	2466	group_3730	group_6479	TP	0.22252070182573425	0.464842647351206	572.6666666666666	581589.1666666666	0.1322228	6	0	1	1	7	13	7	1.0	1.0	0.2225207018257342	True	True	False	False	P↔T	T_A__P_B	TP:group_3730--group_6479	194	370.0	0.1731376347426988	0.22252070182573425	0.22252070182573425	0.9918918918918919	True
3924970	1387	2535	group_3730	group_6476	TP	0.22252070182573425	0.464842647351206	575.6666666666666	582862.5	0.11995982	6	0	1	1	7	13	7	1.0	1.0	0.2225207018257342	True	True	False	False	P↔T	T_A__P_B	TP:group_3730--group_6476	194	370.0	0.1731376347426988	0.22252070182573425	0.22252070182573425	0.9945945945945946	True
3924975	1387	2540	group_3730	group_2868	TP	0.22252070182573425	0.464842647351206	578.8	581921.8	0.12484476	5	0	1	1	7	13	7	1.0	1.0	0.2225207018257342	True	True	False	False	P↔T	T_A__P_B	TP:group_3730--group_2868	194	370.0	0.1731376347426988	0.22252070182573425	0.22252070182573425	0.9972972972972973	True
3924977	1387	2542	group_3730	group_3051	TP	0.22252070182573425	0.464842647351206	568.6666666666666	579872.1666666666	0.11690952	6	0	1	1	7	13	7	1.0	1.0	0.2225207018257342	True	True	False	False	P↔T	T_A__P_B	TP:group_3730--group_3051	194	370.0	0.1731376347426988	0.22252070182573425	0.22252070182573425	1.0	True
3964553	1406	1743	group_3896	group_4895	TP	0.5233850054371224	0.7891634838885607	188.2	178722.66666666666	0.031533554	15	0	1	1	9	2	9	1.0	1.0	0.5227654098814415	True	True	False	False	P↔T	T_A__P_B	TP:group_3896--group_4895	156	9821.0	0.2278506213944058	0.36729734267133524	0.5227654098814415	0.9991854190001018	True
3964554	1406	1744	group_3896	erm	TP	0.5233850054371224	0.7891634838885607	189.2	179155.53333333333	0.031378575	15	0	1	1	9	2	9	1.0	1.0	0.5227654098814415	True	True	False	False	P↔T	T_A__P_B	TP:group_3896--erm	156	9821.0	0.2278506213944058	0.36729734267133524	0.5227654098814415	0.9992872416250891	True
3964563	1406	1753	group_3896	group_5422	TP	0.5233850054371224	0.7891634838885607	187.2	178042.06666666668	0.03103382	15	0	1	1	9	2	9	1.0	1.0	0.5227654098814415	True	True	False	False	P↔T	T_A__P_B	TP:group_3896--group_5422	156	9821.0	0.2278506213944058	0.36729734267133524	0.5227654098814415	0.9993890642500763	True
3964602	1406	1792	group_3896	group_3724	TP	0.5233850054371224	0.7891634838885607	190.2	180957.4	0.028834831	15	0	1	1	9	2	9	1.0	1.0	0.5227654098814415	True	True	False	False	P↔T	T_A__P_B	TP:group_3896--group_3724	156	9821.0	0.2278506213944058	0.36729734267133524	0.5227654098814415	0.9994908868750636	True
3964716	1406	1906	group_3896	group_624	TP	0.5233850054371224	0.7891634838885607	181.51111111111112	173512.82222222222	0.026807187	45	0	1	1	9	2	9	1.0	1.0	0.5227654098814415	True	True	False	False	P↔T	T_A__P_B	TP:group_3896--group_624	155	9591.0	0.23574501803149556	0.38088356576024535	0.5227654098814415	0.9991658846835575	True
4129317	1485	2503	group_4891	group_1578	TP	0.6881388137135884	1.0	101.36111111111111	88788.77777777778	0.042622603	36	0	1	1	9	2	9	1.0	1.0	0.4729031778618347	True	True	False	False	P↔T	T_A__P_B	TP:group_4891--group_1578	135	10445.0	0.19427115083720545	0.31339558513779836	0.4729031778618347	1.0	True
4249480	1545	2276	group_2689	group_153	TP	0.5350415011992272	0.8015281596043069	104.6086956521739	97128.69565217392	0.054594167	23	0	1	1	10	3	10	1.0	1.0	0.4397637997091607	True	True	False	False	P↔T	T_A__P_B	TP:group_2689--group_153	136	10419.0	0.19238775690224888	0.306910351125285	0.43976379970916074	0.9999040214991842	True
4363698	1604	1621	group_268	group_2872	TP	0.32586976580821836	0.5932066389465906	532.0	552952.5	0.1220116	6	0	1	1	7	13	7	1.0	1.0	0.3048555645265763	True	True	False	False	P↔T	T_A__P_B	TP:group_268--group_2872	191	455.0	0.21804667590475452	0.26423268181661985	0.30485556452657636	1.0	True
4363993	1604	1916	group_268	group_3103	TP	0.37612091540384396	0.7847733524562103	603.2	627936.8	0.3620005	5	0	1	1	6	13	6	1.0	1.0	0.3267245991094529	True	True	False	False	P↔T	T_A__P_B	TP:group_268--group_3103	196	369.0	0.18037111291955393	0.24189179503864922	0.32672459910945295	1.0	True
4364116	1604	2039	group_268	group_6045	TP	0.3641922580662197	0.6804472813930371	548.8333333333334	564832.3333333334	0.5189998	6	0	1	1	7	13	7	1.0	1.0	0.335086328585584	True	True	False	False	P↔T	T_A__P_B	TP:group_268--group_6045	192	418.0	0.21650290728031044	0.2943938660263216	0.33508632858558407	1.0	True
4364188	1604	2111	group_268	group_2974	TP	0.3641922580662197	0.6804472813930371	551.8333333333334	567793.3333333334	0.8501712	6	0	1	1	7	13	7	1.0	1.0	0.3483650687636647	True	True	False	False	P↔T	T_A__P_B	TP:group_268--group_2974	193	414.0	0.21804667590475452	0.3225404927653195	0.34836506876366474	1.0	True
4364346	1604	2269	group_268	group_3475	TP	0.5004024235381879	1.0	168.92307692307693	174060.15384615384	0.20691973	13	0	1	1	7	13	7	1.0	1.0	0.4884936686160739	True	True	False	False	P↔T	T_A__P_B	TP:group_268--group_3475	152	10786.0	0.22550428321809185	0.3493053612327472	0.48849366861607396	0.9991655850176154	True
4364723	1604	2646	group_268	group_437	TP	0.5004024235381879	1.0	133.76923076923077	144174.07692307694	0.31794274	13	0	1	1	7	13	7	1.0	1.0	0.485564597768414	True	True	False	False	P↔T	T_A__P_B	TP:group_268--group_437	144	10335.0	0.2042225686961178	0.34049151864976346	0.485564597768414	0.999225931301403	True
4722280	1801	1860	glf	group_1186	TP	0.44167257289575557	0.5220293093205427	103.77777777777777	109998.61111111111	0.08250621	18	2	0	4	9	8	6	0.6666667	2.0769231	0.4397637997091607	True	True	True	True	P↔T	T_A__P_B	TP:glf--group_1186	136	10419.0	0.19238775690224888	0.306910351125285	0.43976379970916074	0.9991361934926577	True
4722689	1801	2269	glf	group_3475	TP	0.5320780943568809	0.620154970862107	138.0	151005.53846153847	0.06325873	13	2	0	5	10	8	6	0.6	2.5	0.4671066682257567	True	True	True	True	P↔T	T_A__P_B	TP:glf--group_3475	145	10489.0	0.20390163535341135	0.33111220016910736	0.4671066682257567	0.9998093240537707	True
4723066	1801	2646	glf	group_437	TP	0.5863592742291206	0.671235843173375	173.0909090909091	182185.18181818182	0.054256093	11	2	0	5	11	8	6	0.54545456	2.8139534	0.4822446250268134	True	True	True	True	P↔T	T_A__P_B	TP:glf--group_437	153	10364.0	0.22839731187146514	0.356249497460672	0.4822446250268134	0.9999035121574682	True
5025632	1987	2497	group_4509	group_6477	TP	0.27125231633672586	0.4356615729256234	632.3333333333334	646172.3333333334	0.0433336	6	0	1	1	7	13	7	1.0	1.0	0.2651453279067259	True	True	False	False	P↔T	T_A__P_B	TP:group_4509--group_6477	197	209.0	0.19905469160895403	0.24189179503864922	0.26514532790672596	1.0	True
5025675	1987	2540	group_4509	group_2868	TP	0.27125231633672586	0.4356615729256234	636.6	647744.2	0.045026183	5	0	1	1	7	13	7	1.0	1.0	0.2627144131808909	True	True	False	False	P↔T	T_A__P_B	TP:group_4509--group_2868	198	109.0	0.15246770923243033	0.18916294817138582	0.26271441318089095	1.0	True
5440789	2287	2304	group_4266	group_3153	TP	0.5452835046657886	0.6333963717124956	121.60714285714286	115089.25	0.030736733	28	2	0	3	8	2	4	0.5	2.4615386	0.4638188177778241	True	True	True	True	P↔T	T_A__P_B	TP:group_4266--group_3153	141	10327.0	0.2151252996707094	0.3408525996411131	0.4638188177778241	0.9999031664568606	True
5440798	2287	2313	group_4266	group_5503	TP	0.6268694575724263	0.7395695833710967	257.75	259331.5	0.024535201	8	2	0	3	8	2	4	0.5	2.4615386	0.5107419291721534	True	True	True	True	P↔T	T_A__P_B	TP:group_4266--group_5503	167	6382.0	0.28859550233087417	0.3958517696707674	0.5107419291721534	0.9996866186148543	True
5440803	2287	2318	group_4266	group_6036	TP	0.5452835046657886	0.6333963717124956	122.60714285714286	116279.5	0.030957311	28	2	0	3	8	2	4	0.5	2.4615386	0.4638188177778241	True	True	True	True	P↔T	T_A__P_B	TP:group_4266--group_6036	141	10327.0	0.2151252996707094	0.3408525996411131	0.4638188177778241	1.0	True
5440804	2287	2319	group_4266	group_6134	TP	0.6268694575724263	0.7395695833710967	257.8	258997.6	0.024535201	10	2	0	3	8	2	4	0.5	2.4615386	0.5107419291721534	True	True	True	True	P↔T	T_A__P_B	TP:group_4266--group_6134	167	6382.0	0.28859550233087417	0.3958517696707674	0.5107419291721534	0.9998433093074272	True
5440819	2287	2334	group_4266	group_6148	TP	0.6268694575724263	0.7395695833710967	275.1818181818182	262511.36363636365	0.023352707	11	2	0	3	8	2	4	0.5	2.4615386	0.5289453394573007	True	True	True	True	P↔T	T_A__P_B	TP:group_4266--group_6148	169	5474.0	0.30550744334912777	0.4273537436110101	0.5289453394573007	0.9994519546949214	True
5440849	2287	2364	group_4266	group_5626	TP	0.6268694575724263	0.7395695833710967	258.8	259712.7	0.022322446	10	2	0	3	8	2	4	0.5	2.4615386	0.5107419291721534	True	True	True	True	P↔T	T_A__P_B	TP:group_4266--group_5626	167	6382.0	0.28859550233087417	0.3958517696707674	0.5107419291721534	1.0	True
5440851	2287	2366	group_4266	group_6468	TP	0.6268694575724263	0.7395695833710967	269.8	268817.2	0.022533495	10	2	0	3	8	2	4	0.5	2.4615386	0.6268694575724263	True	True	True	True	P↔T	T_A__P_B	TP:group_4266--group_6468	168	6112.0	0.3082069094408026	0.423623407996715	0.6268694575724263	0.9988547120418848	True
5440852	2287	2367	group_4266	group_6480	TP	0.6268694575724263	0.7395695833710967	272.8	270231.7	0.022234285	10	2	0	3	8	2	4	0.5	2.4615386	0.5289453394573007	True	True	True	True	P↔T	T_A__P_B	TP:group_4266--group_6480	169	5474.0	0.30550744334912777	0.4273537436110101	0.5289453394573007	0.999634636463281	True
5440866	2287	2381	group_4266	group_6132	TP	0.6268694575724263	0.7395695833710967	255.0	257352.4	0.021191798	10	2	0	3	8	2	4	0.5	2.4615386	0.5927701462228009	True	True	True	True	P↔T	T_A__P_B	TP:group_4266--group_6132	166	6567.0	0.27769632731709515	0.4251110879808286	0.5927701462228009	0.9996954469316278	True
5440884	2287	2399	group_4266	group_4531	TP	0.6268694575724263	0.7395695833710967	268.8	268571.7	0.020378504	10	2	0	3	8	2	4	0.5	2.4615386	0.6268694575724263	True	True	True	True	P↔T	T_A__P_B	TP:group_4266--group_4531	168	6112.0	0.3082069094408026	0.423623407996715	0.6268694575724263	0.9990183246073299	True
5440888	2287	2403	group_4266	group_5501	TP	0.6268694575724263	0.7395695833710967	253.0	256204.0	0.020445295	10	2	0	3	8	2	4	0.5	2.4615386	0.5927701462228009	True	True	True	True	P↔T	T_A__P_B	TP:group_4266--group_5501	166	6567.0	0.27769632731709515	0.4251110879808286	0.5927701462228009	0.999847723465814	True
5440889	2287	2404	group_4266	group_5502	TP	0.6268694575724263	0.7395695833710967	254.0	256818.4	0.020445295	10	2	0	3	8	2	4	0.5	2.4615386	0.5927701462228009	True	True	True	True	P↔T	T_A__P_B	TP:group_4266--group_5502	166	6567.0	0.27769632731709515	0.4251110879808286	0.5927701462228009	1.0	True
5440949	2287	2464	group_4266	group_6467	TP	0.6268694575724263	0.7395695833710967	267.8	268134.7	0.017951513	10	2	0	3	8	2	4	0.5	2.4615386	0.6268694575724263	True	True	True	True	P↔T	T_A__P_B	TP:group_4266--group_6467	168	6112.0	0.3082069094408026	0.423623407996715	0.6268694575724263	0.9991819371727748	True
5440950	2287	2465	group_4266	group_6478	TP	0.6268694575724263	0.7395695833710967	271.90909090909093	261687.27272727274	0.018364722	11	2	0	3	8	2	4	0.5	2.4615386	0.6268694575724263	True	True	True	True	P↔T	T_A__P_B	TP:group_4266--group_6478	168	6112.0	0.3082069094408026	0.423623407996715	0.6268694575724263	0.9993455497382199	True
5440951	2287	2466	group_4266	group_6479	TP	0.6268694575724263	0.7395695833710967	271.09090909090907	261267.0	0.018364722	11	2	0	3	8	2	4	0.5	2.4615386	0.6268694575724263	True	True	True	True	P↔T	T_A__P_B	TP:group_4266--group_6479	168	6112.0	0.3082069094408026	0.423623407996715	0.6268694575724263	0.9995091623036649	True
5440952	2287	2467	group_4266	group_6481	TP	0.6268694575724263	0.7395695833710967	271.8	269781.8	0.018538084	10	2	0	3	8	2	4	0.5	2.4615386	0.6268694575724263	True	True	True	True	P↔T	T_A__P_B	TP:group_4266--group_6481	168	6112.0	0.3082069094408026	0.423623407996715	0.6268694575724263	0.99967277486911	True
5440959	2287	2474	group_4266	group_6482	TP	0.6268694575724263	0.7395695833710967	270.8	269444.6	0.01782415	10	2	0	3	8	2	4	0.5	2.4615386	0.6268694575724263	True	True	True	True	P↔T	T_A__P_B	TP:group_4266--group_6482	168	6112.0	0.3082069094408026	0.423623407996715	0.6268694575724263	0.9998363874345549	True
5440982	2287	2497	group_4266	group_6477	TP	0.5452835046657886	0.6333963717124956	272.72727272727275	261753.63636363635	0.021330524	11	2	0	3	8	2	4	0.5	2.4615386	0.5289453394573007	True	True	True	True	P↔T	T_A__P_B	TP:group_4266--group_6477	169	5474.0	0.30550744334912777	0.4273537436110101	0.5289453394573007	0.9990865911582024	True
5441020	2287	2535	group_4266	group_6476	TP	0.6268694575724263	0.7395695833710967	273.54545454545456	262086.0909090909	0.015333277	11	2	0	3	8	2	4	0.5	2.4615386	0.5289453394573007	True	True	True	True	P↔T	T_A__P_B	TP:group_4266--group_6476	169	5474.0	0.30550744334912777	0.4273537436110101	0.5289453394573007	0.9998173182316404	True
5441025	2287	2540	group_4266	group_2868	TP	0.6268694575724263	0.7395695833710967	274.4	261061.3	0.015833227	10	2	0	3	8	2	4	0.5	2.4615386	0.5289453394573007	True	True	True	True	P↔T	T_A__P_B	TP:group_4266--group_2868	169	5474.0	0.30550744334912777	0.4273537436110101	0.5289453394573007	1.0	True
5441027	2287	2542	group_4266	group_3051	TP	0.6268694575724263	0.7395695833710967	267.8181818181818	260123.63636363635	0.014562462	11	2	0	3	8	2	4	0.5	2.4615386	0.6268694575724263	True	True	True	True	P↔T	T_A__P_B	TP:group_4266--group_3051	168	6112.0	0.3082069094408026	0.423623407996715	0.6268694575724263	1.0	True
5441131	2287	2646	group_4266	group_437	TP	0.5452835046657886	0.6333963717124956	231.16666666666666	243688.5	0.019974174	12	2	0	3	8	2	4	0.5	2.4615386	0.4908116321999718	True	True	True	True	P↔T	T_A__P_B	TP:group_4266--group_437	163	7312.0	0.25010076509932777	0.3837856937996939	0.4908116321999718	0.99972647702407	True
5209138	2111	3413	group_2974	ftsX	TT	0.4242730942075692	0.4904219803929734	583.375	595081.375	NA	8	1	2	1	6	4	6	1.0	1.0	0.4239631911237315	True	True	False	False	TT	T_A__T_B	TT:group_2974--ftsX	44	2.0	0.40877794001568535	0.4211740633691924	0.4239631911237315	0.22558108880003516	True
5967704	2835	2865	rnhC	plsX	TT	2.0890345263031023	0.8008076515619744	318.45	325583.9	NA	20	8	3	1	7	31	7	1.0	1.0	2.088687616316885	True	True	False	False	TT	T_A__T_B	TT:rnhC--plsX	39	2085.0	1.8807677432907817	2.0391921109456272	2.088687616316885	0.9990407673860912	True
5967710	2835	2871	rnhC	mutM	TT	2.171928750351832	0.817052112836522	194.0	182562.2	NA	5	1	10	1	16	20	16	1.0	1.0	2.1340583093616834	True	True	False	False	TT	T_A__T_B	TT:rnhC--mutM	35	5035.0	1.8681671198616785	2.0270708795631442	2.1340583093616834	1.0	True
5967729	2835	2890	rnhC	trpE	TT	2.1465914604303085	0.7914337045083557	345.125	338651.25	NA	24	0	3	1	6	38	6	1.0	1.0	2.1078359997157	True	True	False	False	TT	T_A__T_B	TT:rnhC--trpE	40	1235.0	1.924428418766399	2.03827820201801	2.1078359997157	1.0	True
5968157	2835	3318	rnhC	glyQ	TT	2.146230017458576	0.801318776480387	192.4	193861.8	NA	5	8	4	1	7	31	7	1.0	1.0	2.1340583093616834	True	True	False	False	TT	T_A__T_B	TT:rnhC--glyQ	35	5035.0	1.8681671198616785	2.0270708795631442	2.1340583093616834	0.9992055610724926	True
5973802	2843	3503	arnB	glyS	TT	2.137407372367595	0.7722231286444144	242.2	240658.72	NA	25	18	4	1	6	38	6	1.0	1.0	2.1094866911881733	True	True	False	False	TT	T_A__T_B	TT:arnB--glyS	37	2690.0	1.8861998105467888	2.0209838763612473	2.1094866911881733	0.9996282527881041	True
5975195	2846	2865	rsuA_2	plsX	TT	2.134740317660284	0.8178675500743509	497.1818181818182	520466.2727272727	NA	11	6	15	1	17	20	17	1.0	1.0	2.1306587228680014	True	True	False	False	TT	T_A__T_B	TT:rsuA_2--plsX	42	564.0	1.9385012489570448	2.050462133166137	2.1306587228680014	1.0	True
5975217	2846	2887	rsuA_2	aroE	TT	2.148887653948851	0.791804437756462	180.63636363636363	180985.18181818182	NA	11	4	17	1	5	23	5	1.0	1.0	2.1340583093616834	True	True	False	False	TT	T_A__T_B	TT:rsuA_2--aroE	35	5035.0	1.8681671198616785	2.0270708795631442	2.1340583093616834	0.9994041708043694	True
5975258	2846	2928	rsuA_2	rlmI	TT	2.160190434859032	0.7848249996679098	181.1818181818182	181307.36363636365	NA	11	4	17	1	5	23	5	1.0	1.0	2.1340583093616834	True	True	False	False	TT	T_A__T_B	TT:rsuA_2--rlmI	35	5035.0	1.8681671198616785	2.0270708795631442	2.1340583093616834	0.9996027805362463	True
5975280	2846	2950	rsuA_2	gyrB	TT	2.1812492167171134	0.8102634278068788	109.56603773584905	102263.17924528301	NA	106	4	12	1	5	23	5	1.0	1.0	2.132712508408717	True	True	False	False	TT	T_A__T_B	TT:rsuA_2--gyrB	31	2556.0	1.8366031751124232	2.0056483404426575	2.1327125084087175	1.0	True
5975318	2846	2988	rsuA_2	radA	TT	2.1536940885847944	0.8082164185230261	508.27272727272725	532717.8181818182	NA	11	4	12	1	5	23	5	1.0	1.0	2.144184456004475	True	True	False	False	TT	T_A__T_B	TT:rsuA_2--radA	43	109.0	2.0112585337596927	2.0642040621928657	2.144184456004475	1.0	True
5975336	2846	3006	rsuA_2	exoA	TT	2.1341473023482074	0.7955516194809578	189.6	175105.0	NA	5	0	13	1	10	21	10	1.0	1.0	2.1340583093616834	True	True	False	False	TT	T_A__T_B	TT:rsuA_2--exoA	35	5035.0	1.8681671198616785	2.0270708795631442	2.1340583093616834	0.9990069513406157	True
5975504	2846	3174	rsuA_2	tyrS	TT	2.142635668794788	0.8102130839277584	274.4	278934.8	NA	5	19	14	1	6	38	6	1.0	1.0	2.1280389980730083	True	True	False	False	TT	T_A__T_B	TT:rsuA_2--tyrS	38	3053.0	1.859673080033995	2.014282895841766	2.1280389980730083	0.9996724533245988	True
5975648	2846	3318	rsuA_2	glyQ	TT	2.213761302845229	0.8252436770345318	128.72881355932202	122842.67796610169	NA	59	0	2	1	10	21	10	1.0	1.0	2.1986685285841863	True	True	False	False	TT	T_A__T_B	TT:rsuA_2--glyQ	32	2708.0	1.8610797768508234	2.029631656481069	2.1986685285841863	0.9996307237813885	True
5975833	2846	3503	rsuA_2	glyS	TT	2.2440369610247237	0.822930002026307	129.6271186440678	123799.7627118644	NA	59	4	16	1	5	23	5	1.0	1.0	2.1986685285841863	True	True	False	False	TT	T_A__T_B	TT:rsuA_2--glyS	32	2708.0	1.8610797768508234	2.029631656481069	2.1986685285841863	1.0	True
5976629	2848	2950	uvrB	gyrB	TT	2.1286705497654497	0.8040979622043477	300.2	293188.4	NA	5	11	10	1	6	38	6	1.0	1.0	2.1280389980730083	True	True	False	False	TT	T_A__T_B	TT:uvrB--gyrB	38	3053.0	1.859673080033995	2.014282895841766	2.1280389980730083	0.9990173599737963	True
5992408	2871	3503	mutM	glyS	TT	2.1997491245010634	0.817401336850263	126.6	123235.2	NA	10	1	18	1	9	21	9	1.0	1.0	2.1986685285841863	True	True	False	False	TT	T_A__T_B	TT:mutM--glyS	32	2708.0	1.8610797768508234	2.029631656481069	2.1986685285841863	0.9992614475627769	True
5999567	2883	2928	proA	rlmI	TT	2.140109762704464	0.7788868068635416	146.25	140947.16666666666	NA	12	13	20	1	6	38	6	1.0	1.0	2.1386143348102773	True	True	False	False	TT	T_A__T_B	TT:proA--rlmI	33	3329.0	1.8786781267912487	2.023144041260392	2.1386143348102773	0.9990988284770201	True
5999957	2883	3318	proA	glyQ	TT	2.1755068031454114	0.8118448486865909	104.6875	102997.3125	NA	16	7	2	1	10	21	10	1.0	1.0	2.1742607814066504	True	True	False	False	TT	T_A__T_B	TT:proA--glyQ	30	2151.0	1.9253161058587165	2.0635659782050055	2.1742607814066504	0.99907019990702	True
6002135	2887	2950	aroE	gyrB	TT	2.1686074875666237	0.8009388643107073	147.0952380952381	139042.95238095237	NA	21	17	12	1	5	23	5	1.0	1.0	2.1386143348102773	True	True	False	False	TT	T_A__T_B	TT:aroE--gyrB	33	3329.0	1.8786781267912487	2.023144041260392	2.1386143348102773	0.99969960949234	True
6004012	2890	2928	trpE	rlmI	TT	2.136958058708052	0.771861835097391	268.7894736842105	269350.1052631579	NA	19	3	20	1	6	38	6	1.0	1.0	2.1280389980730083	True	True	False	False	TT	T_A__T_B	TT:trpE--rlmI	38	3053.0	1.859673080033995	2.014282895841766	2.1280389980730083	0.9993449066491975	True
6004587	2890	3503	trpE	glyS	TT	2.201570623166559	0.8026306490801535	231.20833333333334	227660.79166666666	NA	24	6	6	1	5	12	5	1.0	1.0	2.1864111750716506	True	True	False	False	TT	T_A__T_B	TT:trpE--glyS	36	3638.0	1.8860442198630556	2.0526448837258635	2.1864111750716506	0.9997251236943375	True
6027538	2928	3179	rlmI	aguA	TT	2.168544688809708	0.7837167419648109	142.91666666666666	137753.0	NA	12	9	14	1	10	6	10	1.0	1.0	2.1386143348102773	True	True	False	False	TT	T_A__T_B	TT:rlmI--aguA	33	3329.0	1.8786781267912487	2.023144041260392	2.1386143348102773	0.9993992189846801	True
6040329	2950	3155	gyrB	xseA	TT	2.2007677826153924	0.7961069393233079	299.3333333333333	292331.8333333333	NA	6	12	3	1	5	23	5	1.0	1.0	2.1280389980730083	True	True	False	False	TT	T_A__T_B	TT:gyrB--xseA	38	3053.0	1.859673080033995	2.014282895841766	2.1280389980730083	1.0	True
6040353	2950	3179	gyrB	aguA	TT	2.160210467076942	0.7982993337075359	120.28571428571429	118613.0	NA	7	17	19	3	7	16	3	0.42857143	2.5789473	2.132712508408717	True	True	True	True	TT	T_A__T_B	TT:gyrB--aguA	31	2556.0	1.8366031751124232	2.0056483404426575	2.1327125084087175	0.9996087636932708	True
6040435	2950	3261	gyrB	prfC	TT	2.1917872326870924	0.7970340296446504	225.8	231595.6	NA	5	10	20	1	6	38	6	1.0	1.0	2.1864111750716506	True	True	False	False	TT	T_A__T_B	TT:gyrB--prfC	36	3638.0	1.8860442198630556	2.0526448837258635	2.1864111750716506	0.9991753710830127	True
6051592	2970	3188	group_4364	accA	TT	2.0987247634337516	0.8002726942876831	338.3157894736842	345133.4736842105	NA	19	14	17	2	6	16	3	0.5	2.0	2.088687616316885	True	True	True	True	TT	T_A__T_B	TT:group_4364--accA	39	2085.0	1.8807677432907817	2.0391921109456272	2.088687616316885	0.9995203836930455	True
6054956	2976	3261	rnr	prfC	TT	2.117927699644759	0.758095572984376	178.6	167735.0	NA	5	5	0	1	6	8	6	1.0	1.0	2.115938026769439	True	True	False	False	TT	T_A__T_B	TT:rnr--prfC	34	3888.0	1.8644645181355985	2.0113916571994204	2.115938026769439	0.9992283950617284	True
6058453	2982	3503	tig	glyS	TT	2.1607964759044735	0.7922708200725095	188.4	187045.2	NA	5	11	15	1	17	20	17	1.0	1.0	2.1340583093616834	True	True	False	False	TT	T_A__T_B	TT:tig--glyS	35	5035.0	1.8681671198616785	2.0270708795631442	2.1340583093616834	0.9998013902681231	True
6070765	3006	3155	exoA	xseA	TT	2.1105361352866954	0.7659781199077651	362.5	362429.8333333333	NA	6	10	17	1	36	13	36	1.0	1.0	2.1078359997157	True	True	False	False	TT	T_A__T_B	TT:exoA--xseA	40	1235.0	1.924428418766399	2.03827820201801	2.1078359997157	0.9991902834008097	True
6070928	3006	3318	exoA	glyQ	TT	2.140413624270495	0.8020825857208769	245.56	243994.2	NA	25	13	2	1	10	21	10	1.0	1.0	2.1094866911881733	True	True	False	False	TT	T_A__T_B	TT:exoA--glyQ	37	2690.0	1.8861998105467888	2.0209838763612473	2.1094866911881733	1.0	True
6071113	3006	3503	exoA	glyS	TT	2.1288003498037456	0.7849364079904538	246.08	244324.24	NA	25	13	18	1	10	21	10	1.0	1.0	2.1094866911881733	True	True	False	False	TT	T_A__T_B	TT:exoA--glyS	37	2690.0	1.8861998105467888	2.0209838763612473	2.1094866911881733	0.9992565055762082	True
6125844	3127	3179	purH	aguA	TT	2.1457649701466748	0.8008288088454798	109.4	99692.8	NA	5	6	20	1	9	15	9	1.0	1.0	2.132712508408717	True	True	False	False	TT	T_A__T_B	TT:purH--aguA	31	2556.0	1.8366031751124232	2.0056483404426575	2.1327125084087175	0.9992175273865415	True
6125926	3127	3261	purH	prfC	TT	2.0990575060364476	0.7706087121496812	333.6842105263158	335435.2631578947	NA	19	18	0	1	6	8	6	1.0	1.0	2.088687616316885	True	True	False	False	TT	T_A__T_B	TT:purH--prfC	39	2085.0	1.8807677432907817	2.0391921109456272	2.088687616316885	1.0	True
6136498	3155	3179	xseA	aguA	TT	2.1895929840514223	0.7863949957162378	144.8	138615.6	NA	5	17	5	1	35	13	35	1.0	1.0	2.1386143348102773	True	True	False	False	TT	T_A__T_B	TT:xseA--aguA	33	3329.0	1.8786781267912487	2.023144041260392	2.1386143348102773	1.0	True
6136822	3155	3503	xseA	glyS	TT	2.213861339802722	0.790903909376727	226.91935483870967	220543.01612903227	NA	62	3	16	1	5	23	5	1.0	1.0	2.1864111750716506	True	True	False	False	TT	T_A__T_B	TT:xseA--glyS	36	3638.0	1.8860442198630556	2.0526448837258635	2.1864111750716506	1.0	True
6143257	3173	3503	malP	glyS	TT	2.1417274179195216	0.7967129013877908	171.0	169180.0	NA	5	2	4	1	6	38	6	1.0	1.0	2.115938026769439	True	True	False	False	TT	T_A__T_B	TT:malP--glyS	34	3888.0	1.8644645181355985	2.0113916571994204	2.115938026769439	0.9994855967078189	True
6143420	3174	3318	tyrS	glyQ	TT	2.1583835678486025	0.821333514115513	172.4	172149.4	NA	5	16	19	1	17	20	17	1.0	1.0	2.115938026769439	True	True	False	False	TT	T_A__T_B	TT:tyrS--glyQ	34	3888.0	1.8644645181355985	2.0113916571994204	2.115938026769439	1.0	True
6143605	3174	3503	tyrS	glyS	TT	2.154217373645728	0.8058866675606053	172.2	171252.2	NA	5	14	4	1	6	38	6	1.0	1.0	2.115938026769439	True	True	False	False	TT	T_A__T_B	TT:tyrS--glyS	34	3888.0	1.8644645181355985	2.0113916571994204	2.115938026769439	0.9997427983539094	True
6145330	3179	3503	aguA	glyS	TT	2.2093850657957987	0.8056625767039839	100.0625	98178.4375	NA	16	4	8	1	16	14	16	1.0	1.0	2.1742607814066504	True	True	False	False	TT	T_A__T_B	TT:aguA--glyS	30	2151.0	1.9253161058587165	2.0635659782050055	2.1742607814066504	1.0	True
6148372	3188	3503	accA	glyS	TT	2.19789261744241	0.8072380858569691	213.4	212672.2	NA	5	9	10	1	10	15	10	1.0	1.0	2.1864111750716506	True	True	False	False	TT	T_A__T_B	TT:accA--glyS	36	3638.0	1.8860442198630556	2.0526448837258635	2.1864111750716506	0.999450247388675	True
6169833	3261	3283	prfC	tgt	TT	2.08796249310662	0.7689440077763748	422.1	403332.4	NA	10	20	3	1	6	38	6	1.0	1.0	2.0847775297875715	True	True	False	False	TT	T_A__T_B	TT:prfC--tgt	41	246.0	1.9170582853760525	2.003194448343832	2.0847775297875715	1.0	True
