locus_A	annotation_A	locus_B	annotation_B	MIraw	phylo_dist	order_dist	bp_dist	Coinfinder_association	Coinfinder_dissociation	Coinfinder_same_component	published_module_if_known	published_network_edge	publication_heatmap_expected	V_ATPase_member_count	V_ATPase_control_pair	candidate_source	interpretation
group_2668	ascorbate-specific phosphotransferase enzyme iib component (ascorbate-specific pts system eiib component)	group_2667	ribonuclease P	0.6793371598354558	NA	NA	NA	False	True	True	association_component_1;dissociation_component_1	True	True	0	False	global_top100_MIraw	direct published Coinfinder dissociation edge
group_3600	membrane protein	group_3601	methionyl-tRNA synthetase	0.6784118893081535	NA	NA	NA	False	True	True	association_component_1;dissociation_component_1	True	True	0	False	global_top100_MIraw	direct published Coinfinder dissociation edge
rsmB	guanylate kinase	group_4625	guanylate kinase	0.6738472726121438	NA	NA	NA	False	True	True	dissociation_component_1	True	True	0	False	global_top100_MIraw	direct published Coinfinder dissociation edge
rclA	major facilitator; oxalate:formate antiporter	group_3356	transporter	0.672454043214841	NA	NA	NA	False	True	True	association_component_1;dissociation_component_1	True	True	0	False	global_top100_MIraw	direct published Coinfinder dissociation edge
oppD	Uncharacterised protein	group_4654	peptide ABC transporter ATP-binding protein	0.672454043214841	NA	NA	NA	False	True	True	association_component_1;dissociation_component_1	True	True	0	False	global_top100_MIraw	direct published Coinfinder dissociation edge
group_4353	Uncharacterised protein	group_4354	Uncharacterised protein	0.672454043214841	NA	NA	NA	False	True	True	association_component_1;dissociation_component_1	True	True	0	False	global_top100_MIraw	direct published Coinfinder dissociation edge
group_3197	Uncharacterised protein	group_3196	GNAT family acetyltransferase	0.6703969999876306	NA	NA	NA	False	True	True	dissociation_component_1	True	True	0	False	global_top100_MIraw	direct published Coinfinder dissociation edge
group_3436	Uncharacterised protein	haeIIIM	Uncharacterised protein	0.6698835323364845	0.01748065766741445	1.0043290043290043	112.16450216450217	True	False	True	association_component_1;dissociation_component_1	True	True	0	False	global_top100_MIraw	direct published Coinfinder association edge
pezA	Uncharacterised protein	pezT	Uncharacterised protein	0.6694918720688483	0.016534544356888652	1.0	93.39920948616601	True	False	True	association_component_1;dissociation_component_1	True	True	0	False	global_top100_MIraw	direct published Coinfinder association edge
alsE	Uncharacterised protein	tkt_3	Uncharacterised protein	0.669275016245698	0.017123133493975894	1.0338983050847457	180.52966101694915	True	False	True	association_component_1;dissociation_component_1	True	True	0	False	global_top100_MIraw	direct published Coinfinder association edge
ybiT_1	superoxide dismutase	group_1581	peptidyl-prolyl cis-trans isomerase	0.6682672753516778	0.017490910317752406	4.985185185185185	3821.1481481481483	True	False	True	association_component_1;dissociation_component_1	True	True	0	False	global_top100_MIraw	direct published Coinfinder association edge
alaA	membrane protein	group_4667	membrane protein	0.6671127181335623	NA	NA	NA	False	True	True	association_component_1;dissociation_component_1	True	True	0	False	global_top100_MIraw	direct published Coinfinder dissociation edge
group_1483	penicillin-binding protein 2B	group_1482	cell division protein FtsZ	0.6662172574885523	NA	NA	NA	False	True	True	association_component_1;dissociation_component_1	True	True	0	False	global_top100_MIraw	direct published Coinfinder dissociation edge
ybiT_1	superoxide dismutase	group_4306	MutT/NUDIX family protein	0.6653982832849926	NA	NA	NA	False	True	True	association_component_1;dissociation_component_1	True	True	0	False	global_top100_MIraw	direct published Coinfinder dissociation edge
rpoB	Uncharacterised protein	group_3871	Uncharacterised protein	0.6653982832849926	NA	NA	NA	False	True	True	association_component_1;dissociation_component_1	True	True	0	False	global_top100_MIraw	direct published Coinfinder dissociation edge
bglK_3	Uncharacterised protein	ntpK	Uncharacterised protein	0.6650455492294949	0.017402834444122463	2.942857142857143	2039.8285714285714	True	False	True	association_component_1;dissociation_component_1	True	True	1	False	global_top100_MIraw	direct published Coinfinder association edge
ntpD	Uncharacterised protein	ntpA	Uncharacterised protein	0.6650455492294949	0.017402834444122463	1.977142857142857	1028.4342857142858	True	False	True	association_component_1;dissociation_component_1	True	True	2	True	global_top100_MIraw	direct published Coinfinder association edge
bglK_3	Uncharacterised protein	group_4933	Uncharacterised protein	0.6650455492294949	0.017402834444122463	1.0	142.92349726775956	True	False	True	association_component_1;dissociation_component_1	True	True	1	False	global_top100_MIraw	direct published Coinfinder association edge
nanA_3	Uncharacterised protein	ntpK	Uncharacterised protein	0.6650455492294949	0.017402834444122463	7.628205128205129	6427.910256410257	True	False	True	association_component_1;dissociation_component_1	True	True	1	False	global_top100_MIraw	direct published Coinfinder association edge
nanA_3	Uncharacterised protein	ntpA	Uncharacterised protein	0.6650455492294949	0.017402834444122463	11.418439716312056	9765.99290780142	True	False	True	association_component_1;dissociation_component_1	True	True	1	False	global_top100_MIraw	direct published Coinfinder association edge
bglK_3	Uncharacterised protein	ntpD	Uncharacterised protein	0.6650455492294949	0.017402834444122463	8.625806451612902	7370.316129032258	True	False	True	association_component_1;dissociation_component_1	True	True	1	False	global_top100_MIraw	direct published Coinfinder association edge
bglK_3	Uncharacterised protein	nanA_3	Uncharacterised protein	0.6650455492294949	0.017402834444122463	4.7784810126582276	3737.2025316455697	True	False	True	association_component_1;dissociation_component_1	True	True	0	False	global_top100_MIraw	direct published Coinfinder association edge
bglK_3	Uncharacterised protein	ntpA	Uncharacterised protein	0.6650455492294949	0.017402834444122463	6.703703703703703	5562.067901234568	True	False	True	association_component_1;dissociation_component_1	True	True	1	False	global_top100_MIraw	direct published Coinfinder association edge
group_4933	Uncharacterised protein	ntpD	Uncharacterised protein	0.6650455492294949	0.017402834444122463	7.654761904761905	6330.113095238095	True	False	True	association_component_1;dissociation_component_1	True	True	2	True	global_top100_MIraw	direct published Coinfinder association edge
group_4933	Uncharacterised protein	ntpK	Uncharacterised protein	0.6650455492294949	0.017402834444122463	1.9680851063829787	1014.6276595744681	True	False	True	association_component_1;dissociation_component_1	True	True	2	True	global_top100_MIraw	direct published Coinfinder association edge
group_4933	Uncharacterised protein	ntpA	Uncharacterised protein	0.6650455492294949	0.017402834444122463	5.742690058479532	4565.444444444444	True	False	True	association_component_1;dissociation_component_1	True	True	2	True	global_top100_MIraw	direct published Coinfinder association edge
ntpD	Uncharacterised protein	nanA_3	Uncharacterised protein	0.6650455492294949	0.017402834444122463	13.338235294117647	11621.375	True	False	True	association_component_1;dissociation_component_1	True	True	1	False	global_top100_MIraw	direct published Coinfinder association edge
ntpD	Uncharacterised protein	ntpK	Uncharacterised protein	0.6650455492294949	0.017402834444122463	5.739644970414201	4714.579881656805	True	False	True	association_component_1;dissociation_component_1	True	True	2	True	global_top100_MIraw	direct published Coinfinder association edge
ntpK	Uncharacterised protein	ntpA	Uncharacterised protein	0.6650455492294949	0.017402834444122463	3.8265895953757227	2825.0520231213873	True	False	True	association_component_1;dissociation_component_1	True	True	2	True	global_top100_MIraw	direct published Coinfinder association edge
group_4933	Uncharacterised protein	nanA_3	Uncharacterised protein	0.6650455492294949	0.017402834444122463	5.697530864197531	4619.456790123457	True	False	True	association_component_1;dissociation_component_1	True	True	1	False	global_top100_MIraw	direct published Coinfinder association edge
group_2818	Uncharacterised protein	group_2817	extracellular protein	0.6647820081071277	NA	NA	NA	False	True	True	association_component_1;dissociation_component_1	True	True	0	False	global_top100_MIraw	direct published Coinfinder dissociation edge
ntpC	Uncharacterised protein	ntpG	Uncharacterised protein	0.6641374194933585	0.0173941023264888	1.0	125.80790960451978	True	False	True	association_component_1;dissociation_component_1	True	True	2	True	global_top100_MIraw	direct published Coinfinder association edge
group_4884	UDP-N-acetylmuramyl tripeptide synthetase, Mur ligase	group_1051	X-Pro dipeptidase	0.6612062303393216	0.017204609762218447	1.5104602510460252	658.4476987447699	True	False	True	association_component_1;dissociation_component_1	True	True	0	False	global_top100_MIraw	direct published Coinfinder association edge
group_2421	amino acid ABC transporter ATP-binding protein	group_860	Ser/Thr protein phosphatase family protein	0.6603963828488845	238.33376499999977	NA	NA	False	True	True	association_component_1;dissociation_component_1	True	True	0	False	global_top100_MIraw;phylo_far_Q99.9	direct published Coinfinder dissociation edge
group_3737	Uncharacterised protein	licR_1	Uncharacterised protein	0.6603963828488844	0.017585179071704392	1.992094861660079	1157.9407114624505	True	False	True	association_component_1;dissociation_component_1	True	True	0	False	global_top100_MIraw	direct published Coinfinder association edge
nnrD	Uncharacterised protein	group_2223	carbohydrate kinase	0.6566909008000245	NA	NA	NA	False	True	True	association_component_1;dissociation_component_1	True	True	0	False	global_top100_MIraw	direct published Coinfinder dissociation edge
rny	putative iojap protein	group_2722	SAM-dependent methyltransferase	0.6540980810501505	119.30391499999996	NA	NA	False	True	True	association_component_1;dissociation_component_1	True	True	0	False	global_top100_MIraw;phylo_far_Q99.9	direct published Coinfinder dissociation edge
mngA	Uncharacterised protein	tkt_3	Uncharacterised protein	0.6525935730126082	0.017265268112449786	4.00709219858156	2954.503546099291	True	False	True	association_component_1;dissociation_component_1	True	True	0	False	global_top100_MIraw	direct published Coinfinder association edge
group_4933	Uncharacterised protein	ntpC	Uncharacterised protein	0.6523103314807417	0.017484621031068615	3.9064327485380117	2648.4269005847955	True	False	True	association_component_1;dissociation_component_1	True	True	2	True	global_top100_MIraw	direct published Coinfinder association edge
bglK_3	Uncharacterised protein	ntpG	Uncharacterised protein	0.6523103314807417	0.017484621031068615	5.78125	4730.23125	True	False	True	association_component_1;dissociation_component_1	True	True	1	False	global_top100_MIraw	direct published Coinfinder association edge
ntpA	Uncharacterised protein	ntpC	Uncharacterised protein	0.6523103314807417	0.017484621031068615	1.9425287356321839	1052.1206896551723	True	False	True	association_component_1;dissociation_component_1	True	True	2	True	global_top100_MIraw	direct published Coinfinder association edge
ntpK	Uncharacterised protein	ntpG	Uncharacterised protein	0.6523103314807417	0.017484621031068615	2.902857142857143	1939.8057142857142	True	False	True	association_component_1;dissociation_component_1	True	True	2	True	global_top100_MIraw	direct published Coinfinder association edge
ntpD	Uncharacterised protein	ntpB	Uncharacterised protein	0.6523103314807417	0.017505253133687743	1.0	107.875	True	False	True	association_component_1;dissociation_component_1	True	True	2	True	global_top100_MIraw	direct published Coinfinder association edge
bglK_3	Uncharacterised protein	ntpC	Uncharacterised protein	0.6523103314807417	0.017484621031068615	4.8734177215189876	3682.753164556962	True	False	True	association_component_1;dissociation_component_1	True	True	1	False	global_top100_MIraw	direct published Coinfinder association edge
group_5421	Mobile element protein	group_5420	Uncharacterised protein	0.6523103314807417	0.01754291786567819	1.0	119.48633879781421	True	False	True	association_component_1;dissociation_component_1	True	True	0	False	global_top100_MIraw	direct published Coinfinder association edge
ntpD	Uncharacterised protein	ntpG	Uncharacterised protein	0.6523103314807417	0.017484621031068615	2.9186046511627906	1950.5174418604652	True	False	True	association_component_1;dissociation_component_1	True	True	2	True	global_top100_MIraw	direct published Coinfinder association edge
bglK_3	Uncharacterised protein	atpE_1	Uncharacterised protein	0.6523103314807417	0.017497896161537324	3.9107142857142856	2897.4940476190477	True	False	True	association_component_1;dissociation_component_1	True	True	1	False	global_top100_MIraw	direct published Coinfinder association edge
ntpD	Uncharacterised protein	ntpC	Uncharacterised protein	0.6523103314807417	0.017484621031068615	3.8579881656804735	2889.9349112426034	True	False	True	association_component_1;dissociation_component_1	True	True	2	True	global_top100_MIraw	direct published Coinfinder association edge
bglK_3	Uncharacterised protein	ntpB	Uncharacterised protein	0.6523103314807417	0.017505253133687743	7.668711656441718	6465.889570552147	True	False	True	association_component_1;dissociation_component_1	True	True	1	False	global_top100_MIraw	direct published Coinfinder association edge
ntpA	Uncharacterised protein	ntpB	Uncharacterised protein	0.6523103314807417	0.017505253133687743	1.0	127.61748633879782	True	False	True	association_component_1;dissociation_component_1	True	True	2	True	global_top100_MIraw	direct published Coinfinder association edge
nanA_3	Uncharacterised protein	atpE_1	Uncharacterised protein	0.6523103314807417	0.017497896161537324	8.593333333333334	7268.56	True	False	True	association_component_1;dissociation_component_1	True	True	1	False	global_top100_MIraw	direct published Coinfinder association edge
nanA_3	Uncharacterised protein	ntpC	Uncharacterised protein	0.6523103314807417	0.017484621031068615	9.539007092198581	7940.404255319149	True	False	True	association_component_1;dissociation_component_1	True	True	1	False	global_top100_MIraw	direct published Coinfinder association edge
nanA_3	Uncharacterised protein	ntpG	Uncharacterised protein	0.6523103314807417	0.017484621031068615	10.460992907801419	9021.354609929078	True	False	True	association_component_1;dissociation_component_1	True	True	1	False	global_top100_MIraw	direct published Coinfinder association edge
group_4933	Uncharacterised protein	ntpG	Uncharacterised protein	0.6523103314807417	0.017484621031068615	4.820809248554913	3652.2312138728325	True	False	True	association_component_1;dissociation_component_1	True	True	2	True	global_top100_MIraw	direct published Coinfinder association edge
group_4933	Uncharacterised protein	atpE_1	Uncharacterised protein	0.6523103314807417	0.017497896161537324	2.9392265193370166	1872.2651933701657	True	False	True	association_component_1;dissociation_component_1	True	True	2	True	global_top100_MIraw	direct published Coinfinder association edge
ntpK	Uncharacterised protein	ntpB	Uncharacterised protein	0.6523103314807417	0.017505253133687743	4.768361581920904	3791.5649717514125	True	False	True	association_component_1;dissociation_component_1	True	True	2	True	global_top100_MIraw	direct published Coinfinder association edge
ntpA	Uncharacterised protein	atpE_1	Uncharacterised protein	0.6523103314807417	0.017497896161537324	2.8700564971751414	1960.9661016949153	True	False	True	association_component_1;dissociation_component_1	True	True	2	True	global_top100_MIraw	direct published Coinfinder association edge
group_4933	Uncharacterised protein	ntpB	Uncharacterised protein	0.6523103314807417	0.017505253133687743	6.693181818181818	5444.630681818182	True	False	True	association_component_1;dissociation_component_1	True	True	2	True	global_top100_MIraw	direct published Coinfinder association edge
ntpK	Uncharacterised protein	ntpC	Uncharacterised protein	0.6523103314807417	0.017484621031068615	1.9657142857142857	968.16	True	False	True	association_component_1;dissociation_component_1	True	True	2	True	global_top100_MIraw	direct published Coinfinder association edge
ntpK	Uncharacterised protein	atpE_1	Uncharacterised protein	0.6523103314807417	0.017497896161537324	1.0	115.60109289617486	True	False	True	association_component_1;dissociation_component_1	True	True	2	True	global_top100_MIraw	direct published Coinfinder association edge
nanA_3	Uncharacterised protein	ntpB	Uncharacterised protein	0.6523103314807417	0.017505253133687743	12.354166666666666	10697.479166666666	True	False	True	association_component_1;dissociation_component_1	True	True	1	False	global_top100_MIraw	direct published Coinfinder association edge
ntpA	Uncharacterised protein	ntpG	Uncharacterised protein	0.6523103314807417	0.017484621031068615	1.0	116.09604519774011	True	False	True	association_component_1;dissociation_component_1	True	True	2	True	global_top100_MIraw	direct published Coinfinder association edge
ntpD	Uncharacterised protein	atpE_1	Uncharacterised protein	0.6523103314807417	0.017497896161537324	4.786127167630058	3798.6820809248557	True	False	True	association_component_1;dissociation_component_1	True	True	2	True	global_top100_MIraw	direct published Coinfinder association edge
group_5451	UDP-phosphate-UDP-MurNAc-pentapeptide phospho-MurNAc-pentapeptide transferase	licR_1	Uncharacterised protein	0.6521475046851444	0.017686717397339787	1.1245136186770428	272.0933852140078	True	False	True	association_component_1;dissociation_component_1	True	True	0	False	global_top100_MIraw	direct published Coinfinder association edge
group_1769	regulatory protein	group_1773	elongation factor Ts	0.6519035052511883	NA	NA	NA	False	False	True	association_component_1;dissociation_component_1	False	False	0	False	global_top100_MIraw	not a direct edge; loci co-occur in a published connected component
ntpG	Uncharacterised protein	group_3749	Uncharacterised protein	0.6513965441554064	0.017489623663858915	3.861271676300578	2791.826589595376	True	False	True	association_component_1;dissociation_component_1	True	True	2	True	global_top100_MIraw	direct published Coinfinder association edge
nanB_2	Uncharacterised protein	iolX_2	Uncharacterised protein	0.6513965441554064	0.017520749470469422	1.0	144.62983425414365	True	False	True	association_component_1;dissociation_component_1	True	True	0	False	global_top100_MIraw	direct published Coinfinder association edge
ntpC	Uncharacterised protein	group_3749	Uncharacterised protein	0.6513965441554064	0.017489623663858915	2.9473684210526314	1834.953216374269	True	False	True	association_component_1;dissociation_component_1	True	True	2	True	global_top100_MIraw	direct published Coinfinder association edge
atpE_1	Uncharacterised protein	group_3749	Uncharacterised protein	0.6513965441554064	0.017503030885178066	1.9668508287292819	1001.9502762430939	True	False	True	association_component_1;dissociation_component_1	True	True	2	True	global_top100_MIraw	direct published Coinfinder association edge
iolX_2	Uncharacterised protein	tabA_3	Uncharacterised protein	0.6504678913224959	0.01753914651741293	1.9717514124293785	982.457627118644	True	False	True	association_component_1;dissociation_component_1	True	True	0	False	global_top100_MIraw	direct published Coinfinder association edge
group_4591	Uncharacterised protein	yxdL_1	Uncharacterised protein	0.6499279208102446	0.01763660992658884	1.008230452674897	133.6378600823045	True	False	True	association_component_1;dissociation_component_1	True	True	0	False	global_top100_MIraw	direct published Coinfinder association edge
patA_1	surface protein (fragment)	group_2807	alcohol dehydrogenase	0.6498791912298854	228.1588466666665	NA	NA	False	True	True	association_component_1;dissociation_component_1	True	True	0	False	global_top100_MIraw;phylo_far_Q99.9	direct published Coinfinder dissociation edge
group_2223	carbohydrate kinase	group_1144	topology modulation protein	0.6496455231226028	0.018216195814648714	4.862244897959184	3857.1785714285716	True	False	True	association_component_1;dissociation_component_1	True	True	0	False	global_top100_MIraw	direct published Coinfinder association edge
group_4236	Uncharacterised protein	group_3437	Uncharacterised protein	0.6495450032064322	NA	NA	NA	False	True	True	association_component_1;dissociation_component_1	True	True	0	False	global_top100_MIraw	direct published Coinfinder dissociation edge
cdhR	Msm operon regulatory protein	group_2956	Msm operon regulatory protein	0.649040505202613	230.63764666666648	NA	NA	False	True	True	association_component_1;dissociation_component_1	True	True	0	False	global_top100_MIraw;phylo_far_Q99.9	direct published Coinfinder dissociation edge
mngA	Uncharacterised protein	alsE	Uncharacterised protein	0.6486256047817645	0.017295249083665323	3.0135135135135136	1934.972972972973	True	False	True	association_component_1;dissociation_component_1	True	True	0	False	global_top100_MIraw	direct published Coinfinder association edge
lysS	L-lactate dehydrogenase (FMN-dependent)-like alpha-hydroxy acid dehydrogenase	group_4308	Uncharacterised protein	0.6481880560772458	671.2078999999998	NA	NA	False	True	True	association_component_1;dissociation_component_1	True	True	0	False	global_top100_MIraw;phylo_far_Q99.9	direct published Coinfinder dissociation edge
group_2421	amino acid ABC transporter ATP-binding protein	group_2416	VncR, response regulator	0.6479775104359932	237.60435833333312	NA	NA	False	True	True	association_component_1;dissociation_component_1	True	True	0	False	global_top100_MIraw;phylo_far_Q99.9	direct published Coinfinder dissociation edge
group_5417	major facilitator superfamily permease	group_1482	cell division protein FtsZ	0.6479775104359932	0.01778886900875015	1.990990990990991	1164.8513513513512	True	False	True	association_component_1;dissociation_component_1	True	True	0	False	global_top100_MIraw	direct published Coinfinder association edge
ruvB	acetyltransferase, GNAT family protein	group_3467	acetyltransferase, GNAT family protein	0.6475924496946318	NA	NA	NA	False	True	True	association_component_1;dissociation_component_1	True	True	0	False	global_top100_MIraw	direct published Coinfinder dissociation edge
group_1581	peptidyl-prolyl cis-trans isomerase	group_4306	MutT/NUDIX family protein	0.6472036137993723	NA	NA	NA	False	True	True	association_component_1;dissociation_component_1	True	True	0	False	global_top100_MIraw	direct published Coinfinder dissociation edge
rpiR	Uncharacterised protein	nanE_2	Uncharacterised protein	0.6456006194196628	0.017551594191522753	1.0	97.8	True	False	True	association_component_1;dissociation_component_1	True	True	0	False	global_top100_MIraw	direct published Coinfinder association edge
trmFO	Uncharacterised protein	group_2789	ornithine decarboxylase family protein	0.6435924388483776	685.8355049999998	NA	NA	False	True	True	association_component_1;dissociation_component_1	True	True	0	False	global_top100_MIraw;phylo_far_Q99.9	direct published Coinfinder dissociation edge
ptsG_1	penicillin-binding protein 2B	group_4168	ABC transporter-sugar transport, N-acetylneuraminate transport system permease	0.6429808278537441	116.37285999999995	NA	NA	False	True	True	association_component_1;dissociation_component_1	True	True	0	False	global_top100_MIraw;phylo_far_Q99.9	direct published Coinfinder dissociation edge
group_3726	Uncharacterised protein	spsB_2	ferric enterobactin transport ATP-binding protein FepC	0.6428079543038299	0.015900407133849746	2.9921259842519685	2138.7086614173227	True	False	True	association_component_1;dissociation_component_1	True	True	0	False	global_top100_MIraw	direct published Coinfinder association edge
group_4933	Uncharacterised protein	iolX_2	Uncharacterised protein	0.6421655129988194	0.01759155016994236	1.937142857142857	953.1028571428571	True	False	True	association_component_1;dissociation_component_1	True	True	1	False	global_top100_MIraw	direct published Coinfinder association edge
bglK_3	Uncharacterised protein	group_3749	Uncharacterised protein	0.6421655129988194	0.017580585192847633	1.977142857142857	1160.9885714285715	True	False	True	association_component_1;dissociation_component_1	True	True	1	False	global_top100_MIraw	direct published Coinfinder association edge
group_4933	Uncharacterised protein	group_3749	Uncharacterised protein	0.6421655129988194	0.017580585192847633	1.0	129.2127659574468	True	False	True	association_component_1;dissociation_component_1	True	True	2	True	global_top100_MIraw	direct published Coinfinder association edge
ntpK	Uncharacterised protein	iolX_2	Uncharacterised protein	0.6421655129988194	0.01759155016994236	3.874251497005988	2728.8383233532936	True	False	True	association_component_1;dissociation_component_1	True	True	1	False	global_top100_MIraw	direct published Coinfinder association edge
bglK_3	Uncharacterised protein	iolX_2	Uncharacterised protein	0.6421655129988194	0.01759155016994236	1.0	109.35260115606937	True	False	True	association_component_1;dissociation_component_1	True	True	0	False	global_top100_MIraw	direct published Coinfinder association edge
ntpA	Uncharacterised protein	iolX_2	Uncharacterised protein	0.6421655129988194	0.01759155016994236	7.635761589403973	6316.324503311258	True	False	True	association_component_1;dissociation_component_1	True	True	1	False	global_top100_MIraw	direct published Coinfinder association edge
ntpK	Uncharacterised protein	group_3749	Uncharacterised protein	0.6421655129988194	0.017580585192847633	1.0	128.2688172043011	True	False	True	association_component_1;dissociation_component_1	True	True	2	True	global_top100_MIraw	direct published Coinfinder association edge
nanA_3	Uncharacterised protein	iolX_2	Uncharacterised protein	0.6421655129988194	0.01759155016994236	3.8980891719745223	2924.3248407643314	True	False	True	association_component_1;dissociation_component_1	True	True	0	False	global_top100_MIraw	direct published Coinfinder association edge
ntpD	Uncharacterised protein	iolX_2	Uncharacterised protein	0.6421655129988194	0.01759155016994236	9.513333333333334	8040.04	True	False	True	association_component_1;dissociation_component_1	True	True	1	False	global_top100_MIraw	direct published Coinfinder association edge
ntpD	Uncharacterised protein	group_3749	Uncharacterised protein	0.6421655129988194	0.017580585192847633	6.710843373493976	5486.451807228916	True	False	True	association_component_1;dissociation_component_1	True	True	2	True	global_top100_MIraw	direct published Coinfinder association edge
ntpA	Uncharacterised protein	group_3749	Uncharacterised protein	0.6421655129988194	0.017580585192847633	4.794117647058823	3681.1235294117646	True	False	True	association_component_1;dissociation_component_1	True	True	2	True	global_top100_MIraw	direct published Coinfinder association edge
nanA_3	Uncharacterised protein	group_3749	Uncharacterised protein	0.6421655129988194	0.017580585192847633	6.670967741935484	5523.012903225806	True	False	True	association_component_1;dissociation_component_1	True	True	1	False	global_top100_MIraw	direct published Coinfinder association edge
group_5419	Uncharacterised protein	group_6000	Uncharacterised protein	0.6413787057089912	0.01771267820921471	1.0	127.43478260869566	True	False	True	association_component_1;dissociation_component_1	True	True	0	False	global_top100_MIraw	direct published Coinfinder association edge
nanB_2	Uncharacterised protein	tabA_3	Uncharacterised protein	0.6412460851252684	0.01762727014925372	1.0	138.48387096774192	True	False	True	association_component_1;dissociation_component_1	True	True	0	False	global_top100_MIraw	direct published Coinfinder association edge
group_2228	membrane protein	ydhF	ABC transporter permeae	0.6412334288710271	NA	NA	NA	False	False	True	association_component_1;dissociation_component_1	False	False	0	False	global_top100_MIraw	not a direct edge; loci co-occur in a published connected component
rapA	putative SNF-family helicase	group_2162	putative SNF-family helicase	0.6410992661778437	117.39095083333329	NA	NA	False	True	True	association_component_1;dissociation_component_1	True	True	0	False	phylo_far_Q99.9	direct published Coinfinder dissociation edge
ulaA_1	Uncharacterised protein	group_3362	Uncharacterised protein	0.6401363076403545	672.7786649999997	NA	NA	False	True	True	association_component_1;dissociation_component_1	True	True	0	False	phylo_far_Q99.9	direct published Coinfinder dissociation edge
group_1483	penicillin-binding protein 2B	group_5417	major facilitator superfamily permease	0.6301574600914697	118.41655083333326	NA	NA	False	True	True	association_component_1;dissociation_component_1	True	True	0	False	phylo_far_Q99.9	direct published Coinfinder dissociation edge
group_3319	L-lactate oxidase	group_3320	sodium-dependent transporter	0.6262070605278919	216.2788516666666	NA	NA	False	True	True	association_component_1;dissociation_component_1	True	True	0	False	phylo_far_Q99.9	direct published Coinfinder dissociation edge
clpC_1	cell division protein FtsL	group_2319	penicillin-binding protein 2X	0.6161450516804345	225.45243666666659	NA	NA	False	True	True	association_component_1;dissociation_component_1	True	True	0	False	phylo_far_Q99.9	direct published Coinfinder dissociation edge
znuA_1	Uncharacterised protein	group_2805	spfh domain/band 7 family	0.6140493803812247	214.9088216666665	NA	NA	False	True	True	association_component_1;dissociation_component_1	True	True	0	False	phylo_far_Q99.9	direct published Coinfinder dissociation edge
nfr1	NADH oxidase	group_2288	Uncharacterised protein	0.6128524595893784	210.2377366666665	NA	NA	False	True	True	dissociation_component_1	True	True	0	False	phylo_far_Q99.9	direct published Coinfinder dissociation edge
group_1441	Uncharacterised protein	group_1439	tRNA delta(2)-isopentenylpyrophosphate transferase	0.6119650120714241	686.4370399999993	NA	NA	False	True	True	association_component_1;dissociation_component_1	True	True	0	False	phylo_far_Q99.9	direct published Coinfinder dissociation edge
group_2411	Uncharacterised protein	group_2409	Uncharacterised protein	0.6116859131969434	639.6821849999997	NA	NA	False	True	True	association_component_1;dissociation_component_1	True	True	0	False	phylo_far_Q99.9	direct published Coinfinder dissociation edge
agrA_2	MesJ/Ycf62 family protein	group_2769	Uncharacterised protein	0.6080953517400436	640.7700499999995	NA	NA	False	True	True	association_component_1;dissociation_component_1	True	True	0	False	phylo_far_Q99.9	direct published Coinfinder dissociation edge
fucU	Uncharacterised protein	group_4818	FucA	0.6029911400745581	107.57165833333329	NA	NA	False	True	True	association_component_1;dissociation_component_1	True	True	0	False	phylo_far_Q99.9	direct published Coinfinder dissociation edge
fucU	Uncharacterised protein	group_4013	Uncharacterised protein	0.5975927102709014	213.14458666666656	NA	NA	False	True	True	association_component_1;dissociation_component_1	True	True	0	False	phylo_far_Q99.9	direct published Coinfinder dissociation edge
fucU	Uncharacterised protein	araP	Uncharacterised protein	0.5960330199963825	64.84948399999996	NA	NA	False	True	True	association_component_1;dissociation_component_1	True	True	0	False	phylo_far_Q99.9	direct published Coinfinder dissociation edge
group_2421	amino acid ABC transporter ATP-binding protein	group_862	Ser/Thr protein phosphatase family protein	0.5907624677572347	47.381976999999964	2.0	1104.8333333333333	False	True	True	association_component_1;dissociation_component_1	True	True	0	False	phylo_far_Q99.9	direct published Coinfinder dissociation edge
fucU	Uncharacterised protein	group_4402	Uncharacterised protein	0.5894418469290278	43.448658666666645	NA	NA	False	True	True	association_component_1;dissociation_component_1	True	True	0	False	phylo_far_Q99.9	direct published Coinfinder dissociation edge
group_2609	ABC zinc transporter, metal-binding lipoprotein	group_2610	Uncharacterised protein	0.5887908424428113	565.0575599999997	NA	NA	False	True	True	association_component_1;dissociation_component_1	True	True	0	False	phylo_far_Q99.9	direct published Coinfinder dissociation edge
ptsG_1	penicillin-binding protein 2B	group_3222	N-acetylmannosamine kinase; transcriptional regulator, ROK family protein	0.5882115169807045	225.68427333333315	NA	NA	False	True	True	association_component_1;dissociation_component_1	True	True	0	False	phylo_far_Q99.9	direct published Coinfinder dissociation edge
group_4462	Uncharacterised protein	group_4818	FucA	0.5794998044058928	30.944737380952354	NA	NA	False	True	True	association_component_1;dissociation_component_1	True	True	0	False	phylo_far_Q99.9	direct published Coinfinder dissociation edge
fucU	Uncharacterised protein	sugB	Uncharacterised protein	0.5771249327280824	23.483241428571414	NA	NA	False	True	True	association_component_1;dissociation_component_1	True	True	0	False	phylo_far_Q99.9	direct published Coinfinder dissociation edge
mutX_1	MutT/nudix family protein	group_1077	translation factor	0.5756440883110576	67.17461099999997	NA	NA	False	True	True	association_component_1;dissociation_component_1	True	True	0	False	phylo_far_Q99.9	direct published Coinfinder dissociation edge
rny	putative iojap protein	yoeB	putative iojap protein	0.5737350745285928	115.42324833333329	NA	NA	False	True	True	association_component_1;dissociation_component_1	True	True	0	False	phylo_far_Q99.9	direct published Coinfinder dissociation edge
group_4462	Uncharacterised protein	araP	Uncharacterised protein	0.5735007651748342	23.319147142857123	NA	NA	False	True	True	association_component_1;dissociation_component_1	True	True	0	False	phylo_far_Q99.9	direct published Coinfinder dissociation edge
group_4462	Uncharacterised protein	group_4013	Uncharacterised protein	0.5729691287714234	42.92007199999996	NA	NA	False	True	True	association_component_1;dissociation_component_1	True	True	0	False	phylo_far_Q99.9	direct published Coinfinder dissociation edge
group_1999	phage integrase family integrase/recombinase	group_3411	PTS system transporter subunit IIB	0.5720235793935304	44.032219999999974	NA	NA	False	True	True	association_component_1;dissociation_component_1	True	True	0	False	phylo_far_Q99.9	direct published Coinfinder dissociation edge
hisS	Uncharacterised protein	group_3003	Uncharacterised protein	0.5704622937574373	637.0808399999994	NA	NA	False	True	True	association_component_1;dissociation_component_1	True	True	0	False	phylo_far_Q99.9	direct published Coinfinder dissociation edge
group_1257	Uncharacterised protein	group_3295	Uncharacterised protein	0.5693016179863045	65.60510849999994	NA	NA	False	True	True	association_component_1;dissociation_component_1	True	True	0	False	phylo_far_Q99.9	direct published Coinfinder dissociation edge
group_4462	Uncharacterised protein	group_4402	Uncharacterised protein	0.5677262992411674	18.22759944444443	NA	NA	False	True	True	association_component_1;dissociation_component_1	True	True	0	False	phylo_far_Q99.9	direct published Coinfinder dissociation edge
hflK	Uncharacterised protein	group_4009	Uncharacterised protein	0.5676999787058521	562.4290799999997	NA	NA	False	True	True	association_component_1;dissociation_component_1	True	True	0	False	phylo_far_Q99.9	direct published Coinfinder dissociation edge
group_3035	Uncharacterised protein	group_4818	FucA	0.5652537122348774	18.14196013888888	NA	NA	False	True	True	association_component_1;dissociation_component_1	True	True	0	False	phylo_far_Q99.9	direct published Coinfinder dissociation edge
group_3433	Uncharacterised protein	group_4818	FucA	0.5652537122348774	18.141294861111096	NA	NA	False	True	True	association_component_1;dissociation_component_1	True	True	0	False	phylo_far_Q99.9	direct published Coinfinder dissociation edge
fucA	regulatory protein	group_4818	FucA	0.5652537122348774	18.139022638888875	NA	NA	False	True	True	association_component_1;dissociation_component_1	True	True	0	False	phylo_far_Q99.9	direct published Coinfinder dissociation edge
yknX	Uncharacterised protein	group_3317	Uncharacterised protein	0.563684978859029	12.18947781818181	1.0	143.0	False	True	True	association_component_1;dissociation_component_1	True	True	0	False	phylo_far_Q99.9	direct published Coinfinder dissociation edge
group_2228	membrane protein	group_2227	ABC transporter ATP-binding protein	0.5611328294468961	10.778419924242419	1.0	156.16666666666666	False	True	True	association_component_1;dissociation_component_1	True	True	0	False	phylo_far_Q99.9	direct published Coinfinder dissociation edge
group_3035	Uncharacterised protein	araP	Uncharacterised protein	0.5596978723368956	14.58295155555555	NA	NA	False	True	True	association_component_1;dissociation_component_1	True	True	0	False	phylo_far_Q99.9	direct published Coinfinder dissociation edge
group_3433	Uncharacterised protein	araP	Uncharacterised protein	0.5596978723368956	14.582447222222209	NA	NA	False	True	True	association_component_1;dissociation_component_1	True	True	0	False	phylo_far_Q99.9	direct published Coinfinder dissociation edge
fucA	regulatory protein	araP	Uncharacterised protein	0.5596978723368956	14.580591111111103	NA	NA	False	True	True	association_component_1;dissociation_component_1	True	True	0	False	phylo_far_Q99.9	direct published Coinfinder dissociation edge
group_3035	Uncharacterised protein	group_4013	Uncharacterised protein	0.5582412417146361	23.10830107142856	NA	NA	False	True	True	association_component_1;dissociation_component_1	True	True	0	False	phylo_far_Q99.9	direct published Coinfinder dissociation edge
group_3433	Uncharacterised protein	group_4013	Uncharacterised protein	0.5582412417146361	23.107467499999984	NA	NA	False	True	True	association_component_1;dissociation_component_1	True	True	0	False	phylo_far_Q99.9	direct published Coinfinder dissociation edge
fucA	regulatory protein	group_4013	Uncharacterised protein	0.5582412417146361	23.104557857142844	NA	NA	False	True	True	association_component_1;dissociation_component_1	True	True	0	False	phylo_far_Q99.9	direct published Coinfinder dissociation edge
group_4462	Uncharacterised protein	sugB	Uncharacterised protein	0.5567518031800832	12.037124090909078	NA	NA	False	True	True	association_component_1;dissociation_component_1	True	True	0	False	phylo_far_Q99.9	direct published Coinfinder dissociation edge
group_3433	Uncharacterised protein	group_4402	Uncharacterised protein	0.5543194891902219	11.990686909090899	NA	NA	False	True	True	association_component_1;dissociation_component_1	True	True	0	False	phylo_far_Q99.9	direct published Coinfinder dissociation edge
group_3035	Uncharacterised protein	group_4402	Uncharacterised protein	0.5543194891902219	11.991166909090904	NA	NA	False	True	True	association_component_1;dissociation_component_1	True	True	0	False	phylo_far_Q99.9	direct published Coinfinder dissociation edge
fucA	regulatory protein	group_4402	Uncharacterised protein	0.5543194891902219	11.989227090909084	NA	NA	False	True	True	association_component_1;dissociation_component_1	True	True	0	False	phylo_far_Q99.9	direct published Coinfinder dissociation edge
hflK	Uncharacterised protein	group_4006	Uncharacterised protein	0.547927771223497	556.6949899999995	NA	NA	False	True	True	association_component_1;dissociation_component_1	True	True	0	False	phylo_far_Q99.9	direct published Coinfinder dissociation edge
axeA	Uncharacterised protein	group_2717	Uncharacterised protein	0.5473088583551383	4.554672581699343	1.0	101.8	False	True	True	dissociation_component_1	True	True	0	False	phylo_far_Q99.9	direct published Coinfinder dissociation edge
group_3035	Uncharacterised protein	sugB	Uncharacterised protein	0.5440297624951713	8.53098647435897	NA	NA	False	True	True	association_component_1;dissociation_component_1	True	True	0	False	phylo_far_Q99.9	direct published Coinfinder dissociation edge
fucA	regulatory protein	sugB	Uncharacterised protein	0.5440297624951713	8.529606602564098	NA	NA	False	True	True	association_component_1;dissociation_component_1	True	True	0	False	phylo_far_Q99.9	direct published Coinfinder dissociation edge
group_3433	Uncharacterised protein	sugB	Uncharacterised protein	0.5440297624951713	8.530560192307684	NA	NA	False	True	True	association_component_1;dissociation_component_1	True	True	0	False	phylo_far_Q99.9	direct published Coinfinder dissociation edge
dps	dihydrofolate reductase	group_4447	cation transporter E1-E2 family ATPase	0.5410656449087236	197.0791783333331	NA	NA	False	True	True	association_component_1;dissociation_component_1	True	True	0	False	phylo_far_Q99.9	direct published Coinfinder dissociation edge
glpK	regulator of fucose operon	group_2771	putative transcriptional repressor	0.5385487806612538	14.85413422222221	NA	NA	False	True	True	association_component_1;dissociation_component_1	True	True	0	False	phylo_far_Q99.9	direct published Coinfinder dissociation edge
group_2977	bacteriocin BlpO	group_2976	membrane protein	0.5376962618873735	521.8964749999997	NA	NA	False	True	True	dissociation_component_1	True	True	0	False	phylo_far_Q99.9	direct published Coinfinder dissociation edge
lnpD_1	Uncharacterised protein	group_4247	binding-protein-dependent transport systems inner membrane component	0.5359681037379131	516.7553099999997	NA	NA	False	True	True	association_component_1;dissociation_component_1	True	True	0	False	phylo_far_Q99.9	direct published Coinfinder dissociation edge
group_3904	Uncharacterised protein	group_3902	ABC transporter permease	0.5339063490744442	11.364935909090903	1.1	99.9	False	True	True	association_component_1;dissociation_component_1	True	True	0	False	phylo_far_Q99.9	direct published Coinfinder dissociation edge
group_2411	Uncharacterised protein	group_4475	Uncharacterised protein	0.5327039706465011	607.2623499999997	NA	NA	False	True	True	association_component_1;dissociation_component_1	True	True	0	False	phylo_far_Q99.9	direct published Coinfinder dissociation edge
znuA_1	Uncharacterised protein	group_4818	FucA	0.5302730801306241	30.391760714285695	6.0	5563.2	False	True	True	association_component_1;dissociation_component_1	True	True	0	False	phylo_far_Q99.9	direct published Coinfinder dissociation edge
znuA_1	Uncharacterised protein	group_4013	Uncharacterised protein	0.5290861265936845	42.151629999999976	8.0	7659.8	False	True	True	association_component_1;dissociation_component_1	True	True	0	False	phylo_far_Q99.9	direct published Coinfinder dissociation edge
levE	Uncharacterised protein	group_4818	FucA	0.5268565871977798	6.297555476190472	NA	NA	False	True	True	association_component_1;dissociation_component_1	True	True	0	False	phylo_far_Q99.9	direct published Coinfinder dissociation edge
lacG_1	Uncharacterised protein	group_1824	Uncharacterised protein	0.5249941463152464	634.5616199999997	NA	NA	False	True	True	association_component_1;dissociation_component_1	True	True	0	False	phylo_far_Q99.9	direct published Coinfinder dissociation edge
tsaB	Uncharacterised protein	group_6042	Uncharacterised protein	0.5248996508691327	533.2316899999998	NA	NA	False	True	True	association_component_1;dissociation_component_1	True	True	0	False	phylo_far_Q99.9	direct published Coinfinder dissociation edge
znuA_1	Uncharacterised protein	araP	Uncharacterised protein	0.5243064687310863	22.90268982142856	2.8333333333333335	2189.6666666666665	False	True	True	association_component_1;dissociation_component_1	True	True	0	False	phylo_far_Q99.9	direct published Coinfinder dissociation edge
oppD	Uncharacterised protein	group_3804	trehalose operon repressor	0.5230051986708333	3.821262605263155	5.933333333333334	4485.533333333334	False	True	True	association_component_1;dissociation_component_1	True	True	0	False	phylo_far_Q99.9	direct published Coinfinder dissociation edge
levE	Uncharacterised protein	araP	Uncharacterised protein	0.5222180446881668	5.536944624999998	NA	NA	False	True	True	association_component_1;dissociation_component_1	True	True	0	False	phylo_far_Q99.9	direct published Coinfinder dissociation edge
group_2411	Uncharacterised protein	thiF	Uncharacterised protein	0.5200145333198815	602.0037299999997	NA	NA	False	True	True	association_component_1;dissociation_component_1	True	True	0	False	phylo_far_Q99.9	direct published Coinfinder dissociation edge
yhjX	ATP-dependent RNA helicase	group_3974	Uncharacterised protein	0.5192619086471574	89.0042758333333	NA	NA	False	True	True	dissociation_component_1	True	True	0	False	phylo_far_Q99.9	direct published Coinfinder dissociation edge
group_134	serine/threonine phosphatase	group_4625	guanylate kinase	0.5191529291903088	621.0237399999996	NA	NA	False	True	True	dissociation_component_1	True	True	0	False	phylo_far_Q99.9	direct published Coinfinder dissociation edge
levE	Uncharacterised protein	group_4013	Uncharacterised protein	0.5189087750140605	7.198543186813183	NA	NA	False	True	True	association_component_1;dissociation_component_1	True	True	0	False	phylo_far_Q99.9	direct published Coinfinder dissociation edge
znuA_1	Uncharacterised protein	group_4402	Uncharacterised protein	0.5185645244914712	17.90221055555555	5.0	4223.0	False	True	True	association_component_1;dissociation_component_1	True	True	0	False	phylo_far_Q99.9	direct published Coinfinder dissociation edge
treR	ferrichrome transport ATP-binding protein FhuC	group_4654	peptide ABC transporter ATP-binding protein	0.5182678988547711	640.3154599999996	NA	NA	False	True	True	association_component_1;dissociation_component_1	True	True	0	False	phylo_far_Q99.9	direct published Coinfinder dissociation edge
levE	Uncharacterised protein	group_4402	Uncharacterised protein	0.5176864971637357	4.910045735294114	NA	NA	False	True	True	association_component_1;dissociation_component_1	True	True	0	False	phylo_far_Q99.9	direct published Coinfinder dissociation edge
group_8354	PTS system ascorbate-specific transporter subunit IIC	apaH	Uncharacterised protein	0.5127718601881756	93.7915266666666	NA	NA	False	True	True	association_component_1;dissociation_component_1	True	True	0	False	phylo_far_Q99.9	direct published Coinfinder dissociation edge
group_8354	PTS system ascorbate-specific transporter subunit IIC	relA_2	Uncharacterised protein	0.5118789611212683	185.54851666666653	NA	NA	False	True	True	association_component_1;dissociation_component_1	True	True	0	False	phylo_far_Q99.9	direct published Coinfinder dissociation edge
group_5406	pts system lactose-specific transporter subunit EIIBC	group_1824	Uncharacterised protein	0.5112918988721784	211.5171099999999	NA	NA	False	True	True	association_component_1;dissociation_component_1	True	True	0	False	phylo_far_Q99.9	direct published Coinfinder dissociation edge
levE	Uncharacterised protein	sugB	Uncharacterised protein	0.5089177819087389	3.9402062865497056	NA	NA	False	True	True	association_component_1;dissociation_component_1	True	True	0	False	phylo_far_Q99.9	direct published Coinfinder dissociation edge
znuA_1	Uncharacterised protein	sugB	Uncharacterised protein	0.5076553555906941	11.821041545454538	3.8333333333333335	3073.1666666666665	False	True	True	association_component_1;dissociation_component_1	True	True	0	False	phylo_far_Q99.9	direct published Coinfinder dissociation edge
group_8349	sakacin A production response regulator	apaH	Uncharacterised protein	0.5065672623172464	93.52470499999998	NA	NA	False	True	True	association_component_1;dissociation_component_1	True	True	0	False	phylo_far_Q99.9	direct published Coinfinder dissociation edge
group_8349	sakacin A production response regulator	relA_2	Uncharacterised protein	0.5059829802336533	185.01937666666663	NA	NA	False	True	True	association_component_1;dissociation_component_1	True	True	0	False	phylo_far_Q99.9	direct published Coinfinder dissociation edge
group_3227	nitroreductase, NADPH-flavin oxidoreductase	group_4621	Uncharacterised protein	0.5044313456043059	177.18817666666655	NA	NA	False	True	True	dissociation_component_1	True	True	0	False	phylo_far_Q99.9	direct published Coinfinder dissociation edge
group_8354	PTS system ascorbate-specific transporter subunit IIC	intQ	Uncharacterised protein	0.5042697518810841	184.3405233333332	NA	NA	False	True	True	association_component_1;dissociation_component_1	True	True	0	False	phylo_far_Q99.9	direct published Coinfinder dissociation edge
group_2819	Uncharacterised protein	group_4818	FucA	0.5038269242657276	3.9024349415204664	NA	NA	False	True	True	association_component_1;dissociation_component_1	True	True	0	False	phylo_far_Q99.9	direct published Coinfinder dissociation edge
group_2977	bacteriocin BlpO	group_3913	Uncharacterised protein	0.4999194852149122	87.00187749999994	NA	NA	False	True	True	dissociation_component_1	True	True	0	False	phylo_far_Q99.9	direct published Coinfinder dissociation edge
group_2819	Uncharacterised protein	araP	Uncharacterised protein	0.4996184160774892	3.529240578947367	NA	NA	False	True	True	association_component_1;dissociation_component_1	True	True	0	False	phylo_far_Q99.9	direct published Coinfinder dissociation edge
amyX	Uncharacterised protein	group_3033	Uncharacterised protein	0.4994967251812783	169.99279666666652	NA	NA	False	True	True	dissociation_component_1	True	True	0	False	phylo_far_Q99.9	direct published Coinfinder dissociation edge
fucU	Uncharacterised protein	group_2805	spfh domain/band 7 family	0.4989944271058816	9.873971363636356	5.0	5395.8	False	True	True	association_component_1;dissociation_component_1	True	True	0	False	phylo_far_Q99.9	direct published Coinfinder dissociation edge
group_8349	sakacin A production response regulator	intQ	Uncharacterised protein	0.4986422111845413	183.8166083333333	NA	NA	False	True	True	association_component_1;dissociation_component_1	True	True	0	False	phylo_far_Q99.9	direct published Coinfinder dissociation edge
group_2293	Uncharacterised protein	group_4621	Uncharacterised protein	0.49801108958656876	176.8293066666666	NA	NA	False	True	True	dissociation_component_1	True	True	0	False	phylo_far_Q99.9	direct published Coinfinder dissociation edge
lacR_1	Uncharacterised protein	dpnM	Uncharacterised protein	0.49613376714771484	164.4709749999999	NA	NA	False	True	True	association_component_1;dissociation_component_1	True	True	0	False	phylo_far_Q99.9	direct published Coinfinder dissociation edge
comC	Uncharacterised protein	group_1374	ABC transporter substrate-binding protein	0.4957919503244319	600.4166149999995	NA	NA	False	True	True	association_component_1;dissociation_component_1	True	True	0	False	phylo_far_Q99.9	direct published Coinfinder dissociation edge
group_2819	Uncharacterised protein	group_4402	Uncharacterised protein	0.4954934573695242	3.2091749999999992	NA	NA	False	True	True	association_component_1;dissociation_component_1	True	True	0	False	phylo_far_Q99.9	direct published Coinfinder dissociation edge
group_2819	Uncharacterised protein	group_4013	Uncharacterised protein	0.49546773884551537	4.320700326797384	NA	NA	False	True	True	association_component_1;dissociation_component_1	True	True	0	False	phylo_far_Q99.9	direct published Coinfinder dissociation edge
lacR_1	Uncharacterised protein	dpnB	type II restriction enzyme DpnII	0.4939594088462571	486.6755249999997	NA	NA	False	True	True	association_component_1;dissociation_component_1	True	True	0	False	phylo_far_Q99.9	direct published Coinfinder dissociation edge
group_2977	bacteriocin BlpO	group_3298	membrane protein	0.4935766373659499	52.60359899999996	NA	NA	False	True	True	dissociation_component_1	True	True	0	False	phylo_far_Q99.9	direct published Coinfinder dissociation edge
rhaB	heat shock protein 3HSP33 homolog	group_2805	spfh domain/band 7 family	0.4928326678536588	9.835827499999992	1.9090909090909092	933.8181818181819	False	True	True	association_component_1;dissociation_component_1	True	True	0	False	phylo_far_Q99.9	direct published Coinfinder dissociation edge
nagC_2	Uncharacterised protein	group_1824	Uncharacterised protein	0.4922125729439858	42.73101933333331	NA	NA	False	True	True	association_component_1;dissociation_component_1	True	True	0	False	phylo_far_Q99.9	direct published Coinfinder dissociation edge
nfrA2	Uncharacterised protein	group_2719	Uncharacterised protein	0.49125106280177927	50.25546549999997	1.0	183.2	False	True	True	dissociation_component_1	True	True	0	False	phylo_far_Q99.9	direct published Coinfinder dissociation edge
group_2977	bacteriocin BlpO	group_5883	Uncharacterised protein	0.49045317270764577	86.42132999999995	NA	NA	False	True	True	dissociation_component_1	True	True	0	False	phylo_far_Q99.9	direct published Coinfinder dissociation edge
yjaB	membrane protein	group_1077	translation factor	0.4898446916433977	7.499249999999997	10.714285714285714	8325.42857142857	False	True	True	association_component_1;dissociation_component_1	True	True	0	False	phylo_far_Q99.9	direct published Coinfinder dissociation edge
group_2850	type I restriction-modification system M protein	group_2849	Uncharacterised protein	0.48902468495944956	541.5328249999997	NA	NA	False	True	True	association_component_1;dissociation_component_1	True	True	0	False	phylo_far_Q99.9	direct published Coinfinder dissociation edge
group_2819	Uncharacterised protein	sugB	Uncharacterised protein	0.48747695563320137	2.6878092292490106	NA	NA	False	True	True	association_component_1;dissociation_component_1	True	True	0	False	phylo_far_Q99.9	direct published Coinfinder dissociation edge
sstT	thioredoxin	secA_2	Uncharacterised protein	0.48626119645222776	19.734411249999994	6.8	6547.6	False	True	True	dissociation_component_1	True	True	0	False	phylo_far_Q99.9	direct published Coinfinder dissociation edge
sstT	thioredoxin	group_6086	Uncharacterised protein	0.483063431721654	25.963352380952372	3.8	2686.2	False	True	True	dissociation_component_1	True	True	0	False	phylo_far_Q99.9	direct published Coinfinder dissociation edge
treP	Uncharacterised protein	group_4242	hydroxymethylglutaryl-CoA synthase	0.4826804418787496	51.30511899999997	NA	NA	False	True	True	association_component_1;dissociation_component_1	True	True	0	False	phylo_far_Q99.9	direct published Coinfinder dissociation edge
group_5291	ATP-dependent Clp protease, ATP-binding subunit ClpX	group_5399	polypeptide deformylase	0.4826693002582469	169.39413333333323	NA	NA	False	True	True	association_component_1;dissociation_component_1	True	True	0	False	phylo_far_Q99.9	direct published Coinfinder dissociation edge
group_2977	bacteriocin BlpO	group_5227	Uncharacterised protein	0.4819169004897149	25.35102285714284	NA	NA	False	True	True	dissociation_component_1	True	True	0	False	phylo_far_Q99.9	direct published Coinfinder dissociation edge
group_4462	Uncharacterised protein	group_2805	spfh domain/band 7 family	0.48079945138752794	6.249340333333328	NA	NA	False	True	True	association_component_1;dissociation_component_1	True	True	0	False	phylo_far_Q99.9	direct published Coinfinder dissociation edge
rhaB	heat shock protein 3HSP33 homolog	group_4818	FucA	0.47893311523967563	9.737808409090903	NA	NA	False	True	True	association_component_1;dissociation_component_1	True	True	0	False	phylo_far_Q99.9	direct published Coinfinder dissociation edge
nfrA2	Uncharacterised protein	group_3838	Uncharacterised protein	0.4781873039052741	49.82834649999997	6.0	5117.4	False	True	True	dissociation_component_1	True	True	0	False	phylo_far_Q99.9	direct published Coinfinder dissociation edge
group_1145	Uncharacterised protein	group_2223	carbohydrate kinase	0.4777233431460184	209.89319166666664	NA	NA	False	True	True	association_component_1;dissociation_component_1	True	True	0	False	phylo_far_Q99.9	direct published Coinfinder dissociation edge
sstT	thioredoxin	group_3758	Uncharacterised protein	0.47754134643335583	19.60944160714285	2.6666666666666665	1564.8333333333333	False	True	True	dissociation_component_1	True	True	0	False	phylo_far_Q99.9	direct published Coinfinder dissociation edge
rhaB	heat shock protein 3HSP33 homolog	group_4013	Uncharacterised protein	0.47742554224299094	11.57654581818181	NA	NA	False	True	True	association_component_1;dissociation_component_1	True	True	0	False	phylo_far_Q99.9	direct published Coinfinder dissociation edge
clpE	Uncharacterised protein	group_2635	ABC transporter ATP-binding protein	0.47737331155253027	87.58880999999992	NA	NA	False	True	True	dissociation_component_1	True	True	0	False	phylo_far_Q99.9	direct published Coinfinder dissociation edge
comC1	Uncharacterised protein	group_4752	zinc-dependent protease	0.4766492972177472	435.66903999999965	NA	NA	False	True	True	dissociation_component_1	True	True	0	False	phylo_far_Q99.9	direct published Coinfinder dissociation edge
group_1257	Uncharacterised protein	group_4078	Uncharacterised protein	0.4743898652073286	591.6944749999996	NA	NA	False	True	True	association_component_1;dissociation_component_1	True	True	0	False	phylo_far_Q99.9	direct published Coinfinder dissociation edge
group_1257	Uncharacterised protein	group_5992	macrolide export ATP-binding/permease protein MacB	0.4743898652073286	591.2804049999996	NA	NA	False	True	True	association_component_1;dissociation_component_1	True	True	0	False	phylo_far_Q99.9	direct published Coinfinder dissociation edge
yjaB	membrane protein	group_2556	Uncharacterised protein	0.47432760014121067	0.017882204026418387	137.6	138559.8	True	False	True	association_component_1;dissociation_component_1	True	True	0	False	order_far_Q99.9	direct published Coinfinder association edge
potA_1	iron ABC transporter permease	phnV_2	phosphoglycerate mutase family protein	0.47426178898904114	2.843146047430829	2.0	950.8181818181819	False	True	True	association_component_1;dissociation_component_1	True	True	0	False	phylo_far_Q99.9	direct published Coinfinder dissociation edge
rhaB	heat shock protein 3HSP33 homolog	araP	Uncharacterised protein	0.47394042247649626	8.279194551282044	NA	NA	False	True	True	association_component_1;dissociation_component_1	True	True	0	False	phylo_far_Q99.9	direct published Coinfinder dissociation edge
sstT	thioredoxin	gtf1	Uncharacterised protein	0.4722410919966314	15.366782499999992	5.8	5144.4	False	True	True	dissociation_component_1	True	True	0	False	phylo_far_Q99.9	direct published Coinfinder dissociation edge
dinG	DNA-binding response regulator CiaR	group_3599	Uncharacterised protein	0.47183379918466056	450.61351999999977	NA	NA	False	True	True	dissociation_component_1	True	True	0	False	phylo_far_Q99.9	direct published Coinfinder dissociation edge
group_4441	histidine kinase	mtlF	choline binding protein G	0.47166261494233575	43.065435666666644	NA	NA	False	True	True	association_component_1;dissociation_component_1	True	True	0	False	phylo_far_Q99.9	direct published Coinfinder dissociation edge
group_2587	phosphopentomutase	group_4692	Uncharacterised protein	0.4716127203663232	463.75478999999996	NA	NA	False	True	True	dissociation_component_1	True	True	0	False	phylo_far_Q99.9	direct published Coinfinder dissociation edge
group_2977	bacteriocin BlpO	group_3912	ABC transporter ATP-binding protein	0.4712873257970016	14.996150555555548	NA	NA	False	True	True	dissociation_component_1	True	True	0	False	phylo_far_Q99.9	direct published Coinfinder dissociation edge
group_3433	Uncharacterised protein	group_2805	spfh domain/band 7 family	0.46928668425168313	4.849171139705879	NA	NA	False	True	True	association_component_1;dissociation_component_1	True	True	0	False	phylo_far_Q99.9	direct published Coinfinder dissociation edge
group_3035	Uncharacterised protein	group_2805	spfh domain/band 7 family	0.46928668425168313	4.849462169117644	6.0	6507.0	False	True	True	association_component_1;dissociation_component_1	True	True	0	False	phylo_far_Q99.9	direct published Coinfinder dissociation edge
fucA	regulatory protein	group_2805	spfh domain/band 7 family	0.46928668425168313	4.8486845955882325	4.0	3981.6	False	True	True	association_component_1;dissociation_component_1	True	True	0	False	phylo_far_Q99.9	direct published Coinfinder dissociation edge
group_3891	PTS system mannose/fructose/sorbose family transporter subunit IID	group_3892	Uncharacterised protein	0.46917821111180813	440.63950999999963	NA	NA	False	True	True	dissociation_component_1	True	True	0	False	phylo_far_Q99.9	direct published Coinfinder dissociation edge
rhaB	heat shock protein 3HSP33 homolog	group_4402	Uncharacterised protein	0.469081942323089	7.131830329670326	NA	NA	False	True	True	association_component_1;dissociation_component_1	True	True	0	False	phylo_far_Q99.9	direct published Coinfinder dissociation edge
nfrA2	Uncharacterised protein	group_3228	Uncharacterised protein	0.46683622534021035	24.06988690476189	6.666666666666667	6394.833333333333	False	True	True	dissociation_component_1	True	True	0	False	phylo_far_Q99.9	direct published Coinfinder dissociation edge
group_2977	bacteriocin BlpO	kpsT	membrane protein	0.46627802112004924	12.073656999999994	NA	NA	False	True	True	dissociation_component_1	True	True	0	False	phylo_far_Q99.9	direct published Coinfinder dissociation edge
group_3294	Uncharacterised protein	group_5992	macrolide export ATP-binding/permease protein MacB	0.46622196571920477	586.9158749999998	NA	NA	False	True	True	association_component_1;dissociation_component_1	True	True	0	False	phylo_far_Q99.9	direct published Coinfinder dissociation edge
group_3294	Uncharacterised protein	group_4078	Uncharacterised protein	0.46622196571920477	587.3387449999998	NA	NA	False	True	True	association_component_1;dissociation_component_1	True	True	0	False	phylo_far_Q99.9	direct published Coinfinder dissociation edge
group_1576	Uncharacterised protein	group_3295	Uncharacterised protein	0.461238640745249	61.97820449999995	1.0	204.4	False	True	True	association_component_1;dissociation_component_1	True	True	0	False	phylo_far_Q99.9	direct published Coinfinder dissociation edge
rhaB	heat shock protein 3HSP33 homolog	sugB	Uncharacterised protein	0.45972794823725666	5.455694708333328	NA	NA	False	True	True	association_component_1;dissociation_component_1	True	True	0	False	phylo_far_Q99.9	direct published Coinfinder dissociation edge
group_4441	histidine kinase	mtlD	choline binding protein F	0.45893580288581004	23.281692857142843	NA	NA	False	True	True	association_component_1;dissociation_component_1	True	True	0	False	phylo_far_Q99.9	direct published Coinfinder dissociation edge
group_4441	histidine kinase	mtlR	V8-like Glu-specific endopeptidase	0.45630005660237594	63.06529699999997	NA	NA	False	True	True	association_component_1;dissociation_component_1	True	True	0	False	phylo_far_Q99.9	direct published Coinfinder dissociation edge
group_1576	Uncharacterised protein	group_1258	Uncharacterised protein	0.4538622974576457	29.927027619047596	4.666666666666667	4107.0	False	True	True	association_component_1;dissociation_component_1	True	True	0	False	phylo_far_Q99.9	direct published Coinfinder dissociation edge
gpsB	oligopeptide ABC transporter oligopeptide-binding protein AliA	group_4888	choline binding protein J	0.4514132269175432	18.525097678571417	NA	NA	False	True	True	association_component_1;dissociation_component_1	True	True	0	False	phylo_far_Q99.9	direct published Coinfinder dissociation edge
mta	transcriptional regulator	group_4465	putative flavoprotein	0.4506878930678652	453.0631999999999	NA	NA	False	True	True	dissociation_component_1	True	True	0	False	phylo_far_Q99.9	direct published Coinfinder dissociation edge
group_1546	Uncharacterised protein	group_1545	Uncharacterised protein	0.45047462051268083	156.27055833333318	NA	NA	False	True	True	dissociation_component_1	True	True	0	False	phylo_far_Q99.9	direct published Coinfinder dissociation edge
galE	putative UDP-glucose 4-epimerase	group_1754	galactose-1-phosphate uridylyltransferase	0.4486505430995625	155.2904083333332	NA	NA	False	True	True	association_component_1;dissociation_component_1	True	True	0	False	phylo_far_Q99.9	direct published Coinfinder dissociation edge
pfbA	capsular polysaccharide biosynthesis protein	group_4247	binding-protein-dependent transport systems inner membrane component	0.4468644033582601	495.80548499999975	NA	NA	False	True	True	association_component_1;dissociation_component_1	True	True	0	False	phylo_far_Q99.9	direct published Coinfinder dissociation edge
yjaB	membrane protein	group_4196	ferric enterobactin transport ATP-binding protein FepC	0.4443949297878251	8.41448474358974	NA	NA	False	True	True	association_component_1;dissociation_component_1	True	True	0	False	phylo_far_Q99.9	direct published Coinfinder dissociation edge
panM	Uncharacterised protein	group_2299	metallo protease	0.44419033720043216	190.0891349999999	NA	NA	False	True	True	association_component_1;dissociation_component_1	True	True	0	False	phylo_far_Q99.9	direct published Coinfinder dissociation edge
group_2556	Uncharacterised protein	mutX_1	MutT/nudix family protein	0.4437025646455418	0.01820269563284259	137.8	138691.4	True	False	True	association_component_1;dissociation_component_1	True	True	0	False	order_far_Q99.9	direct published Coinfinder association edge
yvgN	ATP-dependent RNA helicase	group_2346	2,5-diketo-D-gluconic acid reductase A	0.4426970072526834	401.6317799999998	NA	NA	False	True	True	dissociation_component_1	True	True	0	False	phylo_far_Q99.9	direct published Coinfinder dissociation edge
arcC1	Uncharacterised protein	group_4009	Uncharacterised protein	0.44035097203544626	529.4136499999996	NA	NA	False	True	True	association_component_1;dissociation_component_1	True	True	0	False	phylo_far_Q99.9	direct published Coinfinder dissociation edge
ycjP_2	Uncharacterised protein	group_5440	Uncharacterised protein	0.4382400504557294	13.691642638888887	NA	NA	False	True	True	dissociation_component_1	True	True	0	False	phylo_far_Q99.9	direct published Coinfinder dissociation edge
axe1-6A_2	Uncharacterised protein	group_2134	Esterase	0.43634250266645475	31.453936666666657	1.0	90.6	False	True	False		True	True	0	False	phylo_far_Q99.9	direct published Coinfinder dissociation edge
bmrA	ABC transporter	lmrA_2	ABC transporter	0.43368215912862984	498.95966499999975	NA	NA	False	True	True	association_component_1;dissociation_component_1	True	True	0	False	phylo_far_Q99.9	direct published Coinfinder dissociation edge
ycjP_2	Uncharacterised protein	group_4905	Uncharacterised protein	0.43350209491570507	11.026076555555553	NA	NA	False	True	True	dissociation_component_1	True	True	0	False	phylo_far_Q99.9	direct published Coinfinder dissociation edge
ycjP_2	Uncharacterised protein	degA_2	membrane protein	0.43350209491570507	11.03783333333333	NA	NA	False	True	True	dissociation_component_1	True	True	0	False	phylo_far_Q99.9	direct published Coinfinder dissociation edge
yjaB	membrane protein	spsB_2	ferric enterobactin transport ATP-binding protein FepC	0.43254838380115224	3.0272239826839806	NA	NA	False	True	True	association_component_1;dissociation_component_1	True	True	0	False	phylo_far_Q99.9	direct published Coinfinder dissociation edge
yjaB	membrane protein	group_3726	Uncharacterised protein	0.43254838380115224	3.0272239826839806	NA	NA	False	True	True	association_component_1;dissociation_component_1	True	True	0	False	phylo_far_Q99.9	direct published Coinfinder dissociation edge
mutX_1	MutT/nudix family protein	spsB_2	ferric enterobactin transport ATP-binding protein FepC	0.4318475368236173	4.024326461988302	NA	NA	False	True	True	association_component_1;dissociation_component_1	True	True	0	False	phylo_far_Q99.9	direct published Coinfinder dissociation edge
mutX_1	MutT/nudix family protein	group_3726	Uncharacterised protein	0.4318475368236173	4.024326461988302	NA	NA	False	True	True	association_component_1;dissociation_component_1	True	True	0	False	phylo_far_Q99.9	direct published Coinfinder dissociation edge
dpnC	Uncharacterised protein	dpnM	Uncharacterised protein	0.4316515291675045	477.1961499999999	NA	NA	False	True	True	association_component_1;dissociation_component_1	True	True	0	False	phylo_far_Q99.9	direct published Coinfinder dissociation edge
sstT	thioredoxin	group_4134	Uncharacterised protein	0.43040627068645093	34.108732999999994	NA	NA	False	True	True	dissociation_component_1	True	True	0	False	phylo_far_Q99.9	direct published Coinfinder dissociation edge
leuB	3-isopropylmalate dehydrogenase	group_4323	excinuclease ABC subunit B	0.43003215706053727	607.36663	NA	NA	False	True	True	association_component_1;dissociation_component_1	True	True	0	False	phylo_far_Q99.9	direct published Coinfinder dissociation edge
nfrA2	Uncharacterised protein	group_2294	Uncharacterised protein	0.4296488531310472	5.101746761904761	6.666666666666667	6016.166666666667	False	True	True	dissociation_component_1	True	True	0	False	phylo_far_Q99.9	direct published Coinfinder dissociation edge
group_5996	ion transporter	group_1359	anthranilate synthase component I	0.4283523617789676	0.006544137601528897	190.25	194536.5	True	False	True	association_component_1;dissociation_component_1	True	True	0	False	order_far_Q99.9	direct published Coinfinder association edge
group_5418	2-isopropylmalate synthase	group_1359	anthranilate synthase component I	0.4283523617789676	0.006544137601528897	232.0	237663.7142857143	True	False	True	association_component_1;dissociation_component_1	True	True	0	False	order_far_Q99.9	direct published Coinfinder association edge
group_5997	cytotoxic translational repressor of toxin-antitoxin stability system	group_1359	anthranilate synthase component I	0.4283523617789676	0.006544137601528897	218.33333333333334	223235.88888888888	True	False	True	association_component_1;dissociation_component_1	True	True	0	False	order_far_Q99.9	direct published Coinfinder association edge
lytB_4	Uncharacterised protein	group_1344	Uncharacterised protein	0.4270596919291818	134.5662566666666	NA	NA	False	True	True	association_component_1;dissociation_component_1	True	True	0	False	phylo_far_Q99.9	direct published Coinfinder dissociation edge
nfrA2	Uncharacterised protein	group_4621	Uncharacterised protein	0.4269271988042554	3.235535380116958	4.3125	3784.875	False	True	True	dissociation_component_1	True	True	0	False	phylo_far_Q99.9	direct published Coinfinder dissociation edge
group_2556	Uncharacterised protein	group_1077	translation factor	0.42595513637730115	4.411108594771241	NA	NA	False	True	True	association_component_1;dissociation_component_1	True	True	0	False	phylo_far_Q99.9	direct published Coinfinder dissociation edge
miaB	transcriptional regulator	group_1013	UPF0340 protein SSU05	0.42485629869244895	3.204332719298243	1.0	121.16666666666667	False	True	True	dissociation_component_1	True	True	0	False	phylo_far_Q99.9	direct published Coinfinder dissociation edge
rbsR	membrane protein	group_5440	Uncharacterised protein	0.4242337343946748	8.992457272727266	NA	NA	False	True	True	dissociation_component_1	True	True	0	False	phylo_far_Q99.9	direct published Coinfinder dissociation edge
mutX_2	transcriptional regulator	group_4465	putative flavoprotein	0.4235684515504649	45.469631999999976	NA	NA	False	True	True	dissociation_component_1	True	True	0	False	phylo_far_Q99.9	direct published Coinfinder dissociation edge
group_2121	Uncharacterised protein	group_2120	surface protein (fragment)	0.42293267264906903	48.08022899999997	1.0	202.2	False	True	True	association_component_1;dissociation_component_1	True	True	0	False	phylo_far_Q99.9	direct published Coinfinder dissociation edge
group_8354	PTS system ascorbate-specific transporter subunit IIC	group_3782	Uncharacterised protein	0.4217410557394749	169.67503999999988	NA	NA	False	True	True	association_component_1;dissociation_component_1	True	True	0	False	phylo_far_Q99.9	direct published Coinfinder dissociation edge
corA	MccC family protein	Int-Tn_1	phage protein	0.4209599053195352	15.340932777777766	NA	NA	False	True	False		True	True	0	False	phylo_far_Q99.9	direct published Coinfinder dissociation edge
lytB_4	Uncharacterised protein	group_5493	Uncharacterised protein	0.4208463780267023	67.8651283333333	NA	NA	False	True	True	association_component_1;dissociation_component_1	True	True	0	False	phylo_far_Q99.9	direct published Coinfinder dissociation edge
rbsR	membrane protein	group_4905	Uncharacterised protein	0.4198538351519526	7.543554469696964	NA	NA	False	True	True	dissociation_component_1	True	True	0	False	phylo_far_Q99.9	direct published Coinfinder dissociation edge
rbsR	membrane protein	degA_2	membrane protein	0.4198538351519526	7.5516419696969646	NA	NA	False	True	True	dissociation_component_1	True	True	0	False	phylo_far_Q99.9	direct published Coinfinder dissociation edge
group_3656	Uncharacterised protein	group_5997	cytotoxic translational repressor of toxin-antitoxin stability system	0.4197560544119983	45.95540599999997	NA	NA	False	True	True	association_component_1;dissociation_component_1	True	True	0	False	phylo_far_Q99.9	direct published Coinfinder dissociation edge
group_3656	Uncharacterised protein	group_5996	ion transporter	0.4197560544119983	45.95540599999997	NA	NA	False	True	True	association_component_1;dissociation_component_1	True	True	0	False	phylo_far_Q99.9	direct published Coinfinder dissociation edge
group_3656	Uncharacterised protein	group_6013	Fic protein family	0.4197560544119983	45.95540599999997	NA	NA	False	True	True	association_component_1;dissociation_component_1	True	True	0	False	phylo_far_Q99.9	direct published Coinfinder dissociation edge
group_3656	Uncharacterised protein	group_6014	Uncharacterized conserved protein	0.4197560544119983	45.95540599999997	NA	NA	False	True	True	association_component_1;dissociation_component_1	True	True	0	False	phylo_far_Q99.9	direct published Coinfinder dissociation edge
group_3656	Uncharacterised protein	group_6015	type II DNA modification methyltransferase, truncation	0.4197560544119983	45.95540599999997	NA	NA	False	True	True	association_component_1;dissociation_component_1	True	True	0	False	phylo_far_Q99.9	direct published Coinfinder dissociation edge
group_3656	Uncharacterised protein	group_5418	2-isopropylmalate synthase	0.4197560544119983	45.95540599999997	NA	NA	False	True	True	association_component_1;dissociation_component_1	True	True	0	False	phylo_far_Q99.9	direct published Coinfinder dissociation edge
group_3656	Uncharacterised protein	group_6017	shikimate kinase	0.4197560544119983	45.95540599999997	NA	NA	False	True	True	association_component_1;dissociation_component_1	True	True	0	False	phylo_far_Q99.9	direct published Coinfinder dissociation edge
group_3998	Uncharacterised protein	group_5412	phage protein	0.4195417204053021	512.1586899999995	NA	NA	False	True	True	association_component_1;dissociation_component_1	True	True	0	False	phylo_far_Q99.9	direct published Coinfinder dissociation edge
group_5996	ion transporter	galT_2	anthranilate synthase component II (glutamine amido-transferase)	0.4192779476169528	0.006904350163627855	188.23076923076923	192918.38461538462	True	False	True	association_component_1;dissociation_component_1	True	True	0	False	order_far_Q99.9	direct published Coinfinder association edge
group_5418	2-isopropylmalate synthase	galT_2	anthranilate synthase component II (glutamine amido-transferase)	0.4192779476169528	0.006904350163627855	223.75	229701.0	True	False	True	association_component_1;dissociation_component_1	True	True	0	False	order_far_Q99.9	direct published Coinfinder association edge
group_5997	cytotoxic translational repressor of toxin-antitoxin stability system	galT_2	anthranilate synthase component II (glutamine amido-transferase)	0.4192779476169528	0.006904350163627855	212.9	218276.7	True	False	True	association_component_1;dissociation_component_1	True	True	0	False	order_far_Q99.9	direct published Coinfinder association edge
group_4326	membrane protein	group_765	Uncharacterised protein	0.4186150390991947	458.05600499999963	NA	NA	False	True	True	association_component_1;dissociation_component_1	True	True	0	False	phylo_far_Q99.9	direct published Coinfinder dissociation edge
group_3656	Uncharacterised protein	lcnD_2	conserved protein/domain typically associated with flavoprotein oxygenase, Dim6/ntab family	0.4184471889204998	148.03094166666656	NA	NA	False	True	True	association_component_1;dissociation_component_1	True	True	0	False	phylo_far_Q99.9	direct published Coinfinder dissociation edge
sstT	thioredoxin	secY2	accessory secretory protein Asp3	0.41839501057986866	162.3221516666666	NA	NA	False	True	True	dissociation_component_1	True	True	0	False	phylo_far_Q99.9	direct published Coinfinder dissociation edge
group_5418	2-isopropylmalate synthase	group_4451	galactokinase, (galactose kinase)	0.418018836579402	0.006835754897276629	261.57142857142856	267870.14285714284	True	False	True	association_component_1;dissociation_component_1	True	True	0	False	order_far_Q99.9	direct published Coinfinder association edge
group_5997	cytotoxic translational repressor of toxin-antitoxin stability system	group_1976	anthranilate phosphoribosyltransferase	0.418018836579402	0.0067402388915432316	219.11111111111111	224330.44444444444	True	False	True	association_component_1;dissociation_component_1	True	True	0	False	order_far_Q99.9	direct published Coinfinder association edge
group_5996	ion transporter	group_1976	anthranilate phosphoribosyltransferase	0.418018836579402	0.0067402388915432316	194.9	199250.8	True	False	True	association_component_1;dissociation_component_1	True	True	0	False	order_far_Q99.9	direct published Coinfinder association edge
group_5997	cytotoxic translational repressor of toxin-antitoxin stability system	group_4451	galactokinase, (galactose kinase)	0.418018836579402	0.006835754897276629	241.66666666666666	247175.88888888888	True	False	True	association_component_1;dissociation_component_1	True	True	0	False	order_far_Q99.9	direct published Coinfinder association edge
group_5996	ion transporter	group_4451	galactokinase, (galactose kinase)	0.418018836579402	0.006835754897276629	205.75	209405.75	True	False	True	association_component_1;dissociation_component_1	True	True	0	False	order_far_Q99.9	direct published Coinfinder association edge
group_5418	2-isopropylmalate synthase	group_1976	anthranilate phosphoribosyltransferase	0.418018836579402	0.0067402388915432316	233.0	238725.0	True	False	True	association_component_1;dissociation_component_1	True	True	0	False	order_far_Q99.9	direct published Coinfinder association edge
group_8349	sakacin A production response regulator	group_3782	Uncharacterised protein	0.4179977180973524	169.19354166666662	NA	NA	False	True	True	association_component_1;dissociation_component_1	True	True	0	False	phylo_far_Q99.9	direct published Coinfinder dissociation edge
leuD	membrane protein	group_1907	Cof family protein	0.4173827577604828	403.5893999999997	NA	NA	False	True	True	association_component_1;dissociation_component_1	True	True	0	False	phylo_far_Q99.9	direct published Coinfinder dissociation edge
group_3737	Uncharacterised protein	group_5619	hyaluronidase	0.41686126262517803	590.2630849999996	NA	NA	False	True	True	association_component_1;dissociation_component_1	True	True	0	False	phylo_far_Q99.9	direct published Coinfinder dissociation edge
mutX_1	MutT/nudix family protein	group_4196	ferric enterobactin transport ATP-binding protein FepC	0.4165989158768577	8.279509487179483	NA	NA	False	True	True	association_component_1;dissociation_component_1	True	True	0	False	phylo_far_Q99.9	direct published Coinfinder dissociation edge
group_3724	Uncharacterised protein	group_5996	ion transporter	0.41519508631419166	0.007589625979843216	118.22222222222223	116510.44444444444	True	False	True	association_component_1;dissociation_component_1	True	True	0	False	order_far_Q99.9	direct published Coinfinder association edge
group_3724	Uncharacterised protein	group_5997	cytotoxic translational repressor of toxin-antitoxin stability system	0.41519508631419166	0.007589625979843216	112.14285714285714	110970.57142857143	True	False	True	association_component_1;dissociation_component_1	True	True	0	False	order_far_Q99.9	direct published Coinfinder association edge
group_3724	Uncharacterised protein	group_5418	2-isopropylmalate synthase	0.41519508631419166	0.007589625979843216	110.0	110607.8	True	False	True	association_component_1;dissociation_component_1	True	True	0	False	order_far_Q99.9	direct published Coinfinder association edge
group_3656	Uncharacterised protein	group_765	Uncharacterised protein	0.4143886924630881	30.86489499999998	NA	NA	False	True	True	association_component_1;dissociation_component_1	True	True	0	False	phylo_far_Q99.9	direct published Coinfinder dissociation edge
group_3998	Uncharacterised protein	group_5411	DNA-binding phage protein	0.4135403850352312	508.76625999999953	NA	NA	False	True	True	association_component_1;dissociation_component_1	True	True	0	False	phylo_far_Q99.9	direct published Coinfinder dissociation edge
eabC	Uncharacterised protein	group_4818	FucA	0.412793722926987	567.7154999999995	NA	NA	False	True	True	association_component_1;dissociation_component_1	True	True	0	False	phylo_far_Q99.9	direct published Coinfinder dissociation edge
group_3998	Uncharacterised protein	group_4892	bacteriophage integrase	0.4123304680635308	171.85250333333315	NA	NA	False	True	True	association_component_1;dissociation_component_1	True	True	0	False	phylo_far_Q99.9	direct published Coinfinder dissociation edge
group_4749	zinc-dependent protease	group_2656	Uncharacterised protein	0.4119291837039075	13.583975555555547	NA	NA	False	True	True	dissociation_component_1	True	True	0	False	phylo_far_Q99.9	direct published Coinfinder dissociation edge
group_3600	membrane protein	group_1220	methionine--tRNA ligase	0.41097879740012105	17.349829027777762	3.7142857142857144	2553.714285714286	False	True	True	association_component_1;dissociation_component_1	True	True	0	False	phylo_far_Q99.9	direct published Coinfinder dissociation edge
group_2293	Uncharacterised protein	group_2294	Uncharacterised protein	0.41025143129033825	24.44029857142856	1.0	53.57142857142857	False	True	True	dissociation_component_1	True	True	0	False	phylo_far_Q99.9	direct published Coinfinder dissociation edge
tetM	Helix-turn-helix domain	group_5996	ion transporter	0.4100510306791215	0.0077308600223964085	116.88888888888889	115627.22222222222	True	False	True	association_component_1;dissociation_component_1	True	True	0	False	order_far_Q99.9	direct published Coinfinder association edge
tetM	Helix-turn-helix domain	group_5997	cytotoxic translational repressor of toxin-antitoxin stability system	0.4100510306791215	0.0077308600223964085	107.28571428571429	106452.28571428571	True	False	True	association_component_1;dissociation_component_1	True	True	0	False	order_far_Q99.9	direct published Coinfinder association edge
eabC	Uncharacterised protein	group_4402	Uncharacterised protein	0.4088443640772323	191.03596999999982	NA	NA	False	True	True	association_component_1;dissociation_component_1	True	True	0	False	phylo_far_Q99.9	direct published Coinfinder dissociation edge
group_5451	UDP-phosphate-UDP-MurNAc-pentapeptide phospho-MurNAc-pentapeptide transferase	group_5619	hyaluronidase	0.4083686686225553	197.26225999999974	NA	NA	False	True	True	association_component_1;dissociation_component_1	True	True	0	False	phylo_far_Q99.9	direct published Coinfinder dissociation edge
group_4749	zinc-dependent protease	group_4069	phage protein	0.4072363834769721	10.960650666666659	NA	NA	False	True	True	dissociation_component_1	True	True	0	False	phylo_far_Q99.9	direct published Coinfinder dissociation edge
sstT	thioredoxin	gtf2_3	glycosyl transferase family 8	0.40679459400444384	159.60356499999992	NA	NA	False	True	True	dissociation_component_1	True	True	0	False	phylo_far_Q99.9	direct published Coinfinder dissociation edge
group_3656	Uncharacterised protein	galT_2	anthranilate synthase component II (glutamine amido-transferase)	0.40659204190344894	45.281606499999974	NA	NA	False	True	True	association_component_1;dissociation_component_1	True	True	0	False	phylo_far_Q99.9	direct published Coinfinder dissociation edge
group_1359	anthranilate synthase component I	group_624	choline binding protein C	0.4064714901842195	0.006561372779519325	419.125	405873.1875	True	False	True	association_component_1;dissociation_component_1	True	True	0	False	order_far_Q99.9	direct published Coinfinder association edge
sstT	thioredoxin	group_4129	preprotein translocase subunit SecA	0.40559610848212846	33.475540999999986	NA	NA	False	True	True	dissociation_component_1	True	True	0	False	phylo_far_Q99.9	direct published Coinfinder dissociation edge
sstT	thioredoxin	asp2	glycosyl transferase	0.40559610848212846	33.475540999999986	NA	NA	False	True	True	dissociation_component_1	True	True	0	False	phylo_far_Q99.9	direct published Coinfinder dissociation edge
sstT	thioredoxin	asp3	GtfB	0.40559610848212846	33.475540999999986	NA	NA	False	True	True	dissociation_component_1	True	True	0	False	phylo_far_Q99.9	direct published Coinfinder dissociation edge
group_4326	membrane protein	group_5430	transcriptional regulator MutR	0.40552031284019824	77.49051416666661	NA	NA	False	True	True	association_component_1;dissociation_component_1	True	True	0	False	phylo_far_Q99.9	direct published Coinfinder dissociation edge
group_4894	30S ribosomal protein S16	group_5418	2-isopropylmalate synthase	0.4051570655950227	0.008176765957446801	190.0	198345.77777777778	True	False	True	association_component_1;dissociation_component_1	True	True	0	False	order_far_Q99.9	direct published Coinfinder association edge
group_4894	30S ribosomal protein S16	group_5997	cytotoxic translational repressor of toxin-antitoxin stability system	0.4051570655950227	0.008176765957446801	186.63636363636363	193647.0909090909	True	False	True	association_component_1;dissociation_component_1	True	True	0	False	order_far_Q99.9	direct published Coinfinder association edge
group_4894	30S ribosomal protein S16	group_5996	ion transporter	0.4051570655950227	0.008176765957446801	172.21428571428572	177266.0	True	False	True	association_component_1;dissociation_component_1	True	True	0	False	order_far_Q99.9	direct published Coinfinder association edge
eabC	Uncharacterised protein	araP	Uncharacterised protein	0.40497808276564506	190.07302666666655	NA	NA	False	True	True	association_component_1;dissociation_component_1	True	True	0	False	phylo_far_Q99.9	direct published Coinfinder dissociation edge
group_3656	Uncharacterised protein	group_5430	transcriptional regulator MutR	0.4044918296720285	16.785480535714278	NA	NA	False	True	True	association_component_1;dissociation_component_1	True	True	0	False	phylo_far_Q99.9	direct published Coinfinder dissociation edge
yteP_1	Uncharacterised protein	group_5440	Uncharacterised protein	0.40403227180035073	22.970726666666657	NA	NA	False	True	True	dissociation_component_1	True	True	0	False	phylo_far_Q99.9	direct published Coinfinder dissociation edge
ycsE	membrane protein	group_1856	Uncharacterised protein	0.40371326102743094	40.99820999999997	NA	NA	False	True	True	dissociation_component_1	True	True	0	False	phylo_far_Q99.9	direct published Coinfinder dissociation edge
group_4326	membrane protein	group_6002	choline binding protein E CbpE	0.40324683188998484	152.7787249999999	NA	NA	False	True	True	association_component_1;dissociation_component_1	True	True	0	False	phylo_far_Q99.9	direct published Coinfinder dissociation edge
group_3656	Uncharacterised protein	group_1976	anthranilate phosphoribosyltransferase	0.40169768332989486	74.13581916666662	NA	NA	False	True	True	association_component_1;dissociation_component_1	True	True	0	False	phylo_far_Q99.9	direct published Coinfinder dissociation edge
group_3656	Uncharacterised protein	group_4451	galactokinase, (galactose kinase)	0.40169768332989486	74.1696883333333	NA	NA	False	True	True	association_component_1;dissociation_component_1	True	True	0	False	phylo_far_Q99.9	direct published Coinfinder dissociation edge
group_2123	L-ribulose 5-phosphate 4-epimerase	group_2125	sakacin A production response regulator	0.401384777011415	122.85967499999988	NA	NA	False	True	True	dissociation_component_1	True	True	0	False	phylo_far_Q99.9	direct published Coinfinder dissociation edge
group_1976	anthranilate phosphoribosyltransferase	group_624	choline binding protein C	0.4008105836647237	0.006762082027168225	415.0	402758.5	True	False	True	association_component_1;dissociation_component_1	True	True	0	False	order_far_Q99.9	direct published Coinfinder association edge
group_2556	Uncharacterised protein	group_4196	ferric enterobactin transport ATP-binding protein FepC	0.3991037166748717	5.408110749999998	NA	NA	False	True	True	association_component_1;dissociation_component_1	True	True	0	False	phylo_far_Q99.9	direct published Coinfinder dissociation edge
group_8239	Uncharacterised protein	group_4519	N-acetylglucosamine-6-phosphate deacetylase	0.39901524286140977	19.54505095238094	NA	NA	False	True	True	association_component_1;dissociation_component_1	True	True	0	False	phylo_far_Q99.9	direct published Coinfinder dissociation edge
yteP_1	Uncharacterised protein	degA_2	membrane protein	0.39888770241529914	17.361337142857135	NA	NA	False	True	True	dissociation_component_1	True	True	0	False	phylo_far_Q99.9	direct published Coinfinder dissociation edge
yteP_1	Uncharacterised protein	group_4905	Uncharacterised protein	0.39888770241529914	17.342510535714275	NA	NA	False	True	True	dissociation_component_1	True	True	0	False	phylo_far_Q99.9	direct published Coinfinder dissociation edge
group_3337	membrane protein	group_1907	Cof family protein	0.39853622226077423	67.55906166666665	NA	NA	False	True	True	association_component_1;dissociation_component_1	True	True	0	False	phylo_far_Q99.9	direct published Coinfinder dissociation edge
group_5196	Uncharacterised protein	group_3559	cof family protein	0.39853622226077423	67.5584233333333	NA	NA	False	True	True	association_component_1;dissociation_component_1	True	True	0	False	phylo_far_Q99.9	direct published Coinfinder dissociation edge
group_3703	3-dehydroquinate synthase	group_1258	Uncharacterised protein	0.3981742850774026	0.019623733746130023	159.92	136419.0	True	False	True	association_component_1;dissociation_component_1	True	True	0	False	order_far_Q99.9	direct published Coinfinder association edge
rsmD	Uncharacterised protein	group_3559	cof family protein	0.3974970377595756	134.5029833333333	NA	NA	False	True	True	association_component_1;dissociation_component_1	True	True	0	False	phylo_far_Q99.9	direct published Coinfinder dissociation edge
group_4326	membrane protein	group_2265	Uncharacterised protein	0.3970315012784509	76.72086083333329	NA	NA	False	True	True	association_component_1;dissociation_component_1	True	True	0	False	phylo_far_Q99.9	direct published Coinfinder dissociation edge
iga_3	Uncharacterised protein	group_634	ABC transporter permeae	0.39676086377998865	188.95714999999987	NA	NA	False	True	True	association_component_1;dissociation_component_1	True	True	0	False	phylo_far_Q99.9	direct published Coinfinder dissociation edge
group_3656	Uncharacterised protein	group_6002	choline binding protein E CbpE	0.3961989570850272	22.062024999999988	NA	NA	False	True	True	association_component_1;dissociation_component_1	True	True	0	False	phylo_far_Q99.9	direct published Coinfinder dissociation edge
group_3656	Uncharacterised protein	group_6016	valyl-tRNA synthetase	0.3960209156952331	44.959970999999975	NA	NA	False	True	True	association_component_1;dissociation_component_1	True	True	0	False	phylo_far_Q99.9	direct published Coinfinder dissociation edge
group_3656	Uncharacterised protein	group_624	choline binding protein C	0.395869532794355	428.67474499999975	NA	NA	False	True	True	association_component_1;dissociation_component_1	True	True	0	False	phylo_far_Q99.9	direct published Coinfinder dissociation edge
group_1066	membrane protein	group_1067	competence associated protein	0.3950839453089027	3.3316662745098014	1.0	72.33333333333333	False	True	True	dissociation_component_1	True	True	0	False	phylo_far_Q99.9	direct published Coinfinder dissociation edge
eabC	Uncharacterised protein	sugB	Uncharacterised protein	0.39490005694317604	57.80028599999996	NA	NA	False	True	True	association_component_1;dissociation_component_1	True	True	0	False	phylo_far_Q99.9	direct published Coinfinder dissociation edge
fucI	Uncharacterised protein	group_4402	Uncharacterised protein	0.39370193954942806	557.0016999999996	NA	NA	False	True	True	association_component_1;dissociation_component_1	True	True	0	False	phylo_far_Q99.9	direct published Coinfinder dissociation edge
eabC	Uncharacterised protein	group_2453	twin-arginine translocation pathway signal	0.39313883043630055	13.560810222222214	1.6666666666666667	471.5	False	True	True	association_component_1;dissociation_component_1	True	True	0	False	phylo_far_Q99.9	direct published Coinfinder dissociation edge
group_2606	membrane protein	group_4902	Uncharacterised protein	0.3929285895702337	158.5412683333332	NA	NA	False	True	True	association_component_1;dissociation_component_1	True	True	0	False	phylo_far_Q99.9	direct published Coinfinder dissociation edge
group_3419	phage protein	tetM	Helix-turn-helix domain	0.3926951430553817	0.010848171228887584	188.4375	177189.0	True	False	True	association_component_1;dissociation_component_1	True	True	0	False	order_far_Q99.9	direct published Coinfinder association edge
group_5991	phage protein	tetM	Helix-turn-helix domain	0.3926951430553817	0.010848171228887584	186.53333333333333	175962.13333333333	True	False	True	association_component_1;dissociation_component_1	True	True	0	False	order_far_Q99.9	direct published Coinfinder association edge
group_5411	DNA-binding phage protein	tetM	Helix-turn-helix domain	0.3926951430553817	0.01089148708988545	183.6	172698.73333333334	True	False	True	association_component_1;dissociation_component_1	True	True	0	False	order_far_Q99.9	direct published Coinfinder association edge
group_3656	Uncharacterised protein	group_1359	anthranilate synthase component I	0.39207890288282327	73.59294083333329	NA	NA	False	True	True	association_component_1;dissociation_component_1	True	True	0	False	phylo_far_Q99.9	direct published Coinfinder dissociation edge
group_3227	nitroreductase, NADPH-flavin oxidoreductase	group_2294	Uncharacterised protein	0.3918512560322391	14.28584374999999	2.0	1333.5	False	True	True	dissociation_component_1	True	True	0	False	phylo_far_Q99.9	direct published Coinfinder dissociation edge
galE	putative UDP-glucose 4-epimerase	group_6013	Fic protein family	0.3915555243962307	75.58657499999994	NA	NA	False	True	True	association_component_1;dissociation_component_1	True	True	0	False	phylo_far_Q99.9	direct published Coinfinder dissociation edge
galE	putative UDP-glucose 4-epimerase	group_6015	type II DNA modification methyltransferase, truncation	0.3915555243962307	75.58657499999994	NA	NA	False	True	True	association_component_1;dissociation_component_1	True	True	0	False	phylo_far_Q99.9	direct published Coinfinder dissociation edge
galE	putative UDP-glucose 4-epimerase	group_5996	ion transporter	0.3915555243962307	75.58657499999994	NA	NA	False	True	True	association_component_1;dissociation_component_1	True	True	0	False	phylo_far_Q99.9	direct published Coinfinder dissociation edge
galE	putative UDP-glucose 4-epimerase	group_5418	2-isopropylmalate synthase	0.3915555243962307	75.58657499999994	NA	NA	False	True	True	association_component_1;dissociation_component_1	True	True	0	False	phylo_far_Q99.9	direct published Coinfinder dissociation edge
galE	putative UDP-glucose 4-epimerase	group_6014	Uncharacterized conserved protein	0.3915555243962307	75.58657499999994	NA	NA	False	True	True	association_component_1;dissociation_component_1	True	True	0	False	phylo_far_Q99.9	direct published Coinfinder dissociation edge
galE	putative UDP-glucose 4-epimerase	group_6017	shikimate kinase	0.3915555243962307	75.58657499999994	NA	NA	False	True	True	association_component_1;dissociation_component_1	True	True	0	False	phylo_far_Q99.9	direct published Coinfinder dissociation edge
galE	putative UDP-glucose 4-epimerase	group_5997	cytotoxic translational repressor of toxin-antitoxin stability system	0.3915555243962307	75.58657499999994	NA	NA	False	True	True	association_component_1;dissociation_component_1	True	True	0	False	phylo_far_Q99.9	direct published Coinfinder dissociation edge
fucI	Uncharacterised protein	araP	Uncharacterised protein	0.3901415808439142	554.1881849999995	NA	NA	False	True	True	association_component_1;dissociation_component_1	True	True	0	False	phylo_far_Q99.9	direct published Coinfinder dissociation edge
group_5412	phage protein	tetM	Helix-turn-helix domain	0.3891857836521444	0.011056202679091428	182.86666666666667	172036.93333333332	True	False	True	association_component_1;dissociation_component_1	True	True	0	False	order_far_Q99.9	direct published Coinfinder association edge
group_3978	putative sporulation transcription regulator whiA	group_6017	shikimate kinase	0.3887835800302545	45.55313799999997	NA	NA	False	True	True	association_component_1;dissociation_component_1	True	True	0	False	phylo_far_Q99.9	direct published Coinfinder dissociation edge
group_3978	putative sporulation transcription regulator whiA	group_5418	2-isopropylmalate synthase	0.3887835800302545	45.55313799999997	NA	NA	False	True	True	association_component_1;dissociation_component_1	True	True	0	False	phylo_far_Q99.9	direct published Coinfinder dissociation edge
group_3978	putative sporulation transcription regulator whiA	group_5997	cytotoxic translational repressor of toxin-antitoxin stability system	0.3887835800302545	45.55313799999997	NA	NA	False	True	True	association_component_1;dissociation_component_1	True	True	0	False	phylo_far_Q99.9	direct published Coinfinder dissociation edge
group_3978	putative sporulation transcription regulator whiA	group_6013	Fic protein family	0.3887835800302545	45.55313799999997	NA	NA	False	True	True	association_component_1;dissociation_component_1	True	True	0	False	phylo_far_Q99.9	direct published Coinfinder dissociation edge
group_3978	putative sporulation transcription regulator whiA	group_5996	ion transporter	0.3887835800302545	45.55313799999997	NA	NA	False	True	True	association_component_1;dissociation_component_1	True	True	0	False	phylo_far_Q99.9	direct published Coinfinder dissociation edge
group_3978	putative sporulation transcription regulator whiA	group_6015	type II DNA modification methyltransferase, truncation	0.3887835800302545	45.55313799999997	NA	NA	False	True	True	association_component_1;dissociation_component_1	True	True	0	False	phylo_far_Q99.9	direct published Coinfinder dissociation edge
group_3978	putative sporulation transcription regulator whiA	group_6014	Uncharacterized conserved protein	0.3887835800302545	45.55313799999997	NA	NA	False	True	True	association_component_1;dissociation_component_1	True	True	0	False	phylo_far_Q99.9	direct published Coinfinder dissociation edge
group_1209	carbonic anhydrase	group_1206	Uncharacterised protein	0.38793205800851377	21.087081964285698	1.0	85.14285714285714	False	True	True	association_component_1;dissociation_component_1	True	True	0	False	phylo_far_Q99.9	direct published Coinfinder dissociation edge
group_1257	Uncharacterised protein	group_1258	Uncharacterised protein	0.38751583387820504	2.8711911255411233	1.0	230.66666666666666	False	True	True	association_component_1;dissociation_component_1	True	True	0	False	phylo_far_Q99.9	direct published Coinfinder dissociation edge
group_4326	membrane protein	galT_2	anthranilate synthase component II (glutamine amido-transferase)	0.38727912620814475	149.32252166666657	NA	NA	False	True	True	association_component_1;dissociation_component_1	True	True	0	False	phylo_far_Q99.9	direct published Coinfinder dissociation edge
group_4326	membrane protein	group_4451	galactokinase, (galactose kinase)	0.38647551384868956	440.26057999999966	NA	NA	False	True	True	association_component_1;dissociation_component_1	True	True	0	False	phylo_far_Q99.9	direct published Coinfinder dissociation edge
galE	putative UDP-glucose 4-epimerase	group_765	Uncharacterised protein	0.3858326179697571	45.68935949999998	NA	NA	False	True	True	association_component_1;dissociation_component_1	True	True	0	False	phylo_far_Q99.9	direct published Coinfinder dissociation edge
group_4892	bacteriophage integrase	tetM	Helix-turn-helix domain	0.3857595541140654	0.011255026208503192	182.13333333333333	171806.06666666668	True	False	True	association_component_1;dissociation_component_1	True	True	0	False	order_far_Q99.9	direct published Coinfinder association edge
sstT	thioredoxin	epsJ_2	accessory secretory protein Asp2	0.38469056528886425	155.08838666666657	NA	NA	False	True	True	dissociation_component_1	True	True	0	False	phylo_far_Q99.9	direct published Coinfinder dissociation edge
group_5422	ImpB/MucB/SamB family protein	group_5418	2-isopropylmalate synthase	0.383485539289718	0.009181139977603574	107.0	107533.8	True	False	True	association_component_1;dissociation_component_1	True	True	0	False	order_far_Q99.9	direct published Coinfinder association edge
group_5422	ImpB/MucB/SamB family protein	group_5997	cytotoxic translational repressor of toxin-antitoxin stability system	0.383485539289718	0.009181139977603574	110.85714285714286	109851.0	True	False	True	association_component_1;dissociation_component_1	True	True	0	False	order_far_Q99.9	direct published Coinfinder association edge
group_5422	ImpB/MucB/SamB family protein	group_5996	ion transporter	0.383485539289718	0.009181139977603574	117.88888888888889	116169.88888888889	True	False	True	association_component_1;dissociation_component_1	True	True	0	False	order_far_Q99.9	direct published Coinfinder association edge
group_3978	putative sporulation transcription regulator whiA	group_765	Uncharacterised protein	0.3834334182941026	30.594799999999978	NA	NA	False	True	True	association_component_1;dissociation_component_1	True	True	0	False	phylo_far_Q99.9	direct published Coinfinder dissociation edge
group_3998	Uncharacterised protein	group_5409	Uncharacterised protein	0.3831502895972817	18.973584821428556	NA	NA	False	True	True	association_component_1;dissociation_component_1	True	True	0	False	phylo_far_Q99.9	direct published Coinfinder dissociation edge
corA	MccC family protein	group_3705	phage protein	0.38215710718206714	14.806187777777767	NA	NA	False	True	True	association_component_1;dissociation_component_1	True	True	0	False	phylo_far_Q99.9	direct published Coinfinder dissociation edge
corA	MccC family protein	group_5408	phage protein	0.38215710718206714	14.806187777777767	NA	NA	False	True	True	association_component_1;dissociation_component_1	True	True	0	False	phylo_far_Q99.9	direct published Coinfinder dissociation edge
galE	putative UDP-glucose 4-epimerase	lcnD_2	conserved protein/domain typically associated with flavoprotein oxygenase, Dim6/ntab family	0.38174994370135257	146.08253499999992	NA	NA	False	True	True	association_component_1;dissociation_component_1	True	True	0	False	phylo_far_Q99.9	direct published Coinfinder dissociation edge
group_4326	membrane protein	group_3724	Uncharacterised protein	0.38075913621674873	22.358989523809505	NA	NA	False	True	True	association_component_1;dissociation_component_1	True	True	0	False	phylo_far_Q99.9	direct published Coinfinder dissociation edge
dltA	surface protein (fragment)	group_1272	PTS system mannose/fructose/N-acetylgalactosamine-specific transporter subunit IID	0.38060276280612343	19.83949357142856	1.0	50.42857142857143	False	True	True	dissociation_component_1	True	True	0	False	phylo_far_Q99.9	direct published Coinfinder dissociation edge
group_4895	Uncharacterised protein	group_5996	ion transporter	0.3795867888728645	0.009448582306830898	118.0	116271.66666666667	True	False	True	association_component_1;dissociation_component_1	True	True	0	False	order_far_Q99.9	direct published Coinfinder association edge
group_4895	Uncharacterised protein	group_5997	cytotoxic translational repressor of toxin-antitoxin stability system	0.3795867888728645	0.009448582306830898	111.28571428571429	110455.28571428571	True	False	True	association_component_1;dissociation_component_1	True	True	0	False	order_far_Q99.9	direct published Coinfinder association edge
group_4895	Uncharacterised protein	group_5418	2-isopropylmalate synthase	0.3795867888728645	0.009448582306830898	108.0	108740.0	True	False	True	association_component_1;dissociation_component_1	True	True	0	False	order_far_Q99.9	direct published Coinfinder association edge
group_3901	Uncharacterised protein	group_3905	ABC transporter permease	0.3788472404048447	480.2177849999997	NA	NA	False	True	True	association_component_1;dissociation_component_1	True	True	0	False	phylo_far_Q99.9	direct published Coinfinder dissociation edge
fucI	Uncharacterised protein	sugB	Uncharacterised protein	0.3787480202036869	93.6279591666666	NA	NA	False	True	True	association_component_1;dissociation_component_1	True	True	0	False	phylo_far_Q99.9	direct published Coinfinder dissociation edge
group_1066	membrane protein	group_3273	DNA-entry nuclease (competence-specific nuclease)	0.37872730517495673	2.9830488304093543	2.0	1272.4375	False	True	True	dissociation_component_1	True	True	0	False	phylo_far_Q99.9	direct published Coinfinder dissociation edge
mutX_1	MutT/nudix family protein	group_2283	Uncharacterised protein	0.37837333312141863	4.231193529411763	NA	NA	False	True	True	association_component_1;dissociation_component_1	True	True	0	False	phylo_far_Q99.9	direct published Coinfinder dissociation edge
group_3656	Uncharacterised protein	group_3724	Uncharacterised protein	0.37819235731766276	8.631400545454541	NA	NA	False	True	True	association_component_1;dissociation_component_1	True	True	0	False	phylo_far_Q99.9	direct published Coinfinder dissociation edge
group_3998	Uncharacterised protein	group_3705	phage protein	0.3781531567169673	14.884252916666652	NA	NA	False	True	True	association_component_1;dissociation_component_1	True	True	0	False	phylo_far_Q99.9	direct published Coinfinder dissociation edge
group_3998	Uncharacterised protein	group_5408	phage protein	0.3781531567169673	14.884252916666652	NA	NA	False	True	True	association_component_1;dissociation_component_1	True	True	0	False	phylo_far_Q99.9	direct published Coinfinder dissociation edge
group_3998	Uncharacterised protein	group_5410	phage protein	0.3781531567169673	14.849998333333323	NA	NA	False	True	True	association_component_1;dissociation_component_1	True	True	0	False	phylo_far_Q99.9	direct published Coinfinder dissociation edge
group_4749	zinc-dependent protease	group_4456	sensor histidine kinase	0.37798674453228104	6.372799871794868	NA	NA	False	True	True	dissociation_component_1	True	True	0	False	phylo_far_Q99.9	direct published Coinfinder dissociation edge
group_3978	putative sporulation transcription regulator whiA	group_4451	galactokinase, (galactose kinase)	0.3778598927284017	73.51838583333328	NA	NA	False	True	True	association_component_1;dissociation_component_1	True	True	0	False	phylo_far_Q99.9	direct published Coinfinder dissociation edge
group_3978	putative sporulation transcription regulator whiA	lcnD_2	conserved protein/domain typically associated with flavoprotein oxygenase, Dim6/ntab family	0.3778598927284017	73.36510833333328	NA	NA	False	True	True	association_component_1;dissociation_component_1	True	True	0	False	phylo_far_Q99.9	direct published Coinfinder dissociation edge
group_3271	Uncharacterised protein	group_2372	Uncharacterised protein	0.37724209672770465	34.94885899999997	1.0	176.2	False	True	True	dissociation_component_2	True	True	0	False	phylo_far_Q99.9	direct published Coinfinder dissociation edge
group_3656	Uncharacterised protein	group_2265	Uncharacterised protein	0.3763374607391434	12.925564583333326	NA	NA	False	True	True	association_component_1;dissociation_component_1	True	True	0	False	phylo_far_Q99.9	direct published Coinfinder dissociation edge
group_1754	galactose-1-phosphate uridylyltransferase	group_5996	ion transporter	0.3762858072709082	0.008510984233158138	205.25	209280.5	True	False	True	association_component_1;dissociation_component_1	True	True	0	False	order_far_Q99.9	direct published Coinfinder association edge
group_1754	galactose-1-phosphate uridylyltransferase	group_5997	cytotoxic translational repressor of toxin-antitoxin stability system	0.3762858072709082	0.008510984233158138	240.88888888888889	246775.77777777778	True	False	True	association_component_1;dissociation_component_1	True	True	0	False	order_far_Q99.9	direct published Coinfinder association edge
group_1754	galactose-1-phosphate uridylyltransferase	group_5418	2-isopropylmalate synthase	0.3762858072709082	0.008510984233158138	260.57142857142856	267336.28571428574	True	False	True	association_component_1;dissociation_component_1	True	True	0	False	order_far_Q99.9	direct published Coinfinder association edge
corA	MccC family protein	group_5409	Uncharacterised protein	0.3761763706101887	14.675112499999987	NA	NA	False	True	True	association_component_1;dissociation_component_1	True	True	0	False	phylo_far_Q99.9	direct published Coinfinder dissociation edge
group_3656	Uncharacterised protein	group_5432	Helicase	0.37612935097999367	21.40399047619046	NA	NA	False	True	True	association_component_1;dissociation_component_1	True	True	0	False	phylo_far_Q99.9	direct published Coinfinder dissociation edge
group_4326	membrane protein	tetM	Helix-turn-helix domain	0.3759009612715412	17.005209999999988	NA	NA	False	True	True	association_component_1;dissociation_component_1	True	True	0	False	phylo_far_Q99.9	direct published Coinfinder dissociation edge
galE	putative UDP-glucose 4-epimerase	group_6016	valyl-tRNA synthetase	0.37562148408430013	73.94974999999995	NA	NA	False	True	True	association_component_1;dissociation_component_1	True	True	0	False	phylo_far_Q99.9	direct published Coinfinder dissociation edge
group_3656	Uncharacterised protein	group_4902	Uncharacterised protein	0.37561082193895695	4.759468333333331	NA	NA	False	True	True	association_component_1;dissociation_component_1	True	True	0	False	phylo_far_Q99.9	direct published Coinfinder dissociation edge
mutX_1	MutT/nudix family protein	group_4066	Uncharacterised protein	0.37554196797874295	3.452293605263156	NA	NA	False	True	True	association_component_1;dissociation_component_1	True	True	0	False	phylo_far_Q99.9	direct published Coinfinder dissociation edge
galE	putative UDP-glucose 4-epimerase	group_5430	transcriptional regulator MutR	0.37539694302618337	22.0857507142857	NA	NA	False	True	True	association_component_1;dissociation_component_1	True	True	0	False	phylo_far_Q99.9	direct published Coinfinder dissociation edge
galT_2	anthranilate synthase component II (glutamine amido-transferase)	group_624	choline binding protein C	0.3752299209116766	0.007251467522052918	418.125	405223.25	True	False	True	association_component_1;dissociation_component_1	True	True	0	False	order_far_Q99.9	direct published Coinfinder association edge
yjaB	membrane protein	group_2283	Uncharacterised protein	0.3747735056615612	3.1327829047619034	NA	NA	False	True	True	association_component_1;dissociation_component_1	True	True	0	False	phylo_far_Q99.9	direct published Coinfinder dissociation edge
group_4882	N-6 adenine-specific DNA methylase	group_1359	anthranilate synthase component I	0.3746510433573451	0.009355026278069745	391.7368421052632	381651.36842105264	True	False	True	association_component_1;dissociation_component_1	True	True	0	False	order_far_Q99.9	direct published Coinfinder association edge
fucU	Uncharacterised protein	msmE_1	C4-dicarboxylate anaerobic carrier, arginine transporter	0.3743512064473168	165.87541666666655	NA	NA	False	True	True	association_component_1;dissociation_component_1	True	True	0	False	phylo_far_Q99.9	direct published Coinfinder dissociation edge
fucU	Uncharacterised protein	agaSK_1	sugar hydrolase	0.3743512064473168	165.87541666666655	NA	NA	False	True	True	association_component_1;dissociation_component_1	True	True	0	False	phylo_far_Q99.9	direct published Coinfinder dissociation edge
fucU	Uncharacterised protein	group_1268	Uncharacterised protein	0.3743512064473168	165.87541666666655	NA	NA	False	True	True	association_component_1;dissociation_component_1	True	True	0	False	phylo_far_Q99.9	direct published Coinfinder dissociation edge
galE	putative UDP-glucose 4-epimerase	group_1359	anthranilate synthase component I	0.3741786962012507	145.25179833333326	NA	NA	False	True	True	association_component_1;dissociation_component_1	True	True	0	False	phylo_far_Q99.9	direct published Coinfinder dissociation edge
group_3656	Uncharacterised protein	tetM	Helix-turn-helix domain	0.37411799750404395	7.293974999999996	NA	NA	False	True	True	association_component_1;dissociation_component_1	True	True	0	False	phylo_far_Q99.9	direct published Coinfinder dissociation edge
group_3978	putative sporulation transcription regulator whiA	group_4326	membrane protein	0.37357107487164287	0.018323562456159258	260.84615384615387	249217.5	True	False	True	association_component_1;dissociation_component_1	True	True	0	False	order_far_Q99.9	direct published Coinfinder association edge
group_4326	membrane protein	group_5432	Helicase	0.37357107487164287	74.09907833333328	NA	NA	False	True	True	association_component_1;dissociation_component_1	True	True	0	False	phylo_far_Q99.9	direct published Coinfinder dissociation edge
group_3978	putative sporulation transcription regulator whiA	group_5430	transcriptional regulator MutR	0.37357107487164287	16.638468928571417	NA	NA	False	True	True	association_component_1;dissociation_component_1	True	True	0	False	phylo_far_Q99.9	direct published Coinfinder dissociation edge
galE	putative UDP-glucose 4-epimerase	group_6002	choline binding protein E CbpE	0.3723927925468676	30.481421666666645	NA	NA	False	True	True	association_component_1;dissociation_component_1	True	True	0	False	phylo_far_Q99.9	direct published Coinfinder dissociation edge
group_3978	putative sporulation transcription regulator whiA	group_6016	valyl-tRNA synthetase	0.3722002859010711	44.566807999999966	NA	NA	False	True	True	association_component_1;dissociation_component_1	True	True	0	False	phylo_far_Q99.9	direct published Coinfinder dissociation edge
group_1973	Uncharacterised protein	group_5979	cobyric acid synthase	0.37212888878411615	83.90402999999993	NA	NA	False	True	True	association_component_1;dissociation_component_1	True	True	0	False	phylo_far_Q99.9	direct published Coinfinder dissociation edge
yhjX	ATP-dependent RNA helicase	group_3360	Uncharacterised protein	0.37209709324911283	449.641085	NA	NA	False	True	True	dissociation_component_1	True	True	0	False	phylo_far_Q99.9	direct published Coinfinder dissociation edge
group_4462	Uncharacterised protein	msmE_1	C4-dicarboxylate anaerobic carrier, arginine transporter	0.3718973058459425	83.59061083333329	NA	NA	False	True	True	association_component_1;dissociation_component_1	True	True	0	False	phylo_far_Q99.9	direct published Coinfinder dissociation edge
group_4462	Uncharacterised protein	group_1268	Uncharacterised protein	0.3718973058459425	83.59061083333329	NA	NA	False	True	True	association_component_1;dissociation_component_1	True	True	0	False	phylo_far_Q99.9	direct published Coinfinder dissociation edge
group_4462	Uncharacterised protein	agaSK_1	sugar hydrolase	0.3718973058459425	83.59061083333329	NA	NA	False	True	True	association_component_1;dissociation_component_1	True	True	0	False	phylo_far_Q99.9	direct published Coinfinder dissociation edge
corA	MccC family protein	group_5410	phage protein	0.37138774123423207	11.814740444444434	NA	NA	False	True	True	association_component_1;dissociation_component_1	True	True	0	False	phylo_far_Q99.9	direct published Coinfinder dissociation edge
group_4326	membrane protein	group_4894	30S ribosomal protein S16	0.37125917321685925	13.32336638888888	NA	NA	False	True	True	association_component_1;dissociation_component_1	True	True	0	False	phylo_far_Q99.9	direct published Coinfinder dissociation edge
gpsB	oligopeptide ABC transporter oligopeptide-binding protein AliA	group_4882	N-6 adenine-specific DNA methylase	0.3709733232717166	17.287122499999988	NA	NA	False	True	True	association_component_1;dissociation_component_1	True	True	0	False	phylo_far_Q99.9	direct published Coinfinder dissociation edge
group_4326	membrane protein	group_4902	Uncharacterised protein	0.37085586666407677	8.98377063636363	NA	NA	False	True	True	association_component_1;dissociation_component_1	True	True	0	False	phylo_far_Q99.9	direct published Coinfinder dissociation edge
group_4451	galactokinase, (galactose kinase)	group_624	choline binding protein C	0.37041591897260556	0.007186146374828993	449.375	437138.8125	True	False	True	association_component_1;dissociation_component_1	True	True	0	False	order_far_Q99.9	direct published Coinfinder association edge
group_3656	Uncharacterised protein	group_4894	30S ribosomal protein S16	0.37018152410438787	6.218570256410254	NA	NA	False	True	True	association_component_1;dissociation_component_1	True	True	0	False	phylo_far_Q99.9	direct published Coinfinder dissociation edge
group_3978	putative sporulation transcription regulator whiA	group_1359	anthranilate synthase component I	0.3700412465943157	72.94736416666662	NA	NA	False	True	True	association_component_1;dissociation_component_1	True	True	0	False	phylo_far_Q99.9	direct published Coinfinder dissociation edge
galE	putative UDP-glucose 4-epimerase	galT_2	anthranilate synthase component II (glutamine amido-transferase)	0.3699463386663457	44.68415649999997	NA	NA	False	True	True	association_component_1;dissociation_component_1	True	True	0	False	phylo_far_Q99.9	direct published Coinfinder dissociation edge
group_3978	putative sporulation transcription regulator whiA	group_6002	choline binding protein E CbpE	0.3699463386663457	21.86900619047617	NA	NA	False	True	True	association_component_1;dissociation_component_1	True	True	0	False	phylo_far_Q99.9	direct published Coinfinder dissociation edge
group_5409	Uncharacterised protein	tetM	Helix-turn-helix domain	0.3697222088478507	0.01219359930110657	187.26666666666668	176694.86666666667	True	False	True	association_component_1;dissociation_component_1	True	True	0	False	order_far_Q99.9	direct published Coinfinder association edge
ycjP_2	Uncharacterised protein	group_4468	Uncharacterised protein	0.36884722720361723	16.23446125	NA	NA	False	True	True	dissociation_component_1	True	True	0	False	phylo_far_Q99.9	direct published Coinfinder dissociation edge
group_3998	Uncharacterised protein	group_5401	Uncharacterised protein	0.3687202684114061	9.810142454545446	NA	NA	False	True	True	association_component_1;dissociation_component_1	True	True	0	False	phylo_far_Q99.9	direct published Coinfinder dissociation edge
group_3656	Uncharacterised protein	group_4882	N-6 adenine-specific DNA methylase	0.3684914310754476	3.7198129411764684	NA	NA	False	True	True	association_component_1;dissociation_component_1	True	True	0	False	phylo_far_Q99.9	direct published Coinfinder dissociation edge
hemH	Uncharacterised protein	group_765	Uncharacterised protein	0.36803628498226304	446.2072549999997	NA	NA	False	True	True	association_component_1;dissociation_component_1	True	True	0	False	phylo_far_Q99.9	direct published Coinfinder dissociation edge
group_4326	membrane protein	group_3979	G5 domain family	0.36788063092951395	44.98281349999996	NA	NA	False	True	True	association_component_1;dissociation_component_1	True	True	0	False	phylo_far_Q99.9	direct published Coinfinder dissociation edge
group_3656	Uncharacterised protein	group_1754	galactose-1-phosphate uridylyltransferase	0.36776225051095285	8.582911727272723	NA	NA	False	True	True	association_component_1;dissociation_component_1	True	True	0	False	phylo_far_Q99.9	direct published Coinfinder dissociation edge
sstT	thioredoxin	gtf2_1	exopolysaccharide biosynthesis protein, acetyltransferase	0.36678234502439927	46.902207499999975	NA	NA	False	True	True	dissociation_component_1	True	True	0	False	phylo_far_Q99.9	direct published Coinfinder dissociation edge
group_789	S4 RNA-binding domain-containing protein	group_5408	phage protein	0.36672960643269437	501.40011999999956	NA	NA	False	True	True	association_component_1;dissociation_component_1	True	True	0	False	phylo_far_Q99.9	direct published Coinfinder dissociation edge
group_789	S4 RNA-binding domain-containing protein	group_3705	phage protein	0.36672960643269437	501.40011999999956	NA	NA	False	True	True	association_component_1;dissociation_component_1	True	True	0	False	phylo_far_Q99.9	direct published Coinfinder dissociation edge
group_3705	phage protein	tetM	Helix-turn-helix domain	0.3667081649628014	0.012429254513686651	185.06666666666666	174433.26666666666	True	False	True	association_component_1;dissociation_component_1	True	True	0	False	order_far_Q99.9	direct published Coinfinder association edge
group_5410	phage protein	tetM	Helix-turn-helix domain	0.3667081649628014	0.012401630751310413	185.8	174799.53333333333	True	False	True	association_component_1;dissociation_component_1	True	True	0	False	order_far_Q99.9	direct published Coinfinder association edge
group_5408	phage protein	tetM	Helix-turn-helix domain	0.3667081649628014	0.012429254513686651	188.0	178114.53333333333	True	False	True	association_component_1;dissociation_component_1	True	True	0	False	order_far_Q99.9	direct published Coinfinder association edge
znuA_1	Uncharacterised protein	msmE_1	C4-dicarboxylate anaerobic carrier, arginine transporter	0.36597129689102187	164.3481683333332	NA	NA	False	True	True	association_component_1;dissociation_component_1	True	True	0	False	phylo_far_Q99.9	direct published Coinfinder dissociation edge
znuA_1	Uncharacterised protein	group_1268	Uncharacterised protein	0.36597129689102187	164.3481683333332	NA	NA	False	True	True	association_component_1;dissociation_component_1	True	True	0	False	phylo_far_Q99.9	direct published Coinfinder dissociation edge
znuA_1	Uncharacterised protein	agaSK_1	sugar hydrolase	0.36597129689102187	164.3481683333332	NA	NA	False	True	True	association_component_1;dissociation_component_1	True	True	0	False	phylo_far_Q99.9	direct published Coinfinder dissociation edge
sstT	thioredoxin	group_2866	Uncharacterised protein	0.36584540431170653	445.3289699999998	NA	NA	False	True	True	dissociation_component_1	True	True	0	False	phylo_far_Q99.9	direct published Coinfinder dissociation edge
group_5417	major facilitator superfamily permease	group_4168	ABC transporter-sugar transport, N-acetylneuraminate transport system permease	0.36574149771151054	58.457922499999995	NA	NA	False	True	True	association_component_1;dissociation_component_1	True	True	0	False	phylo_far_Q99.9	direct published Coinfinder dissociation edge
erm	Uncharacterised protein	group_5996	ion transporter	0.36547273702378946	0.009654335392358718	118.11111111111111	116308.55555555556	True	False	True	association_component_1;dissociation_component_1	True	True	0	False	order_far_Q99.9	direct published Coinfinder association edge
erm	Uncharacterised protein	group_5418	2-isopropylmalate synthase	0.36547273702378946	0.009654335392358718	109.0	109656.8	True	False	True	association_component_1;dissociation_component_1	True	True	0	False	order_far_Q99.9	direct published Coinfinder association edge
erm	Uncharacterised protein	group_5997	cytotoxic translational repressor of toxin-antitoxin stability system	0.36547273702378946	0.009654335392358718	111.71428571428571	110746.42857142857	True	False	True	association_component_1;dissociation_component_1	True	True	0	False	order_far_Q99.9	direct published Coinfinder association edge
group_3724	Uncharacterised protein	group_624	choline binding protein C	0.3647058287473767	0.008151281347962376	340.6666666666667	322755.0	True	False	True	association_component_1;dissociation_component_1	True	True	0	False	order_far_Q99.9	direct published Coinfinder association edge
group_5291	ATP-dependent Clp protease, ATP-binding subunit ClpX	group_4448	sortase family protein	0.36455865123957654	22.573513809523792	NA	NA	False	True	True	association_component_1;dissociation_component_1	True	True	0	False	phylo_far_Q99.9	direct published Coinfinder dissociation edge
group_4882	N-6 adenine-specific DNA methylase	group_1976	anthranilate phosphoribosyltransferase	0.3643696001245133	0.009571020066889622	408.6	392805.2	True	False	True	association_component_1;dissociation_component_1	True	True	0	False	order_far_Q99.9	direct published Coinfinder association edge
group_4882	N-6 adenine-specific DNA methylase	group_4451	galactokinase, (galactose kinase)	0.3643696001245133	0.00967113712374581	421.7894736842105	412851.36842105264	True	False	True	association_component_1;dissociation_component_1	True	True	0	False	order_far_Q99.9	direct published Coinfinder association edge
group_4781	alanine dehydrogenase	group_5493	Uncharacterised protein	0.3643665999067204	395.5925299999999	NA	NA	False	True	True	association_component_1;dissociation_component_1	True	True	0	False	phylo_far_Q99.9	direct published Coinfinder dissociation edge
group_4882	N-6 adenine-specific DNA methylase	galT_2	anthranilate synthase component II (glutamine amido-transferase)	0.3628881688797394	0.009723482935951372	390.7368421052632	381015.15789473685	True	False	True	association_component_1;dissociation_component_1	True	True	0	False	order_far_Q99.9	direct published Coinfinder association edge
group_4326	membrane protein	group_4882	N-6 adenine-specific DNA methylase	0.36269236253633413	6.411849358974354	NA	NA	False	True	True	association_component_1;dissociation_component_1	True	True	0	False	phylo_far_Q99.9	direct published Coinfinder dissociation edge
galE	putative UDP-glucose 4-epimerase	group_4326	membrane protein	0.36254782885430836	0.018381999760364233	281.125	280084.125	True	False	True	association_component_1;dissociation_component_1	True	True	0	False	order_far_Q99.9	direct published Coinfinder association edge
group_3656	Uncharacterised protein	group_3978	putative sporulation transcription regulator whiA	0.36248772914627064	0.018350819587901898	134.625	138370.375	True	False	True	association_component_1;dissociation_component_1	True	True	0	False	order_far_Q99.9	direct published Coinfinder association edge
hemH	Uncharacterised protein	group_5416	thioredoxin	0.3621164169468413	3.5478787254901936	NA	NA	False	True	True	association_component_1;dissociation_component_1	True	True	0	False	phylo_far_Q99.9	direct published Coinfinder dissociation edge
group_5291	ATP-dependent Clp protease, ATP-binding subunit ClpX	group_6014	Uncharacterized conserved protein	0.3618200554250304	441.7342099999995	NA	NA	False	True	True	association_component_1;dissociation_component_1	True	True	0	False	phylo_far_Q99.9	direct published Coinfinder dissociation edge
group_5291	ATP-dependent Clp protease, ATP-binding subunit ClpX	group_6015	type II DNA modification methyltransferase, truncation	0.3618200554250304	441.7342099999995	NA	NA	False	True	True	association_component_1;dissociation_component_1	True	True	0	False	phylo_far_Q99.9	direct published Coinfinder dissociation edge
group_5291	ATP-dependent Clp protease, ATP-binding subunit ClpX	group_6013	Fic protein family	0.3618200554250304	441.7342099999995	NA	NA	False	True	True	association_component_1;dissociation_component_1	True	True	0	False	phylo_far_Q99.9	direct published Coinfinder dissociation edge
group_5291	ATP-dependent Clp protease, ATP-binding subunit ClpX	group_5996	ion transporter	0.3618200554250304	441.7342099999995	NA	NA	False	True	True	association_component_1;dissociation_component_1	True	True	0	False	phylo_far_Q99.9	direct published Coinfinder dissociation edge
group_5291	ATP-dependent Clp protease, ATP-binding subunit ClpX	group_5997	cytotoxic translational repressor of toxin-antitoxin stability system	0.3618200554250304	441.7342099999995	NA	NA	False	True	True	association_component_1;dissociation_component_1	True	True	0	False	phylo_far_Q99.9	direct published Coinfinder dissociation edge
group_5291	ATP-dependent Clp protease, ATP-binding subunit ClpX	group_5418	2-isopropylmalate synthase	0.3618200554250304	441.7342099999995	NA	NA	False	True	True	association_component_1;dissociation_component_1	True	True	0	False	phylo_far_Q99.9	direct published Coinfinder dissociation edge
group_5291	ATP-dependent Clp protease, ATP-binding subunit ClpX	group_6017	shikimate kinase	0.3618200554250304	441.7342099999995	NA	NA	False	True	True	association_component_1;dissociation_component_1	True	True	0	False	phylo_far_Q99.9	direct published Coinfinder dissociation edge
tetM	Helix-turn-helix domain	group_624	choline binding protein C	0.3609318980928212	0.00830555903866248	329.6666666666667	313278.3333333333	True	False	True	association_component_1;dissociation_component_1	True	True	0	False	order_far_Q99.9	direct published Coinfinder association edge
group_2605	putative metal-binding, possibly nucleic acid-binding protein	group_6002	choline binding protein E CbpE	0.3607971823474461	444.38001499999973	NA	NA	False	True	True	association_component_1;dissociation_component_1	True	True	0	False	phylo_far_Q99.9	direct published Coinfinder dissociation edge
group_1576	Uncharacterised protein	group_4078	Uncharacterised protein	0.3605746480446918	37.25880899999997	4.2	3462.4	False	True	True	association_component_1;dissociation_component_1	True	True	0	False	phylo_far_Q99.9	direct published Coinfinder dissociation edge
group_1576	Uncharacterised protein	group_5992	macrolide export ATP-binding/permease protein MacB	0.3605746480446918	37.23212499999997	1.2	387.8	False	True	True	association_component_1;dissociation_component_1	True	True	0	False	phylo_far_Q99.9	direct published Coinfinder dissociation edge
group_2605	putative metal-binding, possibly nucleic acid-binding protein	group_5430	transcriptional regulator MutR	0.3600701712728901	150.2308449999999	NA	NA	False	True	True	association_component_1;dissociation_component_1	True	True	0	False	phylo_far_Q99.9	direct published Coinfinder dissociation edge
asnA	Uncharacterised protein	group_2372	Uncharacterised protein	0.35981697027587667	34.86020799999998	NA	NA	False	True	True	dissociation_component_2	True	True	0	False	phylo_far_Q99.9	direct published Coinfinder dissociation edge
group_3978	putative sporulation transcription regulator whiA	group_5399	polypeptide deformylase	0.3591678152471385	3.059519327485378	4.933333333333334	3005.6666666666665	False	True	True	association_component_1;dissociation_component_1	True	True	0	False	phylo_far_Q99.9	direct published Coinfinder dissociation edge
cpsB	putative rhamnosyl transferase wchQ	group_2853	Uncharacterised protein	0.3589838181481168	479.2543099999997	NA	NA	False	True	True	association_component_1;dissociation_component_1	True	True	0	False	phylo_far_Q99.9	direct published Coinfinder dissociation edge
group_1359	anthranilate synthase component I	group_1656	filamentation induced by cAMP protein fic	0.3584856615725707	0.007576404924760593	356.7	353158.0	True	False	True	association_component_1;dissociation_component_1	True	True	0	False	order_far_Q99.9	direct published Coinfinder association edge
hemH	Uncharacterised protein	group_3728	ferric enterobactin transport ATP-binding protein FepC	0.35847444687914876	6.536112371794868	6.0	4281.111111111111	False	True	True	association_component_1;dissociation_component_1	True	True	0	False	phylo_far_Q99.9	direct published Coinfinder dissociation edge
group_3656	Uncharacterised protein	group_3979	G5 domain family	0.3579737423575841	12.633214305555548	NA	NA	False	True	True	association_component_1;dissociation_component_1	True	True	0	False	phylo_far_Q99.9	direct published Coinfinder dissociation edge
group_3708	Uncharacterised protein	group_5619	hyaluronidase	0.3577248307352937	13.374043111111101	NA	NA	False	True	True	association_component_1;dissociation_component_1	True	True	0	False	phylo_far_Q99.9	direct published Coinfinder dissociation edge
group_4894	30S ribosomal protein S16	group_624	choline binding protein C	0.3572734931433066	0.008788875391849521	379.375	369179.5625	True	False	True	association_component_1;dissociation_component_1	True	True	0	False	order_far_Q99.9	direct published Coinfinder association edge
galE	putative UDP-glucose 4-epimerase	group_5432	Helicase	0.35712991138721745	29.570064666666653	NA	NA	False	True	True	association_component_1;dissociation_component_1	True	True	0	False	phylo_far_Q99.9	direct published Coinfinder dissociation edge
group_3978	putative sporulation transcription regulator whiA	galE	putative UDP-glucose 4-epimerase	0.3571299113872174	0.01841422041763338	241.6	240207.22222222222	True	False	True	association_component_1;dissociation_component_1	True	True	0	False	order_far_Q99.9	direct published Coinfinder association edge
galT_2	anthranilate synthase component II (glutamine amido-transferase)	group_1656	filamentation induced by cAMP protein fic	0.35687709740444157	0.007955523924084459	355.7	352578.3	True	False	True	association_component_1;dissociation_component_1	True	True	0	False	order_far_Q99.9	direct published Coinfinder association edge
group_1292	transcriptional regulator	group_6001	Uncharacterised protein	0.3567888111648957	522.8232099999998	NA	NA	False	True	True	association_component_1;dissociation_component_1	True	True	0	False	phylo_far_Q99.9	direct published Coinfinder dissociation edge
group_3035	Uncharacterised protein	msmE_1	C4-dicarboxylate anaerobic carrier, arginine transporter	0.3567593706666772	33.59057366666664	NA	NA	False	True	True	association_component_1;dissociation_component_1	True	True	0	False	phylo_far_Q99.9	direct published Coinfinder dissociation edge
group_3035	Uncharacterised protein	agaSK_1	sugar hydrolase	0.3567593706666772	33.59057366666664	NA	NA	False	True	True	association_component_1;dissociation_component_1	True	True	0	False	phylo_far_Q99.9	direct published Coinfinder dissociation edge
group_3035	Uncharacterised protein	group_1268	Uncharacterised protein	0.3567593706666772	33.59057366666664	NA	NA	False	True	True	association_component_1;dissociation_component_1	True	True	0	False	phylo_far_Q99.9	direct published Coinfinder dissociation edge
fucA	regulatory protein	agaSK_1	sugar hydrolase	0.3567593706666772	33.58477699999999	NA	NA	False	True	True	association_component_1;dissociation_component_1	True	True	0	False	phylo_far_Q99.9	direct published Coinfinder dissociation edge
fucA	regulatory protein	msmE_1	C4-dicarboxylate anaerobic carrier, arginine transporter	0.3567593706666772	33.58477699999999	NA	NA	False	True	True	association_component_1;dissociation_component_1	True	True	0	False	phylo_far_Q99.9	direct published Coinfinder dissociation edge
fucA	regulatory protein	group_1268	Uncharacterised protein	0.3567593706666772	33.58477699999999	NA	NA	False	True	True	association_component_1;dissociation_component_1	True	True	0	False	phylo_far_Q99.9	direct published Coinfinder dissociation edge
group_1576	Uncharacterised protein	group_5414	Uncharacterised protein	0.3566148931710034	37.067755666666635	3.2	2695.4	False	True	True	association_component_1;dissociation_component_1	True	True	0	False	phylo_far_Q99.9	direct published Coinfinder dissociation edge
group_1576	Uncharacterised protein	group_4876	Uncharacterised protein	0.3566148931710034	37.071126666666636	5.4	4494.2	False	True	True	association_component_1;dissociation_component_1	True	True	0	False	phylo_far_Q99.9	direct published Coinfinder dissociation edge
group_1576	Uncharacterised protein	group_5993	chlorohydrolase	0.3566148931710034	37.05270366666663	2.2	1497.0	False	True	True	association_component_1;dissociation_component_1	True	True	0	False	phylo_far_Q99.9	direct published Coinfinder dissociation edge
group_4326	membrane protein	group_5399	polypeptide deformylase	0.3564885238095232	3.83535720588235	324.7	304116.0	False	True	True	association_component_1;dissociation_component_1	True	True	0	False	order_far_Q99.9;phylo_far_Q99.9	direct published Coinfinder dissociation edge
group_5360	DNA-directed RNA polymerase subunit beta	group_5997	cytotoxic translational repressor of toxin-antitoxin stability system	0.35513969719027216	0.010774779395296741	103.85714285714286	102580.71428571429	True	False	True	association_component_1;dissociation_component_1	True	True	0	False	order_far_Q99.9	direct published Coinfinder association edge
group_5360	DNA-directed RNA polymerase subunit beta	group_5996	ion transporter	0.35513969719027216	0.010774779395296741	115.33333333333333	115738.0	True	False	True	association_component_1;dissociation_component_1	True	True	0	False	order_far_Q99.9	direct published Coinfinder association edge
galE	putative UDP-glucose 4-epimerase	group_1976	anthranilate phosphoribosyltransferase	0.35513252519019733	43.89568449999997	NA	NA	False	True	True	association_component_1;dissociation_component_1	True	True	0	False	phylo_far_Q99.9	direct published Coinfinder dissociation edge
hemH	Uncharacterised protein	group_5430	transcriptional regulator MutR	0.3550381609773486	75.48507583333328	NA	NA	False	True	True	association_component_1;dissociation_component_1	True	True	0	False	phylo_far_Q99.9	direct published Coinfinder dissociation edge
hemH	Uncharacterised protein	group_6002	choline binding protein E CbpE	0.35503589983732387	148.83130833333323	NA	NA	False	True	True	association_component_1;dissociation_component_1	True	True	0	False	phylo_far_Q99.9	direct published Coinfinder dissociation edge
group_5291	ATP-dependent Clp protease, ATP-binding subunit ClpX	group_765	Uncharacterised protein	0.35503589983732387	148.33483999999987	NA	NA	False	True	True	association_component_1;dissociation_component_1	True	True	0	False	phylo_far_Q99.9	direct published Coinfinder dissociation edge
galE	putative UDP-glucose 4-epimerase	group_2265	Uncharacterised protein	0.35483065121707297	16.39960982142856	NA	NA	False	True	True	association_component_1;dissociation_component_1	True	True	0	False	phylo_far_Q99.9	direct published Coinfinder dissociation edge
rbsR	membrane protein	group_4468	Uncharacterised protein	0.3547676011460328	10.135449111111106	NA	NA	False	True	True	dissociation_component_1	True	True	0	False	phylo_far_Q99.9	direct published Coinfinder dissociation edge
group_1769	regulatory protein	lytB_6	transposase	0.3542464381579319	3.8132278362573087	1.0	105.5	False	True	True	association_component_1;dissociation_component_1	True	True	0	False	phylo_far_Q99.9	direct published Coinfinder dissociation edge
group_3978	putative sporulation transcription regulator whiA	galT_2	anthranilate synthase component II (glutamine amido-transferase)	0.354143295511148	21.373773333333318	NA	NA	False	True	True	association_component_1;dissociation_component_1	True	True	0	False	phylo_far_Q99.9	direct published Coinfinder dissociation edge
group_2605	putative metal-binding, possibly nucleic acid-binding protein	group_2265	Uncharacterised protein	0.3539983422303157	148.73342333333326	NA	NA	False	True	True	association_component_1;dissociation_component_1	True	True	0	False	phylo_far_Q99.9	direct published Coinfinder dissociation edge
group_3703	3-dehydroquinate synthase	group_5993	chlorohydrolase	0.3538578185163249	0.020901575507395923	164.53191489361703	136304.98936170212	True	False	True	association_component_1;dissociation_component_1	True	True	0	False	order_far_Q99.9	direct published Coinfinder association edge
group_3703	3-dehydroquinate synthase	group_4876	Uncharacterised protein	0.3538578185163249	0.020888120915032664	143.54545454545453	127453.18181818182	True	False	True	association_component_1;dissociation_component_1	True	True	0	False	order_far_Q99.9	direct published Coinfinder association edge
iga_2	Uncharacterised protein	group_4013	Uncharacterised protein	0.35378934210837365	528.6585699999996	NA	NA	False	True	True	association_component_1;dissociation_component_1	True	True	0	False	phylo_far_Q99.9	direct published Coinfinder dissociation edge
galE	putative UDP-glucose 4-epimerase	group_3724	Uncharacterised protein	0.35357377320985495	10.40981155555555	NA	NA	False	True	True	association_component_1;dissociation_component_1	True	True	0	False	phylo_far_Q99.9	direct published Coinfinder dissociation edge
Int-Tn_2	membrane protein	group_5997	cytotoxic translational repressor of toxin-antitoxin stability system	0.35197953363694856	0.010974924972004469	102.14285714285714	100849.57142857143	True	False	False		True	True	0	False	order_far_Q99.9	direct published Coinfinder association edge
group_5945	CBS domain membrane protein	group_5996	ion transporter	0.35197953363694856	0.010974924972004469	115.0	115127.77777777778	True	False	True	association_component_1;dissociation_component_1	True	True	0	False	order_far_Q99.9	direct published Coinfinder association edge
group_5945	CBS domain membrane protein	group_5997	cytotoxic translational repressor of toxin-antitoxin stability system	0.35197953363694856	0.010974924972004469	102.57142857142857	101496.28571428571	True	False	True	association_component_1;dissociation_component_1	True	True	0	False	order_far_Q99.9	direct published Coinfinder association edge
group_5944	membrane protein	group_5997	cytotoxic translational repressor of toxin-antitoxin stability system	0.35197953363694856	0.010974924972004469	103.42857142857143	101862.71428571429	True	False	True	association_component_1;dissociation_component_1	True	True	0	False	order_far_Q99.9	direct published Coinfinder association edge
Int-Tn_2	membrane protein	group_5996	ion transporter	0.35197953363694856	0.010974924972004469	114.88888888888889	114705.0	True	False	False		True	True	0	False	order_far_Q99.9	direct published Coinfinder association edge
group_5944	membrane protein	group_5996	ion transporter	0.35197953363694856	0.010974924972004469	115.22222222222223	115290.22222222222	True	False	True	association_component_1;dissociation_component_1	True	True	0	False	order_far_Q99.9	direct published Coinfinder association edge
group_4882	N-6 adenine-specific DNA methylase	group_3724	Uncharacterised protein	0.35156108134731223	0.010423061590145569	317.5882352941176	301059.0588235294	True	False	True	association_component_1;dissociation_component_1	True	True	0	False	order_far_Q99.9	direct published Coinfinder association edge
group_5416	thioredoxin	group_5997	cytotoxic translational repressor of toxin-antitoxin stability system	0.3498284923804685	0.012070835526315776	187.45454545454547	194380.54545454544	True	False	True	association_component_1;dissociation_component_1	True	True	0	False	order_far_Q99.9	direct published Coinfinder association edge
group_5416	thioredoxin	group_5996	ion transporter	0.3498284923804685	0.012070835526315776	172.78571428571428	177870.2142857143	True	False	True	association_component_1;dissociation_component_1	True	True	0	False	order_far_Q99.9	direct published Coinfinder association edge
group_5416	thioredoxin	group_5418	2-isopropylmalate synthase	0.3498284923804685	0.012070835526315776	191.0	199215.77777777778	True	False	True	association_component_1;dissociation_component_1	True	True	0	False	order_far_Q99.9	direct published Coinfinder association edge
Int-Tn_1	phage protein	tetM	Helix-turn-helix domain	0.3497463288004821	0.01354298776936516	181.4	171340.8	True	False	False		True	True	0	False	order_far_Q99.9	direct published Coinfinder association edge
group_3024	CbxX/CfqX family protein	group_5996	ion transporter	0.3489567100785167	0.010136065918653566	122.125	119909.625	True	False	True	association_component_1;dissociation_component_1	True	True	0	False	order_far_Q99.9	direct published Coinfinder association edge
group_3024	CbxX/CfqX family protein	group_5997	cytotoxic translational repressor of toxin-antitoxin stability system	0.3489567100785167	0.010136065918653566	113.5	112660.16666666667	True	False	True	association_component_1;dissociation_component_1	True	True	0	False	order_far_Q99.9	direct published Coinfinder association edge
group_5361	Uncharacterised protein	group_5996	ion transporter	0.3488885252574457	0.011203881298992148	115.11111111111111	115284.44444444444	True	False	True	association_component_1;dissociation_component_1	True	True	0	False	order_far_Q99.9	direct published Coinfinder association edge
group_5361	Uncharacterised protein	group_5997	cytotoxic translational repressor of toxin-antitoxin stability system	0.3488885252574457	0.011203881298992148	103.0	101754.71428571429	True	False	True	association_component_1;dissociation_component_1	True	True	0	False	order_far_Q99.9	direct published Coinfinder association edge
galE	putative UDP-glucose 4-epimerase	group_2605	putative metal-binding, possibly nucleic acid-binding protein	0.34803304159885173	0.018663228637334262	222.72727272727272	220215.9090909091	True	False	True	association_component_1;dissociation_component_1	True	True	0	False	order_far_Q99.9	direct published Coinfinder association edge
group_4882	N-6 adenine-specific DNA methylase	tetM	Helix-turn-helix domain	0.3464698421871525	0.010605525195968636	306.52941176470586	290323.23529411765	True	False	True	association_component_1;dissociation_component_1	True	True	0	False	order_far_Q99.9	direct published Coinfinder association edge
group_4888	choline binding protein J	group_1359	anthranilate synthase component I	0.3458238864733502	0.011726281653129469	393.4736842105263	382475.15789473685	True	False	True	association_component_1;dissociation_component_1	True	True	0	False	order_far_Q99.9	direct published Coinfinder association edge
group_3656	Uncharacterised protein	group_5291	ATP-dependent Clp protease, ATP-binding subunit ClpX	0.3456701817670018	0.018687366587117515	132.125	136643.75	True	False	True	association_component_1;dissociation_component_1	True	True	0	False	order_far_Q99.9	direct published Coinfinder association edge
group_3724	Uncharacterised protein	group_1656	filamentation induced by cAMP protein fic	0.34432851984555335	0.00887741509926854	282.6875	263704.5625	True	False	True	association_component_1;dissociation_component_1	True	True	0	False	order_far_Q99.9	direct published Coinfinder association edge
group_3703	3-dehydroquinate synthase	group_5414	Uncharacterised protein	0.3442394058801414	0.021194085047054702	165.83870967741936	136973.38709677418	True	False	True	association_component_1;dissociation_component_1	True	True	0	False	order_far_Q99.9	direct published Coinfinder association edge
group_4326	membrane protein	group_5291	ATP-dependent Clp protease, ATP-binding subunit ClpX	0.34315617633162787	0.01866788126206164	213.47368421052633	207864.63157894736	True	False	True	association_component_1;dissociation_component_1	True	True	0	False	order_far_Q99.9	direct published Coinfinder association edge
group_5893	transposase	group_3703	3-dehydroquinate synthase	0.3422582617132112	0.021149769450534824	169.71428571428572	159336.7142857143	True	False	True	association_component_1;dissociation_component_1	True	True	0	False	order_far_Q99.9	direct published Coinfinder association edge
sarA_2	peptidase propeptide and ypeb domain-containing protein	group_5997	cytotoxic translational repressor of toxin-antitoxin stability system	0.34216816208145323	0.01041926133707339	159.2	159952.4	True	False	True	association_component_1;dissociation_component_1	True	True	0	False	order_far_Q99.9	direct published Coinfinder association edge
sarA_2	peptidase propeptide and ypeb domain-containing protein	group_5996	ion transporter	0.34216816208145323	0.01041926133707339	158.6	159883.6	True	False	True	association_component_1;dissociation_component_1	True	True	0	False	order_far_Q99.9	direct published Coinfinder association edge
sarA_2	peptidase propeptide and ypeb domain-containing protein	group_5418	2-isopropylmalate synthase	0.34216816208145323	0.01041926133707339	142.4	143832.4	True	False	True	association_component_1;dissociation_component_1	True	True	0	False	order_far_Q99.9	direct published Coinfinder association edge
group_4882	N-6 adenine-specific DNA methylase	group_4894	30S ribosomal protein S16	0.34162881801506906	0.01106868309070548	351.7894736842105	345084.4210526316	True	False	True	association_component_1;dissociation_component_1	True	True	0	False	order_far_Q99.9	direct published Coinfinder association edge
group_1754	galactose-1-phosphate uridylyltransferase	group_624	choline binding protein C	0.34118058601003154	0.008976244870041034	448.375	436145.4375	True	False	True	association_component_1;dissociation_component_1	True	True	0	False	order_far_Q99.9	direct published Coinfinder association edge
group_4451	galactokinase, (galactose kinase)	group_1656	filamentation induced by cAMP protein fic	0.341106565694113	0.008086197478991588	385.9	384065.4	True	False	True	association_component_1;dissociation_component_1	True	True	0	False	order_far_Q99.9	direct published Coinfinder association edge
tetM	Helix-turn-helix domain	group_1656	filamentation induced by cAMP protein fic	0.34056765431390035	0.009042170846394974	271.625	252901.375	True	False	True	association_component_1;dissociation_component_1	True	True	0	False	order_far_Q99.9	direct published Coinfinder association edge
group_5422	ImpB/MucB/SamB family protein	group_624	choline binding protein C	0.34044294650276846	0.00988314785788923	337.6666666666667	319730.77777777775	True	False	True	association_component_1;dissociation_component_1	True	True	0	False	order_far_Q99.9	direct published Coinfinder association edge
group_3703	3-dehydroquinate synthase	group_5992	macrolide export ATP-binding/permease protein MacB	0.3387584584264278	0.02135652492157544	163.5531914893617	135737.89361702127	True	False	True	association_component_1;dissociation_component_1	True	True	0	False	order_far_Q99.9	direct published Coinfinder association edge
group_3703	3-dehydroquinate synthase	group_4078	Uncharacterised protein	0.3387584584264278	0.021376385500174257	166.81720430107526	138216.01075268816	True	False	True	association_component_1;dissociation_component_1	True	True	0	False	order_far_Q99.9	direct published Coinfinder association edge
group_5411	DNA-binding phage protein	group_1359	anthranilate synthase component I	0.3374066053885051	0.011426794075489717	294.45	289034.8	True	False	True	association_component_1;dissociation_component_1	True	True	0	False	order_far_Q99.9	direct published Coinfinder association edge
group_3419	phage protein	group_1359	anthranilate synthase component I	0.3374066053885051	0.011381629240324879	300.4	294168.5	True	False	True	association_component_1;dissociation_component_1	True	True	0	False	order_far_Q99.9	direct published Coinfinder association edge
group_5991	phage protein	group_1359	anthranilate synthase component I	0.3374066053885051	0.011381629240324879	296.45	291214.75	True	False	True	association_component_1;dissociation_component_1	True	True	0	False	order_far_Q99.9	direct published Coinfinder association edge
group_4895	Uncharacterised protein	group_624	choline binding protein C	0.3373267143508931	0.010173901515151507	338.6666666666667	320068.22222222225	True	False	True	association_component_1;dissociation_component_1	True	True	0	False	order_far_Q99.9	direct published Coinfinder association edge
erm	Uncharacterised protein	group_624	choline binding protein C	0.3373267143508931	0.010175778474399155	339.6666666666667	320646.44444444444	True	False	True	association_component_1;dissociation_component_1	True	True	0	False	order_far_Q99.9	direct published Coinfinder association edge
group_4894	30S ribosomal protein S16	group_1656	filamentation induced by cAMP protein fic	0.3369223449423962	0.009530306948798322	315.9	317172.4	True	False	True	association_component_1;dissociation_component_1	True	True	0	False	order_far_Q99.9	direct published Coinfinder association edge
group_4888	choline binding protein J	group_1976	anthranilate phosphoribosyltransferase	0.3355824778780838	0.011958916626851399	411.0	394969.2	True	False	True	association_component_1;dissociation_component_1	True	True	0	False	order_far_Q99.9	direct published Coinfinder association edge
group_4326	membrane protein	erm	Uncharacterised protein	0.33531052068131373	4.1442103749999974	112.2	112281.4	False	True	True	association_component_1;dissociation_component_1	True	True	0	False	order_far_Q99.9	direct published Coinfinder dissociation edge
group_5412	phage protein	group_1359	anthranilate synthase component I	0.33470661643970695	0.011616291208791197	293.95	288407.9	True	False	True	association_component_1;dissociation_component_1	True	True	0	False	order_far_Q99.9	direct published Coinfinder association edge
iap	anaerobic benzoate catabolism transcriptional regulator	group_5418	2-isopropylmalate synthase	0.3343558960177353	0.012253307950727873	101.0	101833.8	True	False	True	association_component_1;dissociation_component_1	True	True	0	False	order_far_Q99.9	direct published Coinfinder association edge
group_5359	Mobile element protein	group_5418	2-isopropylmalate synthase	0.3343558960177353	0.012246320268756987	103.0	103514.0	True	False	True	association_component_1;dissociation_component_1	True	True	0	False	order_far_Q99.9	direct published Coinfinder association edge
group_5358	Ribose import ATP-binding protein rbsA	group_5418	2-isopropylmalate synthase	0.3343558960177353	0.012253307950727873	104.0	104813.2	True	False	True	association_component_1;dissociation_component_1	True	True	0	False	order_far_Q99.9	direct published Coinfinder association edge
iap	anaerobic benzoate catabolism transcriptional regulator	group_5997	cytotoxic translational repressor of toxin-antitoxin stability system	0.3343558960177353	0.012253307950727873	108.28571428571429	107589.71428571429	True	False	True	association_component_1;dissociation_component_1	True	True	0	False	order_far_Q99.9	direct published Coinfinder association edge
group_5359	Mobile element protein	group_5997	cytotoxic translational repressor of toxin-antitoxin stability system	0.3343558960177353	0.012246320268756987	109.14285714285714	107802.0	True	False	True	association_component_1;dissociation_component_1	True	True	0	False	order_far_Q99.9	direct published Coinfinder association edge
group_5358	Ribose import ATP-binding protein rbsA	group_5997	cytotoxic translational repressor of toxin-antitoxin stability system	0.3343558960177353	0.012253307950727873	109.57142857142857	108388.14285714286	True	False	True	association_component_1;dissociation_component_1	True	True	0	False	order_far_Q99.9	direct published Coinfinder association edge
ftsK_1	Uncharacterised protein	group_5418	2-isopropylmalate synthase	0.3343558960177353	0.012255995520716675	111.0	111247.4	True	False	True	association_component_1;dissociation_component_1	True	True	0	False	order_far_Q99.9	direct published Coinfinder association edge
group_5942	Uncharacterised protein	group_5996	ion transporter	0.3343558960177353	0.012255995520716675	118.44444444444444	116862.22222222222	True	False	True	association_component_1;dissociation_component_1	True	True	0	False	order_far_Q99.9	direct published Coinfinder association edge
group_5358	Ribose import ATP-binding protein rbsA	group_5996	ion transporter	0.3343558960177353	0.012253307950727873	117.55555555555556	115534.44444444444	True	False	True	association_component_1;dissociation_component_1	True	True	0	False	order_far_Q99.9	direct published Coinfinder association edge
group_5942	Uncharacterised protein	group_5997	cytotoxic translational repressor of toxin-antitoxin stability system	0.3343558960177353	0.012255995520716675	113.0	111652.42857142857	True	False	True	association_component_1;dissociation_component_1	True	True	0	False	order_far_Q99.9	direct published Coinfinder association edge
group_5942	Uncharacterised protein	group_5418	2-isopropylmalate synthase	0.3343558960177353	0.012255995520716675	112.0	112116.8	True	False	True	association_component_1;dissociation_component_1	True	True	0	False	order_far_Q99.9	direct published Coinfinder association edge
ftsK_1	Uncharacterised protein	group_5996	ion transporter	0.3343558960177353	0.012255995520716675	118.33333333333333	116555.77777777778	True	False	True	association_component_1;dissociation_component_1	True	True	0	False	order_far_Q99.9	direct published Coinfinder association edge
group_5359	Mobile element protein	group_5996	ion transporter	0.3343558960177353	0.012246320268756987	117.44444444444444	115287.0	True	False	True	association_component_1;dissociation_component_1	True	True	0	False	order_far_Q99.9	direct published Coinfinder association edge
iap	anaerobic benzoate catabolism transcriptional regulator	group_5996	ion transporter	0.3343558960177353	0.012253307950727873	117.22222222222223	115544.33333333333	True	False	True	association_component_1;dissociation_component_1	True	True	0	False	order_far_Q99.9	direct published Coinfinder association edge
ftsK_1	Uncharacterised protein	group_5997	cytotoxic translational repressor of toxin-antitoxin stability system	0.3343558960177353	0.012255995520716675	112.57142857142857	111141.71428571429	True	False	True	association_component_1;dissociation_component_1	True	True	0	False	order_far_Q99.9	direct published Coinfinder association edge
group_2704	type I restriction-modification system, R subunit	group_1359	anthranilate synthase component I	0.3320557380502037	0.012220140946010502	425.0	423739.2	True	False	True	association_component_1;dissociation_component_1	True	True	0	False	order_far_Q99.9	direct published Coinfinder association edge
group_4892	bacteriophage integrase	group_1359	anthranilate synthase component I	0.3320557380502037	0.011840733397037732	293.45	288402.6	True	False	True	association_component_1;dissociation_component_1	True	True	0	False	order_far_Q99.9	direct published Coinfinder association edge
galE	putative UDP-glucose 4-epimerase	hemH	Uncharacterised protein	0.33119874029553564	0.018775676022884272	207.33333333333334	205998.33333333334	True	False	True	association_component_1;dissociation_component_1	True	True	0	False	order_far_Q99.9	direct published Coinfinder association edge
gpsB	oligopeptide ABC transporter oligopeptide-binding protein AliA	group_5291	ATP-dependent Clp protease, ATP-binding subunit ClpX	0.32896730914730987	0.018919591689698333	130.66666666666666	131254.86666666667	True	False	True	association_component_1;dissociation_component_1	True	True	0	False	order_far_Q99.9	direct published Coinfinder association edge
group_5357	Mobile element protein	group_5996	ion transporter	0.3289224460739118	0.01268240985442328	117.77777777777777	115870.33333333333	True	False	True	association_component_1;dissociation_component_1	True	True	0	False	order_far_Q99.9	direct published Coinfinder association edge
group_5357	Mobile element protein	group_5997	cytotoxic translational repressor of toxin-antitoxin stability system	0.3289224460739118	0.01268240985442328	110.42857142857143	109192.71428571429	True	False	True	association_component_1;dissociation_component_1	True	True	0	False	order_far_Q99.9	direct published Coinfinder association edge
group_5355	Uncharacterised protein	group_5996	ion transporter	0.3289224460739118	0.012705737961926084	118.55555555555556	117025.22222222222	True	False	True	association_component_1;dissociation_component_1	True	True	0	False	order_far_Q99.9	direct published Coinfinder association edge
group_5355	Uncharacterised protein	group_5418	2-isopropylmalate synthase	0.3289224460739118	0.012705737961926084	113.0	112940.2	True	False	True	association_component_1;dissociation_component_1	True	True	0	False	order_far_Q99.9	direct published Coinfinder association edge
group_4837	Uncharacterised protein	group_5418	2-isopropylmalate synthase	0.3289224460739118	0.01268606494960805	105.0	105693.6	True	False	True	association_component_1;dissociation_component_1	True	True	0	False	order_far_Q99.9	direct published Coinfinder association edge
group_5355	Uncharacterised protein	group_5997	cytotoxic translational repressor of toxin-antitoxin stability system	0.3289224460739118	0.012705737961926084	113.42857142857143	112140.14285714286	True	False	True	association_component_1;dissociation_component_1	True	True	0	False	order_far_Q99.9	direct published Coinfinder association edge
group_5357	Mobile element protein	group_5418	2-isopropylmalate synthase	0.3289224460739118	0.01268240985442328	106.0	106356.8	True	False	True	association_component_1;dissociation_component_1	True	True	0	False	order_far_Q99.9	direct published Coinfinder association edge
group_4837	Uncharacterised protein	group_5997	cytotoxic translational repressor of toxin-antitoxin stability system	0.3289224460739118	0.01268606494960805	110.0	108877.57142857143	True	False	True	association_component_1;dissociation_component_1	True	True	0	False	order_far_Q99.9	direct published Coinfinder association edge
group_4837	Uncharacterised protein	group_5996	ion transporter	0.3289224460739118	0.01268606494960805	117.66666666666667	115755.33333333333	True	False	True	association_component_1;dissociation_component_1	True	True	0	False	order_far_Q99.9	direct published Coinfinder association edge
erm	Uncharacterised protein	group_1656	filamentation induced by cAMP protein fic	0.328772297469059	0.010704434371807955	281.6875	261943.375	True	False	True	association_component_1;dissociation_component_1	True	True	0	False	order_far_Q99.9	direct published Coinfinder association edge
group_5991	phage protein	group_1976	anthranilate phosphoribosyltransferase	0.3271787341539895	0.011618059006211169	278.09090909090907	272045.0909090909	True	False	True	association_component_1;dissociation_component_1	True	True	0	False	order_far_Q99.9	direct published Coinfinder association edge
group_3419	phage protein	group_1976	anthranilate phosphoribosyltransferase	0.3271787341539895	0.011618059006211169	283.09090909090907	274808.2727272727	True	False	True	association_component_1;dissociation_component_1	True	True	0	False	order_far_Q99.9	direct published Coinfinder association edge
group_5991	phage protein	group_4451	galactokinase, (galactose kinase)	0.3271787341539895	0.011721573100812219	326.55	322473.9	True	False	True	association_component_1;dissociation_component_1	True	True	0	False	order_far_Q99.9	direct published Coinfinder association edge
group_5411	DNA-binding phage protein	group_1976	anthranilate phosphoribosyltransferase	0.3271787341539895	0.011663318203535583	275.54545454545456	269912.0909090909	True	False	True	association_component_1;dissociation_component_1	True	True	0	False	order_far_Q99.9	direct published Coinfinder association edge
group_3419	phage protein	group_4451	galactokinase, (galactose kinase)	0.3271787341539895	0.011721573100812219	330.5	325427.65	True	False	True	association_component_1;dissociation_component_1	True	True	0	False	order_far_Q99.9	direct published Coinfinder association edge
group_5411	DNA-binding phage protein	group_4451	galactokinase, (galactose kinase)	0.3271787341539895	0.011766944577161957	324.55	320293.95	True	False	True	association_component_1;dissociation_component_1	True	True	0	False	order_far_Q99.9	direct published Coinfinder association edge
group_3324	transcriptional regulator	group_4212	6-phosphogluconolactonase/Glucosamine-6-phosphateisomerase/deaminase	0.326721326299779	0.018081958719961926	209.125	210259.1875	True	False	True	association_component_1;dissociation_component_1	True	True	0	False	order_far_Q99.9	direct published Coinfinder association edge
ponA	Uncharacterised protein	group_3419	phage protein	0.32592143391520906	5.696059725274721	167.0	159505.83333333334	False	True	True	association_component_1;dissociation_component_1	True	True	0	False	order_far_Q99.9	direct published Coinfinder dissociation edge
ponA	Uncharacterised protein	group_5411	DNA-binding phage protein	0.32592143391520906	5.696300109890107	178.83333333333334	169671.16666666666	False	True	True	association_component_1;dissociation_component_1	True	True	0	False	order_far_Q99.9	direct published Coinfinder dissociation edge
ponA	Uncharacterised protein	group_5991	phage protein	0.32592143391520906	5.696059725274721	174.83333333333334	166950.16666666666	False	True	True	association_component_1;dissociation_component_1	True	True	0	False	order_far_Q99.9	direct published Coinfinder dissociation edge
group_5411	DNA-binding phage protein	galT_2	anthranilate synthase component II (glutamine amido-transferase)	0.3246770996323243	0.011812776998597464	293.45	288409.3	True	False	True	association_component_1;dissociation_component_1	True	True	0	False	order_far_Q99.9	direct published Coinfinder association edge
group_3419	phage protein	galT_2	anthranilate synthase component II (glutamine amido-transferase)	0.3246770996323243	0.011767918419822334	299.4	293543.0	True	False	True	association_component_1;dissociation_component_1	True	True	0	False	order_far_Q99.9	direct published Coinfinder association edge
group_5991	phage protein	galT_2	anthranilate synthase component II (glutamine amido-transferase)	0.3246770996323243	0.011767918419822334	295.45	290589.25	True	False	True	association_component_1;dissociation_component_1	True	True	0	False	order_far_Q99.9	direct published Coinfinder association edge
group_3978	putative sporulation transcription regulator whiA	group_2605	putative metal-binding, possibly nucleic acid-binding protein	0.3246316804859508	0.018870343132192786	211.86666666666667	198727.6	True	False	True	association_component_1;dissociation_component_1	True	True	0	False	order_far_Q99.9	direct published Coinfinder association edge
galE	putative UDP-glucose 4-epimerase	sarA_2	peptidase propeptide and ypeb domain-containing protein	0.3246307665482354	2.680818473684209	280.3333333333333	275589.6666666667	False	True	True	association_component_1;dissociation_component_1	True	True	0	False	order_far_Q99.9	direct published Coinfinder dissociation edge
group_5412	phage protein	group_4451	galactokinase, (galactose kinase)	0.32448327949334144	0.011958324175824164	324.05	319667.05	True	False	True	association_component_1;dissociation_component_1	True	True	0	False	order_far_Q99.9	direct published Coinfinder association edge
group_5412	phage protein	group_1976	anthranilate phosphoribosyltransferase	0.32448327949334144	0.01185436454849497	274.90909090909093	269035.1818181818	True	False	True	association_component_1;dissociation_component_1	True	True	0	False	order_far_Q99.9	direct published Coinfinder association edge
group_4882	N-6 adenine-specific DNA methylase	group_1754	galactose-1-phosphate uridylyltransferase	0.32300456430585517	0.011518327759197314	420.7894736842105	411778.0	True	False	True	association_component_1;dissociation_component_1	True	True	0	False	order_far_Q99.9	direct published Coinfinder association edge
group_4888	choline binding protein J	group_4451	galactokinase, (galactose kinase)	0.32262197667873793	0.012324605616605606	423.5263157894737	413675.15789473685	True	False	True	association_component_1;dissociation_component_1	True	True	0	False	order_far_Q99.9	direct published Coinfinder association edge
group_5991	phage protein	group_624	choline binding protein C	0.3221777465280171	0.011740655005107242	171.73333333333332	166011.44444444444	True	False	True	association_component_1;dissociation_component_1	True	True	0	False	order_far_Q99.9	direct published Coinfinder association edge
group_3419	phage protein	group_624	choline binding protein C	0.3221777465280171	0.011740655005107242	163.75555555555556	158859.35555555555	True	False	True	association_component_1;dissociation_component_1	True	True	0	False	order_far_Q99.9	direct published Coinfinder association edge
group_5411	DNA-binding phage protein	group_624	choline binding protein C	0.3221777465280171	0.01178735955056179	175.73333333333332	169560.97777777776	True	False	True	association_component_1;dissociation_component_1	True	True	0	False	order_far_Q99.9	direct published Coinfinder association edge
ponA	Uncharacterised protein	group_5412	phage protein	0.32203432719852865	4.9692845714285685	179.83333333333334	170585.0	False	True	True	association_component_1;dissociation_component_1	True	True	0	False	order_far_Q99.9	direct published Coinfinder dissociation edge
group_5412	phage protein	galT_2	anthranilate synthase component II (glutamine amido-transferase)	0.3219192953554515	0.012003235156615227	292.95	287782.4	True	False	True	association_component_1;dissociation_component_1	True	True	0	False	order_far_Q99.9	direct published Coinfinder association edge
group_4892	bacteriophage integrase	group_1976	anthranilate phosphoribosyltransferase	0.3218369463975632	0.01208045150501671	274.27272727272725	268816.36363636365	True	False	True	association_component_1;dissociation_component_1	True	True	0	False	order_far_Q99.9	direct published Coinfinder association edge
group_2704	type I restriction-modification system, R subunit	group_4451	galactokinase, (galactose kinase)	0.3218369463975632	0.012560330864787377	454.93333333333334	454876.8	True	False	True	association_component_1;dissociation_component_1	True	True	0	False	order_far_Q99.9	direct published Coinfinder association edge
group_4892	bacteriophage integrase	group_4451	galactokinase, (galactose kinase)	0.3218369463975632	0.012184483994266589	323.55	319661.75	True	False	True	association_component_1;dissociation_component_1	True	True	0	False	order_far_Q99.9	direct published Coinfinder association edge
group_4581	RNA polymerase sigma factor	group_5997	cytotoxic translational repressor of toxin-antitoxin stability system	0.32157053145281367	0.012661301761610604	107.85714285714286	107229.14285714286	True	False	True	association_component_1;dissociation_component_1	True	True	0	False	order_far_Q99.9	direct published Coinfinder association edge
group_4581	RNA polymerase sigma factor	group_5418	2-isopropylmalate synthase	0.32157053145281367	0.012661301761610604	100.0	101017.0	True	False	True	association_component_1;dissociation_component_1	True	True	0	False	order_far_Q99.9	direct published Coinfinder association edge
group_4581	RNA polymerase sigma factor	group_5996	ion transporter	0.32157053145281367	0.012661301761610604	117.11111111111111	115816.33333333333	True	False	True	association_component_1;dissociation_component_1	True	True	0	False	order_far_Q99.9	direct published Coinfinder association edge
group_4894	30S ribosomal protein S16	group_5998	CrcB protein	0.3212354944252488	0.009242213188798547	179.44444444444446	188200.88888888888	True	False	True	association_component_1;dissociation_component_1	True	True	0	False	order_far_Q99.9	direct published Coinfinder association edge
group_4888	choline binding protein J	galT_2	anthranilate synthase component II (glutamine amido-transferase)	0.3212122113130262	0.012366967271858565	392.4736842105263	381838.94736842107	True	False	True	association_component_1;dissociation_component_1	True	True	0	False	order_far_Q99.9	direct published Coinfinder association edge
galT_2	anthranilate synthase component II (glutamine amido-transferase)	group_5998	CrcB protein	0.3208109160233968	0.007861954113924041	219.875	226261.875	True	False	True	association_component_1;dissociation_component_1	True	True	0	False	order_far_Q99.9	direct published Coinfinder association edge
group_4888	choline binding protein J	group_4894	30S ribosomal protein S16	0.32069027081227497	0.013202013157894724	353.5263157894737	345908.2105263158	True	False	True	association_component_1;dissociation_component_1	True	True	0	False	order_far_Q99.9	direct published Coinfinder association edge
group_4891	phage protein	tetM	Helix-turn-helix domain	0.3203544962664322	0.016232038439138015	187.6875	176838.9375	True	False	True	association_component_1;dissociation_component_1	True	True	0	False	order_far_Q99.9	direct published Coinfinder association edge
group_4882	N-6 adenine-specific DNA methylase	group_5422	ImpB/MucB/SamB family protein	0.32022388354563086	0.012175178051511748	314.5882352941176	298140.1176470588	True	False	True	association_component_1;dissociation_component_1	True	True	0	False	order_far_Q99.9	direct published Coinfinder association edge
group_5360	DNA-directed RNA polymerase subunit beta	group_1656	filamentation induced by cAMP protein fic	0.3201589944237661	0.011891488139825207	263.2	241765.2	True	False	True	association_component_1;dissociation_component_1	True	True	0	False	order_far_Q99.9	direct published Coinfinder association edge
group_5422	ImpB/MucB/SamB family protein	group_1656	filamentation induced by cAMP protein fic	0.320157738034758	0.010657006269592465	279.6875	260805.5	True	False	True	association_component_1;dissociation_component_1	True	True	0	False	order_far_Q99.9	direct published Coinfinder association edge
galE	putative UDP-glucose 4-epimerase	group_5291	ATP-dependent Clp protease, ATP-binding subunit ClpX	0.3200901364897739	0.018851511135589118	236.84444444444443	236077.64444444445	True	False	True	association_component_1;dissociation_component_1	True	True	0	False	order_far_Q99.9	direct published Coinfinder association edge
group_4291	Uncharacterised protein	group_4212	6-phosphogluconolactonase/Glucosamine-6-phosphateisomerase/deaminase	0.31968323903664714	0.0181330935750981	105.6	97456.1	True	False	True	association_component_1;dissociation_component_1	True	True	0	False	order_far_Q99.9	direct published Coinfinder association edge
nhaK	Uncharacterised protein	group_4212	6-phosphogluconolactonase/Glucosamine-6-phosphateisomerase/deaminase	0.31968323903664714	0.018114532721875527	208.5	210058.3125	True	False	True	association_component_1;dissociation_component_1	True	True	0	False	order_far_Q99.9	direct published Coinfinder association edge
group_5412	phage protein	group_624	choline binding protein C	0.31966519721564174	0.011984193054136862	176.73333333333332	170757.0888888889	True	False	True	association_component_1;dissociation_component_1	True	True	0	False	order_far_Q99.9	direct published Coinfinder association edge
group_5409	Uncharacterised protein	group_1359	anthranilate synthase component I	0.31947159606421316	0.01290129598662206	296.95	292181.45	True	False	True	association_component_1;dissociation_component_1	True	True	0	False	order_far_Q99.9	direct published Coinfinder association edge
group_4892	bacteriophage integrase	galT_2	anthranilate synthase component II (glutamine amido-transferase)	0.3192129313549356	0.012228445535296853	292.45	287777.1	True	False	True	association_component_1;dissociation_component_1	True	True	0	False	order_far_Q99.9	direct published Coinfinder association edge
group_1359	anthranilate synthase component I	group_5998	CrcB protein	0.3191387690193294	0.0074796770529048946	220.875	226903.125	True	False	True	association_component_1;dissociation_component_1	True	True	0	False	order_far_Q99.9	direct published Coinfinder association edge
group_5411	DNA-binding phage protein	group_3024	CbxX/CfqX family protein	0.31912576057647296	0.013411878787878771	186.6	175595.6	True	False	True	association_component_1;dissociation_component_1	True	True	0	False	order_far_Q99.9	direct published Coinfinder association edge
group_5991	phage protein	group_3024	CbxX/CfqX family protein	0.31912576057647296	0.01336580404040403	189.53333333333333	178859.0	True	False	True	association_component_1;dissociation_component_1	True	True	0	False	order_far_Q99.9	direct published Coinfinder association edge
group_3419	phage protein	group_3024	CbxX/CfqX family protein	0.31912576057647296	0.01336580404040403	191.0625	179845.75	True	False	True	association_component_1;dissociation_component_1	True	True	0	False	order_far_Q99.9	direct published Coinfinder association edge
ponA	Uncharacterised protein	group_4892	bacteriophage integrase	0.31825687502460026	4.377184499999997	180.83333333333334	171858.5	False	True	True	association_component_1;dissociation_component_1	True	True	0	False	order_far_Q99.9	direct published Coinfinder dissociation edge
group_108	Bacterial protein of uncharacterised function (DUF961)	group_5997	cytotoxic translational repressor of toxin-antitoxin stability system	0.31796169073173997	0.012843443197755943	126.33333333333333	124586.83333333333	True	False	True	association_component_1;dissociation_component_1	True	True	0	False	order_far_Q99.9	direct published Coinfinder association edge
group_108	Bacterial protein of uncharacterised function (DUF961)	group_5418	2-isopropylmalate synthase	0.31796169073173997	0.012843443197755943	131.0	129904.4	True	False	True	association_component_1;dissociation_component_1	True	True	0	False	order_far_Q99.9	direct published Coinfinder association edge
group_108	Bacterial protein of uncharacterised function (DUF961)	group_5996	ion transporter	0.31796169073173997	0.012843443197755943	124.5	121988.125	True	False	True	association_component_1;dissociation_component_1	True	True	0	False	order_far_Q99.9	direct published Coinfinder association edge
group_4888	choline binding protein J	group_5422	ImpB/MucB/SamB family protein	0.3179451498541085	0.01377604881127708	316.88235294117646	300201.0588235294	True	False	True	association_component_1;dissociation_component_1	True	True	0	False	order_far_Q99.9	direct published Coinfinder association edge
group_5945	CBS domain membrane protein	group_1656	filamentation induced by cAMP protein fic	0.31739494783736416	0.012106355805243437	261.875	239681.5625	True	False	True	association_component_1;dissociation_component_1	True	True	0	False	order_far_Q99.9	direct published Coinfinder association edge
group_5944	membrane protein	group_1656	filamentation induced by cAMP protein fic	0.31739494783736416	0.012106355805243437	265.6666666666667	241947.5	True	False	True	association_component_1;dissociation_component_1	True	True	0	False	order_far_Q99.9	direct published Coinfinder association edge
Int-Tn_2	membrane protein	group_1656	filamentation induced by cAMP protein fic	0.31739494783736416	0.012106355805243437	260.875	238552.6875	True	False	False		True	True	0	False	order_far_Q99.9	direct published Coinfinder association edge
group_5360	DNA-directed RNA polymerase subunit beta	group_624	choline binding protein C	0.3173339045318509	0.011618866248693824	321.375	298982.0	True	False	True	association_component_1;dissociation_component_1	True	True	0	False	order_far_Q99.9	direct published Coinfinder association edge
group_4892	bacteriophage integrase	group_624	choline binding protein C	0.31719570133277847	0.012217162921348303	177.6590909090909	171985.6590909091	True	False	True	association_component_1;dissociation_component_1	True	True	0	False	order_far_Q99.9	direct published Coinfinder association edge
group_2704	type I restriction-modification system, R subunit	group_624	choline binding protein C	0.31719570133277847	0.01260922497446373	111.2	121462.53333333334	True	False	True	association_component_1;dissociation_component_1	True	True	0	False	order_far_Q99.9	direct published Coinfinder association edge
group_5408	phage protein	group_1359	anthranilate synthase component I	0.31707718750769737	0.01316661729574772	297.45	293275.35	True	False	True	association_component_1;dissociation_component_1	True	True	0	False	order_far_Q99.9	direct published Coinfinder association edge
group_5410	phage protein	group_1359	anthranilate synthase component I	0.31707718750769737	0.013135957955088377	295.95	290456.0	True	False	True	association_component_1;dissociation_component_1	True	True	0	False	order_far_Q99.9	direct published Coinfinder association edge
group_3705	phage protein	group_1359	anthranilate synthase component I	0.31707718750769737	0.01316661729574772	295.45	290203.45	True	False	True	association_component_1;dissociation_component_1	True	True	0	False	order_far_Q99.9	direct published Coinfinder association edge
group_4895	Uncharacterised protein	group_1656	filamentation induced by cAMP protein fic	0.31705478721549085	0.01095632314524555	280.6875	261529.0625	True	False	True	association_component_1;dissociation_component_1	True	True	0	False	order_far_Q99.9	direct published Coinfinder association edge
group_4895	Uncharacterised protein	group_4882	N-6 adenine-specific DNA methylase	0.31637883315429316	0.012472669652855534	315.5882352941176	298840.64705882355	True	False	True	association_component_1;dissociation_component_1	True	True	0	False	order_far_Q99.9	direct published Coinfinder association edge
group_3324	transcriptional regulator	group_4291	Uncharacterised protein	0.3160139392238794	0.01812911240139826	327.0	331469.09523809527	True	False	True	association_component_1;dissociation_component_1	True	True	0	False	order_far_Q99.9	direct published Coinfinder association edge
group_5412	phage protein	group_3024	CbxX/CfqX family protein	0.31585452439058176	0.013594499999999987	185.86666666666667	174933.8	True	False	True	association_component_1;dissociation_component_1	True	True	0	False	order_far_Q99.9	direct published Coinfinder association edge
group_5093	bacteriocin	group_1077	translation factor	0.31577381895057843	0.02219759254836396	259.54545454545456	257919.36363636365	True	False	True	association_component_1;dissociation_component_1	True	True	0	False	order_far_Q99.9	direct published Coinfinder association edge
group_5411	DNA-binding phage protein	group_5361	Uncharacterised protein	0.3156855294827363	0.014225132305349306	146.83333333333334	135049.0	True	False	True	association_component_1;dissociation_component_1	True	True	0	False	order_far_Q99.9	direct published Coinfinder association edge
group_1976	anthranilate phosphoribosyltransferase	group_5998	CrcB protein	0.3155514254070551	0.007704402791301516	221.875	228206.625	True	False	True	association_component_1;dissociation_component_1	True	True	0	False	order_far_Q99.9	direct published Coinfinder association edge
group_4451	galactokinase, (galactose kinase)	group_5998	CrcB protein	0.3155514254070551	0.007810146056475161	247.85714285714286	254481.2857142857	True	False	True	association_component_1;dissociation_component_1	True	True	0	False	order_far_Q99.9	direct published Coinfinder association edge
group_5416	thioredoxin	group_624	choline binding protein C	0.3147676115485192	0.013005928243105197	380.375	369939.0625	True	False	True	association_component_1;dissociation_component_1	True	True	0	False	order_far_Q99.9	direct published Coinfinder association edge
group_6001	Uncharacterised protein	group_4891	phage protein	0.31471729812260174	0.019689310085588697	222.47058823529412	212056.41176470587	True	False	True	association_component_1;dissociation_component_1	True	True	0	False	order_far_Q99.9	direct published Coinfinder association edge
group_5945	CBS domain membrane protein	group_624	choline binding protein C	0.31470162487929676	0.011836848223615457	320.6666666666667	296937.22222222225	True	False	True	association_component_1;dissociation_component_1	True	True	0	False	order_far_Q99.9	direct published Coinfinder association edge
Int-Tn_2	membrane protein	group_624	choline binding protein C	0.31470162487929676	0.011836848223615457	319.6666666666667	295920.22222222225	True	False	False		True	True	0	False	order_far_Q99.9	direct published Coinfinder association edge
group_5361	Uncharacterised protein	group_1656	filamentation induced by cAMP protein fic	0.31468429067731357	0.012350988764044932	265.42857142857144	241272.57142857142	True	False	True	association_component_1;dissociation_component_1	True	True	0	False	order_far_Q99.9	direct published Coinfinder association edge
group_3024	CbxX/CfqX family protein	group_1656	filamentation induced by cAMP protein fic	0.3140239056391992	0.011246157262277942	275.3333333333333	256761.73333333334	True	False	True	association_component_1;dissociation_component_1	True	True	0	False	order_far_Q99.9	direct published Coinfinder association edge
group_4326	membrane protein	ponA	Uncharacterised protein	0.3137653134001031	0.019201762929521547	109.92857142857143	108268.0	True	False	True	association_component_1;dissociation_component_1	True	True	0	False	order_far_Q99.9	direct published Coinfinder association edge
group_4888	choline binding protein J	group_4895	Uncharacterised protein	0.3136566320232518	0.01407550389227855	317.88235294117646	300901.5882352941	True	False	True	association_component_1;dissociation_component_1	True	True	0	False	order_far_Q99.9	direct published Coinfinder association edge
group_1754	galactose-1-phosphate uridylyltransferase	group_1656	filamentation induced by cAMP protein fic	0.31322803211558964	0.009971218487394951	384.9	382670.5	True	False	True	association_component_1;dissociation_component_1	True	True	0	False	order_far_Q99.9	direct published Coinfinder association edge
group_4212	6-phosphogluconolactonase/Glucosamine-6-phosphateisomerase/deaminase	group_5400	Uncharacterised protein	0.3127413511697299	0.018223579820510896	146.66666666666666	140548.83333333334	True	False	True	association_component_1;dissociation_component_1	True	True	0	False	order_far_Q99.9	direct published Coinfinder association edge
group_4892	bacteriophage integrase	group_3024	CbxX/CfqX family protein	0.3126571319985862	0.013811414141414124	185.13333333333333	174702.93333333332	True	False	True	association_component_1;dissociation_component_1	True	True	0	False	order_far_Q99.9	direct published Coinfinder association edge
yjaB	membrane protein	group_2180	topology modulation protein	0.3121439259587342	0.668781542553191	145.375	148742.375	False	True	True	association_component_1;dissociation_component_1	True	True	0	False	order_far_Q99.9	direct published Coinfinder dissociation edge
group_5412	phage protein	group_5361	Uncharacterised protein	0.3121412746976043	0.014409651627641334	145.83333333333334	134175.33333333334	True	False	True	association_component_1;dissociation_component_1	True	True	0	False	order_far_Q99.9	direct published Coinfinder association edge
group_3324	transcriptional regulator	group_1401	Uncharacterised protein	0.31207542387618215	0.018295553943525736	373.22222222222223	380475.6111111111	True	False	True	association_component_1;dissociation_component_1	True	True	0	False	order_far_Q99.9	direct published Coinfinder association edge
group_4084	Uncharacterised protein	group_4891	phage protein	0.3118848368685655	0.019842344436733734	224.23529411764707	213275.35294117648	True	False	True	association_component_1;dissociation_component_1	True	True	0	False	order_far_Q99.9	direct published Coinfinder association edge
group_3324	transcriptional regulator	group_5400	Uncharacterised protein	0.3114962187118038	0.018219153318502032	112.4	109947.8	True	False	True	association_component_1;dissociation_component_1	True	True	0	False	order_far_Q99.9	direct published Coinfinder association edge
group_5411	DNA-binding phage protein	group_4894	30S ribosomal protein S16	0.31144801294501295	0.012979771929824548	254.55	252453.9	True	False	True	association_component_1;dissociation_component_1	True	True	0	False	order_far_Q99.9	direct published Coinfinder association edge
group_5411	DNA-binding phage protein	group_3724	Uncharacterised protein	0.31124534003220183	0.012543529675251948	194.6	183356.93333333332	True	False	True	association_component_1;dissociation_component_1	True	True	0	False	order_far_Q99.9	direct published Coinfinder association edge
group_3419	phage protein	group_3724	Uncharacterised protein	0.31124534003220183	0.012499170212765946	198.0625	186464.875	True	False	True	association_component_1;dissociation_component_1	True	True	0	False	order_far_Q99.9	direct published Coinfinder association edge
group_5991	phage protein	group_3724	Uncharacterised protein	0.31124534003220183	0.012499170212765946	197.53333333333333	186620.33333333334	True	False	True	association_component_1;dissociation_component_1	True	True	0	False	order_far_Q99.9	direct published Coinfinder association edge
group_3419	phage protein	group_5944	membrane protein	0.3100052955028014	0.014223782760628993	155.83333333333334	143014.66666666666	True	False	True	association_component_1;dissociation_component_1	True	True	0	False	order_far_Q99.9	direct published Coinfinder association edge
group_3419	phage protein	group_5945	CBS domain membrane protein	0.3100052955028014	0.014223782760628993	180.0625	165201.875	True	False	True	association_component_1;dissociation_component_1	True	True	0	False	order_far_Q99.9	direct published Coinfinder association edge
group_5411	DNA-binding phage protein	group_5945	CBS domain membrane protein	0.3100052955028014	0.014269605901766635	173.93333333333334	159132.66666666666	True	False	True	association_component_1;dissociation_component_1	True	True	0	False	order_far_Q99.9	direct published Coinfinder association edge
group_5411	DNA-binding phage protein	Int-Tn_2	membrane protein	0.3100052955028014	0.014269605901766635	172.93333333333334	158015.13333333333	True	False	False		True	True	0	False	order_far_Q99.9	direct published Coinfinder association edge
group_5991	phage protein	group_5944	membrane protein	0.3100052955028014	0.014223782760628993	151.4	140477.4	True	False	True	association_component_1;dissociation_component_1	True	True	0	False	order_far_Q99.9	direct published Coinfinder association edge
group_5991	phage protein	Int-Tn_2	membrane protein	0.3100052955028014	0.014223782760628993	175.86666666666667	161278.53333333333	True	False	False		True	True	0	False	order_far_Q99.9	direct published Coinfinder association edge
group_5411	DNA-binding phage protein	group_5944	membrane protein	0.3100052955028014	0.014269605901766635	147.4	136692.4	True	False	True	association_component_1;dissociation_component_1	True	True	0	False	order_far_Q99.9	direct published Coinfinder association edge
group_5991	phage protein	group_5945	CBS domain membrane protein	0.3100052955028014	0.014223782760628993	176.86666666666667	162396.06666666668	True	False	True	association_component_1;dissociation_component_1	True	True	0	False	order_far_Q99.9	direct published Coinfinder association edge
group_3419	phage protein	Int-Tn_2	membrane protein	0.3100052955028014	0.014223782760628993	179.1875	164203.375	True	False	False		True	True	0	False	order_far_Q99.9	direct published Coinfinder association edge
nhaK	Uncharacterised protein	group_4291	Uncharacterised protein	0.3099557173985088	0.018161732361617833	326.6666666666667	331359.4285714286	True	False	True	association_component_1;dissociation_component_1	True	True	0	False	order_far_Q99.9	direct published Coinfinder association edge
group_4212	6-phosphogluconolactonase/Glucosamine-6-phosphateisomerase/deaminase	group_1401	Uncharacterised protein	0.3099496522494679	0.01830052669055926	148.75	141653.0	True	False	True	association_component_1;dissociation_component_1	True	True	0	False	order_far_Q99.9	direct published Coinfinder association edge
group_151	damage inducible DinF protein	group_5997	cytotoxic translational repressor of toxin-antitoxin stability system	0.30985412049851757	0.013506030855539959	127.0	125002.16666666667	True	False	True	association_component_1;dissociation_component_1	True	True	0	False	order_far_Q99.9	direct published Coinfinder association edge
group_151	damage inducible DinF protein	group_5418	2-isopropylmalate synthase	0.30985412049851757	0.013506030855539959	132.0	130613.8	True	False	True	association_component_1;dissociation_component_1	True	True	0	False	order_far_Q99.9	direct published Coinfinder association edge
group_151	damage inducible DinF protein	group_5996	ion transporter	0.30985412049851757	0.013506030855539959	124.75	122206.625	True	False	True	association_component_1;dissociation_component_1	True	True	0	False	order_far_Q99.9	direct published Coinfinder association edge
group_4888	choline binding protein J	group_3724	Uncharacterised protein	0.30980402197888385	0.013083502630976882	319.88235294117646	303120.0	True	False	True	association_component_1;dissociation_component_1	True	True	0	False	order_far_Q99.9	direct published Coinfinder association edge
group_5409	Uncharacterised protein	group_1976	anthranilate phosphoribosyltransferase	0.30927569785205916	0.01314868012422359	278.72727272727275	273366.63636363635	True	False	True	association_component_1;dissociation_component_1	True	True	0	False	order_far_Q99.9	direct published Coinfinder association edge
group_5409	Uncharacterised protein	group_4451	galactokinase, (galactose kinase)	0.30927569785205916	0.013250580506450059	327.05	323440.6	True	False	True	association_component_1;dissociation_component_1	True	True	0	False	order_far_Q99.9	direct published Coinfinder association edge
group_2704	type I restriction-modification system, R subunit	group_1976	anthranilate phosphoribosyltransferase	0.30923444934360983	0.012729896214896204	453.7142857142857	452377.85714285716	True	False	True	association_component_1;dissociation_component_1	True	True	0	False	order_far_Q99.9	direct published Coinfinder association edge
group_5423	Uncharacterised protein	group_4891	phage protein	0.3090934572701458	0.020028601087207935	223.35294117647058	212827.70588235295	True	False	True	association_component_1;dissociation_component_1	True	True	0	False	order_far_Q99.9	direct published Coinfinder association edge
group_4871	Uncharacterised protein	group_4891	phage protein	0.3090934572701458	0.020050781286143862	220.7058823529412	210698.82352941178	True	False	True	association_component_1;dissociation_component_1	True	True	0	False	order_far_Q99.9	direct published Coinfinder association edge
group_3024	CbxX/CfqX family protein	group_624	choline binding protein C	0.3090847931302061	0.010960198358413123	332.6666666666667	315507.0	True	False	True	association_component_1;dissociation_component_1	True	True	0	False	order_far_Q99.9	direct published Coinfinder association edge
lacG_1	Uncharacterised protein	lagD_1	Membrane protein	0.30880160790382893	0.02375910901671199	321.45054945054943	315308.978021978	True	False	True	association_component_1;dissociation_component_1	True	True	0	False	order_far_Q99.9	direct published Coinfinder association edge
group_4892	bacteriophage integrase	group_5361	Uncharacterised protein	0.30868580430863385	0.01462651627641346	144.83333333333334	133550.5	True	False	True	association_component_1;dissociation_component_1	True	True	0	False	order_far_Q99.9	direct published Coinfinder association edge
group_1962	Uncharacterised protein	group_5997	cytotoxic translational repressor of toxin-antitoxin stability system	0.30866420360803054	0.014492992450240204	132.33333333333334	131111.83333333334	True	False	True	association_component_1;dissociation_component_1	True	True	0	False	order_far_Q99.9	direct published Coinfinder association edge
group_1962	Uncharacterised protein	group_5996	ion transporter	0.30866420360803054	0.014492992450240204	115.16666666666667	112863.66666666667	True	False	True	association_component_1;dissociation_component_1	True	True	0	False	order_far_Q99.9	direct published Coinfinder association edge
group_5412	phage protein	group_4894	30S ribosomal protein S16	0.3084967590197977	0.013172838815789461	254.05	251827.0	True	False	True	association_component_1;dissociation_component_1	True	True	0	False	order_far_Q99.9	direct published Coinfinder association edge
group_5412	phage protein	group_3724	Uncharacterised protein	0.30836441132902803	0.012735676371780502	193.86666666666667	182695.13333333333	True	False	True	association_component_1;dissociation_component_1	True	True	0	False	order_far_Q99.9	direct published Coinfinder association edge
Int-Tn_1	phage protein	group_1976	anthranilate phosphoribosyltransferase	0.3078811038841562	0.014361293828891994	273.6363636363636	268564.0909090909	True	False	False		True	True	0	False	order_far_Q99.9	direct published Coinfinder association edge
group_244	degenerate transposase	galT_2	anthranilate synthase component II (glutamine amido-transferase)	0.30759682038350444	0.011330353970741891	112.8	110043.6	True	False	True	association_component_1;dissociation_component_1	True	True	0	False	order_far_Q99.9	direct published Coinfinder association edge
group_2704	type I restriction-modification system, R subunit	galT_2	anthranilate synthase component II (glutamine amido-transferase)	0.30751207827549987	0.012869740802675576	424.0	423108.6	True	False	True	association_component_1;dissociation_component_1	True	True	0	False	order_far_Q99.9	direct published Coinfinder association edge
group_1989	phage protein	tetM	Helix-turn-helix domain	0.30738358611622024	0.017372900407687814	188.73333333333332	178736.33333333334	True	False	True	association_component_1;dissociation_component_1	True	True	0	False	order_far_Q99.9	direct published Coinfinder association edge
group_3705	phage protein	group_4451	galactokinase, (galactose kinase)	0.3068859017612318	0.01352227066411848	325.55	321462.6	True	False	True	association_component_1;dissociation_component_1	True	True	0	False	order_far_Q99.9	direct published Coinfinder association edge
group_5410	phage protein	group_1976	anthranilate phosphoribosyltransferase	0.3068859017612318	0.013384985666507393	277.45454545454544	271541.8181818182	True	False	True	association_component_1;dissociation_component_1	True	True	0	False	order_far_Q99.9	direct published Coinfinder association edge
group_3705	phage protein	group_1976	anthranilate phosphoribosyltransferase	0.3068859017612318	0.013415192307692298	276.8181818181818	271185.7272727273	True	False	True	association_component_1;dissociation_component_1	True	True	0	False	order_far_Q99.9	direct published Coinfinder association edge
group_5408	phage protein	group_1976	anthranilate phosphoribosyltransferase	0.3068859017612318	0.013415192307692298	279.3636363636364	273907.36363636365	True	False	True	association_component_1;dissociation_component_1	True	True	0	False	order_far_Q99.9	direct published Coinfinder association edge
group_5408	phage protein	group_4451	galactokinase, (galactose kinase)	0.3068859017612318	0.01352227066411848	327.55	324534.5	True	False	True	association_component_1;dissociation_component_1	True	True	0	False	order_far_Q99.9	direct published Coinfinder association edge
group_5410	phage protein	group_4451	galactokinase, (galactose kinase)	0.3068859017612318	0.013487331581462004	326.05	321715.15	True	False	True	association_component_1;dissociation_component_1	True	True	0	False	order_far_Q99.9	direct published Coinfinder association edge
group_244	degenerate transposase	group_4451	galactokinase, (galactose kinase)	0.30681462120424163	0.01128883186313819	132.0	126882.4	True	False	True	association_component_1;dissociation_component_1	True	True	0	False	order_far_Q99.9	direct published Coinfinder association edge
group_5412	phage protein	Int-Tn_2	membrane protein	0.3065651309215198	0.014456205591147336	172.2	157353.33333333334	True	False	False		True	True	0	False	order_far_Q99.9	direct published Coinfinder association edge
group_5412	phage protein	group_5944	membrane protein	0.3065651309215198	0.014456205591147336	146.4	136008.4	True	False	True	association_component_1;dissociation_component_1	True	True	0	False	order_far_Q99.9	direct published Coinfinder association edge
group_5412	phage protein	group_5945	CBS domain membrane protein	0.3065651309215198	0.014456205591147336	173.2	158470.86666666667	True	False	True	association_component_1;dissociation_component_1	True	True	0	False	order_far_Q99.9	direct published Coinfinder association edge
erm	Uncharacterised protein	group_4882	N-6 adenine-specific DNA methylase	0.306468734702626	0.012720835049187813	316.5882352941176	299266.4117647059	True	False	True	association_component_1;dissociation_component_1	True	True	0	False	order_far_Q99.9	direct published Coinfinder association edge
group_2751	Uncharacterised protein	group_2348	Uncharacterised protein	0.3064111673113449	0.022576784417299427	362.72727272727275	365727.7272727273	True	False	True	association_component_1;dissociation_component_1	True	True	0	False	order_far_Q99.9	direct published Coinfinder association edge
group_5409	Uncharacterised protein	galT_2	anthranilate synthase component II (glutamine amido-transferase)	0.3063814077655163	0.01329242753623187	295.95	291555.95	True	False	True	association_component_1;dissociation_component_1	True	True	0	False	order_far_Q99.9	direct published Coinfinder association edge
malI	transcriptional regulator	group_4891	phage protein	0.30634181999626736	0.020183993754337257	218.94117647058823	208795.23529411765	True	False	True	association_component_1;dissociation_component_1	True	True	0	False	order_far_Q99.9	direct published Coinfinder association edge
group_3419	phage protein	group_5361	Uncharacterised protein	0.30629445319804066	0.01446256843331391	156.0	142591.57142857142	True	False	True	association_component_1;dissociation_component_1	True	True	0	False	order_far_Q99.9	direct published Coinfinder association edge
group_5991	phage protein	group_5361	Uncharacterised protein	0.30629445319804066	0.01446256843331391	150.83333333333334	138780.66666666666	True	False	True	association_component_1;dissociation_component_1	True	True	0	False	order_far_Q99.9	direct published Coinfinder association edge
group_4326	membrane protein	celA_1	ROK family protein, putative	0.30626012402882163	0.01984045684686088	230.0	229372.5	True	False	True	association_component_1;dissociation_component_1	True	True	0	False	order_far_Q99.9	direct published Coinfinder association edge
group_3419	phage protein	group_1754	galactose-1-phosphate uridylyltransferase	0.3060548554364021	0.013107439945092643	329.5	324372.8	True	False	True	association_component_1;dissociation_component_1	True	True	0	False	order_far_Q99.9	direct published Coinfinder association edge
group_5991	phage protein	group_1754	galactose-1-phosphate uridylyltransferase	0.3060548554364021	0.013107439945092643	325.55	321419.05	True	False	True	association_component_1;dissociation_component_1	True	True	0	False	order_far_Q99.9	direct published Coinfinder association edge
group_5411	DNA-binding phage protein	group_1754	galactose-1-phosphate uridylyltransferase	0.3060548554364021	0.013151866849691133	323.55	319239.1	True	False	True	association_component_1;dissociation_component_1	True	True	0	False	order_far_Q99.9	direct published Coinfinder association edge
group_4892	bacteriophage integrase	group_4894	30S ribosomal protein S16	0.3056050329286899	0.013397982456140337	253.55	251821.7	True	False	True	association_component_1;dissociation_component_1	True	True	0	False	order_far_Q99.9	direct published Coinfinder association edge
group_4892	bacteriophage integrase	group_3724	Uncharacterised protein	0.3055401158934018	0.01296194624860021	193.13333333333333	182464.26666666666	True	False	True	association_component_1;dissociation_component_1	True	True	0	False	order_far_Q99.9	direct published Coinfinder association edge
group_5409	Uncharacterised protein	group_624	choline binding protein C	0.3054397687830127	0.013318262257405504	170.73333333333332	163674.02222222224	True	False	True	association_component_1;dissociation_component_1	True	True	0	False	order_far_Q99.9	direct published Coinfinder association edge
group_3714	Uncharacterised protein	tetM	Helix-turn-helix domain	0.30531391232057375	0.017577466511357005	190.93333333333334	179626.33333333334	True	False	True	association_component_1;dissociation_component_1	True	True	0	False	order_far_Q99.9	direct published Coinfinder association edge
group_4888	choline binding protein J	tetM	Helix-turn-helix domain	0.3050264039729409	0.01330258064516128	308.8235294117647	292384.17647058825	True	False	True	association_component_1;dissociation_component_1	True	True	0	False	order_far_Q99.9	direct published Coinfinder association edge
galE	putative UDP-glucose 4-epimerase	group_2606	membrane protein	0.30470864485702703	0.01911000787512634	261.875	259863.75	True	False	True	association_component_1;dissociation_component_1	True	True	0	False	order_far_Q99.9	direct published Coinfinder association edge
group_3978	putative sporulation transcription regulator whiA	group_2606	membrane protein	0.3046688940652106	0.019134849808751773	251.25925925925927	240026.7037037037	True	False	True	association_component_1;dissociation_component_1	True	True	0	False	order_far_Q99.9	direct published Coinfinder association edge
nhaK	Uncharacterised protein	group_5400	Uncharacterised protein	0.30447018724070435	0.018252500372383986	111.8	109479.8	True	False	True	association_component_1;dissociation_component_1	True	True	0	False	order_far_Q99.9	direct published Coinfinder association edge
group_5991	phage protein	group_5360	DNA-directed RNA polymerase subunit beta	0.30442701480196666	0.014315405940594049	180.35714285714286	166632.07142857142	True	False	True	association_component_1;dissociation_component_1	True	True	0	False	order_far_Q99.9	direct published Coinfinder association edge
group_3419	phage protein	group_5360	DNA-directed RNA polymerase subunit beta	0.30442701480196666	0.014315405940594049	182.8	168500.06666666668	True	False	True	association_component_1;dissociation_component_1	True	True	0	False	order_far_Q99.9	direct published Coinfinder association edge
group_5411	DNA-binding phage protein	group_5360	DNA-directed RNA polymerase subunit beta	0.30442701480196666	0.014361356435643551	177.5	163383.07142857142	True	False	True	association_component_1;dissociation_component_1	True	True	0	False	order_far_Q99.9	direct published Coinfinder association edge
group_4448	sortase family protein	group_1359	anthranilate synthase component I	0.3042507521356711	0.01131514637482899	416.875	410000.1875	True	False	True	association_component_1;dissociation_component_1	True	True	0	False	order_far_Q99.9	direct published Coinfinder association edge
group_5410	phage protein	galT_2	anthranilate synthase component II (glutamine amido-transferase)	0.30394272369940983	0.013527744273024766	294.95	289830.5	True	False	True	association_component_1;dissociation_component_1	True	True	0	False	order_far_Q99.9	direct published Coinfinder association edge
group_3705	phage protein	galT_2	anthranilate synthase component II (glutamine amido-transferase)	0.30394272369940983	0.01355718443197755	294.45	289577.95	True	False	True	association_component_1;dissociation_component_1	True	True	0	False	order_far_Q99.9	direct published Coinfinder association edge
group_5408	phage protein	galT_2	anthranilate synthase component II (glutamine amido-transferase)	0.30394272369940983	0.01355718443197755	296.45	292649.85	True	False	True	association_component_1;dissociation_component_1	True	True	0	False	order_far_Q99.9	direct published Coinfinder association edge
yihX	transcriptional regulator	group_4891	phage protein	0.30362865899835023	0.02036038110108719	219.8235294117647	210329.64705882352	True	False	True	association_component_1;dissociation_component_1	True	True	0	False	order_far_Q99.9	direct published Coinfinder association edge
Int-Tn_1	phage protein	group_1359	anthranilate synthase component I	0.3034531852076421	0.014425358337314847	292.9	288250.55	True	False	False		True	True	0	False	order_far_Q99.9	direct published Coinfinder association edge
group_1366	DNA-binding phage protein	tetM	Helix-turn-helix domain	0.30326871999592464	0.017719755387303422	184.33333333333334	174073.0	True	False	True	association_component_1;dissociation_component_1	True	True	0	False	order_far_Q99.9	direct published Coinfinder association edge
group_5412	phage protein	group_1754	galactose-1-phosphate uridylyltransferase	0.30324596985439833	0.013346901166781043	323.05	318612.2	True	False	True	association_component_1;dissociation_component_1	True	True	0	False	order_far_Q99.9	direct published Coinfinder association edge
group_4892	bacteriophage integrase	Int-Tn_2	membrane protein	0.3032082670960063	0.014675713453698298	171.46666666666667	157122.46666666667	True	False	False		True	True	0	False	order_far_Q99.9	direct published Coinfinder association edge
group_4892	bacteriophage integrase	group_5944	membrane protein	0.3032082670960063	0.014675713453698298	145.4	135442.4	True	False	True	association_component_1;dissociation_component_1	True	True	0	False	order_far_Q99.9	direct published Coinfinder association edge
group_4892	bacteriophage integrase	group_5945	CBS domain membrane protein	0.3032082670960063	0.014675713453698298	172.46666666666667	158240.0	True	False	True	association_component_1;dissociation_component_1	True	True	0	False	order_far_Q99.9	direct published Coinfinder association edge
group_3705	phage protein	group_624	choline binding protein C	0.3031972899964653	0.013593504851889674	173.73333333333332	168210.77777777778	True	False	True	association_component_1;dissociation_component_1	True	True	0	False	order_far_Q99.9	direct published Coinfinder association edge
group_5410	phage protein	group_624	choline binding protein C	0.3031972899964653	0.013561800306435128	172.73333333333332	167492.73333333334	True	False	True	association_component_1;dissociation_component_1	True	True	0	False	order_far_Q99.9	direct published Coinfinder association edge
group_5408	phage protein	group_624	choline binding protein C	0.3031972899964653	0.013593504851889674	169.73333333333332	162773.6888888889	True	False	True	association_component_1;dissociation_component_1	True	True	0	False	order_far_Q99.9	direct published Coinfinder association edge
group_4679	excreted peptide	group_3324	transcriptional regulator	0.30318199042402677	0.018188411878337234	326.3809523809524	331069.38095238095	True	False	True	association_component_1;dissociation_component_1	True	True	0	False	order_far_Q99.9	direct published Coinfinder association edge
group_4326	membrane protein	group_5359	Mobile element protein	0.30308307755158104	1.3547422906403932	109.0	108281.4	False	True	True	association_component_1;dissociation_component_1	True	True	0	False	order_far_Q99.9	direct published Coinfinder dissociation edge
group_4326	membrane protein	iap	anaerobic benzoate catabolism transcriptional regulator	0.30308307755158104	1.3537894211822652	108.6	108481.8	False	True	True	association_component_1;dissociation_component_1	True	True	0	False	order_far_Q99.9	direct published Coinfinder dissociation edge
group_5990	prophage Sa05, P4 family DNA primase	tetM	Helix-turn-helix domain	0.30270576542532357	0.01643457979797978	190.2	179234.33333333334	True	False	True	association_component_1;dissociation_component_1	True	True	0	False	order_far_Q99.9	direct published Coinfinder association edge
nhaK	Uncharacterised protein	group_1401	Uncharacterised protein	0.30246546945697417	0.01832956361407147	372.44444444444446	379758.5	True	False	True	association_component_1;dissociation_component_1	True	True	0	False	order_far_Q99.9	direct published Coinfinder association edge
Int-Tn_1	phage protein	galT_2	anthranilate synthase component II (glutamine amido-transferase)	0.30213852427541354	0.014496512239762055	291.9	287625.05	True	False	False		True	True	0	False	order_far_Q99.9	direct published Coinfinder association edge
group_5942	Uncharacterised protein	group_1656	filamentation induced by cAMP protein fic	0.3018554067600627	0.013475888888888878	284.6875	266060.3125	True	False	True	association_component_1;dissociation_component_1	True	True	0	False	order_far_Q99.9	direct published Coinfinder association edge
group_5358	Ribose import ATP-binding protein rbsA	group_1656	filamentation induced by cAMP protein fic	0.3018554067600627	0.013472081148564283	276.6875	258779.75	True	False	True	association_component_1;dissociation_component_1	True	True	0	False	order_far_Q99.9	direct published Coinfinder association edge
ftsK_1	Uncharacterised protein	group_1656	filamentation induced by cAMP protein fic	0.3018554067600627	0.013475888888888878	283.6875	264910.625	True	False	True	association_component_1;dissociation_component_1	True	True	0	False	order_far_Q99.9	direct published Coinfinder association edge
iap	anaerobic benzoate catabolism transcriptional regulator	group_1656	filamentation induced by cAMP protein fic	0.3018554067600627	0.013472081148564283	273.6875	254815.125	True	False	True	association_component_1;dissociation_component_1	True	True	0	False	order_far_Q99.9	direct published Coinfinder association edge
group_5991	phage protein	group_4894	30S ribosomal protein S16	0.3014219073789309	0.013212883538633806	256.55	254633.85	True	False	True	association_component_1;dissociation_component_1	True	True	0	False	order_far_Q99.9	direct published Coinfinder association edge
group_3419	phage protein	group_4894	30S ribosomal protein S16	0.3014219073789309	0.013212883538633806	260.5	257587.6	True	False	True	association_component_1;dissociation_component_1	True	True	0	False	order_far_Q99.9	direct published Coinfinder association edge
group_1962	Uncharacterised protein	group_2704	type I restriction-modification system, R subunit	0.3011723966275392	0.016867570530098814	400.1666666666667	391919.25	True	False	True	association_component_1;dissociation_component_1	True	True	0	False	order_far_Q99.9	direct published Coinfinder association edge
group_5412	phage protein	group_5360	DNA-directed RNA polymerase subunit beta	0.3010854567841419	0.014550730693069296	176.78571428571428	162804.14285714287	True	False	True	association_component_1;dissociation_component_1	True	True	0	False	order_far_Q99.9	direct published Coinfinder association edge
ponA	Uncharacterised protein	group_5409	Uncharacterised protein	0.3007744100297259	2.578077595238094	174.85714285714286	167706.14285714287	False	True	True	association_component_1;dissociation_component_1	True	True	0	False	order_far_Q99.9	direct published Coinfinder dissociation edge
group_4892	bacteriophage integrase	group_1754	galactose-1-phosphate uridylyltransferase	0.30049104803156346	0.013576813086250271	322.55	318606.9	True	False	True	association_component_1;dissociation_component_1	True	True	0	False	order_far_Q99.9	direct published Coinfinder association edge
group_5406	pts system lactose-specific transporter subunit EIIBC	lagD_1	Membrane protein	0.2999305635239601	0.023991236450306905	320.63440860215053	314197.06451612903	True	False	True	association_component_1;dissociation_component_1	True	True	0	False	order_far_Q99.9	direct published Coinfinder association edge
group_3080	Uncharacterised protein	galT_2	anthranilate synthase component II (glutamine amido-transferase)	0.2999221541775433	0.011113690476190466	293.6842105263158	290041.0	True	False	True	association_component_1;dissociation_component_1	True	True	0	False	order_far_Q99.9	direct published Coinfinder association edge
iap	anaerobic benzoate catabolism transcriptional regulator	group_624	choline binding protein C	0.2998622770943512	0.0132285553814002	331.6666666666667	314403.1111111111	True	False	True	association_component_1;dissociation_component_1	True	True	0	False	order_far_Q99.9	direct published Coinfinder association edge
group_5358	Ribose import ATP-binding protein rbsA	group_624	choline binding protein C	0.2998622770943512	0.0132285553814002	334.6666666666667	317376.55555555556	True	False	True	association_component_1;dissociation_component_1	True	True	0	False	order_far_Q99.9	direct published Coinfinder association edge
ftsK_1	Uncharacterised protein	group_624	choline binding protein C	0.2998622770943512	0.013231461598746075	341.6666666666667	323835.8888888889	True	False	True	association_component_1;dissociation_component_1	True	True	0	False	order_far_Q99.9	direct published Coinfinder association edge
group_5359	Mobile element protein	group_624	choline binding protein C	0.2998622770943512	0.013220999216300927	333.6666666666667	316126.3333333333	True	False	True	association_component_1;dissociation_component_1	True	True	0	False	order_far_Q99.9	direct published Coinfinder association edge
group_5942	Uncharacterised protein	group_624	choline binding protein C	0.2998622770943512	0.013231461598746075	342.6666666666667	324826.22222222225	True	False	True	association_component_1;dissociation_component_1	True	True	0	False	order_far_Q99.9	direct published Coinfinder association edge
group_4448	sortase family protein	group_1976	anthranilate phosphoribosyltransferase	0.2993630531031746	0.011557439124486993	419.6666666666667	408256.77777777775	True	False	True	association_component_1;dissociation_component_1	True	True	0	False	order_far_Q99.9	direct published Coinfinder association edge
group_6001	Uncharacterised protein	group_1989	phage protein	0.2992539267694665	0.02039376224652539	228.3125	218592.5	True	False	True	association_component_1;dissociation_component_1	True	True	0	False	order_far_Q99.9	direct published Coinfinder association edge
group_3071	phage protein	tetM	Helix-turn-helix domain	0.29924929825249336	0.018199184624344774	189.46666666666667	178974.46666666667	True	False	True	association_component_1;dissociation_component_1	True	True	0	False	order_far_Q99.9	direct published Coinfinder association edge
lytB_3	hypothetical cytosolic protein	group_4046	Uncharacterised protein	0.2992262744533664	0.010686590062111782	102.4	103998.0	True	False	True	association_component_1;dissociation_component_1	True	True	0	False	order_far_Q99.9	direct published Coinfinder association edge
pbpX_1	transcriptional regulator	group_13	Uncharacterised protein	0.2986965282193906	0.019580022120518677	106.9746835443038	117107.79746835443	True	False	True	association_component_1;dissociation_component_1	True	True	0	False	order_far_Q99.9	direct published Coinfinder association edge
group_5890	transcriptional regulator	group_4046	Uncharacterised protein	0.2985649738130297	0.010203341858482502	102.6	105352.6	True	False	True	association_component_1;dissociation_component_1	True	True	0	False	order_far_Q99.9	direct published Coinfinder association edge
group_4679	excreted peptide	nhaK	Uncharacterised protein	0.2982292608440565	0.01822099379564046	326.04761904761904	330959.71428571426	True	False	True	association_component_1;dissociation_component_1	True	True	0	False	order_far_Q99.9	direct published Coinfinder association edge
group_3080	Uncharacterised protein	group_1976	anthranilate phosphoribosyltransferase	0.298081343293306	0.010979224039013186	273.0	268184.9090909091	True	False	True	association_component_1;dissociation_component_1	True	True	0	False	order_far_Q99.9	direct published Coinfinder association edge
group_5991	phage protein	group_1656	filamentation induced by cAMP protein fic	0.2978281404672676	0.01257955311542389	116.98611111111111	104878.19444444444	True	False	True	association_component_1;dissociation_component_1	True	True	0	False	order_far_Q99.9	direct published Coinfinder association edge
group_3419	phage protein	group_1656	filamentation induced by cAMP protein fic	0.2978281404672676	0.01257955311542389	108.98611111111111	98239.18055555556	True	False	True	association_component_1;dissociation_component_1	True	True	0	False	order_far_Q99.9	direct published Coinfinder association edge
group_5411	DNA-binding phage protein	group_1656	filamentation induced by cAMP protein fic	0.2978281404672676	0.012626792645556679	120.98611111111111	107681.41666666667	True	False	True	association_component_1;dissociation_component_1	True	True	0	False	order_far_Q99.9	direct published Coinfinder association edge
group_4892	bacteriophage integrase	group_5360	DNA-directed RNA polymerase subunit beta	0.297822264970229	0.014772974257425726	176.07142857142858	162622.42857142858	True	False	True	association_component_1;dissociation_component_1	True	True	0	False	order_far_Q99.9	direct published Coinfinder association edge
group_4326	membrane protein	group_4837	Uncharacterised protein	0.29781345779858326	1.1981805698924721	109.2	108464.0	False	True	True	association_component_1;dissociation_component_1	True	True	0	False	order_far_Q99.9	direct published Coinfinder dissociation edge
group_4326	membrane protein	group_5355	Uncharacterised protein	0.29781345779858326	1.1991098064516121	111.4	110945.4	False	True	True	association_component_1;dissociation_component_1	True	True	0	False	order_far_Q99.9	direct published Coinfinder dissociation edge
group_4326	membrane protein	group_5357	Mobile element protein	0.29781345779858326	1.1980945483870957	109.4	109165.4	False	True	True	association_component_1;dissociation_component_1	True	True	0	False	order_far_Q99.9	direct published Coinfinder dissociation edge
group_3324	transcriptional regulator	smc_1	cysteine synthase	0.29775622379822136	0.018450725062826665	175.0	182695.83333333334	True	False	True	association_component_1;dissociation_component_1	True	True	0	False	order_far_Q99.9	direct published Coinfinder association edge
group_5409	Uncharacterised protein	group_3024	CbxX/CfqX family protein	0.2976516753511835	0.014823902020202007	190.26666666666668	179591.73333333334	True	False	True	association_component_1;dissociation_component_1	True	True	0	False	order_far_Q99.9	direct published Coinfinder association edge
ponA	Uncharacterised protein	group_5410	phage protein	0.2975207940491821	2.3585703030303016	176.85714285714286	169512.57142857142	False	True	True	association_component_1;dissociation_component_1	True	True	0	False	order_far_Q99.9	direct published Coinfinder dissociation edge
ponA	Uncharacterised protein	group_5408	phage protein	0.2975207940491821	2.3636054329004317	172.625	166886.25	False	True	True	association_component_1;dissociation_component_1	True	True	0	False	order_far_Q99.9	direct published Coinfinder dissociation edge
ponA	Uncharacterised protein	group_3705	phage protein	0.2975207940491821	2.3636054329004317	176.875	170296.625	False	True	True	association_component_1;dissociation_component_1	True	True	0	False	order_far_Q99.9	direct published Coinfinder dissociation edge
group_4886	Uncharacterised protein	group_3324	transcriptional regulator	0.29718764210027515	0.01823472592836617	104.66666666666667	104179.5	True	False	True	association_component_1;dissociation_component_1	True	True	0	False	order_far_Q99.9	direct published Coinfinder association edge
gutB	glutamyl-tRNA(Gln) amidotransferase, A subunit	group_1359	anthranilate synthase component I	0.29706898001425597	0.015639673913043467	421.1578947368421	412079.3157894737	True	False	True	association_component_1;dissociation_component_1	True	True	0	False	order_far_Q99.9	direct published Coinfinder association edge
group_5355	Uncharacterised protein	group_1656	filamentation induced by cAMP protein fic	0.2970270756024449	0.013956842696629205	285.6875	267499.6875	True	False	True	association_component_1;dissociation_component_1	True	True	0	False	order_far_Q99.9	direct published Coinfinder association edge
group_5357	Mobile element protein	group_1656	filamentation induced by cAMP protein fic	0.2970270756024449	0.013931581772784005	278.6875	260422.9375	True	False	True	association_component_1;dissociation_component_1	True	True	0	False	order_far_Q99.9	direct published Coinfinder association edge
group_4837	Uncharacterised protein	group_1656	filamentation induced by cAMP protein fic	0.2970270756024449	0.013935604244694122	277.6875	259933.0	True	False	True	association_component_1;dissociation_component_1	True	True	0	False	order_far_Q99.9	direct published Coinfinder association edge
group_2605	putative metal-binding, possibly nucleic acid-binding protein	group_5399	polypeptide deformylase	0.2966324913212963	3.7183685661764683	285.5	259147.3	False	True	True	association_component_1;dissociation_component_1	True	True	0	False	order_far_Q99.9	direct published Coinfinder dissociation edge
group_4084	Uncharacterised protein	group_1989	phage protein	0.2963947064327642	0.020549430394167217	224.52941176470588	214858.11764705883	True	False	True	association_component_1;dissociation_component_1	True	True	0	False	order_far_Q99.9	direct published Coinfinder association edge
gutB	glutamyl-tRNA(Gln) amidotransferase, A subunit	group_5416	thioredoxin	0.2963176962235954	0.01743702429493713	365.85	359906.5	True	False	True	association_component_1;dissociation_component_1	True	True	0	False	order_far_Q99.9	direct published Coinfinder association edge
group_2866	Uncharacterised protein	group_5266	type II restriction endonuclease	0.2958053035520268	0.01857058886765407	172.625	169400.25	True	False	True	association_component_1;dissociation_component_1	True	True	0	False	order_far_Q99.9	direct published Coinfinder association edge
group_2704	type I restriction-modification system, R subunit	group_4894	30S ribosomal protein S16	0.29573513315884953	0.014023035834266506	384.93333333333334	387279.4666666667	True	False	True	association_component_1;dissociation_component_1	True	True	0	False	order_far_Q99.9	direct published Coinfinder association edge
group_6001	Uncharacterised protein	group_3714	Uncharacterised protein	0.2955769385803101	0.02057566928685348	230.125	219118.6875	True	False	True	association_component_1;dissociation_component_1	True	True	0	False	order_far_Q99.9	direct published Coinfinder association edge
gutB	glutamyl-tRNA(Gln) amidotransferase, A subunit	galT_2	anthranilate synthase component II (glutamine amido-transferase)	0.29550390048015457	0.01566966598032486	420.1578947368421	411443.1052631579	True	False	True	association_component_1;dissociation_component_1	True	True	0	False	order_far_Q99.9	direct published Coinfinder association edge
group_2704	type I restriction-modification system, R subunit	group_3724	Uncharacterised protein	0.2954862382566632	0.013595535346602598	359.8333333333333	355621.6666666667	True	False	True	association_component_1;dissociation_component_1	True	True	0	False	order_far_Q99.9	direct published Coinfinder association edge
group_5412	phage protein	group_1656	filamentation induced by cAMP protein fic	0.2953292270896226	0.012829745914198151	121.98611111111111	108827.90277777778	True	False	True	association_component_1;dissociation_component_1	True	True	0	False	order_far_Q99.9	direct published Coinfinder association edge
group_5355	Uncharacterised protein	group_624	choline binding protein C	0.29523891226428767	0.013720899947753388	343.6666666666667	326874.8888888889	True	False	True	association_component_1;dissociation_component_1	True	True	0	False	order_far_Q99.9	direct published Coinfinder association edge
group_5357	Mobile element protein	group_624	choline binding protein C	0.29523891226428767	0.01369567398119121	336.6666666666667	319360.3333333333	True	False	True	association_component_1;dissociation_component_1	True	True	0	False	order_far_Q99.9	direct published Coinfinder association edge
group_4837	Uncharacterised protein	group_624	choline binding protein C	0.29523891226428767	0.0136996264367816	335.6666666666667	318930.44444444444	True	False	True	association_component_1;dissociation_component_1	True	True	0	False	order_far_Q99.9	direct published Coinfinder association edge
group_4084	Uncharacterised protein	group_5990	prophage Sa05, P4 family DNA primase	0.2952051955697912	0.020576732283464554	225.8235294117647	215249.17647058822	True	False	True	association_component_1;dissociation_component_1	True	True	0	False	order_far_Q99.9	direct published Coinfinder association edge
group_3080	Uncharacterised protein	group_624	choline binding protein C	0.29518193585399166	0.01087429539295392	179.70454545454547	172644.1590909091	True	False	True	association_component_1;dissociation_component_1	True	True	0	False	order_far_Q99.9	direct published Coinfinder association edge
group_4212	6-phosphogluconolactonase/Glucosamine-6-phosphateisomerase/deaminase	smc_1	cysteine synthase	0.2949239581372496	0.018456524914584035	122.0	120937.75	True	False	True	association_component_1;dissociation_component_1	True	True	0	False	order_far_Q99.9	direct published Coinfinder association edge
group_5408	phage protein	group_3024	CbxX/CfqX family protein	0.2948256922090699	0.01510203838383837	191.0	181011.4	True	False	True	association_component_1;dissociation_component_1	True	True	0	False	order_far_Q99.9	direct published Coinfinder association edge
group_5410	phage protein	group_3024	CbxX/CfqX family protein	0.2948256922090699	0.015052597979797966	188.8	177696.4	True	False	True	association_component_1;dissociation_component_1	True	True	0	False	order_far_Q99.9	direct published Coinfinder association edge
group_3705	phage protein	group_3024	CbxX/CfqX family protein	0.2948256922090699	0.01510203838383837	188.06666666666666	177330.13333333333	True	False	True	association_component_1;dissociation_component_1	True	True	0	False	order_far_Q99.9	direct published Coinfinder association edge
group_5423	Uncharacterised protein	group_5411	DNA-binding phage protein	0.2947200240016103	0.019933457271364304	222.6	210037.53333333333	True	False	True	association_component_1;dissociation_component_1	True	True	0	False	order_far_Q99.9	direct published Coinfinder association edge
group_4888	choline binding protein J	erm	Uncharacterised protein	0.29455731667389773	0.014635156798245603	318.88235294117646	301327.35294117645	True	False	True	association_component_1;dissociation_component_1	True	True	0	False	order_far_Q99.9	direct published Coinfinder association edge
group_2056	transcriptional regulator, MarR family	group_6274	Uncharacterised protein	0.29433472581271164	0.0206155992268041	209.3846153846154	214870.6923076923	True	False	True	association_component_1;dissociation_component_1	True	True	0	False	order_far_Q99.9	direct published Coinfinder association edge
group_5996	ion transporter	group_6011	competence stimulating peptide 2	0.2941453818844142	0.008849106306306294	209.0	202123.8	True	False	True	association_component_1;dissociation_component_1	True	True	0	False	order_far_Q99.9	direct published Coinfinder association edge
group_3978	putative sporulation transcription regulator whiA	ponA	Uncharacterised protein	0.29400983519882584	0.01941857275995204	142.77777777777777	142907.33333333334	True	False	True	association_component_1;dissociation_component_1	True	True	0	False	order_far_Q99.9	direct published Coinfinder association edge
group_4679	excreted peptide	group_4212	6-phosphogluconolactonase/Glucosamine-6-phosphateisomerase/deaminase	0.2936243563431966	0.01827049613550099	111.0	103403.0	True	False	True	association_component_1;dissociation_component_1	True	True	0	False	order_far_Q99.9	direct published Coinfinder association edge
group_5423	Uncharacterised protein	group_1989	phage protein	0.29357813123752385	0.02073931134654817	229.3125	219450.0625	True	False	True	association_component_1;dissociation_component_1	True	True	0	False	order_far_Q99.9	direct published Coinfinder association edge
group_4871	Uncharacterised protein	group_1989	phage protein	0.29357813123752385	0.020758192640692622	220.88235294117646	212250.11764705883	True	False	True	association_component_1;dissociation_component_1	True	True	0	False	order_far_Q99.9	direct published Coinfinder association edge
group_1576	Uncharacterised protein	group_3703	3-dehydroquinate synthase	0.29343033132683916	1.2720242234848476	143.6	121403.4	False	True	True	association_component_1;dissociation_component_1	True	True	0	False	order_far_Q99.9	direct published Coinfinder dissociation edge
group_3024	CbxX/CfqX family protein	group_4882	N-6 adenine-specific DNA methylase	0.29336488812604533	0.01330224170172977	309.375	293416.75	True	False	True	association_component_1;dissociation_component_1	True	True	0	False	order_far_Q99.9	direct published Coinfinder association edge
Int-Tn_1	phage protein	group_4451	galactokinase, (galactose kinase)	0.29328981540877513	0.014791776158623975	323.0	319509.7	True	False	False		True	True	0	False	order_far_Q99.9	direct published Coinfinder association edge
galE	putative UDP-glucose 4-epimerase	ponA	Uncharacterised protein	0.29325439092211325	0.01939438417563703	145.77777777777777	144787.77777777778	True	False	True	association_component_1;dissociation_component_1	True	True	0	False	order_far_Q99.9	direct published Coinfinder association edge
group_1754	galactose-1-phosphate uridylyltransferase	group_5998	CrcB protein	0.2932053553572496	0.009736755923401483	246.85714285714286	253987.2857142857	True	False	True	association_component_1;dissociation_component_1	True	True	0	False	order_far_Q99.9	direct published Coinfinder association edge
group_5887	Uncharacterised protein	group_5891	dehydrogenase	0.2929906647633784	0.012062985133020322	101.5909090909091	97162.90909090909	True	False	True	association_component_1;dissociation_component_1	True	True	0	False	order_far_Q99.9	direct published Coinfinder association edge
group_5886	Uncharacterised protein	group_5891	dehydrogenase	0.2929906647633784	0.012062985133020322	103.4090909090909	98887.45454545454	True	False	True	association_component_1;dissociation_component_1	True	True	0	False	order_far_Q99.9	direct published Coinfinder association edge
group_5888	Uncharacterised protein	group_5891	dehydrogenase	0.2929906647633784	0.012062985133020322	100.73913043478261	96200.21739130435	True	False	True	association_component_1;dissociation_component_1	True	True	0	False	order_far_Q99.9	direct published Coinfinder association edge
group_4892	bacteriophage integrase	group_1656	filamentation induced by cAMP protein fic	0.29287340031927367	0.013068853421859027	122.95774647887323	109979.11267605633	True	False	True	association_component_1;dissociation_component_1	True	True	0	False	order_far_Q99.9	direct published Coinfinder association edge
yxlF	Uncharacterised protein	group_5417	major facilitator superfamily permease	0.2928027577364576	0.023824134970658526	152.0	150310.7857142857	True	False	True	association_component_1;dissociation_component_1	True	True	0	False	order_far_Q99.9	direct published Coinfinder association edge
group_5979	cobyric acid synthase	group_4451	galactokinase, (galactose kinase)	0.2927966609848249	0.014490446941323327	135.0	129387.0	True	False	True	association_component_1;dissociation_component_1	True	True	0	False	order_far_Q99.9	direct published Coinfinder association edge
group_4084	Uncharacterised protein	group_3714	Uncharacterised protein	0.2927231149634006	0.020732180451127798	226.47058823529412	215653.70588235295	True	False	True	association_component_1;dissociation_component_1	True	True	0	False	order_far_Q99.9	direct published Coinfinder association edge
group_4871	Uncharacterised protein	group_5990	prophage Sa05, P4 family DNA primase	0.2926085642614514	0.020791869463582652	222.1764705882353	212641.17647058822	True	False	True	association_component_1;dissociation_component_1	True	True	0	False	order_far_Q99.9	direct published Coinfinder association edge
group_5360	DNA-directed RNA polymerase subunit beta	group_4882	N-6 adenine-specific DNA methylase	0.29231127850240024	0.013954779395296742	297.4375	278236.75	True	False	True	association_component_1;dissociation_component_1	True	True	0	False	order_far_Q99.9	direct published Coinfinder association edge
group_4886	Uncharacterised protein	nhaK	Uncharacterised protein	0.2922389139318454	0.018267570374318753	104.0	103692.0	True	False	True	association_component_1;dissociation_component_1	True	True	0	False	order_far_Q99.9	direct published Coinfinder association edge
group_5409	Uncharacterised protein	group_3724	Uncharacterised protein	0.29218536681697876	0.014028136618141084	198.26666666666668	187353.06666666668	True	False	True	association_component_1;dissociation_component_1	True	True	0	False	order_far_Q99.9	direct published Coinfinder association edge
group_3080	Uncharacterised protein	group_1359	anthranilate synthase component I	0.29211765903460923	0.011012847487511012	294.6842105263158	290669.7894736842	True	False	True	association_component_1;dissociation_component_1	True	True	0	False	order_far_Q99.9	direct published Coinfinder association edge
group_6001	Uncharacterised protein	group_1366	DNA-binding phage protein	0.29198186431135387	0.020696634768740015	224.625	214449.5625	True	False	True	association_component_1;dissociation_component_1	True	True	0	False	order_far_Q99.9	direct published Coinfinder association edge
group_5979	cobyric acid synthase	galT_2	anthranilate synthase component II (glutamine amido-transferase)	0.29152810152725306	0.014504783882783865	115.8	112548.2	True	False	True	association_component_1;dissociation_component_1	True	True	0	False	order_far_Q99.9	direct published Coinfinder association edge
group_5357	Mobile element protein	group_5411	DNA-binding phage protein	0.29148769200613706	0.015732777460498754	190.6	180060.26666666666	True	False	True	association_component_1;dissociation_component_1	True	True	0	False	order_far_Q99.9	direct published Coinfinder association edge
malI	transcriptional regulator	group_1989	phage protein	0.2908027818939912	0.020896664388243325	219.11764705882354	210418.64705882352	True	False	True	association_component_1;dissociation_component_1	True	True	0	False	order_far_Q99.9	direct published Coinfinder association edge
group_2704	type I restriction-modification system, R subunit	tetM	Helix-turn-helix domain	0.2907316261926216	0.013810018302447942	348.75	345156.25	True	False	True	association_component_1;dissociation_component_1	True	True	0	False	order_far_Q99.9	direct published Coinfinder association edge
group_5416	thioredoxin	group_1656	filamentation induced by cAMP protein fic	0.2904590129871577	0.013857685137895797	316.9	317462.7	True	False	True	association_component_1;dissociation_component_1	True	True	0	False	order_far_Q99.9	direct published Coinfinder association edge
group_5359	Mobile element protein	group_1656	filamentation induced by cAMP protein fic	0.2904590129871577	0.013773200970377923	275.6875	257081.3125	True	False	True	association_component_1;dissociation_component_1	True	True	0	False	order_far_Q99.9	direct published Coinfinder association edge
group_4581	RNA polymerase sigma factor	group_1656	filamentation induced by cAMP protein fic	0.2904590129871577	0.013929615679264545	272.6875	253931.125	True	False	True	association_component_1;dissociation_component_1	True	True	0	False	order_far_Q99.9	direct published Coinfinder association edge
Int-Tn_1	phage protein	group_624	choline binding protein C	0.29040749304683405	0.014900414964249223	178.7111111111111	172212.55555555556	True	False	False		True	True	0	False	order_far_Q99.9	direct published Coinfinder association edge
group_4448	sortase family protein	galT_2	anthranilate synthase component II (glutamine amido-transferase)	0.2902996420788154	0.011974322845417223	415.875	409374.375	True	False	True	association_component_1;dissociation_component_1	True	True	0	False	order_far_Q99.9	direct published Coinfinder association edge
malI	transcriptional regulator	group_5990	prophage Sa05, P4 family DNA primase	0.2900467358476077	0.020931129429133843	220.41176470588235	210809.70588235295	True	False	True	association_component_1;dissociation_component_1	True	True	0	False	order_far_Q99.9	direct published Coinfinder association edge
group_4871	Uncharacterised protein	group_3714	Uncharacterised protein	0.2899119520854526	0.02094229209387102	222.8235294117647	213045.70588235295	True	False	True	association_component_1;dissociation_component_1	True	True	0	False	order_far_Q99.9	direct published Coinfinder association edge
group_5423	Uncharacterised protein	group_3714	Uncharacterised protein	0.2899119520854526	0.020923025176577785	231.125	219976.25	True	False	True	association_component_1;dissociation_component_1	True	True	0	False	order_far_Q99.9	direct published Coinfinder association edge
group_1119	ABC transporter ATP-binding protein	tetM	Helix-turn-helix domain	0.28975202421333496	0.015011762597984313	228.375	204472.25	True	False	True	association_component_1;dissociation_component_1	True	True	0	False	order_far_Q99.9	direct published Coinfinder association edge
nagC_2	Uncharacterised protein	lagD_1	Membrane protein	0.2897237283064269	0.02432044207914326	317.7204301075269	310626.9247311828	True	False	True	association_component_1;dissociation_component_1	True	True	0	False	order_far_Q99.9	direct published Coinfinder association edge
group_6001	Uncharacterised protein	group_5990	prophage Sa05, P4 family DNA primase	0.2896674057860305	0.02074291901012372	229.5625	218889.3125	True	False	True	association_component_1;dissociation_component_1	True	True	0	False	order_far_Q99.9	direct published Coinfinder association edge
group_5410	phage protein	group_3724	Uncharacterised protein	0.2896534511005442	0.014264642777155641	196.8	185457.73333333334	True	False	True	association_component_1;dissociation_component_1	True	True	0	False	order_far_Q99.9	direct published Coinfinder association edge
group_3705	phage protein	group_3724	Uncharacterised protein	0.2896534511005442	0.014296213885778262	196.06666666666666	185091.46666666667	True	False	True	association_component_1;dissociation_component_1	True	True	0	False	order_far_Q99.9	direct published Coinfinder association edge
group_5408	phage protein	group_3724	Uncharacterised protein	0.2896534511005442	0.014296213885778262	199.0	188772.73333333334	True	False	True	association_component_1;dissociation_component_1	True	True	0	False	order_far_Q99.9	direct published Coinfinder association edge
group_5236	Uncharacterised protein	group_5891	dehydrogenase	0.28955463700295697	0.012354426838810623	102.5	98192.09090909091	True	False	True	association_component_1;dissociation_component_1	True	True	0	False	order_far_Q99.9	direct published Coinfinder association edge
group_5410	phage protein	group_5361	Uncharacterised protein	0.289551793725214	0.015863653150580605	128.57142857142858	118112.28571428571	True	False	True	association_component_1;dissociation_component_1	True	True	0	False	order_far_Q99.9	direct published Coinfinder association edge
group_5415	3-ketoacyl-ACP reductase	group_5418	2-isopropylmalate synthase	0.2894325226446623	0.017852524122807	193.0	201047.33333333334	True	False	True	association_component_1;dissociation_component_1	True	True	0	False	order_far_Q99.9	direct published Coinfinder association edge
group_5415	3-ketoacyl-ACP reductase	group_5996	ion transporter	0.2894325226446623	0.017852524122807	173.92857142857142	179187.92857142858	True	False	True	association_component_1;dissociation_component_1	True	True	0	False	order_far_Q99.9	direct published Coinfinder association edge
group_5415	3-ketoacyl-ACP reductase	group_5997	cytotoxic translational repressor of toxin-antitoxin stability system	0.2894325226446623	0.017852524122807	189.0909090909091	195924.36363636365	True	False	True	association_component_1;dissociation_component_1	True	True	0	False	order_far_Q99.9	direct published Coinfinder association edge
group_5410	phage protein	group_4894	30S ribosomal protein S16	0.289364045796457	0.01469235087719297	256.05	253875.1	True	False	True	association_component_1;dissociation_component_1	True	True	0	False	order_far_Q99.9	direct published Coinfinder association edge
group_5411	DNA-binding phage protein	group_4882	N-6 adenine-specific DNA methylase	0.2893368153532141	0.014172964912280686	168.32051282051282	157135.10256410256	True	False	True	association_component_1;dissociation_component_1	True	True	0	False	order_far_Q99.9	direct published Coinfinder association edge
group_3419	phage protein	group_4882	N-6 adenine-specific DNA methylase	0.2893368153532141	0.014133763157894726	156.33333333333334	148056.7564102564	True	False	True	association_component_1;dissociation_component_1	True	True	0	False	order_far_Q99.9	direct published Coinfinder association edge
group_5991	phage protein	group_4882	N-6 adenine-specific DNA methylase	0.2893368153532141	0.014133763157894726	164.32051282051282	154189.07692307694	True	False	True	association_component_1;dissociation_component_1	True	True	0	False	order_far_Q99.9	direct published Coinfinder association edge
group_6001	Uncharacterised protein	group_3419	phage protein	0.2893358673571172	0.01985841113653698	221.6875	209167.5	True	False	True	association_component_1;dissociation_component_1	True	True	0	False	order_far_Q99.9	direct published Coinfinder association edge
group_6001	Uncharacterised protein	group_5991	phage protein	0.2893358673571172	0.01985841113653698	224.53333333333333	212426.26666666666	True	False	True	association_component_1;dissociation_component_1	True	True	0	False	order_far_Q99.9	direct published Coinfinder association edge
group_6001	Uncharacterised protein	group_5411	DNA-binding phage protein	0.2893358673571172	0.019905949656750552	221.6	209162.86666666667	True	False	True	association_component_1;dissociation_component_1	True	True	0	False	order_far_Q99.9	direct published Coinfinder association edge
pbpX_1	transcriptional regulator	group_4448	sortase family protein	0.289267708356132	0.018532075325179562	101.01234567901234	110259.13580246913	True	False	True	association_component_1;dissociation_component_1	True	True	0	False	order_far_Q99.9	direct published Coinfinder association edge
group_4891	phage protein	group_4448	sortase family protein	0.289267708356132	0.018024752475247516	233.32432432432432	231975.17567567568	True	False	True	association_component_1;dissociation_component_1	True	True	0	False	order_far_Q99.9	direct published Coinfinder association edge
group_5944	membrane protein	group_4882	N-6 adenine-specific DNA methylase	0.2892058616523929	0.014178577827547582	313.8333333333333	290059.1666666667	True	False	True	association_component_1;dissociation_component_1	True	True	0	False	order_far_Q99.9	direct published Coinfinder association edge
Int-Tn_2	membrane protein	group_4882	N-6 adenine-specific DNA methylase	0.2892058616523929	0.014178577827547582	295.8235294117647	275794.70588235295	True	False	False		True	True	0	False	order_far_Q99.9	direct published Coinfinder association edge
group_5945	CBS domain membrane protein	group_4882	N-6 adenine-specific DNA methylase	0.2892058616523929	0.014178577827547582	296.8235294117647	276922.76470588235	True	False	True	association_component_1;dissociation_component_1	True	True	0	False	order_far_Q99.9	direct published Coinfinder association edge
group_4448	sortase family protein	group_4451	galactokinase, (galactose kinase)	0.28914682106435463	0.011939543417366935	447.0	440939.125	True	False	True	association_component_1;dissociation_component_1	True	True	0	False	order_far_Q99.9	direct published Coinfinder association edge
group_5359	Mobile element protein	group_3419	phage protein	0.28913752077227867	0.015545605707629574	191.9375	180767.4375	True	False	True	association_component_1;dissociation_component_1	True	True	0	False	order_far_Q99.9	direct published Coinfinder association edge
group_5942	Uncharacterised protein	group_5411	DNA-binding phage protein	0.28913752077227867	0.015602281110463974	196.6	185679.46666666667	True	False	True	association_component_1;dissociation_component_1	True	True	0	False	order_far_Q99.9	direct published Coinfinder association edge
ftsK_1	Uncharacterised protein	group_5411	DNA-binding phage protein	0.28913752077227867	0.015602281110463974	195.6	184547.4	True	False	True	association_component_1;dissociation_component_1	True	True	0	False	order_far_Q99.9	direct published Coinfinder association edge
ftsK_1	Uncharacterised protein	group_5991	phage protein	0.28913752077227867	0.015556089108910879	198.53333333333333	187810.8	True	False	True	association_component_1;dissociation_component_1	True	True	0	False	order_far_Q99.9	direct published Coinfinder association edge
group_5359	Mobile element protein	group_5991	phage protein	0.28913752077227867	0.015545605707629574	190.53333333333333	179994.33333333334	True	False	True	association_component_1;dissociation_component_1	True	True	0	False	order_far_Q99.9	direct published Coinfinder association edge
group_5942	Uncharacterised protein	group_3419	phage protein	0.28913752077227867	0.015556089108910879	199.8125	188537.3125	True	False	True	association_component_1;dissociation_component_1	True	True	0	False	order_far_Q99.9	direct published Coinfinder association edge
group_5942	Uncharacterised protein	group_5991	phage protein	0.28913752077227867	0.015556089108910879	199.53333333333333	188942.86666666667	True	False	True	association_component_1;dissociation_component_1	True	True	0	False	order_far_Q99.9	direct published Coinfinder association edge
ftsK_1	Uncharacterised protein	group_3419	phage protein	0.28913752077227867	0.015556089108910879	198.9375	187491.75	True	False	True	association_component_1;dissociation_component_1	True	True	0	False	order_far_Q99.9	direct published Coinfinder association edge
group_5359	Mobile element protein	group_5411	DNA-binding phage protein	0.28913752077227867	0.015591797709182668	187.6	176730.93333333332	True	False	True	association_component_1;dissociation_component_1	True	True	0	False	order_far_Q99.9	direct published Coinfinder association edge
group_4084	Uncharacterised protein	group_1366	DNA-binding phage protein	0.28913345301173665	0.02085352358168146	220.64705882352942	210612.41176470587	True	False	True	association_component_1;dissociation_component_1	True	True	0	False	order_far_Q99.9	direct published Coinfinder association edge
group_5423	Uncharacterised protein	group_5412	phage protein	0.288816523756274	0.020133137931034464	221.86666666666667	209375.73333333334	True	False	True	association_component_1;dissociation_component_1	True	True	0	False	order_far_Q99.9	direct published Coinfinder association edge
group_3656	Uncharacterised protein	group_2233	oligopeptide binding lipoprotein	0.2887747971782051	0.02012468624301227	169.0	170313.8	True	False	True	association_component_1;dissociation_component_1	True	True	0	False	order_far_Q99.9	direct published Coinfinder association edge
group_5291	ATP-dependent Clp protease, ATP-binding subunit ClpX	group_2605	putative metal-binding, possibly nucleic acid-binding protein	0.2886978280348912	0.01925808295323236	172.65217391304347	166210.30434782608	True	False	True	association_component_1;dissociation_component_1	True	True	0	False	order_far_Q99.9	direct published Coinfinder association edge
group_4291	Uncharacterised protein	group_3184	Uncharacterised protein	0.2886914921616164	0.018622199935533015	227.66666666666666	221757.66666666666	True	False	True	association_component_1;dissociation_component_1	True	True	0	False	order_far_Q99.9	direct published Coinfinder association edge
group_1962	Uncharacterised protein	group_624	choline binding protein C	0.2885683688602627	0.015326614420062681	332.3333333333333	315496.9166666667	True	False	True	association_component_1;dissociation_component_1	True	True	0	False	order_far_Q99.9	direct published Coinfinder association edge
nhaK	Uncharacterised protein	smc_1	cysteine synthase	0.28816257120048006	0.018485719701332087	174.33333333333334	182319.16666666666	True	False	True	association_component_1;dissociation_component_1	True	True	0	False	order_far_Q99.9	direct published Coinfinder association edge
group_4291	Uncharacterised protein	smc_1	cysteine synthase	0.28816257120048006	0.018504610445698483	228.0	222210.5	True	False	True	association_component_1;dissociation_component_1	True	True	0	False	order_far_Q99.9	direct published Coinfinder association edge
group_5887	Uncharacterised protein	group_5890	transcriptional regulator	0.28808801900368197	0.012308462441314533	100.68181818181819	95983.95454545454	True	False	True	association_component_1;dissociation_component_1	True	True	0	False	order_far_Q99.9	direct published Coinfinder association edge
group_5886	Uncharacterised protein	group_5890	transcriptional regulator	0.28808801900368197	0.012308462441314533	102.5	97708.5	True	False	True	association_component_1;dissociation_component_1	True	True	0	False	order_far_Q99.9	direct published Coinfinder association edge
yihX	transcriptional regulator	group_1989	phage protein	0.2880673187490823	0.02107442071086806	220.0	211918.82352941178	True	False	True	association_component_1;dissociation_component_1	True	True	0	False	order_far_Q99.9	direct published Coinfinder association edge
group_5357	Mobile element protein	group_5412	phage protein	0.2879766244724395	0.01592699790595849	189.86666666666667	179398.46666666667	True	False	True	association_component_1;dissociation_component_1	True	True	0	False	order_far_Q99.9	direct published Coinfinder association edge
group_3080	Uncharacterised protein	group_4451	galactokinase, (galactose kinase)	0.2879283181936538	0.011358026741110772	324.8421052631579	321948.8947368421	True	False	True	association_component_1;dissociation_component_1	True	True	0	False	order_far_Q99.9	direct published Coinfinder association edge
group_4886	Uncharacterised protein	group_4212	6-phosphogluconolactonase/Glucosamine-6-phosphateisomerase/deaminase	0.28763801941087236	0.018317436983709426	175.66666666666666	169930.66666666666	True	False	True	association_component_1;dissociation_component_1	True	True	0	False	order_far_Q99.9	direct published Coinfinder association edge
group_4581	RNA polymerase sigma factor	group_624	choline binding protein C	0.28763235946786797	0.013694476075915521	330.6666666666667	313553.8888888889	True	False	True	association_component_1;dissociation_component_1	True	True	0	False	order_far_Q99.9	direct published Coinfinder association edge
group_5409	Uncharacterised protein	Int-Tn_2	membrane protein	0.2875203435936784	0.01569547272374295	176.6	162011.26666666666	True	False	False		True	True	0	False	order_far_Q99.9	direct published Coinfinder association edge
group_5409	Uncharacterised protein	group_5944	membrane protein	0.2875203435936784	0.01569547272374295	152.4	140926.4	True	False	True	association_component_1;dissociation_component_1	True	True	0	False	order_far_Q99.9	direct published Coinfinder association edge
group_5409	Uncharacterised protein	group_5945	CBS domain membrane protein	0.2875203435936784	0.01569547272374295	177.6	163128.8	True	False	True	association_component_1;dissociation_component_1	True	True	0	False	order_far_Q99.9	direct published Coinfinder association edge
group_5409	Uncharacterised protein	group_1754	galactose-1-phosphate uridylyltransferase	0.28744916362932343	0.0146571871425303	326.05	322385.75	True	False	True	association_component_1;dissociation_component_1	True	True	0	False	order_far_Q99.9	direct published Coinfinder association edge
group_4084	Uncharacterised protein	group_5411	DNA-binding phage protein	0.28718896225271073	0.020076717009916072	223.6	210566.66666666666	True	False	True	association_component_1;dissociation_component_1	True	True	0	False	order_far_Q99.9	direct published Coinfinder association edge
group_4084	Uncharacterised protein	group_3419	phage protein	0.28718896225271073	0.020029118230358484	223.4375	210398.75	True	False	True	association_component_1;dissociation_component_1	True	True	0	False	order_far_Q99.9	direct published Coinfinder association edge
group_4084	Uncharacterised protein	group_5991	phage protein	0.28718896225271073	0.020029118230358484	226.53333333333333	213830.06666666668	True	False	True	association_component_1;dissociation_component_1	True	True	0	False	order_far_Q99.9	direct published Coinfinder association edge
malI	transcriptional regulator	group_3714	Uncharacterised protein	0.2871420307471323	0.021081512303485976	221.05882352941177	211214.23529411765	True	False	True	association_component_1;dissociation_component_1	True	True	0	False	order_far_Q99.9	direct published Coinfinder association edge
gutB	glutamyl-tRNA(Gln) amidotransferase, A subunit	group_1976	anthranilate phosphoribosyltransferase	0.2869197258110764	0.015898819875776387	448.3	436828.8	True	False	True	association_component_1;dissociation_component_1	True	True	0	False	order_far_Q99.9	direct published Coinfinder association edge
gutB	glutamyl-tRNA(Gln) amidotransferase, A subunit	group_4451	galactokinase, (galactose kinase)	0.2869197258110764	0.016008613234591483	451.2105263157895	443279.3157894737	True	False	True	association_component_1;dissociation_component_1	True	True	0	False	order_far_Q99.9	direct published Coinfinder association edge
gutB	glutamyl-tRNA(Gln) amidotransferase, A subunit	group_4894	30S ribosomal protein S16	0.28687109172268277	0.01646820429202608	381.2105263157895	375512.36842105264	True	False	True	association_component_1;dissociation_component_1	True	True	0	False	order_far_Q99.9	direct published Coinfinder association edge
group_5416	thioredoxin	group_5998	CrcB protein	0.2867342890314349	0.01363078754040551	180.44444444444446	188972.66666666666	True	False	True	association_component_1;dissociation_component_1	True	True	0	False	order_far_Q99.9	direct published Coinfinder association edge
group_5412	phage protein	group_4882	N-6 adenine-specific DNA methylase	0.28640873821062146	0.014375166666666654	169.32051282051282	158309.97435897434	True	False	True	association_component_1;dissociation_component_1	True	True	0	False	order_far_Q99.9	direct published Coinfinder association edge
group_5423	Uncharacterised protein	group_1366	DNA-binding phage protein	0.28632771813900104	0.02104600934153563	225.625	215307.125	True	False	True	association_component_1;dissociation_component_1	True	True	0	False	order_far_Q99.9	direct published Coinfinder association edge
group_4871	Uncharacterised protein	group_1366	DNA-binding phage protein	0.28632771813900104	0.021062779676463864	217.0	208004.41176470587	True	False	True	association_component_1;dissociation_component_1	True	True	0	False	order_far_Q99.9	direct published Coinfinder association edge
corA	MccC family protein	group_789	S4 RNA-binding domain-containing protein	0.28617995456413264	0.02087434836059194	113.4	107654.4	True	False	True	association_component_1;dissociation_component_1	True	True	0	False	order_far_Q99.9	direct published Coinfinder association edge
group_5361	Uncharacterised protein	group_4882	N-6 adenine-specific DNA methylase	0.28616973368703674	0.014425117581186999	313.2857142857143	289580.71428571426	True	False	True	association_component_1;dissociation_component_1	True	True	0	False	order_far_Q99.9	direct published Coinfinder association edge
group_244	degenerate transposase	group_1754	galactose-1-phosphate uridylyltransferase	0.28610115850515516	0.013003243207941476	131.4	126440.2	True	False	True	association_component_1;dissociation_component_1	True	True	0	False	order_far_Q99.9	direct published Coinfinder association edge
group_2751	Uncharacterised protein	group_1922	Uncharacterised protein	0.28591295403246897	0.02289025859247134	195.16666666666666	193522.66666666666	True	False	True	association_component_1;dissociation_component_1	True	True	0	False	order_far_Q99.9	direct published Coinfinder association edge
group_5359	Mobile element protein	group_5412	phage protein	0.28572576624547424	0.015786914191419126	186.86666666666667	176069.13333333333	True	False	True	association_component_1;dissociation_component_1	True	True	0	False	order_far_Q99.9	direct published Coinfinder association edge
group_5942	Uncharacterised protein	group_5412	phage protein	0.28572576624547424	0.01579748495437778	195.86666666666667	185017.66666666666	True	False	True	association_component_1;dissociation_component_1	True	True	0	False	order_far_Q99.9	direct published Coinfinder association edge
ftsK_1	Uncharacterised protein	group_5412	phage protein	0.28572576624547424	0.01579748495437778	194.86666666666667	183885.6	True	False	True	association_component_1;dissociation_component_1	True	True	0	False	order_far_Q99.9	direct published Coinfinder association edge
group_4448	sortase family protein	group_3724	Uncharacterised protein	0.2855014171400067	0.012703367293625902	376.1764705882353	364775.5294117647	True	False	True	association_component_1;dissociation_component_1	True	True	0	False	order_far_Q99.9	direct published Coinfinder association edge
pulA	glucosamine-fructose-6-phosphate aminotransferase	group_4212	6-phosphogluconolactonase/Glucosamine-6-phosphateisomerase/deaminase	0.28550022697818467	0.01833631069859237	150.16666666666666	141364.16666666666	True	False	True	association_component_1;dissociation_component_1	True	True	0	False	order_far_Q99.9	direct published Coinfinder association edge
group_4326	membrane protein	group_3847	Uncharacterised protein	0.2854433425024979	0.02001159311550707	230.2	229561.6	True	False	True	association_component_1;dissociation_component_1	True	True	0	False	order_far_Q99.9	direct published Coinfinder association edge
group_5423	Uncharacterised protein	group_5991	phage protein	0.2850663164570798	0.02023680472921433	225.53333333333333	213300.93333333332	True	False	True	association_component_1;dissociation_component_1	True	True	0	False	order_far_Q99.9	direct published Coinfinder association edge
group_4871	Uncharacterised protein	group_5411	DNA-binding phage protein	0.2850663164570798	0.02031179252479022	219.6	207517.93333333332	True	False	True	association_component_1;dissociation_component_1	True	True	0	False	order_far_Q99.9	direct published Coinfinder association edge
group_4871	Uncharacterised protein	group_3419	phage protein	0.2850663164570798	0.0202639900839054	219.9375	207770.5	True	False	True	association_component_1;dissociation_component_1	True	True	0	False	order_far_Q99.9	direct published Coinfinder association edge
group_4871	Uncharacterised protein	group_5991	phage protein	0.2850663164570798	0.0202639900839054	222.53333333333333	210781.33333333334	True	False	True	association_component_1;dissociation_component_1	True	True	0	False	order_far_Q99.9	direct published Coinfinder association edge
group_5423	Uncharacterised protein	group_3419	phage protein	0.2850663164570798	0.02023680472921433	222.5625	209949.4375	True	False	True	association_component_1;dissociation_component_1	True	True	0	False	order_far_Q99.9	direct published Coinfinder association edge
group_6001	Uncharacterised protein	group_3071	phage protein	0.2850203352308033	0.02112642743221689	228.9375	218740.6875	True	False	True	association_component_1;dissociation_component_1	True	True	0	False	order_far_Q99.9	direct published Coinfinder association edge
group_5410	phage protein	group_1754	galactose-1-phosphate uridylyltransferase	0.2849740038487558	0.0148966483642187	325.05	320660.3	True	False	True	association_component_1;dissociation_component_1	True	True	0	False	order_far_Q99.9	direct published Coinfinder association edge
group_3705	phage protein	group_1754	galactose-1-phosphate uridylyltransferase	0.2849740038487558	0.014937401052390742	324.55	320407.75	True	False	True	association_component_1;dissociation_component_1	True	True	0	False	order_far_Q99.9	direct published Coinfinder association edge
group_5408	phage protein	group_1754	galactose-1-phosphate uridylyltransferase	0.2849740038487558	0.014937401052390742	326.55	323479.65	True	False	True	association_component_1;dissociation_component_1	True	True	0	False	order_far_Q99.9	direct published Coinfinder association edge
group_4888	choline binding protein J	group_1754	galactose-1-phosphate uridylyltransferase	0.2848548317966992	0.01434984737484736	422.5263157894737	412601.7894736842	True	False	True	association_component_1;dissociation_component_1	True	True	0	False	order_far_Q99.9	direct published Coinfinder association edge
group_5236	Uncharacterised protein	group_5890	transcriptional regulator	0.28465621846846684	0.01260328247261344	101.5909090909091	97013.13636363637	True	False	True	association_component_1;dissociation_component_1	True	True	0	False	order_far_Q99.9	direct published Coinfinder association edge
group_5408	phage protein	group_5945	CBS domain membrane protein	0.2845767087596579	0.015987766453115886	178.33333333333334	164548.46666666667	True	False	True	association_component_1;dissociation_component_1	True	True	0	False	order_far_Q99.9	direct published Coinfinder association edge
group_5408	phage protein	Int-Tn_2	membrane protein	0.2845767087596579	0.015987766453115886	177.33333333333334	163430.93333333332	True	False	False		True	True	0	False	order_far_Q99.9	direct published Coinfinder association edge
group_3705	phage protein	group_5944	membrane protein	0.2845767087596579	0.015987766453115886	149.4	139233.4	True	False	True	association_component_1;dissociation_component_1	True	True	0	False	order_far_Q99.9	direct published Coinfinder association edge
group_5408	phage protein	group_5944	membrane protein	0.2845767087596579	0.015987766453115886	153.4	141128.4	True	False	True	association_component_1;dissociation_component_1	True	True	0	False	order_far_Q99.9	direct published Coinfinder association edge
group_5410	phage protein	group_5945	CBS domain membrane protein	0.2845767087596579	0.015927895554261294	176.13333333333333	161233.46666666667	True	False	True	association_component_1;dissociation_component_1	True	True	0	False	order_far_Q99.9	direct published Coinfinder association edge
group_3705	phage protein	group_5945	CBS domain membrane protein	0.2845767087596579	0.015987766453115886	175.4	160867.2	True	False	True	association_component_1;dissociation_component_1	True	True	0	False	order_far_Q99.9	direct published Coinfinder association edge
group_3705	phage protein	Int-Tn_2	membrane protein	0.2845767087596579	0.015987766453115886	174.4	159749.66666666666	True	False	False		True	True	0	False	order_far_Q99.9	direct published Coinfinder association edge
group_5410	phage protein	Int-Tn_2	membrane protein	0.2845767087596579	0.015927895554261294	175.13333333333333	160115.93333333332	True	False	False		True	True	0	False	order_far_Q99.9	direct published Coinfinder association edge
group_5410	phage protein	group_5944	membrane protein	0.2845767087596579	0.015927895554261294	150.4	139479.4	True	False	True	association_component_1;dissociation_component_1	True	True	0	False	order_far_Q99.9	direct published Coinfinder association edge
group_5357	Mobile element protein	group_4892	bacteriophage integrase	0.28455442557102256	0.016154096706643813	189.13333333333333	179167.6	True	False	True	association_component_1;dissociation_component_1	True	True	0	False	order_far_Q99.9	direct published Coinfinder association edge
group_5423	Uncharacterised protein	group_5990	prophage Sa05, P4 family DNA primase	0.28454142093966556	0.021099778152730887	230.5625	219746.875	True	False	True	association_component_1;dissociation_component_1	True	True	0	False	order_far_Q99.9	direct published Coinfinder association edge
yihX	transcriptional regulator	group_3714	Uncharacterised protein	0.28441201138656536	0.021260335497835476	221.94117647058823	212714.41176470587	True	False	True	association_component_1;dissociation_component_1	True	True	0	False	order_far_Q99.9	direct published Coinfinder association edge
group_5409	Uncharacterised protein	group_5361	Uncharacterised protein	0.28384268854035216	0.01594536206561831	151.83333333333334	139625.5	True	False	True	association_component_1;dissociation_component_1	True	True	0	False	order_far_Q99.9	direct published Coinfinder association edge
group_6001	Uncharacterised protein	group_5412	phage protein	0.2838042492257543	0.02010663463005338	220.86666666666667	208501.06666666668	True	False	True	association_component_1;dissociation_component_1	True	True	0	False	order_far_Q99.9	direct published Coinfinder association edge
malI	transcriptional regulator	group_1366	DNA-binding phage protein	0.28356324058502247	0.021204038505354284	215.23529411764707	206172.9411764706	True	False	True	association_component_1;dissociation_component_1	True	True	0	False	order_far_Q99.9	direct published Coinfinder association edge
group_4892	bacteriophage integrase	group_4882	N-6 adenine-specific DNA methylase	0.2835402464142957	0.01461095175438595	170.28571428571428	159558.3116883117	True	False	True	association_component_1;dissociation_component_1	True	True	0	False	order_far_Q99.9	direct published Coinfinder association edge
group_108	Bacterial protein of uncharacterised function (DUF961)	group_624	choline binding protein C	0.2833332145614025	0.013916411764705868	361.6666666666667	343133.1111111111	True	False	True	association_component_1;dissociation_component_1	True	True	0	False	order_far_Q99.9	direct published Coinfinder association edge
group_5423	Uncharacterised protein	group_4892	bacteriophage integrase	0.2832752839043713	0.020363932533733115	221.13333333333333	209144.86666666667	True	False	True	association_component_1;dissociation_component_1	True	True	0	False	order_far_Q99.9	direct published Coinfinder association edge
tsaB	Uncharacterised protein	toxA	mismatch repair ATPase (MutS family)	0.283258416236939	0.7672843780487801	179.2	173835.2	False	True	True	association_component_1;dissociation_component_1	True	True	0	False	order_far_Q99.9	direct published Coinfinder dissociation edge
malI	transcriptional regulator	group_3419	phage protein	0.2829673418874954	0.02041144774980929	218.1875	205849.3125	True	False	True	association_component_1;dissociation_component_1	True	True	0	False	order_far_Q99.9	direct published Coinfinder association edge
malI	transcriptional regulator	group_5991	phage protein	0.2829673418874954	0.02041144774980929	220.53333333333333	208644.06666666668	True	False	True	association_component_1;dissociation_component_1	True	True	0	False	order_far_Q99.9	direct published Coinfinder association edge
malI	transcriptional regulator	group_5411	DNA-binding phage protein	0.2829673418874954	0.020459377574370694	217.6	205380.66666666666	True	False	True	association_component_1;dissociation_component_1	True	True	0	False	order_far_Q99.9	direct published Coinfinder association edge
group_5997	cytotoxic translational repressor of toxin-antitoxin stability system	group_3426	phage protein	0.28287384377797126	0.009201312785388115	157.16666666666666	151451.66666666666	True	False	True	association_component_1;dissociation_component_1	True	True	0	False	order_far_Q99.9	direct published Coinfinder association edge
group_5996	ion transporter	group_3426	phage protein	0.28287384377797126	0.009201312785388115	179.66666666666666	173065.0	True	False	True	association_component_1;dissociation_component_1	True	True	0	False	order_far_Q99.9	direct published Coinfinder association edge
group_4837	Uncharacterised protein	group_5991	phage protein	0.2828278674919474	0.016003491555037847	192.53333333333333	182842.0	True	False	True	association_component_1;dissociation_component_1	True	True	0	False	order_far_Q99.9	direct published Coinfinder association edge
group_5355	Uncharacterised protein	group_5411	DNA-binding phage protein	0.2828278674919474	0.016071421083284788	197.6	187188.0	True	False	True	association_component_1;dissociation_component_1	True	True	0	False	order_far_Q99.9	direct published Coinfinder association edge
group_5355	Uncharacterised protein	group_5991	phage protein	0.2828278674919474	0.01602480780430983	200.53333333333333	190451.4	True	False	True	association_component_1;dissociation_component_1	True	True	0	False	order_far_Q99.9	direct published Coinfinder association edge
group_5355	Uncharacterised protein	group_3419	phage protein	0.2828278674919474	0.01602480780430983	200.6875	189905.1875	True	False	True	association_component_1;dissociation_component_1	True	True	0	False	order_far_Q99.9	direct published Coinfinder association edge
group_5357	Mobile element protein	group_5991	phage protein	0.2828278674919474	0.015999531158998243	193.53333333333333	183323.66666666666	True	False	True	association_component_1;dissociation_component_1	True	True	0	False	order_far_Q99.9	direct published Coinfinder association edge
group_5357	Mobile element protein	group_3419	phage protein	0.2828278674919474	0.015999531158998243	194.5625	183612.75	True	False	True	association_component_1;dissociation_component_1	True	True	0	False	order_far_Q99.9	direct published Coinfinder association edge
group_4837	Uncharacterised protein	group_3419	phage protein	0.2828278674919474	0.016003491555037847	193.6875	183292.9375	True	False	True	association_component_1;dissociation_component_1	True	True	0	False	order_far_Q99.9	direct published Coinfinder association edge
group_4837	Uncharacterised protein	group_5411	DNA-binding phage protein	0.2828278674919474	0.016049928169287506	189.6	179578.6	True	False	True	association_component_1;dissociation_component_1	True	True	0	False	order_far_Q99.9	direct published Coinfinder association edge
group_5409	Uncharacterised protein	group_5360	DNA-directed RNA polymerase subunit beta	0.28254312170337187	0.0158054118811881	181.07142857142858	167215.42857142858	True	False	True	association_component_1;dissociation_component_1	True	True	0	False	order_far_Q99.9	direct published Coinfinder association edge
group_3324	transcriptional regulator	group_3184	Uncharacterised protein	0.2825272019413384	0.01864956265017874	175.33333333333334	182471.33333333334	False	False	True	association_component_1;dissociation_component_1	False	False	0	False	order_far_Q99.9	not a direct edge; loci co-occur in a published connected component
group_2827	16S ribosomal RNA methyltransferase RsmE	group_2522	Uncharacterised protein	0.2824875984548142	0.02421328418676925	376.6666666666667	376961.0	True	False	True	association_component_1;dissociation_component_1	True	True	0	False	order_far_Q99.9	direct published Coinfinder association edge
group_1888	zinc metalloprotease ZmpC	group_3921	putative flavoprotein	0.174108199911863	0.035226488294314365	575.375	588944.375	True	False	True	association_component_1;dissociation_component_1	True	True	0	False	bp_far_Q99.9	direct published Coinfinder association edge
group_3051	gp19	group_437	Domain of uncharacterised function (DUF1858)	0.1474532405259649	0.008917407407407405	507.5	510386.1666666667	True	False	True	association_component_1;dissociation_component_1	True	True	0	False	bp_far_Q99.9	direct published Coinfinder association edge
group_6476	putative phage DNA binding protein	group_437	Domain of uncharacterised function (DUF1858)	0.14473841015075165	0.009702843915343913	514.5	513376.5	True	False	True	association_component_1;dissociation_component_1	True	True	0	False	bp_far_Q99.9	direct published Coinfinder association edge
group_3294	Uncharacterised protein	group_3319	L-lactate oxidase	0.1401033550497689	0.08130750819788994	507.8181818181818	518061.1818181818	False	True	True	association_component_1;dissociation_component_1	True	True	0	False	bp_far_Q99.9	direct published Coinfinder dissociation edge
group_6482	gp27	group_437	Domain of uncharacterised function (DUF1858)	0.1374667987689966	0.012263941798941797	493.5	504822.0	True	False	True	association_component_1;dissociation_component_1	True	True	0	False	bp_far_Q99.9	direct published Coinfinder association edge
