record_source	assembly_accession	relative_path	bytes	sha256
GCF	GCF_900017955.1	GCF/ncbi_dataset/data/GCF_900017955.1/GCF_900017955.1_11657_8_6_genomic.fna	2357433	68a8c558586830e1507ea41b01810931ba7e4caabfc932c763496eb2d6f89d69
GCF	GCF_900017955.1	GCF/ncbi_dataset/data/GCF_900017955.1/genomic.gbff	7492049	709e8e9efb419c0576502280442ddea09ce5bda13dfc9562127ee36a6090125d
GCF	GCF_900017955.1	GCF/ncbi_dataset/data/GCF_900017955.1/genomic.gff	1833114	ced5550d6dcdb3fb6f85e5087360b288a5deb06fae09b830c84332c455c1bb6e
GCF	GCF_900017955.1	GCF/ncbi_dataset/data/GCF_900017955.1/sequence_report.jsonl	114399	cb6ff33a34db25953a7da4ddd890862bb5c7c37779deb7c963a2f2c6a2c69d21
GCF	GCF_900018675.1	GCF/ncbi_dataset/data/GCF_900018675.1/GCF_900018675.1_11511_8_9_genomic.fna	2079797	9a9752c0be4f3ec2ec7f8aa1657708fb9ea4832fa54d93523c362a86fa4d772e
GCF	GCF_900018675.1	GCF/ncbi_dataset/data/GCF_900018675.1/genomic.gbff	5239292	c6f8a6624b948bf8d146a78e71a98e0de9fa7fedef5a79e721eb48ae2c2c3de5
GCF	GCF_900018675.1	GCF/ncbi_dataset/data/GCF_900018675.1/genomic.gff	1207079	64cd388f59406e155f34207e159aee19e97494e0336113f549fed678fc2610dc
GCF	GCF_900018675.1	GCF/ncbi_dataset/data/GCF_900018675.1/sequence_report.jsonl	11080	da72dcecb93c1b44059e964b106f516b0dd06a7e6615b08d41322d8cf328ac04
GCF	GCF_900020245.1	GCF/ncbi_dataset/data/GCF_900020245.1/GCF_900020245.1_11679_1_11_genomic.fna	2022823	144a7a04b741f86d5356bebc8da2f3693df7f1d8f96560d24dbdb3cfd0efa43e
GCF	GCF_900020245.1	GCF/ncbi_dataset/data/GCF_900020245.1/genomic.gbff	5428716	61e71d6e99db0d87d8530675166299085033673298be8f86aa9c7e1ec723dafa
GCF	GCF_900020245.1	GCF/ncbi_dataset/data/GCF_900020245.1/genomic.gff	1339831	8a9360babc5909bab2de3bcb7208402f9d2fd595c927b8b1e89487cbcdac1775
GCF	GCF_900020245.1	GCF/ncbi_dataset/data/GCF_900020245.1/sequence_report.jsonl	14675	f6d4ebebab98916b9c9c73919d5ff3f8ff744d07efb7f57c82b1909ab03f63a9
GCF	GCF_900020255.1	GCF/ncbi_dataset/data/GCF_900020255.1/GCF_900020255.1_11657_4_24_genomic.fna	2164249	d9c4be4581abe22e34bf96b6659875eb4ac96ff673288345c1adbbbedf15f335
GCF	GCF_900020255.1	GCF/ncbi_dataset/data/GCF_900020255.1/genomic.gbff	5504641	c110f5facf4d95fd02e7770630e262efbae8fcc590012e8049430493caa77666
GCF	GCF_900020255.1	GCF/ncbi_dataset/data/GCF_900020255.1/genomic.gff	1269841	9b9391e464cdd8418b31970f85896c44d24d6668a42a26e901fc17c362a85d1a
GCF	GCF_900020255.1	GCF/ncbi_dataset/data/GCF_900020255.1/sequence_report.jsonl	17731	c9c7a9e80d9e2b2dbc841d723a4fff1739613f82a51d155ac2c469e06e06b744
GCF	GCF_900024975.1	GCF/ncbi_dataset/data/GCF_900024975.1/GCF_900024975.1_11511_8_19_genomic.fna	2232304	002497e53fb6bb0698fdea17cd8ccc714488b848f46554973d6ae12becb15822
GCF	GCF_900024975.1	GCF/ncbi_dataset/data/GCF_900024975.1/genomic.gbff	6519425	5fb137d5874f2b69f3eef61ead4197f0c06764ed18d77541faba2e6931dbc962
GCF	GCF_900024975.1	GCF/ncbi_dataset/data/GCF_900024975.1/genomic.gff	1599414	e639f2874f6384a1e8b8d9520e1c2b8f717ea00db95b4fe7777b90cb622ebc0f
GCF	GCF_900024975.1	GCF/ncbi_dataset/data/GCF_900024975.1/sequence_report.jsonl	60562	6e36f6a7abc636a72e2d7ba1ad10271e53f4aef7f911607080c81379a85d5d70
GCF	GCF_900024985.1	GCF/ncbi_dataset/data/GCF_900024985.1/GCF_900024985.1_11657_4_27_genomic.fna	2056661	200fe0fea03cee4cd3d1f13583e6df76c30e835c51b50fe1678eabcf4ce7d381
GCF	GCF_900024985.1	GCF/ncbi_dataset/data/GCF_900024985.1/genomic.gbff	5163755	a7cc0be0c0dfb803efbd30e7d6c0e0d463f8e74299e42e46d6023873a511f657
GCF	GCF_900024985.1	GCF/ncbi_dataset/data/GCF_900024985.1/genomic.gff	1186004	20fddbbd9d3eacfa117c0f3c49e8c7478e2dab485984e8d892bb2a8a1c051998
GCF	GCF_900024985.1	GCF/ncbi_dataset/data/GCF_900024985.1/sequence_report.jsonl	11541	269a75c5a7c752ddb1b9f09c12bbc5235cf6692dbd20bc3834ad080d5aa33309
GCF	GCF_900033785.1	GCF/ncbi_dataset/data/GCF_900033785.1/GCF_900033785.1_11657_8_4_genomic.fna	2071548	0fe94dc8a66357f13d94c0e8684ab7c6ec1afd60dec43265be81e0c0725fd681
GCF	GCF_900033785.1	GCF/ncbi_dataset/data/GCF_900033785.1/genomic.gbff	5203421	223e6731ec50ceebd8ec401bd056ac8589ad74edba0179bcfa2b8d13da23ba2f
GCF	GCF_900033785.1	GCF/ncbi_dataset/data/GCF_900033785.1/genomic.gff	1204105	729c799ede3ca1e1e75a52731b20dc8ed1aa8cc1bad19deb47de753bee07cd91
GCF	GCF_900033785.1	GCF/ncbi_dataset/data/GCF_900033785.1/sequence_report.jsonl	10335	1643b624024fe179f7356a6491bbffd5ca8006a6b429495dc7aa57ecba130edc
GCF	GCF_900033795.1	GCF/ncbi_dataset/data/GCF_900033795.1/GCF_900033795.1_11658_2_96_genomic.fna	2019841	42a8ca366d75b30edb48335783fc688de355326202e01c34574d4bf85969be8a
GCF	GCF_900033795.1	GCF/ncbi_dataset/data/GCF_900033795.1/genomic.gbff	5086031	71a449d912bf163a2aacde08ed79d332962982cb2b76b89dc4b8f93f84205636
GCF	GCF_900033795.1	GCF/ncbi_dataset/data/GCF_900033795.1/genomic.gff	1172523	c1cdea63b99336c41ea7eb75b634c4d6fdf04c209124eca2c3f770c721d09605
GCF	GCF_900033795.1	GCF/ncbi_dataset/data/GCF_900033795.1/sequence_report.jsonl	12234	9f833e820a01bad39f5641c39cfe475577a3d985234058c75b3d37255ae813af
GCF	GCF_900033805.1	GCF/ncbi_dataset/data/GCF_900033805.1/GCF_900033805.1_11679_1_6_genomic.fna	2020697	97e10ac3c465aaba9a6c21f174492aa17e098677d244ffcf4a007a9cb61f2db0
GCF	GCF_900033805.1	GCF/ncbi_dataset/data/GCF_900033805.1/genomic.gbff	5057249	978448a10f8c70ea36b25bfb1a4785740dc8b7f39677b7f3f870f6e325695b8a
GCF	GCF_900033805.1	GCF/ncbi_dataset/data/GCF_900033805.1/genomic.gff	1057447	e8ec3ba1ad6d5611c2721de1180628b60ea4027183f698b6fa71611c3c153f34
GCF	GCF_900033805.1	GCF/ncbi_dataset/data/GCF_900033805.1/sequence_report.jsonl	6738	da77b7c18d60893f7b84d7d486057fab88ec106c173c8b4799fa88b00ca5a2b9
GCF	GCF_900033815.1	GCF/ncbi_dataset/data/GCF_900033815.1/GCF_900033815.1_11658_2_95_genomic.fna	1842986	0ebf88211ba90db05c578b66f11577eb9cca061cc3abfc233f1ef639264e1de0
GCF	GCF_900033815.1	GCF/ncbi_dataset/data/GCF_900033815.1/genomic.gbff	4591316	7806756d1792ee99336ce092b515250f71a2c72d7021b0f88d1359183b446d9f
GCF	GCF_900033815.1	GCF/ncbi_dataset/data/GCF_900033815.1/genomic.gff	945902	ee47095519e2591a40e45baf660970e02a73fccf3a4bb7f47b40b7c51aa93665
GCF	GCF_900033815.1	GCF/ncbi_dataset/data/GCF_900033815.1/sequence_report.jsonl	3984	05b16c5095c6a433a6c1c69bd7cf690897bccd7a6b44dd1997e698a137e679da
GCF	GCF_900033835.1	GCF/ncbi_dataset/data/GCF_900033835.1/GCF_900033835.1_11657_4_5_genomic.fna	2127700	3d80d4741b0bb78911f880d2e03dce9f8fa39ce4e9bedfdc0e6d36c3c8753e50
GCF	GCF_900033835.1	GCF/ncbi_dataset/data/GCF_900033835.1/genomic.gbff	5361165	1cb08f8ee933d8e8968754eadaccc07f48e5c01722f5592fd55968dd2f39a639
GCF	GCF_900033835.1	GCF/ncbi_dataset/data/GCF_900033835.1/genomic.gff	1244238	29ed2653fb7709cbbcc9aa82bc3c2c8ce4912ef24cd591f142983692cac33064
GCF	GCF_900033835.1	GCF/ncbi_dataset/data/GCF_900033835.1/sequence_report.jsonl	9588	bffb3b6659f46dbc5f4f0e797d501d6e21e0e2d949f19587401e51a6a308c906
GCF	GCF_900033845.1	GCF/ncbi_dataset/data/GCF_900033845.1/GCF_900033845.1_11893_8_13_genomic.fna	2117704	40813ea9774a170ce50ba619f9acd80622d8c7074887fa7236e140a0940d92bc
GCF	GCF_900033845.1	GCF/ncbi_dataset/data/GCF_900033845.1/genomic.gbff	5326752	efb2d7d352ad7162b77b370e995f5d06a517f13bfa15623de756eb74f5d2af03
GCF	GCF_900033845.1	GCF/ncbi_dataset/data/GCF_900033845.1/genomic.gff	1227718	f39641b22ec6b7e27047ce2256e72e68efb31c14a1e853886680a1372c936420
GCF	GCF_900033845.1	GCF/ncbi_dataset/data/GCF_900033845.1/sequence_report.jsonl	11379	9aa367377c9f82f4cd3624ef029dc6517568d729d180ee3b98f6660c2141e870
GCF	GCF_900033855.1	GCF/ncbi_dataset/data/GCF_900033855.1/GCF_900033855.1_11679_1_20_genomic.fna	2103793	252827d4f472aca0446bdff429752e4affbbd039679c7d33ed48764ed11e6b0c
GCF	GCF_900033855.1	GCF/ncbi_dataset/data/GCF_900033855.1/genomic.gbff	5241414	831f4a3401fb2fd2ddf1a0e695f11dcc8ab721852866dbb5d9173af701a016a8
GCF	GCF_900033855.1	GCF/ncbi_dataset/data/GCF_900033855.1/genomic.gff	1210175	de775ae26b22b3d23be0ae8d8d9027dbe17dc99e2f0eee2e939d60503cf30350
GCF	GCF_900033855.1	GCF/ncbi_dataset/data/GCF_900033855.1/sequence_report.jsonl	7955	412b2b5949ec3158d85b4df075bf4c5fee0a2a8ec2ab41092d734b2b28bd59f3
GCF	GCF_900033865.1	GCF/ncbi_dataset/data/GCF_900033865.1/GCF_900033865.1_11657_4_16_genomic.fna	2358881	837058c569e7df5027fd615cc86b49302763120186c951bbf7572a8ef3997c23
GCF	GCF_900033865.1	GCF/ncbi_dataset/data/GCF_900033865.1/genomic.gbff	7365766	afb9ac7d456c87801024947a58dfed19352fa7f3e527f6f96254a125f1f07e2d
GCF	GCF_900033865.1	GCF/ncbi_dataset/data/GCF_900033865.1/genomic.gff	1812171	a3b880e3f1200da30a09e233054e2095619c962d72a4c47904e51df59fa81996
GCF	GCF_900033865.1	GCF/ncbi_dataset/data/GCF_900033865.1/sequence_report.jsonl	102564	0d41c5cf4ab57afb83cce2456c38a2afe872c867da9d2dec4da9be42bbc46359
GCF	GCF_900033875.1	GCF/ncbi_dataset/data/GCF_900033875.1/GCF_900033875.1_11657_4_17_genomic.fna	2174485	d9e27ac12e494398f28f8451a7a3e2d3b9855d1aef4d5afe2f0dd1088d27cdd4
GCF	GCF_900033875.1	GCF/ncbi_dataset/data/GCF_900033875.1/genomic.gbff	6104500	392a7ddf1217f46d6a75aac5204e298bb308cf0b75d184333d1ab280bf3b4135
GCF	GCF_900033875.1	GCF/ncbi_dataset/data/GCF_900033875.1/genomic.gff	1507568	ae75bec6702b494b5d75896e1c53b273209f1c8ba280a7fffde7ffa929f2b2a1
GCF	GCF_900033875.1	GCF/ncbi_dataset/data/GCF_900033875.1/sequence_report.jsonl	36552	420a93a455e124693951d464cb556101645dd188fb939248f663abf90d264e91
GCF	GCF_900033885.1	GCF/ncbi_dataset/data/GCF_900033885.1/GCF_900033885.1_11511_8_18_genomic.fna	2201786	a17e921321487c731b0a87dd3b4f5874b1dd5db7825f12daa62fb7eee585be69
GCF	GCF_900033885.1	GCF/ncbi_dataset/data/GCF_900033885.1/genomic.gbff	6168164	8cc3e044ebb8bbbf80e53433b074e11ef5e06a20119e58efcd8637811cabc697
GCF	GCF_900033885.1	GCF/ncbi_dataset/data/GCF_900033885.1/genomic.gff	1522263	c31637fa3a8cd79382e9582956eee617ed36da148ad38e19cae353a5b3939528
GCF	GCF_900033885.1	GCF/ncbi_dataset/data/GCF_900033885.1/sequence_report.jsonl	35934	e139a5062961e3e6f7d3ecab0d73ea3e9a51dc91e57730de4a27543889272e8b
GCF	GCF_900033895.1	GCF/ncbi_dataset/data/GCF_900033895.1/GCF_900033895.1_11657_4_21_genomic.fna	2158227	e016eeaeb52db2ec77e223f751ef31d9ab0e55cda4ef84f390313e382e19b5d3
GCF	GCF_900033895.1	GCF/ncbi_dataset/data/GCF_900033895.1/genomic.gbff	6066619	3daf515a3524602b0ae74420ae3c8b9333995085cf83723ab95ada09af322008
GCF	GCF_900033895.1	GCF/ncbi_dataset/data/GCF_900033895.1/genomic.gff	1497326	3fc7a4869eb4d60672315b0705c379c8ff935ceb2ebccbd82486a2871fcb7f06
GCF	GCF_900033895.1	GCF/ncbi_dataset/data/GCF_900033895.1/sequence_report.jsonl	37177	c7ab58d2cdac74d22e6d4bd972b3e091dcb0f44215c800d86f250b13046cbfd1
GCF	GCF_900033905.1	GCF/ncbi_dataset/data/GCF_900033905.1/GCF_900033905.1_11658_2_86_genomic.fna	2057902	549b01cac4d7cc9ce9ce4d184381f10a0562ae2f18889318de7350a7b8b10f0f
GCF	GCF_900033905.1	GCF/ncbi_dataset/data/GCF_900033905.1/genomic.gbff	5392368	a6b89cbe5b86934e34cd801b683a4c74291263866dea9946c4df00aab825cd77
GCF	GCF_900033905.1	GCF/ncbi_dataset/data/GCF_900033905.1/genomic.gff	1243482	6dee4bd62300dcc03986e4e684814d1c80e0ca073936b2a0e8305264eecc4e9e
GCF	GCF_900033905.1	GCF/ncbi_dataset/data/GCF_900033905.1/sequence_report.jsonl	31997	c67277d7010aec81268b3b956a9d01010193af01e0cb3668e0cd54be3efa201f
GCF	GCF_900033915.1	GCF/ncbi_dataset/data/GCF_900033915.1/GCF_900033915.1_11511_8_23_genomic.fna	2000443	8b3eebbd1ca9f6aebe1255341ab9ea0cc9b7972baea04fee245f488163571154
GCF	GCF_900033915.1	GCF/ncbi_dataset/data/GCF_900033915.1/genomic.gbff	5019993	768fc0d6d8f3f6aea51b9dba7b803d3f8a5de98fd607eb949f8bd752bbee83ed
GCF	GCF_900033915.1	GCF/ncbi_dataset/data/GCF_900033915.1/genomic.gff	1164239	a26826c46a0ec5ddb48be1a925af20c831fa8409fa00f05850edde149b0bf790
GCF	GCF_900033915.1	GCF/ncbi_dataset/data/GCF_900033915.1/sequence_report.jsonl	8561	b5d3e1aba6e34c66edee404aba6de3395e1e8d1717c0359e869c4b730541db7b
GCF	GCF_900033925.1	GCF/ncbi_dataset/data/GCF_900033925.1/GCF_900033925.1_11658_8_3_genomic.fna	2124113	1c9d4398bcafb16301e5ce361c25120e31981db7e77bd51bdc16dcd1ddd75b30
GCF	GCF_900033925.1	GCF/ncbi_dataset/data/GCF_900033925.1/genomic.gbff	5308380	0a1b03ac8537af93c517f31024a8efc5c91f45b5be1b4523984bcc644a21667f
GCF	GCF_900033925.1	GCF/ncbi_dataset/data/GCF_900033925.1/genomic.gff	1235929	c255e37f46b5c1e141a9e2dd32bda9bdee778491b1ea280ff7a4ecaef4c612f1
GCF	GCF_900033925.1	GCF/ncbi_dataset/data/GCF_900033925.1/sequence_report.jsonl	7650	cb6a29724a070a2f478afce50a33c496b581e5a1cf360569cb8f4c66aedd783f
GCF	GCF_900033935.1	GCF/ncbi_dataset/data/GCF_900033935.1/GCF_900033935.1_11511_8_30_genomic.fna	2187068	e39a7d6838e898284f45333d43e6dece2abd5280f5565612b71d737acfa513c6
GCF	GCF_900033935.1	GCF/ncbi_dataset/data/GCF_900033935.1/genomic.gbff	5548958	0d098a58e56f9b66e98c5b5e541d13a8db6c56b46d3f8f0f05acb4c3eeb61460
GCF	GCF_900033935.1	GCF/ncbi_dataset/data/GCF_900033935.1/genomic.gff	1271130	10ab501ec188815b7eda0f9ae8e3d36c8655cb8af080fa312843f22778fc584c
GCF	GCF_900033935.1	GCF/ncbi_dataset/data/GCF_900033935.1/sequence_report.jsonl	18216	f0cf0b597b4ccc236ac205a210911d6266b025b041c812819bb15c8edcee050b
GCF	GCF_900033945.1	GCF/ncbi_dataset/data/GCF_900033945.1/GCF_900033945.1_11657_8_17_genomic.fna	2080891	dbb8de8e210b79615a58f97277dad9907593a6dec8f2c6ab060ed92e6b0015bf
GCF	GCF_900033945.1	GCF/ncbi_dataset/data/GCF_900033945.1/genomic.gbff	5235714	727e46c9474ec268b44152ee02b0854c54087fc5b8e6db01a1c1e2c962d44994
GCF	GCF_900033945.1	GCF/ncbi_dataset/data/GCF_900033945.1/genomic.gff	1204130	98397c9678bb13dfb3c4a1134b07c905453a26ab51725414f95b28a7cf7e500a
GCF	GCF_900033945.1	GCF/ncbi_dataset/data/GCF_900033945.1/sequence_report.jsonl	13139	483d809db156a6cb61a9be999fa84f41c1133bc934b77bc55bf80187ee0d246b
GCF	GCF_900033955.1	GCF/ncbi_dataset/data/GCF_900033955.1/GCF_900033955.1_11658_2_84_genomic.fna	2104648	b63a89676b590eb84f9bb98be7fb9065f3a92a66ae72df9109cde42870f5e9f4
GCF	GCF_900033955.1	GCF/ncbi_dataset/data/GCF_900033955.1/genomic.gbff	5290269	9e94d36332cd122719a988d5a709c8c893331f0a282a306231ecff97b44e23a3
GCF	GCF_900033955.1	GCF/ncbi_dataset/data/GCF_900033955.1/genomic.gff	1225560	21a45e52c625ee799463cd413878c8a448063b06ae3799d347b51a71ea0713bc
GCF	GCF_900033955.1	GCF/ncbi_dataset/data/GCF_900033955.1/sequence_report.jsonl	11314	7ee2a67b5db51ec824d70d54872caa02a3e8a13de2ed041aa1da8cd2ee56c682
GCF	GCF_900033965.1	GCF/ncbi_dataset/data/GCF_900033965.1/GCF_900033965.1_11511_8_33_genomic.fna	2077483	d3d1d93fe9af62527468169d549b5f2b71d912a8f1775acfd44c37eb56dd3deb
GCF	GCF_900033965.1	GCF/ncbi_dataset/data/GCF_900033965.1/genomic.gbff	5220654	7b0536e4a711564dc829406a7457d643457151eba626afef3757730a26399527
GCF	GCF_900033965.1	GCF/ncbi_dataset/data/GCF_900033965.1/genomic.gff	1209266	77f2897d02f3aa6a7a57d13c12d88e7981903f27331eabaca3fbd0085cfd54e1
GCF	GCF_900033965.1	GCF/ncbi_dataset/data/GCF_900033965.1/sequence_report.jsonl	10698	65b73e866afa1c83c857c377a9ef777831236ed3e5b707c2a442fa244e9911c5
GCF	GCF_900033975.1	GCF/ncbi_dataset/data/GCF_900033975.1/GCF_900033975.1_11511_8_36_genomic.fna	2009295	b8f2c3accebedc29449cff875c1a99ca0572ae5d85d90d1c22d673705c026f5b
GCF	GCF_900033975.1	GCF/ncbi_dataset/data/GCF_900033975.1/genomic.gbff	5022588	d69dfb424392dad96fa5e4af2d7c3e8b4b2e0a57e980263aa1b60a2ccf61e523
GCF	GCF_900033975.1	GCF/ncbi_dataset/data/GCF_900033975.1/genomic.gff	1168924	3604755082a845c972f79c2a49970283200fcccea37d22a87b66ae2a10657bf5
GCF	GCF_900033975.1	GCF/ncbi_dataset/data/GCF_900033975.1/sequence_report.jsonl	7036	bf2f3255f00e37957da7d05b518173e88d517ff46ad0eec9565a40af159a15b1
GCF	GCF_900033985.1	GCF/ncbi_dataset/data/GCF_900033985.1/GCF_900033985.1_11679_1_33_genomic.fna	2090808	64ae7db17bc7a22466bb47072443eadf1152a8eca740ccdc55924772c4df3d2d
GCF	GCF_900033985.1	GCF/ncbi_dataset/data/GCF_900033985.1/genomic.gbff	5222632	c6b1fe63a2fe6c55c898114069fb23fae3c88e9d0f6fb037d3b124bc5c12cd6f
GCF	GCF_900033985.1	GCF/ncbi_dataset/data/GCF_900033985.1/genomic.gff	1201741	05944ed42ac5a75e2bbd51958e298046f27e33fa1369851d633ddc473052be38
GCF	GCF_900033985.1	GCF/ncbi_dataset/data/GCF_900033985.1/sequence_report.jsonl	8866	4287352ca7674d662dc33545c98fde8757de74c28b958d78fdf7185091a6ba30
GCF	GCF_900035605.1	GCF/ncbi_dataset/data/GCF_900035605.1/GCF_900035605.1_11679_1_25_genomic.fna	2209860	474b3dbc735ed60e3c5edccda2d3d5078865a168d8ecd2d8cb6a12291d718daa
GCF	GCF_900035605.1	GCF/ncbi_dataset/data/GCF_900035605.1/genomic.gbff	6061497	2e0f4e84b3a88d158dfb3efdd422472267a7a3c80bc6ff4d9647d360619475b1
GCF	GCF_900035605.1	GCF/ncbi_dataset/data/GCF_900035605.1/genomic.gff	1495730	d652923ce75c7d2b45dbdf4a5fee4ba446b914ade1c454b4685370f34dbac418
GCF	GCF_900035605.1	GCF/ncbi_dataset/data/GCF_900035605.1/sequence_report.jsonl	26215	78cec7c4d6a212f07681a7ae35bdeb54460478a0ed965f61d4fe8933f4a1230d
GCF	GCF_900035625.1	GCF/ncbi_dataset/data/GCF_900035625.1/GCF_900035625.1_11511_8_37_genomic.fna	2077891	73b50632f4918f58bb6d188f77508f965cd348aeda1318104c430d42b1136245
GCF	GCF_900035625.1	GCF/ncbi_dataset/data/GCF_900035625.1/genomic.gbff	5212235	91e55094b4af6abd5b8e59a7a38070ab9c174b9e9502767ba4a67c738492e46a
GCF	GCF_900035625.1	GCF/ncbi_dataset/data/GCF_900035625.1/genomic.gff	1201776	d0e6ff5a3d3e782c1ccb8eb52d89d946c94eada624a57705b2100a3773bc0378
GCF	GCF_900035625.1	GCF/ncbi_dataset/data/GCF_900035625.1/sequence_report.jsonl	9786	db59223f2a77eb03dc93d680088c329df39382a4686d51245ae48c93e8b21afb
GCF	GCF_900035635.1	GCF/ncbi_dataset/data/GCF_900035635.1/GCF_900035635.1_11511_8_38_genomic.fna	2058088	56e277f5ab0e3736714eb66223360728f9266508df77dfae77a1bba44a07750b
GCF	GCF_900035635.1	GCF/ncbi_dataset/data/GCF_900035635.1/genomic.gbff	5167415	8426cc908357439ea744e449660789f07b73cfcef6a50a39829812763fafbca4
GCF	GCF_900035635.1	GCF/ncbi_dataset/data/GCF_900035635.1/genomic.gff	1192237	feec6a44ce7fa671b975fdbdf2a55f66615a6409cd349bad9c8f4fa1e5dadaa4
GCF	GCF_900035635.1	GCF/ncbi_dataset/data/GCF_900035635.1/sequence_report.jsonl	10705	5afb5cf7e53323e87d263a5f94daa3172364137efb632d16279e03344a705502
GCF	GCF_900036435.1	GCF/ncbi_dataset/data/GCF_900036435.1/GCF_900036435.1_11679_1_7_genomic.fna	2021539	129d9208b281ae3090bd275a8485247732d1b71b3a49035acd31a1fa8105962d
GCF	GCF_900036435.1	GCF/ncbi_dataset/data/GCF_900036435.1/genomic.gbff	5114858	e983e3bf9f0a4804caffe29400163838bf328580b84444661a5bf3f6cd7ab5cc
GCF	GCF_900036435.1	GCF/ncbi_dataset/data/GCF_900036435.1/genomic.gff	1180717	7877e3cceb73251d0339df684b3d5d5df1f1992757e501a44621a1c1f8650882
GCF	GCF_900036435.1	GCF/ncbi_dataset/data/GCF_900036435.1/sequence_report.jsonl	14675	17b1a01b1d59d329fce10a3e08e47d90d3b54faa0a5937176ba384d38a278c0e
GCF	GCF_900036445.1	GCF/ncbi_dataset/data/GCF_900036445.1/GCF_900036445.1_11657_8_9_genomic.fna	2136001	d644350d560e214a951407b6b042b0f9881976a60f52dd2ed00b35b5af88d0a6
GCF	GCF_900036445.1	GCF/ncbi_dataset/data/GCF_900036445.1/genomic.gbff	5378539	6254260b7761c247bdac7e5f37865b96eb5f439f8e5216187da9b2276fa34da8
GCF	GCF_900036445.1	GCF/ncbi_dataset/data/GCF_900036445.1/genomic.gff	1240762	67359f97fa14dc15a87bbcd810982057780788044d2e1bc1ef81201c9476a0e1
GCF	GCF_900036445.1	GCF/ncbi_dataset/data/GCF_900036445.1/sequence_report.jsonl	12529	82de796b4d66c9e53b0127d5297afa3528d9967bfc8752e5b24bef964cc36dfb
GCF	GCF_900036455.1	GCF/ncbi_dataset/data/GCF_900036455.1/GCF_900036455.1_11679_1_17_genomic.fna	2082417	e4a4a73b648a44127664e95559e32ae8a2dfcca9d8be59c8cb0b91ab00f3f48a
GCF	GCF_900036455.1	GCF/ncbi_dataset/data/GCF_900036455.1/genomic.gbff	5793701	139d8bcfebfaa14f904140c12e6cadcf37a3e6b814261ee7df39e15993c84e9f
GCF	GCF_900036455.1	GCF/ncbi_dataset/data/GCF_900036455.1/genomic.gff	1420103	676fd8403f03f8685c11c0e5c991c8dccaf3ce65a76655cd273d3eeb70f4d92c
GCF	GCF_900036455.1	GCF/ncbi_dataset/data/GCF_900036455.1/sequence_report.jsonl	32284	ea3d6269e37ef0e92adb92fb710991468b3ded87ad5d0fbbde045654bcfe88aa
GCF	GCF_900036465.1	GCF/ncbi_dataset/data/GCF_900036465.1/GCF_900036465.1_11679_1_21_genomic.fna	2024412	63febf16a0cc18de023c57a64114bb813fea5c812af466cbf589b3086a8c9129
GCF	GCF_900036465.1	GCF/ncbi_dataset/data/GCF_900036465.1/genomic.gbff	5117238	368e8ce818ae8019eb7d25c8be4c0306f598f5b6c08e31178764b1a914b2d467
GCF	GCF_900036465.1	GCF/ncbi_dataset/data/GCF_900036465.1/genomic.gff	1179917	f04b0b76c46c35ff0d2a9c24e2ee1a46a61ccc7f13c9478a00a027329c9d4ec5
GCF	GCF_900036465.1	GCF/ncbi_dataset/data/GCF_900036465.1/sequence_report.jsonl	14669	4dab96919c32ef6d6d7522cf1f642bedfcc9b198c48e5b4c4c818981de71f681
GCF	GCF_900036475.1	GCF/ncbi_dataset/data/GCF_900036475.1/GCF_900036475.1_11679_1_23_genomic.fna	2150434	8f2183740f7afa0e24523bd2da0c02309523242021db41bedbeddfbb8d132f84
GCF	GCF_900036475.1	GCF/ncbi_dataset/data/GCF_900036475.1/genomic.gbff	5373240	32188d0c7ecb7b331b1ebea420d152c6930f40fbd967b90de435678a4a9765e9
GCF	GCF_900036475.1	GCF/ncbi_dataset/data/GCF_900036475.1/genomic.gff	1237539	57a7d63943de66f58a2f7dbef8b552060b7140f9a995fec7627b476006ee96e8
GCF	GCF_900036475.1	GCF/ncbi_dataset/data/GCF_900036475.1/sequence_report.jsonl	10088	ef9b9d0bb3184afbe96c6128797fd05c6510e2b67226b1362fbee329425fd079
GCF	GCF_900036955.1	GCF/ncbi_dataset/data/GCF_900036955.1/GCF_900036955.1_11511_8_4_genomic.fna	2080713	0e4afedc636771718d018cba33629181186cc58ea754f0330ad73613636edbfb
GCF	GCF_900036955.1	GCF/ncbi_dataset/data/GCF_900036955.1/genomic.gbff	5215589	6f370fa82f8e35114e3a20dae61d3e906a4f82a8643fcf3339becbad9a0544e1
GCF	GCF_900036955.1	GCF/ncbi_dataset/data/GCF_900036955.1/genomic.gff	1205855	e888b94bbde9ff7631dc0c16d27f1c204f8b665dd86aa850908f43d2e8c04c73
GCF	GCF_900036955.1	GCF/ncbi_dataset/data/GCF_900036955.1/sequence_report.jsonl	10697	23001b0393f8825e3d57e980887c17a3b34fc762d452180aeaef4d2105dfd27e
GCF	GCF_900036965.1	GCF/ncbi_dataset/data/GCF_900036965.1/GCF_900036965.1_11679_1_2_genomic.fna	2195586	f552c396b49a86c6d3c6a835e3735146b6363504fd68af3c9931cf9729023a02
GCF	GCF_900036965.1	GCF/ncbi_dataset/data/GCF_900036965.1/genomic.gbff	5706815	e7a2d4cf42f310508936888af55e77a4252bcc30c893af838e01e6fc18868af4
GCF	GCF_900036965.1	GCF/ncbi_dataset/data/GCF_900036965.1/genomic.gff	1157225	fc605d36e16c9fe0e02a814fdde82d71ab88e5389f3f251e3c26e457dc1bef8d
GCF	GCF_900036965.1	GCF/ncbi_dataset/data/GCF_900036965.1/sequence_report.jsonl	24733	4c18439613781de66eaa93edcc34f98da427e9f3c5a681b6df4903d57b982d1c
GCF	GCF_900036985.1	GCF/ncbi_dataset/data/GCF_900036985.1/GCF_900036985.1_11679_1_10_genomic.fna	2121950	e91b86793baa764dda8bbfb1ad343640b3f29f5f8dda69b6074de7a5721ebcf7
GCF	GCF_900036985.1	GCF/ncbi_dataset/data/GCF_900036985.1/genomic.gbff	5332769	30d630a7b30a0060d686c76a99fb4d51d48cb7a9d8fbdd52399a749ae096d5c7
GCF	GCF_900036985.1	GCF/ncbi_dataset/data/GCF_900036985.1/genomic.gff	1227912	fc34b12d285d3e5fbda8611316e28e7db34d27bf196d77833bd8b7690bcfaad4
GCF	GCF_900036985.1	GCF/ncbi_dataset/data/GCF_900036985.1/sequence_report.jsonl	9884	4d9bb03344c6d23977215b6c2b61d1be51664e453b4060161a3d5d47434fbd22
GCF	GCF_900036995.1	GCF/ncbi_dataset/data/GCF_900036995.1/GCF_900036995.1_11511_8_11_genomic.fna	2271639	1030b3b8b3c4f50b1837405975e40cbe69f568bd62d17075ea674e8dca5276b9
GCF	GCF_900036995.1	GCF/ncbi_dataset/data/GCF_900036995.1/genomic.gbff	6674492	c0e23e24873f4721431afa8865637e22ddb27f06de59409c3a3183867b7f5cd8
GCF	GCF_900036995.1	GCF/ncbi_dataset/data/GCF_900036995.1/genomic.gff	1631609	371771c3f1aedd4896e62c3aa9317e46fc6e6d3189a1a22d87b0d85335e8d9e8
GCF	GCF_900036995.1	GCF/ncbi_dataset/data/GCF_900036995.1/sequence_report.jsonl	64551	090267e0bfdd2a08675042b8fecd6f7601edf2bf4cd09f4914eb996e9541ef4a
GCF	GCF_900037005.1	GCF/ncbi_dataset/data/GCF_900037005.1/GCF_900037005.1_11679_1_13_genomic.fna	2092455	65db03b0e984eb0349e3fd45fc6ddec30859e5975df60f2cda3b3e1f6b60e032
GCF	GCF_900037005.1	GCF/ncbi_dataset/data/GCF_900037005.1/genomic.gbff	5397874	5525ff905e588e3b0bcad6ff6d8683665c4d904dabe27b62a5f97d1b234c9e18
GCF	GCF_900037005.1	GCF/ncbi_dataset/data/GCF_900037005.1/genomic.gff	1249206	b07ae889ae9a7faa003699328f180f1a5764e3f6e497c2020ed6eab4401eea26
GCF	GCF_900037005.1	GCF/ncbi_dataset/data/GCF_900037005.1/sequence_report.jsonl	23469	46b37762d939738119620a87c974c22f7ecb9e5ce863ce45f62333bb780c292e
GCF	GCF_900037015.1	GCF/ncbi_dataset/data/GCF_900037015.1/GCF_900037015.1_11657_4_12_genomic.fna	2180156	a5f33af5a1ab5c1c76e0f55dde0769b8818cd450d5385b15749fa2fd65d44161
GCF	GCF_900037015.1	GCF/ncbi_dataset/data/GCF_900037015.1/genomic.gbff	6047564	6e8f8f537ef3f111cb549b28e983c44936e1037d77c9430349b2391bdaab786b
GCF	GCF_900037015.1	GCF/ncbi_dataset/data/GCF_900037015.1/genomic.gff	1490997	162f3f0b260de9771f2141fa11df4e3f08b6bc08faed86eecf320fb74ef45107
GCF	GCF_900037015.1	GCF/ncbi_dataset/data/GCF_900037015.1/sequence_report.jsonl	30492	9a81628150649734094bf09623b8d24c06b6319a1c61035098488a8ee314916f
GCF	GCF_900037025.1	GCF/ncbi_dataset/data/GCF_900037025.1/GCF_900037025.1_11679_1_15_genomic.fna	2022876	929aa6ecdd35dc44ac92e7ace8ec477805f383d3e7700744e908294a774b97ba
GCF	GCF_900037025.1	GCF/ncbi_dataset/data/GCF_900037025.1/genomic.gbff	5131742	69b7e92ad3da1f87d8048c24d2b7a131b8c7f93ddad6519ff0b310d966df2fa0
GCF	GCF_900037025.1	GCF/ncbi_dataset/data/GCF_900037025.1/genomic.gff	1183665	afad09d14a2f81661795367e81dc4fa7f2a0ef95f19820af9a92b2a9b3aafd45
GCF	GCF_900037025.1	GCF/ncbi_dataset/data/GCF_900037025.1/sequence_report.jsonl	15586	393c480e90899aa8b3b999bf91b454c3c65f9ccd1fe72745fa4f5679d596ff15
GCF	GCF_900037035.1	GCF/ncbi_dataset/data/GCF_900037035.1/GCF_900037035.1_11657_8_12_genomic.fna	2089917	86c24fea0cfccc2998f526945e584c97dc950937bd40f5216c1954b05c77475a
GCF	GCF_900037035.1	GCF/ncbi_dataset/data/GCF_900037035.1/genomic.gbff	5270310	899a373f13f0bbe64c05a3797633185b456c5156326e5aa1cc0c6887d39234d6
GCF	GCF_900037035.1	GCF/ncbi_dataset/data/GCF_900037035.1/genomic.gff	1205828	637832a25e06653b08662a91433075a0264001876712b63772f11b982c94f43b
GCF	GCF_900037035.1	GCF/ncbi_dataset/data/GCF_900037035.1/sequence_report.jsonl	13444	78aa6f2f589e4cecdde8b6ed9edabba94e7b79dc0f9d2bc7841180e66c137a26
GCF	GCF_900037045.1	GCF/ncbi_dataset/data/GCF_900037045.1/GCF_900037045.1_11658_2_92_genomic.fna	2091367	0f57772bc7e2a6e1107ab41b8284da55d705a5f4b44e932f92a18ed6e99caf15
GCF	GCF_900037045.1	GCF/ncbi_dataset/data/GCF_900037045.1/genomic.gbff	5272922	bd42f546636f1f2377afb7e7aba937c1f4bccb709ddb4e3bf14ff540a80c0953
GCF	GCF_900037045.1	GCF/ncbi_dataset/data/GCF_900037045.1/genomic.gff	1209132	3ed9c7c0dc7b46f6850bf96cc468258e62618fd184ca9f6fec5b04c4445e3015
GCF	GCF_900037045.1	GCF/ncbi_dataset/data/GCF_900037045.1/sequence_report.jsonl	13447	aa6a70029dc4fc5ed37d88e13c1d34cd0201a94a074656730b36c74de3df5bed
GCF	GCF_900037055.1	GCF/ncbi_dataset/data/GCF_900037055.1/GCF_900037055.1_11679_1_24_genomic.fna	2242208	b16925e00b5ae43afb37f79fa0aa7d3c9e5a175d8f309487b8734dbcc9ef52f4
GCF	GCF_900037055.1	GCF/ncbi_dataset/data/GCF_900037055.1/genomic.gbff	6314172	1b575b0fc045c4453b96c594307e740696e55597caa092b3bc2a038dd294594a
GCF	GCF_900037055.1	GCF/ncbi_dataset/data/GCF_900037055.1/genomic.gff	1545730	566d602920e5400f9d4712c0d4ab1e75bf18cfae91fbc7cd3370619b9b0fb94b
GCF	GCF_900037055.1	GCF/ncbi_dataset/data/GCF_900037055.1/sequence_report.jsonl	41128	0a35171e9e615330e5614e7f03bc96fbe3d70ca6f8b586e4408328a4d0f47a7b
GCF	GCF_900037065.1	GCF/ncbi_dataset/data/GCF_900037065.1/GCF_900037065.1_11657_4_18_genomic.fna	2303916	9d327b18bea6cca25fc338d9c2484a940f996007d1a15387d0e95e0d084dcbc8
GCF	GCF_900037065.1	GCF/ncbi_dataset/data/GCF_900037065.1/genomic.gbff	7191327	aeb4cf7bef89e5df381ab1dc7aadd73de21b08d01f4068887d0373dff9c902fd
GCF	GCF_900037065.1	GCF/ncbi_dataset/data/GCF_900037065.1/genomic.gff	1768163	4f7b766842bb2f372a6d8f2f2c2359b9a411264e27072743bb94abe34cdcc01f
GCF	GCF_900037065.1	GCF/ncbi_dataset/data/GCF_900037065.1/sequence_report.jsonl	99221	8735dd5b91e1735af4401367b8b3d717bee5f1c017cf97f6f3bc6542bf08d063
GCF	GCF_900037075.1	GCF/ncbi_dataset/data/GCF_900037075.1/GCF_900037075.1_11657_4_26_genomic.fna	2067501	ff6f13cb23c50464c9e812302e7fcff763b44ce7bc6e6636b9bc8e67e1c75a8f
GCF	GCF_900037075.1	GCF/ncbi_dataset/data/GCF_900037075.1/genomic.gbff	5506520	a5089e0d8fd4385d65d7d56811958f18a50703919bab7038493c6bfe0b6b6e19
GCF	GCF_900037075.1	GCF/ncbi_dataset/data/GCF_900037075.1/genomic.gff	1358632	987ebf1ef387a2d824e6e148827497605075a23aa4d13b3de7792b99fc59fcd1
GCF	GCF_900037075.1	GCF/ncbi_dataset/data/GCF_900037075.1/sequence_report.jsonl	10706	2c1fa6b7b7cda9318406367fd84933dc2ebb72857539c7992a7955b483229d43
GCF	GCF_900037615.1	GCF/ncbi_dataset/data/GCF_900037615.1/GCF_900037615.1_11511_8_15_genomic.fna	2021912	99d954ccb5edde367e4308bfcb899424e6321d68ff16ed5929e438265bff63f3
GCF	GCF_900037615.1	GCF/ncbi_dataset/data/GCF_900037615.1/genomic.gbff	5083176	ee1dac2bff054e3fe1dea530d7216fd0f416cddba6cb2e7f22dc641fee2a8f7c
GCF	GCF_900037615.1	GCF/ncbi_dataset/data/GCF_900037615.1/genomic.gff	1169802	ff069cd10203d0edd91f95b530548bd0f99d50636c9748633d581c36762cfaaf
GCF	GCF_900037615.1	GCF/ncbi_dataset/data/GCF_900037615.1/sequence_report.jsonl	12232	e9138d4b8fda3665f8154c836147d8148c11e563f8f7af5cee7d76b9075fb766
GCF	GCF_900037625.1	GCF/ncbi_dataset/data/GCF_900037625.1/GCF_900037625.1_11511_8_22_genomic.fna	2171250	d8b22ee7146407c5ee45fa621383c458c6945c6a16246118f12d02af92f9c258
GCF	GCF_900037625.1	GCF/ncbi_dataset/data/GCF_900037625.1/genomic.gbff	5516642	0f9a54ec031751549e0433ea5a8e229b3ad8e05efdb2429f2d75afdf231db515
GCF	GCF_900037625.1	GCF/ncbi_dataset/data/GCF_900037625.1/genomic.gff	1276343	e6f83835cab47157cf68482435c8c78cdfc24e6ed2c201da1a84179c69e0a087
GCF	GCF_900037625.1	GCF/ncbi_dataset/data/GCF_900037625.1/sequence_report.jsonl	15893	16b1c6d065d83b5874a5005cfdbfa31b1c247790f94e8116238ae5d35a37d80b
GCF	GCF_900038105.1	GCF/ncbi_dataset/data/GCF_900038105.1/GCF_900038105.1_11657_4_19_genomic.fna	2266379	5dcea65e19e364ddeea6bbbc123cc045cb2444a4671ade7c744e56738f6f2e70
GCF	GCF_900038105.1	GCF/ncbi_dataset/data/GCF_900038105.1/genomic.gbff	6693557	2a1c496495f5cde236eda04daf224cf8ddbcd539ed2ab2696bfb9ea1451dfcaf
GCF	GCF_900038105.1	GCF/ncbi_dataset/data/GCF_900038105.1/genomic.gff	1647658	2855111f0a80e67e5357aee96a1a9926d81439bb64c244ca4bf999b0ae6c4803
GCF	GCF_900038105.1	GCF/ncbi_dataset/data/GCF_900038105.1/sequence_report.jsonl	66066	720c2c5a3e9cdfafb9415d613e86cb7547e6bcf2120bb38bc2e21588cd7f3dd7
GCF	GCF_900038115.1	GCF/ncbi_dataset/data/GCF_900038115.1/GCF_900038115.1_11658_2_90_genomic.fna	2208363	50b388dcb17d2907a999fdef3409422a432f41d80d4e044905afa0df7031eb73
GCF	GCF_900038115.1	GCF/ncbi_dataset/data/GCF_900038115.1/genomic.gbff	6382228	f84659a864389f8f93fa755094874a7e21960aee093372e8c62186435c5afbf1
GCF	GCF_900038115.1	GCF/ncbi_dataset/data/GCF_900038115.1/genomic.gff	1561420	97e0e83f7590323c9b8c4a74a377efe96b07479ca101c46759330e15fdfcf5b4
GCF	GCF_900038115.1	GCF/ncbi_dataset/data/GCF_900038115.1/sequence_report.jsonl	54794	f2ff7a6ea36f3b9da68a16af680ad46dc7bf61cdfb79bffab1a436d94e95ae07
GCF	GCF_900038125.1	GCF/ncbi_dataset/data/GCF_900038125.1/GCF_900038125.1_11679_1_28_genomic.fna	2058651	ec64789127b9ca817e66375132cfd2952789f0995886790f178d46d11e1cbf16
GCF	GCF_900038125.1	GCF/ncbi_dataset/data/GCF_900038125.1/genomic.gbff	5186910	2ef8c3a5e338643522af9c950b89e5271992dfa2f0f900fc35c6aa56dc47e228
GCF	GCF_900038125.1	GCF/ncbi_dataset/data/GCF_900038125.1/genomic.gff	1194410	e0bfde3c2109623004de9d5189cd08f68a7d401cb88b51fb8900e9d5376c581e
GCF	GCF_900038125.1	GCF/ncbi_dataset/data/GCF_900038125.1/sequence_report.jsonl	13446	5d1f8b1af3020b459341307f261f9838f90105a748850a5656dc1ce03675d589
GCF	GCF_900038135.1	GCF/ncbi_dataset/data/GCF_900038135.1/GCF_900038135.1_11657_4_29_genomic.fna	2088992	1a0cd5cbb3831dd8f36e7a3d467c48cc7f2cd07723812ddd9016ccdecb52afbf
GCF	GCF_900038135.1	GCF/ncbi_dataset/data/GCF_900038135.1/genomic.gbff	5520264	aae963836c0e871d0210826e48e10199dc524a53bf5e082def3f2cb5322f5cb2
GCF	GCF_900038135.1	GCF/ncbi_dataset/data/GCF_900038135.1/genomic.gff	1376798	0b62d8f6cdadeef53e0082e53c25947cfd1675a719a24fd19875318827d06532
GCF	GCF_900038135.1	GCF/ncbi_dataset/data/GCF_900038135.1/sequence_report.jsonl	6073	3b867ab2bad4424bafef284637e9b46ea5d5d0a6555b5fdf6aceb8849d316b3b
GCF	GCF_900038145.1	GCF/ncbi_dataset/data/GCF_900038145.1/GCF_900038145.1_11657_4_30_genomic.fna	2106409	6d6902710aabd13919328a4a73ec1a2a2701e033aeb7549c85907b14ee8407a2
GCF	GCF_900038145.1	GCF/ncbi_dataset/data/GCF_900038145.1/genomic.gbff	5298381	8128e3c03d0ded366e07715241e4b01d64802340b60a27af552e66a06423d35c
GCF	GCF_900038145.1	GCF/ncbi_dataset/data/GCF_900038145.1/genomic.gff	1227879	e0b2409202156e2cb765b4c1ac09ccee91cf10300eb22a204bf63fb15347dc4a
GCF	GCF_900038145.1	GCF/ncbi_dataset/data/GCF_900038145.1/sequence_report.jsonl	11011	558ebdd785ac631e1b9d4acf4981fd4cbbab9ffe9bf7bc3e6d2795bb55ce6bda
GCF	GCF_900038155.1	GCF/ncbi_dataset/data/GCF_900038155.1/GCF_900038155.1_11893_8_15_genomic.fna	2060047	57d2be73851da428498562e30d7f795fce989426c0c01ec40061b9f7dedb2791
GCF	GCF_900038155.1	GCF/ncbi_dataset/data/GCF_900038155.1/genomic.gbff	5188418	1332c0dd92ea6ac3a70ab0ea78c4d9b21c3ad01cd189ecc3e7b6781cdd84455e
GCF	GCF_900038155.1	GCF/ncbi_dataset/data/GCF_900038155.1/genomic.gff	1193658	fe2d8e7da23e487a7e8be49bf2cdb75e42590833ecebde158f3f513aa13ed50c
GCF	GCF_900038155.1	GCF/ncbi_dataset/data/GCF_900038155.1/sequence_report.jsonl	12229	644e207b2e556230ac0a3d48939e259bd0c4c008118e12a3446f59fa1808ca44
GCF	GCF_900038165.1	GCF/ncbi_dataset/data/GCF_900038165.1/GCF_900038165.1_11679_1_32_genomic.fna	2191746	00e4c175a3c22cf7c69f4c9e08bd498517ae0efcb1a25833f300ef567167de30
GCF	GCF_900038165.1	GCF/ncbi_dataset/data/GCF_900038165.1/genomic.gbff	6351106	c06f8649056481f16212b233fb2015b13b32dceaf2776fafe55329776a08fdfd
GCF	GCF_900038165.1	GCF/ncbi_dataset/data/GCF_900038165.1/genomic.gff	1566407	fe11b8812624fa76d503d5f5355719647e7be039da3ea81063731db4620eb3ad
GCF	GCF_900038165.1	GCF/ncbi_dataset/data/GCF_900038165.1/sequence_report.jsonl	54476	528e0469c8381ed95fabc0f9165238f97c1bba54ff54316979bb0a68f9dbd540
GCF	GCF_900038175.1	GCF/ncbi_dataset/data/GCF_900038175.1/GCF_900038175.1_11511_8_32_genomic.fna	2103193	716e98a5703d4498a8832e41089e35feb0a8af10b7b6a2dcc097cd72bbf7d379
GCF	GCF_900038175.1	GCF/ncbi_dataset/data/GCF_900038175.1/genomic.gbff	5373956	a523be21f40c131b23481f70c8f82cff21d64e43f57e8e230ec1171766928680
GCF	GCF_900038175.1	GCF/ncbi_dataset/data/GCF_900038175.1/genomic.gff	1242594	cedcc97e65527840faefff10badf6ff9c51caaf43ddf16b36bae61e7db6ac62c
GCF	GCF_900038175.1	GCF/ncbi_dataset/data/GCF_900038175.1/sequence_report.jsonl	18310	24eb4f151d818703b5f5439072975505e1299e9c1d338df4f171a5ca9ae8abb3
GCF	GCF_900038185.1	GCF/ncbi_dataset/data/GCF_900038185.1/GCF_900038185.1_11511_8_34_genomic.fna	2077015	c3618c15e7d5fad586f352cff46cd81d99bde33a42a747a1d37a15faaf6fa09e
GCF	GCF_900038185.1	GCF/ncbi_dataset/data/GCF_900038185.1/genomic.gbff	5157945	c0bb81af2b35ee515e8aea732b1290aacad87d34af190ba98cdef3befb6f6af2
GCF	GCF_900038185.1	GCF/ncbi_dataset/data/GCF_900038185.1/genomic.gff	1198357	ed7392afeadf30c8656c5ed52b8a1f11b48f4ae182093e42960780b8e20e4c7c
GCF	GCF_900038185.1	GCF/ncbi_dataset/data/GCF_900038185.1/sequence_report.jsonl	4587	0113ab5fed4833538b110243bf518453a56fc2ac37d034b63e0bbfe6ed92ad51
GCF	GCF_900038685.1	GCF/ncbi_dataset/data/GCF_900038685.1/GCF_900038685.1_11511_8_26_genomic.fna	2112110	2c15842bf3d528df81ee41d79d0d68106dff76ef568b2cf16888ef432d05a6db
GCF	GCF_900038685.1	GCF/ncbi_dataset/data/GCF_900038685.1/genomic.gbff	5307394	9b5bfeaa9b29ac50c57040c3a19e99cfe5a83158b9f2cc91a61fd2e13afc5b42
GCF	GCF_900038685.1	GCF/ncbi_dataset/data/GCF_900038685.1/genomic.gff	1235946	bb2856da9cffeab181966882da69eccd07905336a2f54a90d5b1ec60854b52ae
GCF	GCF_900038685.1	GCF/ncbi_dataset/data/GCF_900038685.1/sequence_report.jsonl	10389	300ad984841db8ddd00e0037f61653ba3d2e398e6a1e3eab9ee1e0d4d84fa964
GCF	GCF_900038695.1	GCF/ncbi_dataset/data/GCF_900038695.1/GCF_900038695.1_11511_8_28_genomic.fna	2153340	578130dfee09a52d12bbdd409c05e3a10d015ac1655c5db2323413b38e53accc
GCF	GCF_900038695.1	GCF/ncbi_dataset/data/GCF_900038695.1/genomic.gbff	5956445	b6d3b294b4a4d1761929878a39cc6ba06fb36837f3938e26137a668510ef982b
GCF	GCF_900038695.1	GCF/ncbi_dataset/data/GCF_900038695.1/genomic.gff	1466206	37c30fee579fc215e465db3df5216353ca6441cf78cf89fab70589759e6619f7
GCF	GCF_900038695.1	GCF/ncbi_dataset/data/GCF_900038695.1/sequence_report.jsonl	28642	89eb5b43b277484731ef0b1d8b89f517c7905d759465258fc237cdaceecb472b
GCF	GCF_900038705.1	GCF/ncbi_dataset/data/GCF_900038705.1/GCF_900038705.1_11511_8_35_genomic.fna	2154842	3cc8975543cae1230006cb4701dea2a8dacdaa28473b39ffb901a81bf8d40d25
GCF	GCF_900038705.1	GCF/ncbi_dataset/data/GCF_900038705.1/genomic.gbff	5845830	c2636a73f857dbc973cefbb654ca89371c2c8370150b1a932426707bf86a038a
GCF	GCF_900038705.1	GCF/ncbi_dataset/data/GCF_900038705.1/genomic.gff	1445799	6d2b557b88873d84e9be7070c5995474d64c655e7a16e959859b4a48b4d926fd
GCF	GCF_900038705.1	GCF/ncbi_dataset/data/GCF_900038705.1/sequence_report.jsonl	19860	da09662007e419de6dfd07eeeeea22ce9bf62d2a77836b5c411aca90260a62f3
GCF	GCF_900039635.1	GCF/ncbi_dataset/data/GCF_900039635.1/GCF_900039635.1_11657_4_9_genomic.fna	2115994	5e9f4e23cbc1439176b557d040fb303395d66ebee4994c862e308d859de77b97
GCF	GCF_900039635.1	GCF/ncbi_dataset/data/GCF_900039635.1/genomic.gbff	5328228	ef06be20a0dd0ae4c806f8d01b79172bd3cf4269b4e710fb3c9aa1a4b54b2df5
GCF	GCF_900039635.1	GCF/ncbi_dataset/data/GCF_900039635.1/genomic.gff	1237863	5d1714b38564c0570aa903b379d9793098eebe333ecdf38698efe734de818111
GCF	GCF_900039635.1	GCF/ncbi_dataset/data/GCF_900039635.1/sequence_report.jsonl	10188	37ea1e0b1ce3bfc78df598c79b15b839a627fe8290e5c2a88abe7f297aa24ad9
GCF	GCF_900039645.1	GCF/ncbi_dataset/data/GCF_900039645.1/GCF_900039645.1_11679_1_12_genomic.fna	2113985	d57338975cc33e8731553e4cd59b78d754566068def61bef43802565421d638b
GCF	GCF_900039645.1	GCF/ncbi_dataset/data/GCF_900039645.1/genomic.gbff	5304920	ab80d449e41dbb47b1b27611d3dcab1bdd8d51617aea9626a8855f23c760816c
GCF	GCF_900039645.1	GCF/ncbi_dataset/data/GCF_900039645.1/genomic.gff	1235597	3d3540f552cf7c3a2842a1ebb1854ac7845c8f8d5a450675c54edca19f3a1aac
GCF	GCF_900039645.1	GCF/ncbi_dataset/data/GCF_900039645.1/sequence_report.jsonl	8874	0a515dce0676492c9fc24b7c4fd51be6fed8acd8113ac79aa89ba3df004380a0
GCF	GCF_900039655.1	GCF/ncbi_dataset/data/GCF_900039655.1/GCF_900039655.1_11679_1_27_genomic.fna	2112562	e6fc8281838684b385c818bd39d7c0d64ba1ef9e8af376e4cefe2c2d35e7fc66
GCF	GCF_900039655.1	GCF/ncbi_dataset/data/GCF_900039655.1/genomic.gbff	5313515	f42ccae50217673cf70dbfa25df126e696ea47c6d94c568d97619d79dc2f64bb
GCF	GCF_900039655.1	GCF/ncbi_dataset/data/GCF_900039655.1/genomic.gff	1231218	1d31d282113758f892ef06be5e0dfa9ba25f31dc2678ad7c38a12f85084cf9aa
GCF	GCF_900039655.1	GCF/ncbi_dataset/data/GCF_900039655.1/sequence_report.jsonl	11313	ee5db59e73e8f502e19849fe8e8e3082c783aa06b3121f33d10494cbeaa59713
GCF	GCF_900040065.1	GCF/ncbi_dataset/data/GCF_900040065.1/GCF_900040065.1_11657_4_22_genomic.fna	2134806	36b3af51ce509b06c848322aeb68b391120f7d940985836cfc8b9b5ecec577af
GCF	GCF_900040065.1	GCF/ncbi_dataset/data/GCF_900040065.1/genomic.gbff	6031499	4b1a6138306cb4815d9c398c8c6b7adf54181c4b3b97a1e45d83a5929b4330da
GCF	GCF_900040065.1	GCF/ncbi_dataset/data/GCF_900040065.1/genomic.gff	1489371	e6382ea556802797f0b5575edef3c7742fbdcba8468c8b28ce0c07a05296c7a5
GCF	GCF_900040065.1	GCF/ncbi_dataset/data/GCF_900040065.1/sequence_report.jsonl	37826	b23898f8536553b3fe4872bc3213c66f7343a0357805ec2624b2912dc53b83aa
GCF	GCF_900040705.1	GCF/ncbi_dataset/data/GCF_900040705.1/GCF_900040705.1_11657_8_5_genomic.fna	2021010	c78597f2be656c438c426535e0741b5123c4c0fe22de8c1a517bd8c9ec684182
GCF	GCF_900040705.1	GCF/ncbi_dataset/data/GCF_900040705.1/genomic.gbff	5109771	6d1c8848010956f224a29078f11c0ab3dfb38c58281411adc93b849ee19ed840
GCF	GCF_900040705.1	GCF/ncbi_dataset/data/GCF_900040705.1/genomic.gff	1178556	37b5268a1c7ceeb060696c8e4cc1f803e50f22c6923eb715a427c0caf11e9981
GCF	GCF_900040705.1	GCF/ncbi_dataset/data/GCF_900040705.1/sequence_report.jsonl	14065	a8b91a315bf13e49e5fba8b42edfcd630753df3c0685f23f5985e70230b18c15
GCF	GCF_900040715.1	GCF/ncbi_dataset/data/GCF_900040715.1/GCF_900040715.1_11511_8_2_genomic.fna	2137043	b2287d9ec4cb5c8f10105ef4444d239fc61a2602a3ab3e9c903c4d71bf8f50fc
GCF	GCF_900040715.1	GCF/ncbi_dataset/data/GCF_900040715.1/genomic.gbff	5912249	7106beddf9e4c08e6ea97d8f284345057ada16ca11f921e6bb1dbab1269f77b6
GCF	GCF_900040715.1	GCF/ncbi_dataset/data/GCF_900040715.1/genomic.gff	1458665	255937530c41dab49ade7a790cd219718551d593e24b9006db530d59248b89d7
GCF	GCF_900040715.1	GCF/ncbi_dataset/data/GCF_900040715.1/sequence_report.jsonl	29226	096dc0a12cf4dbbebe3f1240fc9233ea89241641468a66898532b7231e45aebb
GCF	GCF_900041765.1	GCF/ncbi_dataset/data/GCF_900041765.1/GCF_900041765.1_11679_1_4_genomic.fna	2000266	aef2dc923d970655fd45cd003173f4d010ef703a207991063fefd1a78d5dba60
GCF	GCF_900041765.1	GCF/ncbi_dataset/data/GCF_900041765.1/genomic.gbff	5039369	473d692a439c793e8bc9fee87fb88f5a6c806329c0b27f5f72942739920a4de7
GCF	GCF_900041765.1	GCF/ncbi_dataset/data/GCF_900041765.1/genomic.gff	1028299	39e45aacd861e82732d50c78d3ff216649469a6bdd7279580ca71dd24bf30f28
GCF	GCF_900041765.1	GCF/ncbi_dataset/data/GCF_900041765.1/sequence_report.jsonl	9797	a491bca465af3761a03c978e7020da89ab6799d5b25c88dc08096ce50775bb82
GCF	GCF_900042465.1	GCF/ncbi_dataset/data/GCF_900042465.1/GCF_900042465.1_11679_1_22_genomic.fna	2089567	f565a6ef27e2eeb7abe95b3bef44ae804f6200e5e49888e4a97aed3036e9f1ab
GCF	GCF_900042465.1	GCF/ncbi_dataset/data/GCF_900042465.1/genomic.gbff	5256551	8c9fabded31c47481ebdf1bb001792d9b56df9cf0ab6c87c564bf86971497121
GCF	GCF_900042465.1	GCF/ncbi_dataset/data/GCF_900042465.1/genomic.gff	1213595	e2bf445fcbee2d5d61dc6d36f25c123ee20761b3b5d86dc6196994d46dec8542
GCF	GCF_900042465.1	GCF/ncbi_dataset/data/GCF_900042465.1/sequence_report.jsonl	11011	7e4ccdbde547316c775b56cb27349910ccb6a44f0bb03383b98ca7400be0c66a
GCF	GCF_900043665.1	GCF/ncbi_dataset/data/GCF_900043665.1/GCF_900043665.1_11511_8_5_genomic.fna	2053338	5045db2dc342189946549aefb0eff32f526d133ddc2c80e70d39edc11556a226
GCF	GCF_900043665.1	GCF/ncbi_dataset/data/GCF_900043665.1/genomic.gbff	5355582	b18a9b2c7e65f53564aba82b1a37266621c8f12e8bc50700f57237d6f1453dad
GCF	GCF_900043665.1	GCF/ncbi_dataset/data/GCF_900043665.1/genomic.gff	1237525	976fd4de3120043629f92d5e7ce1a21c02ff49ff788ac6596bb23f7323112ce7
GCF	GCF_900043665.1	GCF/ncbi_dataset/data/GCF_900043665.1/sequence_report.jsonl	30173	36d4bb4597ef1f709fbbe874f622b93586fdf77cb51b67bbfaa9dc5294be8224
GCF	GCF_900043675.1	GCF/ncbi_dataset/data/GCF_900043675.1/GCF_900043675.1_11657_8_7_genomic.fna	2289327	8519646279d336ef5105604e27860f0cf7027b530f7b16ec471c1d1085f23a22
GCF	GCF_900043675.1	GCF/ncbi_dataset/data/GCF_900043675.1/genomic.gbff	6979246	f4e4cce68c022537a3fc9c9fc78743aa8421afe8df68f66ae55ae135e79c3a20
GCF	GCF_900043675.1	GCF/ncbi_dataset/data/GCF_900043675.1/genomic.gff	1703082	97eff9bb2ebca3b1176f822124914d4b8dba16fb403080646e0b3ae3646a8880
GCF	GCF_900043675.1	GCF/ncbi_dataset/data/GCF_900043675.1/sequence_report.jsonl	87042	b7813a0c646797090c7c1444d8a059c4fc8aa9678d49e7e0736c0b998eee2a83
GCF	GCF_900043685.1	GCF/ncbi_dataset/data/GCF_900043685.1/GCF_900043685.1_11679_1_5_genomic.fna	2160296	17f9b22161d72e12cdf7ff42d15c7d6bccf619a3a5111a5c81e04c70b0de4fb9
GCF	GCF_900043685.1	GCF/ncbi_dataset/data/GCF_900043685.1/genomic.gbff	5448052	4c89237578beed30b6e7b69b80b2a7a0ca3f0bc96ef4ff08de2139462778be4f
GCF	GCF_900043685.1	GCF/ncbi_dataset/data/GCF_900043685.1/genomic.gff	1253970	4fb2a73f5f2658335e70867d529b847e473ebcc068718b87838b1441bf948cdd
GCF	GCF_900043685.1	GCF/ncbi_dataset/data/GCF_900043685.1/sequence_report.jsonl	12532	82932d2f357cf12ad70b6aee79c470703ad9b57565dd789d2b2f5c018dddef9c
GCF	GCF_900043695.1	GCF/ncbi_dataset/data/GCF_900043695.1/GCF_900043695.1_11511_8_10_genomic.fna	2020174	256f70df673966fba4bfb627d2b0a8ac2cecd3721373622aeb58d667f0d6e52b
GCF	GCF_900043695.1	GCF/ncbi_dataset/data/GCF_900043695.1/genomic.gbff	5096300	f91680afd805953556afee456a46e155a84ca3f7d11acb068999eaf18bcd0e01
GCF	GCF_900043695.1	GCF/ncbi_dataset/data/GCF_900043695.1/genomic.gff	1176829	be5e7418cf99950617053c664da0c386b8f4cd1ee3ee708db03f3a5a3591dba4
GCF	GCF_900043695.1	GCF/ncbi_dataset/data/GCF_900043695.1/sequence_report.jsonl	12283	28dbc99eb885204fed25559360a45e7e200dae8d8efa29e8358d1bc568031e05
GCF	GCF_900043705.1	GCF/ncbi_dataset/data/GCF_900043705.1/GCF_900043705.1_11658_2_94_genomic.fna	2214119	d790e4c894f3e73616e96a55cab885c920dbae94a2dc225df18a0f1b536d77df
GCF	GCF_900043705.1	GCF/ncbi_dataset/data/GCF_900043705.1/genomic.gbff	5651077	fa6931cf34ac4e2e02abf1dae65d664ac3b18d2095af2298d6a68fba3e846cf2
GCF	GCF_900043705.1	GCF/ncbi_dataset/data/GCF_900043705.1/genomic.gff	1307614	9d8a5e318af31a809fc5a61f7af3fe11088fe5096248846fb1e548e2b66eadbd
GCF	GCF_900043705.1	GCF/ncbi_dataset/data/GCF_900043705.1/sequence_report.jsonl	20171	507e285c26f9e73984b0dea8842c949b719819ed06ee3040e498d412b78c27ba
GCF	GCF_900043715.1	GCF/ncbi_dataset/data/GCF_900043715.1/GCF_900043715.1_11657_4_13_genomic.fna	2022265	99657d58194a27159280ad55c2bac02a13b57069d2c27aaa4475b32cf50480ba
GCF	GCF_900043715.1	GCF/ncbi_dataset/data/GCF_900043715.1/genomic.gbff	5445240	a40c8a60b210696e3f963a5291b33410391a1cce0b8aeb2aab6a1314cd4ae260
GCF	GCF_900043715.1	GCF/ncbi_dataset/data/GCF_900043715.1/genomic.gff	1338201	4e1055fda203f20d38f2329902056ed478ff2aa439e2e4a0d13565e53a4212b8
GCF	GCF_900043715.1	GCF/ncbi_dataset/data/GCF_900043715.1/sequence_report.jsonl	16200	6d79ac7c093a4a9f0c2c67b44b09e6b51d49090ce22ece1155ccdb9cc3b38550
GCF	GCF_900043725.1	GCF/ncbi_dataset/data/GCF_900043725.1/GCF_900043725.1_11679_1_14_genomic.fna	2131536	c7fce13b15c05c645203131f158af6d2e983a6959629c70986dbfd3bed8da48e
GCF	GCF_900043725.1	GCF/ncbi_dataset/data/GCF_900043725.1/genomic.gbff	5362760	3ceb54aa04befb7df4913ed177dde5a2f4c4e7421d131cb4a379212012494a84
GCF	GCF_900043725.1	GCF/ncbi_dataset/data/GCF_900043725.1/genomic.gff	1236786	8ad3757fddd3d89b06c95865bbf20a9168bec72d8c2a86423e8f93c4f6649f0f
GCF	GCF_900043725.1	GCF/ncbi_dataset/data/GCF_900043725.1/sequence_report.jsonl	12225	ecdf7c036114853e2668c943409ed3de3090750c28dc15eeebdef984f35fdcc2
GCF	GCF_900043735.1	GCF/ncbi_dataset/data/GCF_900043735.1/GCF_900043735.1_11657_4_14_genomic.fna	2126997	e048e1252827980041f868d4473602d334b7e255a2359fb68b38ef8c1a4da6f9
GCF	GCF_900043735.1	GCF/ncbi_dataset/data/GCF_900043735.1/genomic.gbff	5386921	71c623834e5ad58f20cb4e838fb28f0341456ef517aa7e8abe0964fd1bfdca3b
GCF	GCF_900043735.1	GCF/ncbi_dataset/data/GCF_900043735.1/genomic.gff	1243138	8e95a3f33c87eaecbb53903357b8d46b61578dcb0e2dcf8651c342164eeb0e33
GCF	GCF_900043735.1	GCF/ncbi_dataset/data/GCF_900043735.1/sequence_report.jsonl	16811	4ea5e166a1176a21c6a003e91760ab00908ffe5ad2b774db20125a63df660663
GCF	GCF_900043745.1	GCF/ncbi_dataset/data/GCF_900043745.1/GCF_900043745.1_11511_8_14_genomic.fna	2123241	ced88db9f12fd9f48f6582a76c6678f3ca8dfb0ec1973631f2db58c9b7ca9f8d
GCF	GCF_900043745.1	GCF/ncbi_dataset/data/GCF_900043745.1/genomic.gbff	5312732	b79daf538a9be2f6dbb569fab9f470d439efb07ace03150b39e390010ea6fb5c
GCF	GCF_900043745.1	GCF/ncbi_dataset/data/GCF_900043745.1/genomic.gff	1238984	9393916e45a1fc49c7f76fd8ecf6e5fbcaa91c942ec499d953fa8ddce172d781
GCF	GCF_900043745.1	GCF/ncbi_dataset/data/GCF_900043745.1/sequence_report.jsonl	8254	08f9d97b906a0f96d3678db2b6d65c3a744799448b62355ddc531ddbb8e99e16
GCF	GCF_900043755.1	GCF/ncbi_dataset/data/GCF_900043755.1/GCF_900043755.1_11511_8_16_genomic.fna	2131082	834c0dbbb61667103443aa909f1281553c55eee8666b5189faca195cbe13ef6a
GCF	GCF_900043755.1	GCF/ncbi_dataset/data/GCF_900043755.1/genomic.gbff	5332434	9d4150a7fc469def2cdba2756d54d817b811860e3a4a81b3ee05ac5eae374f4d
GCF	GCF_900043755.1	GCF/ncbi_dataset/data/GCF_900043755.1/genomic.gff	1239487	0418bc964fdf881c61285245bbd9d310cfa9c241564968023dcd4c1266e4265a
GCF	GCF_900043755.1	GCF/ncbi_dataset/data/GCF_900043755.1/sequence_report.jsonl	7340	58c7e4ae3318f7a4f165c8cecd805051e3c6536ca94a2a9898b012f56cc953bb
GCF	GCF_900043765.1	GCF/ncbi_dataset/data/GCF_900043765.1/GCF_900043765.1_11679_1_19_genomic.fna	2140657	2a817496f41ffea6e48e3e6f2d126f7bec234fe4445a410566dd85d2fd719fc2
GCF	GCF_900043765.1	GCF/ncbi_dataset/data/GCF_900043765.1/genomic.gbff	5420077	1e3530c1766c8f04f4e4aac6e69d8a143911fd62be0fd6ce2b77cdf954580b9f
GCF	GCF_900043765.1	GCF/ncbi_dataset/data/GCF_900043765.1/genomic.gff	1232227	bd4d0625d57f0e63e2ae0813b7606a5a1f38174b62e1978a46b3bee63d040d61
GCF	GCF_900043765.1	GCF/ncbi_dataset/data/GCF_900043765.1/sequence_report.jsonl	18342	c5afbd51ca74508a314a54fb40ecd02c0d68bf4257075254f78a25b4513ea993
GCF	GCF_900043775.1	GCF/ncbi_dataset/data/GCF_900043775.1/GCF_900043775.1_11679_1_16_genomic.fna	2015418	94970c1057ba044611da9e3cdac1364bd7a9bf1c6041a88f34e05e03c28d3ac1
GCF	GCF_900043775.1	GCF/ncbi_dataset/data/GCF_900043775.1/genomic.gbff	5099544	cb14eeb34571448c960c88206d39dc69acc4e1efee0f1e723ae992d178f904c2
GCF	GCF_900043775.1	GCF/ncbi_dataset/data/GCF_900043775.1/genomic.gff	1175694	843aa0973c7fb6a504ac9b02793cf068302a9246ac53882f27ea736b4ec67b00
GCF	GCF_900043775.1	GCF/ncbi_dataset/data/GCF_900043775.1/sequence_report.jsonl	15186	5fd4ae2ed75dfd06a1ba2b2bb33dce95be292d4edd32b10598d6135b85be53bb
GCF	GCF_900043785.1	GCF/ncbi_dataset/data/GCF_900043785.1/GCF_900043785.1_11658_2_91_genomic.fna	2192180	469db567a32cad73ef3065241a052f71babbcc1eece7140f6893c498fbfa62ed
GCF	GCF_900043785.1	GCF/ncbi_dataset/data/GCF_900043785.1/genomic.gbff	6404627	cf84a4f801d67ff63400d3a4766857083ca56cd2b653bdc519187c3d26c70fb6
GCF	GCF_900043785.1	GCF/ncbi_dataset/data/GCF_900043785.1/genomic.gff	1564853	8fc6b2a32c6d82b79cb5117d4275891b9347f1928ebdf0b03dc3e1d09beaccb2
GCF	GCF_900043785.1	GCF/ncbi_dataset/data/GCF_900043785.1/sequence_report.jsonl	60292	aa8e03e30a852e108371b62a22ab249ad517a023d309cd8ca841084c5ad25407
GCF	GCF_900043795.1	GCF/ncbi_dataset/data/GCF_900043795.1/GCF_900043795.1_11658_2_89_genomic.fna	2199313	4387e4b9029197eae864fc0eb2d31379af095d8940ef6b4aa3d19c64216b4ad2
GCF	GCF_900043795.1	GCF/ncbi_dataset/data/GCF_900043795.1/genomic.gbff	5626888	02a55848c29f7c0a8f45c36a43bf9f9e9dc76d1f2aa59fe5faf5d2d757b752a2
GCF	GCF_900043795.1	GCF/ncbi_dataset/data/GCF_900043795.1/genomic.gff	1302850	633b3f7bccbd608104b9495a7f52b54f77655026cbb2cc5f8e9f64a584e378bf
GCF	GCF_900043795.1	GCF/ncbi_dataset/data/GCF_900043795.1/sequence_report.jsonl	20138	49b37d9bf13b095d5aa86c96c7d43492414d5704f8b4495b5230a2d7bb23199f
GCF	GCF_900043805.1	GCF/ncbi_dataset/data/GCF_900043805.1/GCF_900043805.1_11657_4_23_genomic.fna	2097071	3222b5262bc17d8e9b5d4b59f8658b128bc69fc4f5a22bdf98d4e00157ff168e
GCF	GCF_900043805.1	GCF/ncbi_dataset/data/GCF_900043805.1/genomic.gbff	5268920	11f94a0959f17eaf8192840e55caaeab0b9f0631cb251d3d06b937196120b636
GCF	GCF_900043805.1	GCF/ncbi_dataset/data/GCF_900043805.1/genomic.gff	1216829	ceebe0adfacec6d7854dae1c8dc3b08dc6a65299b3692454469fe4b18a26ad78
GCF	GCF_900043805.1	GCF/ncbi_dataset/data/GCF_900043805.1/sequence_report.jsonl	11919	99725bc6873648a9183f6e23bc614d02d512ceeabf949308f560f8fcfdd3e615
GCF	GCF_900043815.1	GCF/ncbi_dataset/data/GCF_900043815.1/GCF_900043815.1_11658_2_88_genomic.fna	2014388	1e989f3f0429e0e90db73f2dab9ea540783695c794b50c09ec8d3f7f344c18bc
GCF	GCF_900043815.1	GCF/ncbi_dataset/data/GCF_900043815.1/genomic.gbff	5089837	c875cb4ba8f5ceba621fe75f8069845ce63f16632d53dc35fa6268a636c2efd6
GCF	GCF_900043815.1	GCF/ncbi_dataset/data/GCF_900043815.1/genomic.gff	1171420	9998469ac8972c36b80b55ba22fb747ad45e3c5eaecef1e85fcab666a60c350f
GCF	GCF_900043815.1	GCF/ncbi_dataset/data/GCF_900043815.1/sequence_report.jsonl	13757	51ea7d9a5fcc9def3baa3e5eb48f5965211e10e7149cea07e6b53b182a9fde27
GCF	GCF_900043825.1	GCF/ncbi_dataset/data/GCF_900043825.1/GCF_900043825.1_11511_8_21_genomic.fna	2098243	57eab41df1ba6686f90df209f316e27d8ff1796ed9fc45d288d5750d2ce583af
GCF	GCF_900043825.1	GCF/ncbi_dataset/data/GCF_900043825.1/genomic.gbff	5260874	32db06102bbb36af8b2a9e21fef01eea85dbcba7fcd3e946cee2da62b7fe6832
GCF	GCF_900043825.1	GCF/ncbi_dataset/data/GCF_900043825.1/genomic.gff	1214762	49fce71b1dfe6669c385fc3dd2cc6993988da788b0ee854844119ea3eb3e226b
GCF	GCF_900043825.1	GCF/ncbi_dataset/data/GCF_900043825.1/sequence_report.jsonl	8873	73ab9345872e88833ee1f2eeb912e10452384c064cc13416916760c0fee54047
GCF	GCF_900043835.1	GCF/ncbi_dataset/data/GCF_900043835.1/GCF_900043835.1_11657_4_28_genomic.fna	2129072	f8924fc37fec53b3c3f3e996e23303a302d844df626de5fed4982376f39cfed5
GCF	GCF_900043835.1	GCF/ncbi_dataset/data/GCF_900043835.1/genomic.gbff	5690533	889973e8b66f69271de01e9da260a1cb1716e292ebc6a3072b530f8cf88b423b
GCF	GCF_900043835.1	GCF/ncbi_dataset/data/GCF_900043835.1/genomic.gff	1404023	e59a32a8fbc6818d03bf8fc8a0b595ada07648b6b92f79e85ed88a57cf910a25
GCF	GCF_900043835.1	GCF/ncbi_dataset/data/GCF_900043835.1/sequence_report.jsonl	12531	928e67a7cca504305952014608b8f95f4d284b32f2d8abc72638e210c1d21e3b
GCF	GCF_900043845.1	GCF/ncbi_dataset/data/GCF_900043845.1/GCF_900043845.1_11679_1_31_genomic.fna	2261912	1a9064a5bbb42040879ba2fe7264ef4dade5634c8501c5804d3e27890bc6fdf3
GCF	GCF_900043845.1	GCF/ncbi_dataset/data/GCF_900043845.1/genomic.gbff	6998431	ab81afbda059d40911735eaec74ca6e3a59cec8e8fe586d1fa9d5c7adb18d06a
GCF	GCF_900043845.1	GCF/ncbi_dataset/data/GCF_900043845.1/genomic.gff	1721493	ab55467c5fb9531587fc3113ad305e2aa1c50f41d07b1fde353967ba6b1cfcee
GCF	GCF_900043845.1	GCF/ncbi_dataset/data/GCF_900043845.1/sequence_report.jsonl	90980	b60ddfaf88e0dfbbed9fb1d82c3b865db10304fa981acb8ed4deee649aac9359
GCF	GCF_900043855.1	GCF/ncbi_dataset/data/GCF_900043855.1/GCF_900043855.1_11511_8_27_genomic.fna	2091242	ac9fa1dfed6d2c7abc80ba11ec5f8286ac28fb4335e5d402438d8ecc3383277e
GCF	GCF_900043855.1	GCF/ncbi_dataset/data/GCF_900043855.1/genomic.gbff	5258007	98cd0c226090bfe44456bce8d4c4b96767ccfae0949694b37d3b3aa8f2e432b6
GCF	GCF_900043855.1	GCF/ncbi_dataset/data/GCF_900043855.1/genomic.gff	1215076	dfe3efabf05e8a83cef634daf18f896c2a683b5147379793af0d9d4131f4fa52
GCF	GCF_900043855.1	GCF/ncbi_dataset/data/GCF_900043855.1/sequence_report.jsonl	10398	09a22716fedbf93717b34760c5b221626849309299062b34f90d2d80c5ed89d6
GCF	GCF_900043865.1	GCF/ncbi_dataset/data/GCF_900043865.1/GCF_900043865.1_11658_2_85_genomic.fna	2121711	5f03f5c4ae9d248eb9d8d7b32365f0e77dd6c3b413becbdd282954eb9ef47edc
GCF	GCF_900043865.1	GCF/ncbi_dataset/data/GCF_900043865.1/genomic.gbff	5348069	127d2f942ecee82c771dfa92366f8ea45603ef4630a586dac5c59341de376bac
GCF	GCF_900043865.1	GCF/ncbi_dataset/data/GCF_900043865.1/genomic.gff	1236128	a920e4273cb7c7a650c8ffbea1e1760c52ffda845e81f3b9069a2d5f3cd0972b
GCF	GCF_900043865.1	GCF/ncbi_dataset/data/GCF_900043865.1/sequence_report.jsonl	13361	3b199a85a6864008f943f76b8aee6f18c0fb5c1fcd85b9695b32e057307d089a
GCF	GCF_900043875.1	GCF/ncbi_dataset/data/GCF_900043875.1/GCF_900043875.1_11893_8_14_genomic.fna	2152180	c8880508f6e81672f84819baf86e07b96990364cfdbb1ecb26e294998b8bb5df
GCF	GCF_900043875.1	GCF/ncbi_dataset/data/GCF_900043875.1/genomic.gbff	5439688	8fb30042f1d80590801e2b788f8b091c7aad3b0372cfc5f17e8a6ad4a2d595e7
GCF	GCF_900043875.1	GCF/ncbi_dataset/data/GCF_900043875.1/genomic.gff	1251644	7569dff84fc4b3451cd746850dc0a21a3e6ba401d6127abb0122d8187d2d3c54
GCF	GCF_900043875.1	GCF/ncbi_dataset/data/GCF_900043875.1/sequence_report.jsonl	14983	533ee2581f25d9948e9d72e1ffa80fc655905ab17384123d9f37a96d4af509ee
GCF	GCF_900044115.1	GCF/ncbi_dataset/data/GCF_900044115.1/GCF_900044115.1_11657_8_11_genomic.fna	2245230	e8a565d279fcf78861b5ac10da98f5220f6ecfd297f1a3890e0a1f3e435eca0e
GCF	GCF_900044115.1	GCF/ncbi_dataset/data/GCF_900044115.1/genomic.gbff	6250422	91f512a90de6f12bf40974b71ae0476e1e980e5fc69d2aaedb4f6fd4873878b6
GCF	GCF_900044115.1	GCF/ncbi_dataset/data/GCF_900044115.1/genomic.gff	1546078	f469284fc9c7b1cfb18bd409cc28d2f7db1526277d8528ec90f3ad86e29c8329
GCF	GCF_900044115.1	GCF/ncbi_dataset/data/GCF_900044115.1/sequence_report.jsonl	32914	e9f97e96d853f6fe4e9e5f1028deb0b6de8daba5af9f61eeb1dbf0aca3629eb9
GCF	GCF_900044125.1	GCF/ncbi_dataset/data/GCF_900044125.1/GCF_900044125.1_11657_8_13_genomic.fna	2107187	185b521ebf06c025e3d878636d43aa109469756ced3b27016d2cb5ef6c6aa347
GCF	GCF_900044125.1	GCF/ncbi_dataset/data/GCF_900044125.1/genomic.gbff	5285099	015da64677e8f7f50a92ac9250a1b383eaa98321a532bce5c4a96b558e71433b
GCF	GCF_900044125.1	GCF/ncbi_dataset/data/GCF_900044125.1/genomic.gff	1223099	45e43372456727efd70bd7882a2654a466d54140a491b19810451fe1155314b5
GCF	GCF_900044125.1	GCF/ncbi_dataset/data/GCF_900044125.1/sequence_report.jsonl	10701	6ffd85e6247809c2c4dab4056ddf99b18bc8dc889ab7b4fd35348b507a55f7a0
GCF	GCF_900044805.1	GCF/ncbi_dataset/data/GCF_900044805.1/GCF_900044805.1_11679_1_3_genomic.fna	2065026	10adcd2be5f83cf5e0a7f34b711cdef93c58e8574a30d46de13f7cd32658b14a
GCF	GCF_900044805.1	GCF/ncbi_dataset/data/GCF_900044805.1/genomic.gbff	5208405	f6db0164bce18898628fcc5423beba9775839421b7fc5138139962656c594eff
GCF	GCF_900044805.1	GCF/ncbi_dataset/data/GCF_900044805.1/genomic.gff	1198932	3b847f96be62b34f04a5fcd626d8cfdea8ede54f3aad23e8090ff65d309a5ece
GCF	GCF_900044805.1	GCF/ncbi_dataset/data/GCF_900044805.1/sequence_report.jsonl	14052	008246bb06d848522b04d9eecd32e3c19bf3aa1a984486256e7838eb50dcda25
GCF	GCF_900044815.1	GCF/ncbi_dataset/data/GCF_900044815.1/GCF_900044815.1_11657_4_2_genomic.fna	2021109	6d36b13eac0505b368c36f1012de905a3b8490a1cfb173eeef4d3d836963457e
GCF	GCF_900044815.1	GCF/ncbi_dataset/data/GCF_900044815.1/genomic.gbff	5096060	2938fb033bb9ddcf1723a3fcdb1f00df30862cd706d62a338dc413a59a68b199
GCF	GCF_900044815.1	GCF/ncbi_dataset/data/GCF_900044815.1/genomic.gff	1174392	fffc0c3663a3bd9d340d00072cba061702be39189a103011306944c58d6de459
GCF	GCF_900044815.1	GCF/ncbi_dataset/data/GCF_900044815.1/sequence_report.jsonl	12841	173f3c2463ad60623c7518a45bf954217d48b220a1ed81f75941106893437269
GCF	GCF_900044825.1	GCF/ncbi_dataset/data/GCF_900044825.1/GCF_900044825.1_11511_8_12_genomic.fna	2429045	c6c2c2e2319c0b65f940b25237b8bfd08b6fa80f8c013496fd1c0c136db2c5b4
GCF	GCF_900044825.1	GCF/ncbi_dataset/data/GCF_900044825.1/genomic.gbff	7748063	1b1c959769783e83200690bbcfa9560f016ade134bce10d8e48699cfef834321
GCF	GCF_900044825.1	GCF/ncbi_dataset/data/GCF_900044825.1/genomic.gff	1919036	a6369ff9eb0018bf7751a677acb19cfe5e73fc3645c4114f4b5e6661556de4a6
GCF	GCF_900044825.1	GCF/ncbi_dataset/data/GCF_900044825.1/sequence_report.jsonl	117230	f1c6dcd156f9765bde6ae1ee0cb76ae21bc83606089192d7bf7749ac78e87347
GCF	GCF_900044835.1	GCF/ncbi_dataset/data/GCF_900044835.1/GCF_900044835.1_11511_8_13_genomic.fna	2178530	8d249b52c0f1d4b3201110b38d467b1c59be7bbd009e4fed615b0fa561a69baa
GCF	GCF_900044835.1	GCF/ncbi_dataset/data/GCF_900044835.1/genomic.gbff	6323841	15dae082cfd47343a9caf65c3511eb4a8ba33816c3e9c28a28c1754cc26929d9
GCF	GCF_900044835.1	GCF/ncbi_dataset/data/GCF_900044835.1/genomic.gff	1553634	f61a494a2ef557c8c929d0ef17637570669e22c86e4fde1d20911939ee5876e8
GCF	GCF_900044835.1	GCF/ncbi_dataset/data/GCF_900044835.1/sequence_report.jsonl	53501	96ef9323cf56f2ec3fba5f77d3530a3989df3c99c0a7ebcb61ac4e3b50f563f2
GCF	GCF_900044845.1	GCF/ncbi_dataset/data/GCF_900044845.1/GCF_900044845.1_11658_2_93_genomic.fna	2167344	ebe06df0b7fc09289d6b6f925860a1f0ed0df3c00b9d24c69ade966dc0910a4c
GCF	GCF_900044845.1	GCF/ncbi_dataset/data/GCF_900044845.1/genomic.gbff	5421053	6514aa236f0d1b9d8fc44634ab7f8cb4ae4660e8d09d7a57a0531ce7beccc84c
GCF	GCF_900044845.1	GCF/ncbi_dataset/data/GCF_900044845.1/genomic.gff	1258324	841bf25dccecd080772ae3ad9c0151d75ef5b493b1cb1f7f621202dc7b560a1c
GCF	GCF_900044845.1	GCF/ncbi_dataset/data/GCF_900044845.1/sequence_report.jsonl	8558	c3f43e7318bd1c267dc090292c11088ea09a671e55d665192930c9b0e3f25da7
GCF	GCF_900044855.1	GCF/ncbi_dataset/data/GCF_900044855.1/GCF_900044855.1_11679_1_29_genomic.fna	2218137	b9ca7ac8a342d5faeda27214636d999c4c83a624976115a503d3e6177aa13821
GCF	GCF_900044855.1	GCF/ncbi_dataset/data/GCF_900044855.1/genomic.gbff	5714852	ecaa20b29a314520098759694dd24d31213dc9fc0fb988e75469b54cae638640
GCF	GCF_900044855.1	GCF/ncbi_dataset/data/GCF_900044855.1/genomic.gff	1326652	e8c69e02c3a2e2aa80637944701b188227550020eee6e04138a9a08fdb628ebb
GCF	GCF_900044855.1	GCF/ncbi_dataset/data/GCF_900044855.1/sequence_report.jsonl	24100	9a2b2f2b7fe1fafc47619b68b4d244182198122069baa8bf10b76471ba590d29
GCF	GCF_900044865.1	GCF/ncbi_dataset/data/GCF_900044865.1/GCF_900044865.1_11511_8_24_genomic.fna	2020094	8bdbd7cacd012034a1d90275639b1c975f81496b75cca9a4cfdcbdedcf46233e
GCF	GCF_900044865.1	GCF/ncbi_dataset/data/GCF_900044865.1/genomic.gbff	5104269	f283774b8107aed12dddb84e98f898192819c6bbcdb91fb4bcac0bfaa1fc1957
GCF	GCF_900044865.1	GCF/ncbi_dataset/data/GCF_900044865.1/genomic.gff	1176606	5a9ce2d4ec9cea6ccab3c4e9f170c355a8f233f7de8b201a4975cfd4c5c4278b
GCF	GCF_900044865.1	GCF/ncbi_dataset/data/GCF_900044865.1/sequence_report.jsonl	13451	ac668f5efd4a3e9a161d06b9ae632e26158b449403df91c7c9e761b0a9dad595
GCF	GCF_900044875.1	GCF/ncbi_dataset/data/GCF_900044875.1/GCF_900044875.1_11511_8_25_genomic.fna	2022046	15a37523539f3293838390484279fbaca0de84504f62fce2c77106fa3682e138
GCF	GCF_900044875.1	GCF/ncbi_dataset/data/GCF_900044875.1/genomic.gbff	5083951	acc595c987ed3a4425df9d35e83055c813eace929236a99645dabbac62aecb8c
GCF	GCF_900044875.1	GCF/ncbi_dataset/data/GCF_900044875.1/genomic.gff	1172826	f8528eaaca2e9174a978352c4a400161632c69932f056f2cbb7787ecf439324a
GCF	GCF_900044875.1	GCF/ncbi_dataset/data/GCF_900044875.1/sequence_report.jsonl	12235	db1cbecb7f05f42f8e4e20b31f14504d808f31bd79767b366c070b034039aaa9
GCF	GCF_900045485.1	GCF/ncbi_dataset/data/GCF_900045485.1/GCF_900045485.1_11657_8_3_genomic.fna	1995069	cdfaea039fbd22a28cbc749e0630337da4fef1e6e6f9242d2cfe143021873a91
GCF	GCF_900045485.1	GCF/ncbi_dataset/data/GCF_900045485.1/genomic.gbff	5049358	1deebecbd0e851f584d521d3eb8fac0d3d450108f519a5af629afdf00ece3c29
GCF	GCF_900045485.1	GCF/ncbi_dataset/data/GCF_900045485.1/genomic.gff	1163069	a59ab0c1565be9b2feae93f3b2464ca51161d4fa04212bbfad556acdb8b9fc87
GCF	GCF_900045485.1	GCF/ncbi_dataset/data/GCF_900045485.1/sequence_report.jsonl	13763	ec83249c38101170c8190a8284ca811774f198466f4bf59f2cd2de28a7cd46d8
GCF	GCF_900046815.1	GCF/ncbi_dataset/data/GCF_900046815.1/GCF_900046815.1_11658_8_2_genomic.fna	2017550	c428013fd087cae049774e3772bcb63df3c11e564b7623766d97bb74b7dd5a10
GCF	GCF_900046815.1	GCF/ncbi_dataset/data/GCF_900046815.1/genomic.gbff	5111886	9cbd3f753f613f214c14b8d76703dbda8487e206ebc1b5fae7340c2139612722
GCF	GCF_900046815.1	GCF/ncbi_dataset/data/GCF_900046815.1/genomic.gff	1179479	4349f1318bcfa077d80461ad5ea61a47f851e67a4cfbab76e2e2b3018605d29a
GCF	GCF_900046815.1	GCF/ncbi_dataset/data/GCF_900046815.1/sequence_report.jsonl	14981	3ff6b47e5c449d33cedcd677150b0935cf0c9b5a2576eed5f6991e288e8ef5c4
GCF	GCF_900046825.1	GCF/ncbi_dataset/data/GCF_900046825.1/GCF_900046825.1_11511_8_29_genomic.fna	2058819	49f3c30685a14318a0c059b7c95a5c59b272f57692a3746a3b4c93e3e5739970
GCF	GCF_900046825.1	GCF/ncbi_dataset/data/GCF_900046825.1/genomic.gbff	5147791	8ba6b27e695f47ab580b0df417f00b344ef5606ddda9246e1faa3cc00dc9e1a7
GCF	GCF_900046825.1	GCF/ncbi_dataset/data/GCF_900046825.1/genomic.gff	1186909	8a8106191c845ff5fb3e56ad04f9f30dea60889e28274881599feb0df9c9b346
GCF	GCF_900046825.1	GCF/ncbi_dataset/data/GCF_900046825.1/sequence_report.jsonl	8263	4f7753f57be45cbfa4988849ea1d0ace19eaf1735569caf160d48c3ab3b9a339
GCF	GCF_900047145.1	GCF/ncbi_dataset/data/GCF_900047145.1/GCF_900047145.1_11657_4_11_genomic.fna	2086674	8b9800325b172a2f4759283a4ef08279c58e2a5ccf6cbdd4a0f24b2d2fb36875
GCF	GCF_900047145.1	GCF/ncbi_dataset/data/GCF_900047145.1/genomic.gbff	5264379	b7735871be5e6b742ca21698da2d01a9a44f851acbac823009786af88ce68596
GCF	GCF_900047145.1	GCF/ncbi_dataset/data/GCF_900047145.1/genomic.gff	1216595	ac74877eba188fab784d845adbeaf94a66affeb2c0b70862ca1be894d6682447
GCF	GCF_900047145.1	GCF/ncbi_dataset/data/GCF_900047145.1/sequence_report.jsonl	12846	58f56ad8cc8c9924c445508c722e3f0fb5e93c7c085cd2942718a42ec582c355
GCF	GCF_900048105.1	GCF/ncbi_dataset/data/GCF_900048105.1/GCF_900048105.1_11679_1_8_genomic.fna	2318077	93b239b02be193f0f756150336dacf096d60ecfd5a6020dbe8176304ea1f1832
GCF	GCF_900048105.1	GCF/ncbi_dataset/data/GCF_900048105.1/genomic.gbff	7147135	6a81df01ad2dd76df418806b0a90d3033491030b6337e14d2cbed0cd19ca4d01
GCF	GCF_900048105.1	GCF/ncbi_dataset/data/GCF_900048105.1/genomic.gff	1747534	51e97b2676eb08606784db2fca1884c0f4a1df413c763e64aee6e29308bcb850
GCF	GCF_900048105.1	GCF/ncbi_dataset/data/GCF_900048105.1/sequence_report.jsonl	95400	028741cb4786fd63d1e6c78dcbc7499c168d9749005d75f28e4b2f615127b0e8
GCF	GCF_900048115.1	GCF/ncbi_dataset/data/GCF_900048115.1/GCF_900048115.1_11657_8_14_genomic.fna	2045195	9898ca26c58ba755a456f2e4dafcdf1320bba0f958dc36ffa9c3ceb41f9b9210
GCF	GCF_900048115.1	GCF/ncbi_dataset/data/GCF_900048115.1/genomic.gbff	5137612	9f960c0770ed84c15f9a87492ad2f073e3106e8e0222460db7c76aef02bda2ed
GCF	GCF_900048115.1	GCF/ncbi_dataset/data/GCF_900048115.1/genomic.gff	1184684	51821d276dbe054a5b9056c5584406ffe5f7cb63f3f7b4131ca0e0702ff5d75b
GCF	GCF_900048115.1	GCF/ncbi_dataset/data/GCF_900048115.1/sequence_report.jsonl	10935	3b890d187f6ea8131546479293b1ea1ee1ad5e5ddb2ebaddb5ef136afee41937
GCF	GCF_900048125.1	GCF/ncbi_dataset/data/GCF_900048125.1/GCF_900048125.1_11657_8_15_genomic.fna	2071436	0349f496d0bdbf07ca102ea67cb436df0fd86c7c49e62acf651859f66f6ea7dc
GCF	GCF_900048125.1	GCF/ncbi_dataset/data/GCF_900048125.1/genomic.gbff	5169565	27b1f95532a3e3a071346f7695a84b777be583cb0a6cff42221b5231f75e5464
GCF	GCF_900048125.1	GCF/ncbi_dataset/data/GCF_900048125.1/genomic.gff	1198495	c36c6c4304acf5eb8bc17ad93be05b3a6ba6da699fdf2660cdc3c25a5bd35a6e
GCF	GCF_900048125.1	GCF/ncbi_dataset/data/GCF_900048125.1/sequence_report.jsonl	6119	20c31dcd33a50c2808707877021e5203fb31edf6a8d27ded7fa7fa2e46f564d3
GCF	GCF_900048795.1	GCF/ncbi_dataset/data/GCF_900048795.1/GCF_900048795.1_13154_3_40_genomic.fna	2071391	e3b2de257f08cd2929fd041bbb69b4eea335acbf6230e9aa6dc22da0f80c35eb
GCF	GCF_900048795.1	GCF/ncbi_dataset/data/GCF_900048795.1/genomic.gbff	5196441	cf2852a1bbe2689d7a6614f834901eeedad50f54d660e79af55f0de8fc29d499
GCF	GCF_900048795.1	GCF/ncbi_dataset/data/GCF_900048795.1/genomic.gff	1200057	297e81e7954ac03d2c1e71d462b3d96237d00ee3c0a08baedac900902b5e2b41
GCF	GCF_900048795.1	GCF/ncbi_dataset/data/GCF_900048795.1/sequence_report.jsonl	10094	1ccc8fcc5642ccda88cdca728ccd63d687a1be74b623ee80a78b48d7165ec818
GCF	GCF_900048805.1	GCF/ncbi_dataset/data/GCF_900048805.1/GCF_900048805.1_13414_1_80_genomic.fna	2121857	1e629ef62f5455be32869421e76d566595cb13e8a7fd8c058a2cd6405da80ada
GCF	GCF_900048805.1	GCF/ncbi_dataset/data/GCF_900048805.1/genomic.gbff	5333116	2479c0e01399e369df9dc7de18514d09fe6bed732704e662d2e4df12c502c006
GCF	GCF_900048805.1	GCF/ncbi_dataset/data/GCF_900048805.1/genomic.gff	1225120	f5ddf106f30167a67f1ed38eba7ee8c717689d33058d34b1bc1a6bae2811b499
GCF	GCF_900048805.1	GCF/ncbi_dataset/data/GCF_900048805.1/sequence_report.jsonl	12220	02019291c2bde922caa7837ede8239c85628826a8d0d6c3dd68af36b12388f8b
GCF	GCF_900048985.1	GCF/ncbi_dataset/data/GCF_900048985.1/GCF_900048985.1_11657_4_34_genomic.fna	2114035	7c6a64128c743af5240ebd1a224865914953db9b3c13888d226431580d2d2fc8
GCF	GCF_900048985.1	GCF/ncbi_dataset/data/GCF_900048985.1/genomic.gbff	6054274	e8ae46110d57b7c90b6d7f5353c95462d6da25fa2c58343b090348924d27334e
GCF	GCF_900048985.1	GCF/ncbi_dataset/data/GCF_900048985.1/genomic.gff	1479424	a18cbb596d2775e320f036342c8b570af3fcda9acee839020e29763a7f515837
GCF	GCF_900048985.1	GCF/ncbi_dataset/data/GCF_900048985.1/sequence_report.jsonl	46585	887e4e95c0496ef6b7317f20a6961f883f5803d2a3f52a87a3ea986a0d080675
GCF	GCF_900048995.1	GCF/ncbi_dataset/data/GCF_900048995.1/GCF_900048995.1_12291_4_52_genomic.fna	2017214	25f0279f010e8d5450a26904a589b857091bd49006271ae2f38882f46e0c4559
GCF	GCF_900048995.1	GCF/ncbi_dataset/data/GCF_900048995.1/genomic.gbff	5119278	d728aa98d0aea41ccbc2bece072ac954ceba64c753a95796066721eb76e179fb
GCF	GCF_900048995.1	GCF/ncbi_dataset/data/GCF_900048995.1/genomic.gff	1182265	2b91bb0f671bd9044b9f52ffa923732d23d415174c3b3f665763e40f3418ecc7
GCF	GCF_900048995.1	GCF/ncbi_dataset/data/GCF_900048995.1/sequence_report.jsonl	14978	e2ce9071d99cc4beec6e905174439019b4b7d6baf9589eb25eead7e75c94eaf4
GCF	GCF_900049005.1	GCF/ncbi_dataset/data/GCF_900049005.1/GCF_900049005.1_12291_4_59_genomic.fna	2120078	95b6c773975372788f61a73b344058e30456b44a6f725cee1020118265e5a688
GCF	GCF_900049005.1	GCF/ncbi_dataset/data/GCF_900049005.1/genomic.gbff	5333130	92933baf375e4c1c27468b5e552f0774c923ce21521bbcc730777beb835fc819
GCF	GCF_900049005.1	GCF/ncbi_dataset/data/GCF_900049005.1/genomic.gff	1227282	5ca5cb250e590c33eebe754f0a45d83cee830e75659f8397a52ef0627cdbcc52
GCF	GCF_900049005.1	GCF/ncbi_dataset/data/GCF_900049005.1/sequence_report.jsonl	12453	46918d72aa86d08665f4e8e0044baaa15c30959a827496876e80ffb6d6221735
GCF	GCF_900049015.1	GCF/ncbi_dataset/data/GCF_900049015.1/GCF_900049015.1_12291_4_60_genomic.fna	2167920	a6d241fe5228540fa74af362c000d5179d73521c12360e9d8bd3a9f036a35f43
GCF	GCF_900049015.1	GCF/ncbi_dataset/data/GCF_900049015.1/genomic.gbff	5543295	261963bb0122b2dcee09528e4c29567806d449b205ce291d4ce4f5e395d41b2d
GCF	GCF_900049015.1	GCF/ncbi_dataset/data/GCF_900049015.1/genomic.gff	1282438	0fe2b3c33a5310db9a673d894b9ee439b154e72ec08a86574b09626eac571ef9
GCF	GCF_900049015.1	GCF/ncbi_dataset/data/GCF_900049015.1/sequence_report.jsonl	19556	18ff42d63925a7170163150d74a6052e492e2ca8cc8cf34a36c50be404af8a87
GCF	GCF_900049025.1	GCF/ncbi_dataset/data/GCF_900049025.1/GCF_900049025.1_13154_3_73_genomic.fna	2098951	d7caeba1d13e862cb5b79afa59b05462adaab3327c9526b1d9a62beccf4b0070
GCF	GCF_900049025.1	GCF/ncbi_dataset/data/GCF_900049025.1/genomic.gbff	5295128	1959aec42f58ffc199fe6d22e4f852031fcdf86929ec333b765e9b09ce84371c
GCF	GCF_900049025.1	GCF/ncbi_dataset/data/GCF_900049025.1/genomic.gff	1210302	2608fd1c8c5a290e83653de5dbd8ebac5f26a7c235dbcbb14fbb9ee7f30676c3
GCF	GCF_900049025.1	GCF/ncbi_dataset/data/GCF_900049025.1/sequence_report.jsonl	14982	38c256779225f3a66c47ea7ce6f40b8debf8634e8ff6d9e860afc05b744c05b6
GCF	GCF_900049035.1	GCF/ncbi_dataset/data/GCF_900049035.1/GCF_900049035.1_13414_1_84_genomic.fna	2083286	04e01b665238f6e8cc4a7590dff6cec9a6636b5ea766ec35eb3bdbc4ae88d7b2
GCF	GCF_900049035.1	GCF/ncbi_dataset/data/GCF_900049035.1/genomic.gbff	5182611	178f0354018dfc46fdd9e777f088a1b43f4a2b67e3f9818422234f283630c293
GCF	GCF_900049035.1	GCF/ncbi_dataset/data/GCF_900049035.1/genomic.gff	1195193	0bbff2c8952ea68eded8ac349769ae3037731eea28e15d980a6e1bf8387c34da
GCF	GCF_900049035.1	GCF/ncbi_dataset/data/GCF_900049035.1/sequence_report.jsonl	7341	37bd1c9c8ad30cc509378130eea219939ba33e5d2f17adf626e7ca2372a1c658
GCF	GCF_900049045.1	GCF/ncbi_dataset/data/GCF_900049045.1/GCF_900049045.1_13414_1_85_genomic.fna	2112928	1729ef8f25161a0d88b4aff56e5b9cd20c2dc4d627535b96ec474418637c4669
GCF	GCF_900049045.1	GCF/ncbi_dataset/data/GCF_900049045.1/genomic.gbff	5277051	383ded1a9779148b91761e4351cd43edcaf8fe0e800cc6c17dfd90b844e85ad4
GCF	GCF_900049045.1	GCF/ncbi_dataset/data/GCF_900049045.1/genomic.gff	1211362	31c4986c09cc9311aa47224bcbffc0b79120f17034d9513e072865cb21e55bcf
GCF	GCF_900049045.1	GCF/ncbi_dataset/data/GCF_900049045.1/sequence_report.jsonl	8868	854cad6ac81626537dc685991803467df1d9dba387dd1afa7407ea480815af48
GCF	GCF_900049055.1	GCF/ncbi_dataset/data/GCF_900049055.1/GCF_900049055.1_13414_1_86_genomic.fna	2144178	3281c63d7581cf10bb4fa35affbf3060ccf8cb9a7fcc888056333d7e6d0adaf4
GCF	GCF_900049055.1	GCF/ncbi_dataset/data/GCF_900049055.1/genomic.gbff	5435752	f7c446335fb0affd84204a4eaaf9f7b4769559fd030b7f2d21d062bc9f8cba92
GCF	GCF_900049055.1	GCF/ncbi_dataset/data/GCF_900049055.1/genomic.gff	1239049	6d50c5640e33c663aaa72537dd1b370959611e8e37ee28f723a95281cd1fd5d3
GCF	GCF_900049055.1	GCF/ncbi_dataset/data/GCF_900049055.1/sequence_report.jsonl	18943	32e902c53431b68a04e4684ab4950e38b006cf727ed7db0f40456ad2761a1caf
GCF	GCF_900049065.1	GCF/ncbi_dataset/data/GCF_900049065.1/GCF_900049065.1_13414_1_87_genomic.fna	2091922	535cf518a4f6723d260c41d1a344d2e930a9cfdfde6cb8f1d99451a305f3411c
GCF	GCF_900049065.1	GCF/ncbi_dataset/data/GCF_900049065.1/genomic.gbff	5191925	a7c8a6ecab55508a762b0cecd2079372f41c08af0cc47b6c5817521c4d86300b
GCF	GCF_900049065.1	GCF/ncbi_dataset/data/GCF_900049065.1/genomic.gff	1210797	3d07f2662ea075e761c5d52637ca9cddcafd9e4b63f4ad51cac5856e6dc28fb8
GCF	GCF_900049065.1	GCF/ncbi_dataset/data/GCF_900049065.1/sequence_report.jsonl	4895	ccea8911e108b1286df7d341fb86e5a21718ef013eb58006a47cfe96d1a0bc2a
GCF	GCF_900049075.1	GCF/ncbi_dataset/data/GCF_900049075.1/GCF_900049075.1_13414_2_31_genomic.fna	2088595	b4eac357c291033541edbe04d4e666746833841ea184a273953fa43c51ce12e8
GCF	GCF_900049075.1	GCF/ncbi_dataset/data/GCF_900049075.1/genomic.gbff	5231015	f0fb259f3e9ac5575b45e64662af74ada3ce09982e2e1f5261824725ec8083c3
GCF	GCF_900049075.1	GCF/ncbi_dataset/data/GCF_900049075.1/genomic.gff	1201559	0217d848207d8432a144e4edeedf5ac88db3f7e43dd80a680d17654c6815d72b
GCF	GCF_900049075.1	GCF/ncbi_dataset/data/GCF_900049075.1/sequence_report.jsonl	10700	066130206302cff0d8228be5490b7bf9f274fdcfeb75dcbfdc41e5be8e743844
GCF	GCF_900049085.1	GCF/ncbi_dataset/data/GCF_900049085.1/GCF_900049085.1_13414_2_54_genomic.fna	2141740	137561d03c3cd0da0592a371ecadf15b1d442d4184a8076147823d4360a39a5b
GCF	GCF_900049085.1	GCF/ncbi_dataset/data/GCF_900049085.1/genomic.gbff	5364733	07cd9f770b82b7c81b62d29f4d2a66bcbc31d88e237c21f830aea83c2cbc1bca
GCF	GCF_900049085.1	GCF/ncbi_dataset/data/GCF_900049085.1/genomic.gff	1241102	4669b2846579cffbad45831e989350cc281c0851f6b08d1c567802a2ab44702f
GCF	GCF_900049085.1	GCF/ncbi_dataset/data/GCF_900049085.1/sequence_report.jsonl	9418	382b94d4a6ed809895489712c96de113a6a35414a88925ba2862f9395f2c7a21
GCF	GCF_900049335.1	GCF/ncbi_dataset/data/GCF_900049335.1/GCF_900049335.1_13414_3_8_genomic.fna	2094094	3b0e7c6e883b274af2750f4ccfa328959bbe427d86451ea83dde929722f73f45
GCF	GCF_900049335.1	GCF/ncbi_dataset/data/GCF_900049335.1/genomic.gbff	5257180	b44a978370339122b73e73e3796113989d74a7586d5d8b699e8a2bb8eb43c192
GCF	GCF_900049335.1	GCF/ncbi_dataset/data/GCF_900049335.1/genomic.gff	1213737	70b24caae6f5d74e9cae796207a1c70c609fef332ff4f19280ac209100527c19
GCF	GCF_900049335.1	GCF/ncbi_dataset/data/GCF_900049335.1/sequence_report.jsonl	10095	24892ea0bd52c83becaed9b117855f79f526107d7ec2fcb1f3514c7e396029ec
GCF	GCF_900049475.1	GCF/ncbi_dataset/data/GCF_900049475.1/GCF_900049475.1_11657_8_30_genomic.fna	2089627	b6b24b66b3ab1cab0720ba5e036a0d075f88cec034d68a9cad4cec8f34e1b470
GCF	GCF_900049475.1	GCF/ncbi_dataset/data/GCF_900049475.1/genomic.gbff	5256149	27758860952b2f1078cf74962b62aa184d83f2e276a5462624515c0e450a3c75
GCF	GCF_900049475.1	GCF/ncbi_dataset/data/GCF_900049475.1/genomic.gff	1216801	6a903651dde88d3e4c2098f0333236634640451697dd919916f23f6e099b7b88
GCF	GCF_900049475.1	GCF/ncbi_dataset/data/GCF_900049475.1/sequence_report.jsonl	10700	40d136f4ca4f21dd93f2893e1d6022e2b9e5ee2f658391a6addfdf0faae5a7ad
GCF	GCF_900049485.1	GCF/ncbi_dataset/data/GCF_900049485.1/GCF_900049485.1_12291_4_34_genomic.fna	2113371	dc51d61eedce41c7f87a2e13acf434af31f5fdbfbab9bc79c975a78ee07d144e
GCF	GCF_900049485.1	GCF/ncbi_dataset/data/GCF_900049485.1/genomic.gbff	5316656	35280b84a232af6efff73858b5d4e8a448cc7e35cc444ed2c9fa1ce43f346800
GCF	GCF_900049485.1	GCF/ncbi_dataset/data/GCF_900049485.1/genomic.gff	1229833	75decf9868de3507511b0e3c8c212368903df37fe51a4a537220f166b0028676
GCF	GCF_900049485.1	GCF/ncbi_dataset/data/GCF_900049485.1/sequence_report.jsonl	11312	099eb15738c499b1cf5ea650981f464e2e70005e6eb42607ed969e55c040c44a
GCF	GCF_900049495.1	GCF/ncbi_dataset/data/GCF_900049495.1/GCF_900049495.1_12291_4_65_genomic.fna	2077932	34755bd03064a00b884e0b0c4339f10e7349a833d1785c0d9f86419166157ef3
GCF	GCF_900049495.1	GCF/ncbi_dataset/data/GCF_900049495.1/genomic.gbff	5222380	6109c92ab1bebabdaabb85a699ea26d5897c26f203ec88bfc516a946de14887d
GCF	GCF_900049495.1	GCF/ncbi_dataset/data/GCF_900049495.1/genomic.gff	1204573	a589de58f8f7b3e4ef3e680be5a181b127401eee9cf4068f7f832456bdceef8c
GCF	GCF_900049495.1	GCF/ncbi_dataset/data/GCF_900049495.1/sequence_report.jsonl	11614	678ddb8a0fc990a1fff37557f8a86cbe2f4edf146c708aac21afd333764c3c99
GCF	GCF_900049505.1	GCF/ncbi_dataset/data/GCF_900049505.1/GCF_900049505.1_12291_5_2_genomic.fna	2075149	42138d73e8717abf96afb3dcd86beacee1dd0c6c809b91e7b64038fc55e7a9e1
GCF	GCF_900049505.1	GCF/ncbi_dataset/data/GCF_900049505.1/genomic.gbff	5289714	b2b3be7b037f7875531632b741530970c12736593b7dbc0056869e0b1c6d69b1
GCF	GCF_900049505.1	GCF/ncbi_dataset/data/GCF_900049505.1/genomic.gff	1071475	da4bb920bae56aaaee6243a7ef4c04d57fa5e468df01b3c05fd4f3bf82de6259
GCF	GCF_900049505.1	GCF/ncbi_dataset/data/GCF_900049505.1/sequence_report.jsonl	13756	ba3708a7212d0d71c6fad73599838ea7069ac64cfe5f306a2ca03e028b255bc6
GCF	GCF_900049515.1	GCF/ncbi_dataset/data/GCF_900049515.1/GCF_900049515.1_13154_3_91_genomic.fna	2152713	f38d2e8b17550026708c3b236ea363328e5d170736a2bc407a4080175b2aa8db
GCF	GCF_900049515.1	GCF/ncbi_dataset/data/GCF_900049515.1/genomic.gbff	5484823	c1d959c56ec2390f816315e086272e8d988e59e380f430f5026f02ea017288cf
GCF	GCF_900049515.1	GCF/ncbi_dataset/data/GCF_900049515.1/genomic.gff	1259506	4c7e12d2bbec0e33b5c4df05468278842ce80ca3da2a527562b9109e7016c5a1
GCF	GCF_900049515.1	GCF/ncbi_dataset/data/GCF_900049515.1/sequence_report.jsonl	18949	13d9d0c372c22bb521d81fccaf4409b078bb0d21c3bce6bc70b2e215717c0076
GCF	GCF_900049525.1	GCF/ncbi_dataset/data/GCF_900049525.1/GCF_900049525.1_13414_1_15_genomic.fna	2093534	98731162775f7b80ae028993d68ca094f2f98a1761b1a86098c7e1e24ba129a9
GCF	GCF_900049525.1	GCF/ncbi_dataset/data/GCF_900049525.1/genomic.gbff	5229057	14b35a58963f8fd21d5a35f1303d110bb03275b22cf86bb2d4784eb1ae64e132
GCF	GCF_900049525.1	GCF/ncbi_dataset/data/GCF_900049525.1/genomic.gff	1200781	43b8e5f378cd335d7d039aca437e0e92daff63c4bf09c68f749e0d5c796289f1
GCF	GCF_900049525.1	GCF/ncbi_dataset/data/GCF_900049525.1/sequence_report.jsonl	9482	60dda45e1dab7a2e38e8d4080443bea3f9045d9ad656b834ab438ea97c66b348
GCF	GCF_900049535.1	GCF/ncbi_dataset/data/GCF_900049535.1/GCF_900049535.1_13414_1_62_genomic.fna	2089366	dc4090e30f01d68a63518067a9d3f92d41704c391291f34f8f4bbf09db87530b
GCF	GCF_900049535.1	GCF/ncbi_dataset/data/GCF_900049535.1/genomic.gbff	5258120	6a31aafebcc9b54828721983d280f9a3907e525b2bdeca927dfbda47a477e49f
GCF	GCF_900049535.1	GCF/ncbi_dataset/data/GCF_900049535.1/genomic.gff	1215140	baa0fca5a42f178ed081f64ea3650f5133de35cc70478801bdf1ff515d175412
GCF	GCF_900049535.1	GCF/ncbi_dataset/data/GCF_900049535.1/sequence_report.jsonl	10706	2c0f6a62848f06a356998344ad1681f23fe84d70d3f669533e32e87b72345b90
GCF	GCF_900049545.1	GCF/ncbi_dataset/data/GCF_900049545.1/GCF_900049545.1_13414_1_93_genomic.fna	2095891	dac045145d8bb329532c79b049d1bf4be5b0b102a837ac2dfa5da9b8b2e505ff
GCF	GCF_900049545.1	GCF/ncbi_dataset/data/GCF_900049545.1/genomic.gbff	5308935	67bb12ed4633e6c786411e7a09c890f8ec623901b5e61ea6e1c08852515c60ba
GCF	GCF_900049545.1	GCF/ncbi_dataset/data/GCF_900049545.1/genomic.gff	1226095	e062537b9309a7a6d8d025605f97d44232d87a1876ea08682b5cd871eb3dcacb
GCF	GCF_900049545.1	GCF/ncbi_dataset/data/GCF_900049545.1/sequence_report.jsonl	14063	59b57ef86c3b83e2a8567be7b1b049747381367c8db40e5f105cf084ebdf6ac1
GCF	GCF_900049555.1	GCF/ncbi_dataset/data/GCF_900049555.1/GCF_900049555.1_13414_2_67_genomic.fna	2058037	9d221888c91b2858c956b3c7b3207813909cc388bc52db07b1c121354048c2a1
GCF	GCF_900049555.1	GCF/ncbi_dataset/data/GCF_900049555.1/genomic.gbff	5180394	14eaec0eaa020277b7e43f604239c782ff82eb87ce0a4d13fa4673004e8c99a0
GCF	GCF_900049555.1	GCF/ncbi_dataset/data/GCF_900049555.1/genomic.gff	1196820	5e561138e70f87baaa01c4a79a4f234c976b4f9ec151d80da2f908d539bcc77b
GCF	GCF_900049555.1	GCF/ncbi_dataset/data/GCF_900049555.1/sequence_report.jsonl	11618	d173f510257617e1268d7e10251da185c4c68f03ab362020358e4cf90d521592
GCF	GCF_900049565.1	GCF/ncbi_dataset/data/GCF_900049565.1/GCF_900049565.1_14673_4_17_genomic.fna	2041904	85ec75608a8386b6fff2313ceda2acda2681264ae3a4b57f0e76ffc8c8c383ea
GCF	GCF_900049565.1	GCF/ncbi_dataset/data/GCF_900049565.1/genomic.gbff	5118990	23faacedd4d3c6c940dbabfa2942333e17b727824f2fe38348f712b6854cc7e8
GCF	GCF_900049565.1	GCF/ncbi_dataset/data/GCF_900049565.1/genomic.gff	1198380	39e17811da31aad9ed34cfa94aab29858e19a925f32349ead167fd85e534f521
GCF	GCF_900049565.1	GCF/ncbi_dataset/data/GCF_900049565.1/sequence_report.jsonl	7341	e09662854480d60b78e8dda9f5731384643d8a6682ab5bc3d8ca2ee88ad7ac15
GCF	GCF_900049825.1	GCF/ncbi_dataset/data/GCF_900049825.1/GCF_900049825.1_11511_8_54_genomic.fna	2059856	8c8c51d3f80a0eb1583d680c37ffa6eef690c3219bc3b2a27b63ee773a5bc214
GCF	GCF_900049825.1	GCF/ncbi_dataset/data/GCF_900049825.1/genomic.gbff	5157475	4e69e119c68da975c25be661eec7de53743171549f6ffe56688b0ba198542939
GCF	GCF_900049825.1	GCF/ncbi_dataset/data/GCF_900049825.1/genomic.gff	1188057	dda1a475016c22de27f53e39d1e5b96dd5136af50b63d27a2e94d8b8f3db2b7e
GCF	GCF_900049825.1	GCF/ncbi_dataset/data/GCF_900049825.1/sequence_report.jsonl	9480	59139e93aeca1c44b467374db49fa49cbfcc81a84fe77a6b80a9fafbcbca6567
GCF	GCF_900049835.1	GCF/ncbi_dataset/data/GCF_900049835.1/GCF_900049835.1_12291_4_24_genomic.fna	2123291	007f1b4bef8ea44d3b37a0b442258c33be7e0994e22e68b59394f27124cd38ac
GCF	GCF_900049835.1	GCF/ncbi_dataset/data/GCF_900049835.1/genomic.gbff	5290142	c81c9902c73db23280b2e9e1cc6d55398502e2580befaa05ba15b3420d64d921
GCF	GCF_900049835.1	GCF/ncbi_dataset/data/GCF_900049835.1/genomic.gff	1225179	6b2f7bc364f9c8c95c5ecd5cebb59dbbce0ec670c14f3163a98b8d9e59d40a06
GCF	GCF_900049835.1	GCF/ncbi_dataset/data/GCF_900049835.1/sequence_report.jsonl	6116	d28eeedb66b6c1ffeeb97fa19081db66875925fff9044001dc0fedb75e34bb50
GCF	GCF_900049845.1	GCF/ncbi_dataset/data/GCF_900049845.1/GCF_900049845.1_12291_4_31_genomic.fna	2202822	5d35635a6786564bd504b5da318755edc3dbdd6faf510807373691c9eed3c106
GCF	GCF_900049845.1	GCF/ncbi_dataset/data/GCF_900049845.1/genomic.gbff	5638762	f3f5d77a10e880bf4458d0006717d92137604550223a79213ac88409a9785de1
GCF	GCF_900049845.1	GCF/ncbi_dataset/data/GCF_900049845.1/genomic.gff	1306622	8dfda043c44ef9d7250e7cba03bde95f2411e5b7a11025d39fca1858d497f9ef
GCF	GCF_900049845.1	GCF/ncbi_dataset/data/GCF_900049845.1/sequence_report.jsonl	20031	c4d19b717307c310eafcf7367f464d40298738dc11a7ff729dadbe85068780fd
GCF	GCF_900049855.1	GCF/ncbi_dataset/data/GCF_900049855.1/GCF_900049855.1_13091_6_85_genomic.fna	2221537	bb722ac91062fc0c98f456bc2827d07b2aa24fcd93930230cda5abd913bc79a8
GCF	GCF_900049855.1	GCF/ncbi_dataset/data/GCF_900049855.1/genomic.gbff	6552701	761d5bfb866ddc07d47bdbdee81955cf016cf9caad45fe523eeacd1cbc88f58b
GCF	GCF_900049855.1	GCF/ncbi_dataset/data/GCF_900049855.1/genomic.gff	1604654	e30ec009a2ad8f0a856e394cabdec4b710dbfc566189eced5b9404fcc5cd9c4c
GCF	GCF_900049855.1	GCF/ncbi_dataset/data/GCF_900049855.1/sequence_report.jsonl	65142	f431aa327edaca7ec54cabfd666f92ac7c03ac834f8bc4d5ee4f50adfd3dac31
GCF	GCF_900049865.1	GCF/ncbi_dataset/data/GCF_900049865.1/GCF_900049865.1_13414_2_28_genomic.fna	2036227	ec04aa68c1d375a2c56e7b505d58e5f166bc1d77ce6d1dfd8aa5b980354e352c
GCF	GCF_900049865.1	GCF/ncbi_dataset/data/GCF_900049865.1/genomic.gbff	5138523	e9d962881a71820c92c185ec3a13c7af7a2a353670284eea266b986c8ce83857
GCF	GCF_900049865.1	GCF/ncbi_dataset/data/GCF_900049865.1/genomic.gff	1184334	5b345b587ff335611be9586c780b8ae5f0db0576523eff80b7db47d29d5a27ed
GCF	GCF_900049865.1	GCF/ncbi_dataset/data/GCF_900049865.1/sequence_report.jsonl	11927	27c6d7413a947530bc4c4a6566c9c0a13462d43e6b9c8ea2a03de98a618a3b4e
GCF	GCF_900049875.1	GCF/ncbi_dataset/data/GCF_900049875.1/GCF_900049875.1_13414_2_78_genomic.fna	2035138	bebcef1be1465bfbb9e784a6521e7e15fb07b58742a19edb4482b6ccc6276c98
GCF	GCF_900049875.1	GCF/ncbi_dataset/data/GCF_900049875.1/genomic.gbff	5047309	480d9b052e19060495994eef1026a2e43803df8c5cea80ed8e1c759c41d04c8d
GCF	GCF_900049875.1	GCF/ncbi_dataset/data/GCF_900049875.1/genomic.gff	1158783	841564d83f6f1772366e45704fc1be11e2b51c5c59cfad96de0afe402e07a4e1
GCF	GCF_900049875.1	GCF/ncbi_dataset/data/GCF_900049875.1/sequence_report.jsonl	6387	2a8bd1ac0c0d75fd18aec412adf7ce0bb821efc7a3552b4a08b46d243196d5e8
GCF	GCF_900049885.1	GCF/ncbi_dataset/data/GCF_900049885.1/GCF_900049885.1_13414_2_81_genomic.fna	2057602	3df01a1a41307ad794518210e8cf32857f16225f94f8b2635f033b1a67fec55a
GCF	GCF_900049885.1	GCF/ncbi_dataset/data/GCF_900049885.1/genomic.gbff	5147459	814f984ab9a6e0380e3da26707e7f4185c6a7420fd7c6d1ef72d12593de2c9a0
GCF	GCF_900049885.1	GCF/ncbi_dataset/data/GCF_900049885.1/genomic.gff	1185613	41f9532e0d8cc83c930e835e332622bc4bebaff79474c1c6d2f7db9470fdb314
GCF	GCF_900049885.1	GCF/ncbi_dataset/data/GCF_900049885.1/sequence_report.jsonl	9490	82a3ed99c59c0759dbde5dbf0ec2af64438a1436588498d65f673e11a5c22306
GCF	GCF_900049895.1	GCF/ncbi_dataset/data/GCF_900049895.1/GCF_900049895.1_14673_4_26_genomic.fna	2206275	fed64ca897a172d7b897dcb036d0b5a04516bc8deec748b1541d733d8918b16f
GCF	GCF_900049895.1	GCF/ncbi_dataset/data/GCF_900049895.1/genomic.gbff	5637525	6ddf0854ed25a6fd3a482c8db80dfc2eb48151254c3373f300262f68cecf34eb
GCF	GCF_900049895.1	GCF/ncbi_dataset/data/GCF_900049895.1/genomic.gff	1302790	276ff6d1306e6420237f997dba9244cdee012fe3427e9f5fdff2f0d4886fdc04
GCF	GCF_900049895.1	GCF/ncbi_dataset/data/GCF_900049895.1/sequence_report.jsonl	19255	58993722815747b2639605c693f3c236f3703b0fcfa6c201c8a5c5c62d427ea4
GCF	GCF_900050295.1	GCF/ncbi_dataset/data/GCF_900050295.1/GCF_900050295.1_11679_1_45_genomic.fna	2148125	7506b4c80a46a7d3197532e18ecbad05e168f285c1692926198f9c8e81d0bc9b
GCF	GCF_900050295.1	GCF/ncbi_dataset/data/GCF_900050295.1/genomic.gbff	5482944	494a59ecac7dd7795591d70d9cd89ec89e93cfa191d882e7a42a77022eb03df3
GCF	GCF_900050295.1	GCF/ncbi_dataset/data/GCF_900050295.1/genomic.gff	1278041	c826f1e0832a3785f6604122a9fefbe81368dbd4fbc919ac6cf37f68fedfc7b7
GCF	GCF_900050295.1	GCF/ncbi_dataset/data/GCF_900050295.1/sequence_report.jsonl	17108	27b9ad3a73cd446e1ddba4ace0d2f6d6082df5499931d8d2e7227dbceb225702
GCF	GCF_900050305.1	GCF/ncbi_dataset/data/GCF_900050305.1/GCF_900050305.1_11511_8_62_genomic.fna	2021822	e19ff2c47496440bbd1e78490f266c23079ba93a0cc3294003b71f1dc2407cb6
GCF	GCF_900050305.1	GCF/ncbi_dataset/data/GCF_900050305.1/genomic.gbff	5118798	c1ad3d501f3e8286b9d0bc49bae1b01f96033deadfa676dbfd0a6515735d5958
GCF	GCF_900050305.1	GCF/ncbi_dataset/data/GCF_900050305.1/genomic.gff	1180239	6b554c3157bbdc76fed1edfdf94b599f2e9e3bdf9b4a7238d4fb264c0319512e
GCF	GCF_900050305.1	GCF/ncbi_dataset/data/GCF_900050305.1/sequence_report.jsonl	14978	da32cbb265698db5e869d2bae1a0a6c48226f5ac7bf467288623de497dd23a50
GCF	GCF_900050315.1	GCF/ncbi_dataset/data/GCF_900050315.1/GCF_900050315.1_12291_4_76_genomic.fna	2148192	717ecb52dad87707db9ffafb2d93a3a7b464d5d2439de71042be6e42206d757f
GCF	GCF_900050315.1	GCF/ncbi_dataset/data/GCF_900050315.1/genomic.gbff	5470138	88a05a2db202ab9ee492bb8220960266ef4e38adbe5eb818b4cb9f5d453d5238
GCF	GCF_900050315.1	GCF/ncbi_dataset/data/GCF_900050315.1/genomic.gff	1245215	b43a2be0498c715d26d9d958f1170e36cb4b15f19b97bfd57027e3291728fbb3
GCF	GCF_900050315.1	GCF/ncbi_dataset/data/GCF_900050315.1/sequence_report.jsonl	21086	fe4cdacf0c9b2b6ceea28d21bad4420305413984d66cf61270872ead5fa60aea
GCF	GCF_900050325.1	GCF/ncbi_dataset/data/GCF_900050325.1/GCF_900050325.1_13091_6_81_genomic.fna	2128245	426cfbb9df1e284a3c278074e2e5601a59e5253a4981b186ac5f87fb01965719
GCF	GCF_900050325.1	GCF/ncbi_dataset/data/GCF_900050325.1/genomic.gbff	5608091	2e67f5ab33dfaed4ea379d262edb412ddc495f6af117fe29fa2665a0e96322c4
GCF	GCF_900050325.1	GCF/ncbi_dataset/data/GCF_900050325.1/genomic.gff	1295078	d45ca9966f04ccb4a0824822777364b063cbb0bcd4024bfef7dac10fdd765c2a
GCF	GCF_900050325.1	GCF/ncbi_dataset/data/GCF_900050325.1/sequence_report.jsonl	37157	47da3273e5558c95c5145662fbacab48755b0cd9319a006c7021dd00fde3dae7
GCF	GCF_900050335.1	GCF/ncbi_dataset/data/GCF_900050335.1/GCF_900050335.1_13414_1_74_genomic.fna	2074008	0d50e4909c6301ee11b0d068a0f4756b428a715e5fda82da21a3c0dd3e140db3
GCF	GCF_900050335.1	GCF/ncbi_dataset/data/GCF_900050335.1/genomic.gbff	5186219	9fca23b6bf78574e3ffad7934161ecb8ae11c80e142697e41afb6b2dfa4334a2
GCF	GCF_900050335.1	GCF/ncbi_dataset/data/GCF_900050335.1/genomic.gff	1200126	5852bdd71ded4ba3f824ed06e278c761da553d1bee7d937e283dab5ff096d8b1
GCF	GCF_900050335.1	GCF/ncbi_dataset/data/GCF_900050335.1/sequence_report.jsonl	8259	5462d85166fc9395f2b79b33fca2c40ddeba6278a8c3f815f3969ddfc08860a3
GCF	GCF_900050345.1	GCF/ncbi_dataset/data/GCF_900050345.1/GCF_900050345.1_13414_2_88_genomic.fna	2122143	9b74e341925f7ab58342543af3ca1a64062b00b8e57b4bc394c13cadf7c38434
GCF	GCF_900050345.1	GCF/ncbi_dataset/data/GCF_900050345.1/genomic.gbff	5288344	d0fd8341e7357c5f5fcfaf31410620efb5b8728cb384e9aa337e356b53b38d1d
GCF	GCF_900050345.1	GCF/ncbi_dataset/data/GCF_900050345.1/genomic.gff	1225314	f06582014e59b7ca26c56e230b795f9267e026f0ffe633ffde8ebb1aa07cb26c
GCF	GCF_900050345.1	GCF/ncbi_dataset/data/GCF_900050345.1/sequence_report.jsonl	7345	85c45303709391f279d39bb06d8b81df3945cab42eb1e606cf49c83b8bcc8aa2
GCF	GCF_900050665.1	GCF/ncbi_dataset/data/GCF_900050665.1/GCF_900050665.1_11658_2_82_genomic.fna	2016183	ed8985a8b9f4f043363da766e3e73ef52ca03fa7b0661f4f298bf7879a42fcbc
GCF	GCF_900050665.1	GCF/ncbi_dataset/data/GCF_900050665.1/genomic.gbff	5136589	0a9009900afc770b13ac4307257fd8611c637dea606e5409543b62c663c3301a
GCF	GCF_900050665.1	GCF/ncbi_dataset/data/GCF_900050665.1/genomic.gff	1188097	a8c0f9b1ddb7b487e1ce285a62a0defc6e0047994638441922eeccf68c38b290
GCF	GCF_900050665.1	GCF/ncbi_dataset/data/GCF_900050665.1/sequence_report.jsonl	17122	bf2d27d099bc526905f917017e24d4a72ac79303a4ced6cedf52feb3cbe41015
GCF	GCF_900050675.1	GCF/ncbi_dataset/data/GCF_900050675.1/GCF_900050675.1_11657_8_21_genomic.fna	2152769	a09622ec44583d04d987e0b34353837273a28a20547edc23225c0bc4bce89fe0
GCF	GCF_900050675.1	GCF/ncbi_dataset/data/GCF_900050675.1/genomic.gbff	5432469	5f1337a5af655e1dd12d540d1345d3e889c5f45676dd0a87b061efbdf4280ce4
GCF	GCF_900050675.1	GCF/ncbi_dataset/data/GCF_900050675.1/genomic.gff	1260196	9fc7b60bebd5a88ad0530094ba6913a63bb4262cdbcc5f60bb73cebd336857f4
GCF	GCF_900050675.1	GCF/ncbi_dataset/data/GCF_900050675.1/sequence_report.jsonl	12225	c9d4eaa10eb0aef780bb1e019250d212cfdf0cfefcbc6d06a0398a100ef0548e
GCF	GCF_900050685.1	GCF/ncbi_dataset/data/GCF_900050685.1/GCF_900050685.1_11658_2_67_genomic.fna	2092676	7dd46582c6f7b47e71c72fba82a2f44c47bb580dc3eef7acbebd7ad55afb7cdf
GCF	GCF_900050685.1	GCF/ncbi_dataset/data/GCF_900050685.1/genomic.gbff	5250899	f03c1ef8653c6a5684503e070996e03b19bb491898e42e7f39a560a5c74f9f5d
GCF	GCF_900050685.1	GCF/ncbi_dataset/data/GCF_900050685.1/genomic.gff	1206742	76959a8f22bf911c765f5d50d001be322a497fdcc308776e039331d239a92879
GCF	GCF_900050685.1	GCF/ncbi_dataset/data/GCF_900050685.1/sequence_report.jsonl	11915	a878329dddd7558551b9ef4e3fe9b8a14021a9e4f0de905836387df6f3d57119
GCF	GCF_900050695.1	GCF/ncbi_dataset/data/GCF_900050695.1/GCF_900050695.1_11657_8_24_genomic.fna	2138252	a2e52d6eceec3c285d911cb8d741b0069b0a025abeb5f53197ce190b4359e2c3
GCF	GCF_900050695.1	GCF/ncbi_dataset/data/GCF_900050695.1/genomic.gbff	5742188	cefaa583d2d6de30c18ea59ff8169f483b2ede99c786a77baf54ac799bf2a837
GCF	GCF_900050695.1	GCF/ncbi_dataset/data/GCF_900050695.1/genomic.gff	1413643	57a7879364f8f969d258c58ee805ea5fd11701f2d2b65dc87543ea7c18848537
GCF	GCF_900050695.1	GCF/ncbi_dataset/data/GCF_900050695.1/sequence_report.jsonl	15283	67739f2ca670e2df07aa8df384cd8782554b080d09154ac9726c14212c6bb5b4
GCF	GCF_900050705.1	GCF/ncbi_dataset/data/GCF_900050705.1/GCF_900050705.1_11657_8_25_genomic.fna	2076296	141415871bec8a9444ec4e4f314cfa90eb69d5ae487cf73727f32e900069f4ee
GCF	GCF_900050705.1	GCF/ncbi_dataset/data/GCF_900050705.1/genomic.gbff	5223449	76d5290d78987154318175d0f26721de87307377458fa5796900ecdfbdc8f694
GCF	GCF_900050705.1	GCF/ncbi_dataset/data/GCF_900050705.1/genomic.gff	1206663	a35b69723a0fae642d0a5ae368abeeba00cebe9171ac5c6162ede5eade01c6fa
GCF	GCF_900050705.1	GCF/ncbi_dataset/data/GCF_900050705.1/sequence_report.jsonl	11923	9af008b7ef26ac983f032bc40f4f866adb665f7a6b9bc022c3b9cac251bd1bb9
GCF	GCF_900050715.1	GCF/ncbi_dataset/data/GCF_900050715.1/GCF_900050715.1_11511_8_61_genomic.fna	2126004	79db33b686b0124c072dc6cdfeb9efeaa964db067e12e5b34f27128c2ff78b3b
GCF	GCF_900050715.1	GCF/ncbi_dataset/data/GCF_900050715.1/genomic.gbff	5324546	74144158407dadb6f4fd4d216cc42748b194abd5b2fe4d4472affd708932ffc3
GCF	GCF_900050715.1	GCF/ncbi_dataset/data/GCF_900050715.1/genomic.gff	1244662	1980422cfa4544686438c3bad3c410550bf66d9fb3f1f1a39f8a96ae881fd013
GCF	GCF_900050715.1	GCF/ncbi_dataset/data/GCF_900050715.1/sequence_report.jsonl	8864	81e1647fe00695f06839add3cb2e41e4b7c60714c940dd1766f7e428cfef0ceb
GCF	GCF_900050725.1	GCF/ncbi_dataset/data/GCF_900050725.1/GCF_900050725.1_13154_3_48_genomic.fna	2090655	140a8fd7191258d94edb3d3c5ae8db4e0bd7a4c399ae00cb05900a980d843ff4
GCF	GCF_900050725.1	GCF/ncbi_dataset/data/GCF_900050725.1/genomic.gbff	5547378	06fee60953bc01513f30dfec33a72b7457da00c6329368113009458c39d97e23
GCF	GCF_900050725.1	GCF/ncbi_dataset/data/GCF_900050725.1/genomic.gff	1375956	6ac682ae18b480840266af24d11fbf1c7d894bcf4d25c64faf485e162b02f3fd
GCF	GCF_900050725.1	GCF/ncbi_dataset/data/GCF_900050725.1/sequence_report.jsonl	8559	7ca924ee20cd3baa348360de5da3b497cdd6e23f8e986b9ea12f86da3f9c2523
GCF	GCF_900050735.1	GCF/ncbi_dataset/data/GCF_900050735.1/GCF_900050735.1_13414_3_37_genomic.fna	2094251	0d56c73396697385c809076ac635c49de3109bc1f0a3dc937e05af8c7246bcab
GCF	GCF_900050735.1	GCF/ncbi_dataset/data/GCF_900050735.1/genomic.gbff	5262317	910d3c095527a5aebcb72d7628c794ba3b09e491b60766922e395a2e38e4e1cf
GCF	GCF_900050735.1	GCF/ncbi_dataset/data/GCF_900050735.1/genomic.gff	1203973	dd5f1c5a34ee6bd075c247cde3f0ab20f627160100705d8a90fcffef7bcac206
GCF	GCF_900050735.1	GCF/ncbi_dataset/data/GCF_900050735.1/sequence_report.jsonl	12538	2181684f307841cbf2f57c60a5f6983b03e6e3512c1ab837cf20790fc5d2e48d
GCF	GCF_900050745.1	GCF/ncbi_dataset/data/GCF_900050745.1/GCF_900050745.1_14673_3_4_genomic.fna	2128626	bbae521fa0c68af88c1101dff20969b3a58c5fa9d22c996c31eb459c0c73b501
GCF	GCF_900050745.1	GCF/ncbi_dataset/data/GCF_900050745.1/genomic.gbff	5349485	3eb99a5e70f99b29d20c3924b9049c136abae02b4e7d59fd5f86086f43a0416e
GCF	GCF_900050745.1	GCF/ncbi_dataset/data/GCF_900050745.1/genomic.gff	1231921	d0fcff375166d63d54a9294d1e464df0fa2cb803e5540f28bf3dcb7e65ae1c77
GCF	GCF_900050745.1	GCF/ncbi_dataset/data/GCF_900050745.1/sequence_report.jsonl	11624	958e12cc7d69b9eb542f2f72cd012f57d7a97fe90820fec4565943099fa895d3
GCF	GCF_900051105.1	GCF/ncbi_dataset/data/GCF_900051105.1/GCF_900051105.1_11511_8_42_genomic.fna	2107626	0caa58963253e3a2e642288de4c1685928dafcec49a3b6f5c8462d8eaac5282c
GCF	GCF_900051105.1	GCF/ncbi_dataset/data/GCF_900051105.1/genomic.gbff	5599267	e82ff9d18be90360a5856e36adc888556cc06c4f2248428308b593a62db509b4
GCF	GCF_900051105.1	GCF/ncbi_dataset/data/GCF_900051105.1/genomic.gff	1378623	e289e870c342cf042b45db9437e52aa11d97d199fbe7104c5f1713a34ea195af
GCF	GCF_900051105.1	GCF/ncbi_dataset/data/GCF_900051105.1/sequence_report.jsonl	10400	78f8e87667c91388acf0e20e31eb75844224a3148f28dbe3be44100e223885a6
GCF	GCF_900051115.1	GCF/ncbi_dataset/data/GCF_900051115.1/GCF_900051115.1_11658_2_78_genomic.fna	2214349	dae7977d25fc61b3a2ac605b8843af62eabbc3f78e13d14da9a0f10dc9d1756e
GCF	GCF_900051115.1	GCF/ncbi_dataset/data/GCF_900051115.1/genomic.gbff	6442720	cb0ebfe877e95272e16cbe97d8fdd7569beab1fcacbaedef2ddc46373ae0762b
GCF	GCF_900051115.1	GCF/ncbi_dataset/data/GCF_900051115.1/genomic.gff	1584717	f9d85161aaf348635c3806ea28a7335139e5e32afdf895875cb9d402cdacb8e6
GCF	GCF_900051115.1	GCF/ncbi_dataset/data/GCF_900051115.1/sequence_report.jsonl	57529	64c46c87e08e88e43b0fab7929dd34eca546d8e00e3fd9fa36d86a31a29b61d8
GCF	GCF_900051125.1	GCF/ncbi_dataset/data/GCF_900051125.1/GCF_900051125.1_11658_2_76_genomic.fna	2019541	cf4efd420b7f40091f88eab2c6318129dfd6837e3193b6e3fe2450430449b8dc
GCF	GCF_900051125.1	GCF/ncbi_dataset/data/GCF_900051125.1/genomic.gbff	5093336	33cf11079c61d80aa3a746e74196a7e1031b25d55771996e3667820659f5e4a8
GCF	GCF_900051125.1	GCF/ncbi_dataset/data/GCF_900051125.1/genomic.gff	1172998	40bcc0da332fb34a072c0e16cf69316eb27f8a8c3bb79235cae3d41923c36316
GCF	GCF_900051125.1	GCF/ncbi_dataset/data/GCF_900051125.1/sequence_report.jsonl	13454	9f2413ca0ecfe30165436d2491221f84eed84b834a735bd3c26940ba5f2a65a4
GCF	GCF_900051135.1	GCF/ncbi_dataset/data/GCF_900051135.1/GCF_900051135.1_11658_2_75_genomic.fna	2094796	ab3c022d73c2d0fbf7f8be0443ac670615eb1feb42322730e0251f3362b83d79
GCF	GCF_900051135.1	GCF/ncbi_dataset/data/GCF_900051135.1/genomic.gbff	5250298	c4080d89c5f2c55947364d07b6ad77626884c3da7ad4b5320e9811bc68dafc81
GCF	GCF_900051135.1	GCF/ncbi_dataset/data/GCF_900051135.1/genomic.gff	1208120	fad68fe43b21b3dbfe1df675591674b11aa6db4f4b8911279bc58e75e94df71f
GCF	GCF_900051135.1	GCF/ncbi_dataset/data/GCF_900051135.1/sequence_report.jsonl	11008	8bc4e33ebccf84e9ef6bccbc54d60eeb3069e8cf1c7e9676924438c983ae8364
GCF	GCF_900051145.1	GCF/ncbi_dataset/data/GCF_900051145.1/GCF_900051145.1_11658_2_71_genomic.fna	2021721	43433a694d5da8762cdada7f6769b5b4ed47c2cfcddc37d5393f6e5f8880ea7a
GCF	GCF_900051145.1	GCF/ncbi_dataset/data/GCF_900051145.1/genomic.gbff	5114682	c4fa593490cb1383712ebeb6d754060316ad2ebd5c4f53e3c9f7df7b247aed30
GCF	GCF_900051145.1	GCF/ncbi_dataset/data/GCF_900051145.1/genomic.gff	1178302	580b1ef76b906fb0966be2f55e6880944901d371f2043481813b9d12b57c4701
GCF	GCF_900051145.1	GCF/ncbi_dataset/data/GCF_900051145.1/sequence_report.jsonl	14984	881cd9bdb17c1cf5d91c4d08cc5198e6093595d135c785620d28b97e230b7328
GCF	GCF_900051155.1	GCF/ncbi_dataset/data/GCF_900051155.1/GCF_900051155.1_11658_2_68_genomic.fna	2021762	c0dfdb13288a5a8434ed76f203a5acfaf8eeb76ebfd855cf785ab9854461d9b9
GCF	GCF_900051155.1	GCF/ncbi_dataset/data/GCF_900051155.1/genomic.gbff	5117809	b7af094da2f63e33d74059033afe78b14a053774613c13b7e62258bcf64902d4
GCF	GCF_900051155.1	GCF/ncbi_dataset/data/GCF_900051155.1/genomic.gff	1181321	47f8883cc6f515523da221a2b0e24f97d9404a8f40ac4c27edc56a92a3f59afa
GCF	GCF_900051155.1	GCF/ncbi_dataset/data/GCF_900051155.1/sequence_report.jsonl	14370	3fca308411f396cb7e5c44acda5aa56bab3c51ce59171f6b73d618aa29c5db27
GCF	GCF_900051165.1	GCF/ncbi_dataset/data/GCF_900051165.1/GCF_900051165.1_11657_8_20_genomic.fna	2172629	00d70240ea19b26ac3185b98d0ed6bb354fee5c21112339cd02001b1ad954fa8
GCF	GCF_900051165.1	GCF/ncbi_dataset/data/GCF_900051165.1/genomic.gbff	5436645	f6d7361d3e728de064101c0bb40f7ea61d235a09a7712c2be4bc589b496bf8ea
GCF	GCF_900051165.1	GCF/ncbi_dataset/data/GCF_900051165.1/genomic.gff	1257179	a28991e060cef65a29e7feb78cc8b2e4ae80c93d52a905ad358fcf6bce840224
GCF	GCF_900051165.1	GCF/ncbi_dataset/data/GCF_900051165.1/sequence_report.jsonl	8262	756f3633b7c36a2b7d6321e712b999692aa862a3a94459a6de58569f5e0846fe
GCF	GCF_900051175.1	GCF/ncbi_dataset/data/GCF_900051175.1/GCF_900051175.1_13414_1_75_genomic.fna	2146333	388768a220096f0afd68dd3b7f33685cb9a869da9a41c96ba97f50cd079e01bb
GCF	GCF_900051175.1	GCF/ncbi_dataset/data/GCF_900051175.1/genomic.gbff	5449729	9ce808b6dee6647d18c1bd544c7c7bf6b66597b26a2ba53dea562a3c84f21460
GCF	GCF_900051175.1	GCF/ncbi_dataset/data/GCF_900051175.1/genomic.gff	1264086	05985fbd4365e9766637cdb2697ead886ae351dbdb9d54e55ef77263ff1e55b1
GCF	GCF_900051175.1	GCF/ncbi_dataset/data/GCF_900051175.1/sequence_report.jsonl	14976	450a6afeea19808ce5e62782506cd1923661f2fe26942cacbdc0de69a9b1a382
GCF	GCF_900051185.1	GCF/ncbi_dataset/data/GCF_900051185.1/GCF_900051185.1_13414_1_88_genomic.fna	2163219	f25be299a4d17ab033368a40eba679151c2654d8f926de04991b1214fdef29e9
GCF	GCF_900051185.1	GCF/ncbi_dataset/data/GCF_900051185.1/genomic.gbff	5443037	4ca36f6f9cd5923a446f4a2bdeadce9c4e7aea028299bf7158d897165db06a4e
GCF	GCF_900051185.1	GCF/ncbi_dataset/data/GCF_900051185.1/genomic.gff	1256703	a97a3a2e57df815feee8a9dde3dfd4da2bbdaa9c306c9808baedb690258b486a
GCF	GCF_900051185.1	GCF/ncbi_dataset/data/GCF_900051185.1/sequence_report.jsonl	12531	36c88eb5a37a8a29fc9cffa8d24486453d73bf7e7353fa16e681eeff96c81579
GCF	GCF_900051195.1	GCF/ncbi_dataset/data/GCF_900051195.1/GCF_900051195.1_13414_2_91_genomic.fna	2073610	a88893b9275b678f15abe23042d8cdf6899a3f81f4d77fa9e191b88cc93e05c1
GCF	GCF_900051195.1	GCF/ncbi_dataset/data/GCF_900051195.1/genomic.gbff	5210900	95b49dabb504f026382e604c80e644e90011216b21f9013d20fafb6607f0d40a
GCF	GCF_900051195.1	GCF/ncbi_dataset/data/GCF_900051195.1/genomic.gff	1202235	9d44403c35f4fbefca74a8c22b53060de901278a11ce885de9a5b62f8a456898
GCF	GCF_900051195.1	GCF/ncbi_dataset/data/GCF_900051195.1/sequence_report.jsonl	11623	0a2d0ae78525a0377c8897f6058a1fbff57d6b1d8c7e5274baf19dea42982c2d
GCF	GCF_900051205.1	GCF/ncbi_dataset/data/GCF_900051205.1/GCF_900051205.1_13414_3_44_genomic.fna	2120635	f7913d23016841fa87a98eb5e5ce88608d7d21267a87ab995108c5454d3e3b17
GCF	GCF_900051205.1	GCF/ncbi_dataset/data/GCF_900051205.1/genomic.gbff	5358999	4ec6b446c44ee61f5d2f0674b80631d45fa3c6ae39b656597d41fd07c9bf0a81
GCF	GCF_900051205.1	GCF/ncbi_dataset/data/GCF_900051205.1/genomic.gff	1236832	c0079aa344b897b88a886680d75b353334eca4c9aa63ba7bcc3a3c873dbccaca
GCF	GCF_900051205.1	GCF/ncbi_dataset/data/GCF_900051205.1/sequence_report.jsonl	13368	7e530829d758762a109a386b46fe85c5eabefcddbd1aec62866648c5508b0fcf
GCF	GCF_900051215.1	GCF/ncbi_dataset/data/GCF_900051215.1/GCF_900051215.1_14673_4_20_genomic.fna	2075704	363de8b22629ede7a05c495a37a110246fcf0accca300227532ded7dc6745d7f
GCF	GCF_900051215.1	GCF/ncbi_dataset/data/GCF_900051215.1/genomic.gbff	5246606	91404574ebbd9bd9e753c648c981571611add2890ea7359909d41c8864b6e009
GCF	GCF_900051215.1	GCF/ncbi_dataset/data/GCF_900051215.1/genomic.gff	1207443	6919dd56c8856ccbcbc50874e7256e2b27a43408f38f1bd15d4825ef57180eb5
GCF	GCF_900051215.1	GCF/ncbi_dataset/data/GCF_900051215.1/sequence_report.jsonl	14060	30b94a04b6384439af399c019818d3475d13457687621ce6669cf26754e592bb
GCF	GCF_900051225.1	GCF/ncbi_dataset/data/GCF_900051225.1/GCF_900051225.1_14673_4_24_genomic.fna	2295478	892fe1e1fee424dee88fef8b5ec21331fcfa904ecce3736c9319b230aceb34e0
GCF	GCF_900051225.1	GCF/ncbi_dataset/data/GCF_900051225.1/genomic.gbff	5842976	c18a649b6862eb382ffa04df0e08fd329b657da6fd37d09fa09a59039e3b724b
GCF	GCF_900051225.1	GCF/ncbi_dataset/data/GCF_900051225.1/genomic.gff	1349548	37cd5a094222ea2a57111b3b12939b821a112a4bcd9000a2b498e0dca1b00ccc
GCF	GCF_900051225.1	GCF/ncbi_dataset/data/GCF_900051225.1/sequence_report.jsonl	19552	8875f409c032e48a96c965699d2d8963c6b15acad2c0083eadc679c2e9c1f12c
GCF	GCF_900051395.1	GCF/ncbi_dataset/data/GCF_900051395.1/GCF_900051395.1_11658_2_56_genomic.fna	2127749	8a7c7eca4a2372f73b4b23b51f0a08fa4d0171fb1a8024166db23ed9a3bc8e59
GCF	GCF_900051395.1	GCF/ncbi_dataset/data/GCF_900051395.1/genomic.gbff	5365435	c0eeea1f36e10ef47cfb609620d6252cb86bcab0fb9526f6cea4a196e3cbeb96
GCF	GCF_900051395.1	GCF/ncbi_dataset/data/GCF_900051395.1/genomic.gff	1237384	6cf8c55d94e91a71fb4bfe1f00fae5e6966f2787c65e27f35425da890e51ddd3
GCF	GCF_900051395.1	GCF/ncbi_dataset/data/GCF_900051395.1/sequence_report.jsonl	11927	66a2d36f9e3c81c83d147216ed87a1cacd083607771e7dab3da8e3200afa9ef8
GCF	GCF_900051405.1	GCF/ncbi_dataset/data/GCF_900051405.1/GCF_900051405.1_11658_2_49_genomic.fna	2089881	cef94870a7f83d059f3493ebb16b520ade782fa5dd7fd5f4ce82d02ac51425f6
GCF	GCF_900051405.1	GCF/ncbi_dataset/data/GCF_900051405.1/genomic.gbff	5228573	e969f4aad92c40280da6607d22fc537001670d2ddeb824f6bf25f794e08e05a7
GCF	GCF_900051405.1	GCF/ncbi_dataset/data/GCF_900051405.1/genomic.gff	1201404	e73de903f535cfcbbda7015ca84ba3f6f4ece199bd7dfe1769ce36f27e1d5456
GCF	GCF_900051405.1	GCF/ncbi_dataset/data/GCF_900051405.1/sequence_report.jsonl	9788	329b4bc7d66ba3b93c64dcbc334bc723be61fcfdcdaba2d0541276ad9dee11d7
GCF	GCF_900051415.1	GCF/ncbi_dataset/data/GCF_900051415.1/GCF_900051415.1_12291_4_83_genomic.fna	2156249	4e43410902384c6fa330beaa17b8b82ebd8aface464287a679fcf8022ce933e5
GCF	GCF_900051415.1	GCF/ncbi_dataset/data/GCF_900051415.1/genomic.gbff	5473864	e2bdc6838b938a3f20498d55403f735b0d5ee2914a55426dcb6d3b88d5a92df1
GCF	GCF_900051415.1	GCF/ncbi_dataset/data/GCF_900051415.1/genomic.gff	1246428	faf8caceb37cf5384393a01cb6387f8e3f23744de1c4c68ad785ac8f12ccc42e
GCF	GCF_900051415.1	GCF/ncbi_dataset/data/GCF_900051415.1/sequence_report.jsonl	19562	4b70bed578355a4df96e7d2a434a6568a2088dc9ee73bbdcef95ace2c30529e9
GCF	GCF_900051425.1	GCF/ncbi_dataset/data/GCF_900051425.1/GCF_900051425.1_13154_3_18_genomic.fna	2127242	2239482b348407204ca93be2820eb55e4bf5c4cdcaa7cc97336f1163e557f6cc
GCF	GCF_900051425.1	GCF/ncbi_dataset/data/GCF_900051425.1/genomic.gbff	5336549	0d57182d43ebd4546ff31e32e5faf951c51be42f0fd892c1e5881cad04bf00ff
GCF	GCF_900051425.1	GCF/ncbi_dataset/data/GCF_900051425.1/genomic.gff	1229829	af20a7d7eac9c2f1981393e4bcc50af1912269e98e8de7d323e3aee5f301dfd9
GCF	GCF_900051425.1	GCF/ncbi_dataset/data/GCF_900051425.1/sequence_report.jsonl	9180	be0868f413016292fd66fd10d45295b03b8eda9e6797839f300244bea0f35de1
GCF	GCF_900051435.1	GCF/ncbi_dataset/data/GCF_900051435.1/GCF_900051435.1_13154_3_35_genomic.fna	2043289	1c296f45d4be44f0749a6adec4d7ed73e531fa4c075b893f6a9dd9b5a42ac75f
GCF	GCF_900051435.1	GCF/ncbi_dataset/data/GCF_900051435.1/genomic.gbff	5187826	f98d732491f61895ea4a9eb60736745450a0d48d404dbb1edb63ebf2c8c20bb7
GCF	GCF_900051435.1	GCF/ncbi_dataset/data/GCF_900051435.1/genomic.gff	1197654	dc7ce052783d07187f0be5a3eafdde72ba30a9968be762655b8b179204b6e51f
GCF	GCF_900051435.1	GCF/ncbi_dataset/data/GCF_900051435.1/sequence_report.jsonl	17425	8ed446b7540e571ff2f0637e4291430894cdf1a4fce4db411adccb5293ee7a1a
GCF	GCF_900051445.1	GCF/ncbi_dataset/data/GCF_900051445.1/GCF_900051445.1_13154_2_17_genomic.fna	2076623	5d43fdae1fa1adc68988eb13610b62dbd1f138a60f386134c879bd631ea6f5b5
GCF	GCF_900051445.1	GCF/ncbi_dataset/data/GCF_900051445.1/genomic.gbff	5214074	183e6f48d98d9454fc28187ba115d2a8ecdbfbbfccd8acb568e358192679eb1d
GCF	GCF_900051445.1	GCF/ncbi_dataset/data/GCF_900051445.1/genomic.gff	1204948	a81810a69302880d2ca6bcb5d3df27b5ca60ab86521983aaadb1e53e4951b708
GCF	GCF_900051445.1	GCF/ncbi_dataset/data/GCF_900051445.1/sequence_report.jsonl	10397	372089bebe671947833afef5874d3c7b8774907a55f78b97b3df70ef4742347a
GCF	GCF_900051455.1	GCF/ncbi_dataset/data/GCF_900051455.1/GCF_900051455.1_13414_2_53_genomic.fna	1999291	59ed9f5933e4c652070474babd0e4b837617e09471970c12cd4c617c557e5311
GCF	GCF_900051455.1	GCF/ncbi_dataset/data/GCF_900051455.1/genomic.gbff	5325083	101fb9902d10842b1b50fd36131747209ad91d479b44fb49fdaf8fd8273c9dd2
GCF	GCF_900051455.1	GCF/ncbi_dataset/data/GCF_900051455.1/genomic.gff	1320397	66c46af2ed368be2056221c78ee417c39af27c756e8f9631ce1e48c37cd5695a
GCF	GCF_900051455.1	GCF/ncbi_dataset/data/GCF_900051455.1/sequence_report.jsonl	8564	13a35a201ee342f2b829b5731c1cb2424736c855eee1deb467ddd36d260d9980
GCF	GCF_900051465.1	GCF/ncbi_dataset/data/GCF_900051465.1/GCF_900051465.1_14673_1_86_genomic.fna	2045907	02f28ee78d0ef29948a49b3b47ae56d0352d9d41dddf00412450c458a361c1fc
GCF	GCF_900051465.1	GCF/ncbi_dataset/data/GCF_900051465.1/genomic.gbff	5131930	357b9d98c05fa73aec0f0b2383c72ad1109134fe100929a45f5bab494b153181
GCF	GCF_900051465.1	GCF/ncbi_dataset/data/GCF_900051465.1/genomic.gff	1185519	35aaad6065839e1e08e2c54ab275ec21dd449c98c2a5e16b29b72f5edddf86dc
GCF	GCF_900051465.1	GCF/ncbi_dataset/data/GCF_900051465.1/sequence_report.jsonl	10400	370dc0e5e42a5170d5d1b9c5f61fb57c11d869593e107484ddc402be4465d2ce
GCF	GCF_900051475.1	GCF/ncbi_dataset/data/GCF_900051475.1/GCF_900051475.1_14673_4_44_genomic.fna	2143809	8fb68d10b184aba99dd5114fccf4e892f015aab0c9e53d3edae492b0b049c3bc
GCF	GCF_900051475.1	GCF/ncbi_dataset/data/GCF_900051475.1/genomic.gbff	5386221	8b9bde8e4964c8e01300dc056ea0fad249648d42f29223ef4b844cb80761e925
GCF	GCF_900051475.1	GCF/ncbi_dataset/data/GCF_900051475.1/genomic.gff	1244633	9ff726746eb68a4f94c4a71bbe4c26b2a4853a9196874f84eaebcd544047fb71
GCF	GCF_900051475.1	GCF/ncbi_dataset/data/GCF_900051475.1/sequence_report.jsonl	11007	f44cd56ebc7bc0becd30d69b4e35aebe13cca062c36d4fd53fd284fa464668c4
GCF	GCF_900051825.1	GCF/ncbi_dataset/data/GCF_900051825.1/GCF_900051825.1_12291_4_26_genomic.fna	2020258	c665cffc3cec68c1715002b3ea593cb3608faa5f346f1c5b11f698d6e6deb2d2
GCF	GCF_900051825.1	GCF/ncbi_dataset/data/GCF_900051825.1/genomic.gbff	5128315	bc615b263e56742d347f4f7a9e2352a29d71dddd4d980d282f77c428217b3229
GCF	GCF_900051825.1	GCF/ncbi_dataset/data/GCF_900051825.1/genomic.gff	1180212	09eb6c449dcd222e653bb11a132bba6e24fa1730e1fca21bbef532b5b4ded417
GCF	GCF_900051825.1	GCF/ncbi_dataset/data/GCF_900051825.1/sequence_report.jsonl	15892	805de84e64f360f863e5ca60154646785ada499a8d28cffabb5e6c3975ce179d
GCF	GCF_900051835.1	GCF/ncbi_dataset/data/GCF_900051835.1/GCF_900051835.1_13414_1_69_genomic.fna	2129881	45277a4a126500b5c77824c693f0a34c04b28883922ec53f9a6406c33a12d988
GCF	GCF_900051835.1	GCF/ncbi_dataset/data/GCF_900051835.1/genomic.gbff	5360217	33f784a43e9e13ab76443719a0fb5c29a1dcf405f9feb4cfc2d863c2ee6b0e65
GCF	GCF_900051835.1	GCF/ncbi_dataset/data/GCF_900051835.1/genomic.gff	1243783	224ee7fd21c77e6083d8339b0f21ac7bb7ddd5cb01e49b3b4a2a9e62f9e47e90
GCF	GCF_900051835.1	GCF/ncbi_dataset/data/GCF_900051835.1/sequence_report.jsonl	10706	8ecd48cfb29074194aff56b317e755c248801ba335f7d655ae041c87dcb05d0c
GCF	GCF_900051845.1	GCF/ncbi_dataset/data/GCF_900051845.1/GCF_900051845.1_13414_3_10_genomic.fna	2102211	384f72da587674f843ed054fe1161b7a6cbd6048d125bf00bbb55f362b4dfc26
GCF	GCF_900051845.1	GCF/ncbi_dataset/data/GCF_900051845.1/genomic.gbff	5253300	07311b6f0839183a77db9bcfd9c42b1a54804427edb9668d31a42a27559bb7e8
GCF	GCF_900051845.1	GCF/ncbi_dataset/data/GCF_900051845.1/genomic.gff	1215730	ff153a438068acd833b38eb405ecb439418fc42c15124522327736e3ae54fa94
GCF	GCF_900051845.1	GCF/ncbi_dataset/data/GCF_900051845.1/sequence_report.jsonl	7647	2374ff08232b8502740e01a2def86d528553267a7f3cac2e919c212f758bce43
GCF	GCF_900052135.1	GCF/ncbi_dataset/data/GCF_900052135.1/GCF_900052135.1_12291_4_84_genomic.fna	2023005	72b43b3046b5075a0550c610f83f10ceac6a64f55a1346cd0693d2d51ab2bcae
GCF	GCF_900052135.1	GCF/ncbi_dataset/data/GCF_900052135.1/genomic.gbff	5148444	d01ff92af2a369433682b3f90f07ee0991756c5192a28cd2e1e74a468fa801de
GCF	GCF_900052135.1	GCF/ncbi_dataset/data/GCF_900052135.1/genomic.gff	1043877	26701a0effff261d6ea53193642a0fde8038af59066a27e97d22cbd73fecca71
GCF	GCF_900052135.1	GCF/ncbi_dataset/data/GCF_900052135.1/sequence_report.jsonl	13148	8ee2eb8a90f558b6f45362b78b237a22c5701fc06859cf552ba0d656a446a188
GCF	GCF_900052145.1	GCF/ncbi_dataset/data/GCF_900052145.1/GCF_900052145.1_13091_6_91_genomic.fna	2199404	4e119e2244f834176ee22c02a634e33a2cbeb3fd44b78a77d490d8bcdf4a892a
GCF	GCF_900052145.1	GCF/ncbi_dataset/data/GCF_900052145.1/genomic.gbff	6474585	4be3b3a713cf5885b9760c944c0962839d4a3b71befdda20394e5036363a2a7a
GCF	GCF_900052145.1	GCF/ncbi_dataset/data/GCF_900052145.1/genomic.gff	1588592	b7762b33d1df65d6b6abdc0011b744c5591c52ed0ff0d4094f1510156a689f76
GCF	GCF_900052145.1	GCF/ncbi_dataset/data/GCF_900052145.1/sequence_report.jsonl	62415	f32baad631f602b311c8dc788883300fa203463ff5e3ac29ae78d6de9ad99fe7
GCF	GCF_900052165.1	GCF/ncbi_dataset/data/GCF_900052165.1/GCF_900052165.1_13414_2_1_genomic.fna	2086036	2278e5581c95091aaf81a3c5a7c4dd74a18802a27f03cb5feda3939ef7d37cf5
GCF	GCF_900052165.1	GCF/ncbi_dataset/data/GCF_900052165.1/genomic.gbff	5265912	1c6c901cf6f15cb5977d9e3cb3634e9243e46047732665593602f3cdb82b2d89
GCF	GCF_900052165.1	GCF/ncbi_dataset/data/GCF_900052165.1/genomic.gff	1216981	e19405f7d43873f4ec8d059618e2b069840f643b249ecc0699214ef2d4815de3
GCF	GCF_900052165.1	GCF/ncbi_dataset/data/GCF_900052165.1/sequence_report.jsonl	11933	2bce6ecba6ca0a7c4fb2b78d0c8f9bd3351e65a0afd20e355d3a7e25770676b9
GCF	GCF_900052175.1	GCF/ncbi_dataset/data/GCF_900052175.1/GCF_900052175.1_13414_3_18_genomic.fna	2208914	743a187af4c4db23c65695642c05340f626c576fa1b4aad967dffbd3ef346cb6
GCF	GCF_900052175.1	GCF/ncbi_dataset/data/GCF_900052175.1/genomic.gbff	5627710	eca6a8231db36872f10af85c722b3856834a87f141582ef24971c9a98d897d7a
GCF	GCF_900052175.1	GCF/ncbi_dataset/data/GCF_900052175.1/genomic.gff	1312501	cde17bcdbf92cf75c24230c8badb05786fd632164cfaabff55b306253275c8d7
GCF	GCF_900052175.1	GCF/ncbi_dataset/data/GCF_900052175.1/sequence_report.jsonl	14971	2e965beba2fcfd005f6eaf431f4caabad794511bbacbc8814522b17a8e4c17ed
GCF	GCF_900052385.1	GCF/ncbi_dataset/data/GCF_900052385.1/GCF_900052385.1_11658_2_72_genomic.fna	2117803	eba47020718301b166ab5d3d108260b6e8d768290b731a8d1ce7b857d148e277
GCF	GCF_900052385.1	GCF/ncbi_dataset/data/GCF_900052385.1/genomic.gbff	5354476	4e0e653735c037f47786ad376605f6955e39ecb07653da9b5d550ece8b37e2a8
GCF	GCF_900052385.1	GCF/ncbi_dataset/data/GCF_900052385.1/genomic.gff	1243638	e357d545fdd99498fac004fd81ac190b6e3053f88b33322a25042eb1265b2e6a
GCF	GCF_900052385.1	GCF/ncbi_dataset/data/GCF_900052385.1/sequence_report.jsonl	13145	6f3731dfebf7854224f59fe070a2654086d8d00d1cf00418077afe1f7802a225
GCF	GCF_900052395.1	GCF/ncbi_dataset/data/GCF_900052395.1/GCF_900052395.1_11511_8_45_genomic.fna	2316204	6b9cbd13f6aa12f349c92cbf2f85b3497196eb6887eaa726fd303ef2cc7314e2
GCF	GCF_900052395.1	GCF/ncbi_dataset/data/GCF_900052395.1/genomic.gbff	7230965	0fda87a2b3d023d34b2115c558284fb06161baf7bc5bd3e14b02e1e204229182
GCF	GCF_900052395.1	GCF/ncbi_dataset/data/GCF_900052395.1/genomic.gff	1751149	725003a2fb0a620df4c74327514c5c0ba47d17c5b74fc79647de5968093990c1
GCF	GCF_900052395.1	GCF/ncbi_dataset/data/GCF_900052395.1/sequence_report.jsonl	104996	329840abf5b8d15d42ee6da3df3156bca47bb22d951d87afdc1d5c1353f83635
GCF	GCF_900052405.1	GCF/ncbi_dataset/data/GCF_900052405.1/GCF_900052405.1_12291_4_18_genomic.fna	2165385	a1ff2f37e0a210a2eb5f9fd8dbd1bdb2253d5f15b39cd7c04d4cb6a7463f9228
GCF	GCF_900052405.1	GCF/ncbi_dataset/data/GCF_900052405.1/genomic.gbff	5433480	e1f9366a652ce254c4984b4a37fd317c37d102f04a5879b2b305d2b8e16208ab
GCF	GCF_900052405.1	GCF/ncbi_dataset/data/GCF_900052405.1/genomic.gff	1255811	b64cff180f3e71b8ae555e2ca202f0d45222728e03d0876d1e0d7b22252ca20c
GCF	GCF_900052405.1	GCF/ncbi_dataset/data/GCF_900052405.1/sequence_report.jsonl	10394	31cab4fb048cbc911308bc58e1180fb08631424f162336679230094707ede5b4
GCF	GCF_900052415.1	GCF/ncbi_dataset/data/GCF_900052415.1/GCF_900052415.1_13154_3_51_genomic.fna	2019644	57a3f5f3555173193984d192d7b37d7499ea5004a9116c149e2a9427d7784571
GCF	GCF_900052415.1	GCF/ncbi_dataset/data/GCF_900052415.1/genomic.gbff	5111706	405fa47625b71fcc1d30f81ea141c7f6cfff3e01c05471c427e1cb209ac0d5d3
GCF	GCF_900052415.1	GCF/ncbi_dataset/data/GCF_900052415.1/genomic.gff	1180531	4e010e4f7334b52f508b9046a8685156a2cd316fbded6a593434243aadc8a801
GCF	GCF_900052415.1	GCF/ncbi_dataset/data/GCF_900052415.1/sequence_report.jsonl	14369	6b839874ad14be2aaa81d39c49509de0ed47eb1c13a0516afdb52a4a59c10139
GCF	GCF_900052425.1	GCF/ncbi_dataset/data/GCF_900052425.1/GCF_900052425.1_13154_3_89_genomic.fna	2246958	7c81c90620bb93cb79972d3abb8a9ddfb668b7bd6cfaede80cb4d3a24afa0ca4
GCF	GCF_900052425.1	GCF/ncbi_dataset/data/GCF_900052425.1/genomic.gbff	6759467	c85c902d0ae613dee59be229b968b579961f3bf3e4f3216fe1eb86cfc8b1b1d7
GCF	GCF_900052425.1	GCF/ncbi_dataset/data/GCF_900052425.1/genomic.gff	1653264	970e74f6d6225359a66c2c79a9cf99d09abc6b46c3ac0971416ada53e2e6fc02
GCF	GCF_900052425.1	GCF/ncbi_dataset/data/GCF_900052425.1/sequence_report.jsonl	76716	d64aab47d891faba1e17ea7d87fc7fee19c771b1ff9d8a86dcfb8b3e1fdce8b7
GCF	GCF_900052435.1	GCF/ncbi_dataset/data/GCF_900052435.1/GCF_900052435.1_13414_1_65_genomic.fna	2142507	6ad4db32e50dba6fea65985ffdea46b4906f159234d6ebb73f2235232ab99d1a
GCF	GCF_900052435.1	GCF/ncbi_dataset/data/GCF_900052435.1/genomic.gbff	5458733	e147d66105b7125e6de34de7f924078e62302d5e75022c28653793c3ea563d94
GCF	GCF_900052435.1	GCF/ncbi_dataset/data/GCF_900052435.1/genomic.gff	1241258	56db0737d7057c259b8f206c525fd66adb59e503177ea3848301d2f04c69005f
GCF	GCF_900052435.1	GCF/ncbi_dataset/data/GCF_900052435.1/sequence_report.jsonl	21083	947737aae139a139f9621fd3a9fd8181c2626005e50fc459fe585bd7182ac175
GCF	GCF_900052445.1	GCF/ncbi_dataset/data/GCF_900052445.1/GCF_900052445.1_13414_1_78_genomic.fna	2089672	8c0d274c5bf141ef5153d9ab1a08a6b3ad395af126f7bb76d3f874299d9c02af
GCF	GCF_900052445.1	GCF/ncbi_dataset/data/GCF_900052445.1/genomic.gbff	5252026	3f6eddc18081cfe8ddba6f917f2647bb70a2fcc6af6c7b75ca2a1f81738f2141
GCF	GCF_900052445.1	GCF/ncbi_dataset/data/GCF_900052445.1/genomic.gff	1212889	5be88b8dcdc4677f052a10ec52376b0e5e3537cc252296f2a1c4867151878501
GCF	GCF_900052445.1	GCF/ncbi_dataset/data/GCF_900052445.1/sequence_report.jsonl	10707	dc0bcc36131a861575e2f0e3c7acb38e02aaff7ef0ebaea86068fe22fac2e4b1
GCF	GCF_900052455.1	GCF/ncbi_dataset/data/GCF_900052455.1/GCF_900052455.1_13414_2_83_genomic.fna	2109977	86c6c51bc326619080c8dd6e4267eb41649abbb7ab6d41c82413674526c1c9e3
GCF	GCF_900052455.1	GCF/ncbi_dataset/data/GCF_900052455.1/genomic.gbff	5296205	a559fea80a7f6213bc28ba1c9315a6115c8079a98e2377297f2e34823eb910cc
GCF	GCF_900052455.1	GCF/ncbi_dataset/data/GCF_900052455.1/genomic.gff	1225560	7872ea7a091e356093308b51ac2e51693da473dbc5eb4abba44bfee1ff0b0d67
GCF	GCF_900052455.1	GCF/ncbi_dataset/data/GCF_900052455.1/sequence_report.jsonl	10401	d1365bdda764ccf202a9099efe71517ab6f070d955d96dc1ad652158836d83bd
GCF	GCF_900052465.1	GCF/ncbi_dataset/data/GCF_900052465.1/GCF_900052465.1_13414_2_90_genomic.fna	2021162	60cc30ab99a5c3661c863179f32cdfbdf74ef5a8c66e6c9f50be277f5e9766e0
GCF	GCF_900052465.1	GCF/ncbi_dataset/data/GCF_900052465.1/genomic.gbff	5098267	5a26b6aff16218941c495f1f9b4fd6837ba3e11fad755f0b53f01d2423bb2225
GCF	GCF_900052465.1	GCF/ncbi_dataset/data/GCF_900052465.1/genomic.gff	1179344	aa7d0a91ed890c13a7f785591a38050c0566c0446b32bdf27754fb562a66f13d
GCF	GCF_900052465.1	GCF/ncbi_dataset/data/GCF_900052465.1/sequence_report.jsonl	12839	f355dd83afffb32d2dd593d723564a53f3107884e7bb280e7432c47044d2df72
GCF	GCF_900052475.1	GCF/ncbi_dataset/data/GCF_900052475.1/GCF_900052475.1_14673_4_19_genomic.fna	2075762	6484baeb72e174590e093ee0bf19897f07eb341279b4806f18d8b5ac41099770
GCF	GCF_900052475.1	GCF/ncbi_dataset/data/GCF_900052475.1/genomic.gbff	5225518	74c80be4141e401c173780d9e999ac84ec35aba1fe96416219109eb7a8c7819c
GCF	GCF_900052475.1	GCF/ncbi_dataset/data/GCF_900052475.1/genomic.gff	1207762	67e8ba57687fb1b242f8343ed319872a783d8a5f455f26ad77cda33404905ed9
GCF	GCF_900052475.1	GCF/ncbi_dataset/data/GCF_900052475.1/sequence_report.jsonl	12456	1c463549e240a54fd8a4b2cf47e73cb447693d02be7e26590f6a5c4daf2d6010
GCF	GCF_900052485.1	GCF/ncbi_dataset/data/GCF_900052485.1/GCF_900052485.1_14673_4_21_genomic.fna	2071466	ea12aedce9ac8fd93fbd3e0f2922a44d09e9cc35ebfd1178f72d2ff0941b7414
GCF	GCF_900052485.1	GCF/ncbi_dataset/data/GCF_900052485.1/genomic.gbff	5214277	99b35d6c74f87ad03f3994ae041acca62edd44c3bb2c8a411def1c67342e7a2c
GCF	GCF_900052485.1	GCF/ncbi_dataset/data/GCF_900052485.1/genomic.gff	1191466	9935b83b60915b9493606e9e6a82bfef6161802299296168cad2f4deea537722
GCF	GCF_900052485.1	GCF/ncbi_dataset/data/GCF_900052485.1/sequence_report.jsonl	13142	22d6dc0647ad1e7d2fcef29ca3f40c4e05d211168a1e42e51cea968f44dfd67d
GCF	GCF_900052685.1	GCF/ncbi_dataset/data/GCF_900052685.1/GCF_900052685.1_11511_8_48_genomic.fna	2049474	ec18045e86a8c2c34895431bb21d232b4fba3a5be6d5cdbf8b3a976b10d6b3e2
GCF	GCF_900052685.1	GCF/ncbi_dataset/data/GCF_900052685.1/genomic.gbff	5142803	d3219aba0c68cd57bb526b403ca3344457a3cf8339ad120aafcb0c6577df3408
GCF	GCF_900052685.1	GCF/ncbi_dataset/data/GCF_900052685.1/genomic.gff	1187113	ae172ae3b2b93f722ced90ee73f356faef30e9cc65f64482d89d31920e4d9283
GCF	GCF_900052685.1	GCF/ncbi_dataset/data/GCF_900052685.1/sequence_report.jsonl	10020	8d8d19fa64890a33a5a571c5fa586b07fec299c555d45d54be50b9b127b78cd6
GCF	GCF_900052695.1	GCF/ncbi_dataset/data/GCF_900052695.1/GCF_900052695.1_11657_4_50_genomic.fna	2021414	62ac4745500ad8551b1c89accbce05c760415b4daede3275ae8e39b12b1f2e0b
GCF	GCF_900052695.1	GCF/ncbi_dataset/data/GCF_900052695.1/genomic.gbff	5102013	8b16d29b075c3adcc88644b81ef1a4d595dd62a1b55570affc903073a7913d42
GCF	GCF_900052695.1	GCF/ncbi_dataset/data/GCF_900052695.1/genomic.gff	1177495	54b3fd7ea416da647bf742413d87e21316a98e2475b14c53aa1b7c397ac55c8e
GCF	GCF_900052695.1	GCF/ncbi_dataset/data/GCF_900052695.1/sequence_report.jsonl	13754	8edb32a3211dd054c25bc9204801e8f8ae5b8675c60ea78e5fbc687b3f7ad359
GCF	GCF_900052705.1	GCF/ncbi_dataset/data/GCF_900052705.1/GCF_900052705.1_11511_8_53_genomic.fna	2171001	69834e2571a19c3d8afcc9c07a3bebebde18b3c070ef01b4a5571d3de20f9fe5
GCF	GCF_900052705.1	GCF/ncbi_dataset/data/GCF_900052705.1/genomic.gbff	5457050	9bc0f9afec5a8f278262544c2c54fbd3e8cab309c5308d2001948515e06d6cc7
GCF	GCF_900052705.1	GCF/ncbi_dataset/data/GCF_900052705.1/genomic.gff	1260406	996a52babddd91ab259097ad7e117a6f984f54a0ca17de137ec07fc1a680ec15
GCF	GCF_900052705.1	GCF/ncbi_dataset/data/GCF_900052705.1/sequence_report.jsonl	11619	11d8328182bea8587b5c5e3f060d219cbaee5ebdc01c92f944e1166549c8cbb8
GCF	GCF_900052715.1	GCF/ncbi_dataset/data/GCF_900052715.1/GCF_900052715.1_11657_4_51_genomic.fna	2013256	eb64765f517d8a7039e422e7cf65c06d60c04634b14515f83cebf22cd80f03e2
GCF	GCF_900052715.1	GCF/ncbi_dataset/data/GCF_900052715.1/genomic.gbff	5047225	be1dd09d0a8ed6e45a0548c57b250f898d891c6ca5d681ecd0ca292c9ff00858
GCF	GCF_900052715.1	GCF/ncbi_dataset/data/GCF_900052715.1/genomic.gff	1169531	02aa9d2a5fc652bd1f28aac6e9e44668c1aee50230f99bc3866cb23b88dab3c6
GCF	GCF_900052715.1	GCF/ncbi_dataset/data/GCF_900052715.1/sequence_report.jsonl	8252	2fd6222ce9d2950649e0afcb06ab1d58e59e1e54d5f5823466e9019aea3c3be2
GCF	GCF_900052725.1	GCF/ncbi_dataset/data/GCF_900052725.1/GCF_900052725.1_11679_1_52_genomic.fna	2210694	c9dcaefcdc87f4903f88154d28a7603db6f89f0adc6b9bea3c6ffcdb3d1fca5d
GCF	GCF_900052725.1	GCF/ncbi_dataset/data/GCF_900052725.1/genomic.gbff	5621136	8d2c9efc2159e758d0e031dedfd050c99cb1535e40077743391c8bd5ad51b005
GCF	GCF_900052725.1	GCF/ncbi_dataset/data/GCF_900052725.1/genomic.gff	1301291	42880d60faef1a23743d865b289774a36d88054f40eb0d159056570bf74e6e94
GCF	GCF_900052725.1	GCF/ncbi_dataset/data/GCF_900052725.1/sequence_report.jsonl	16493	c6946fea3f8c87eac49822b092e7e2103aca9a9afc14b6c93cd528c69b982a28
GCF	GCF_900052735.1	GCF/ncbi_dataset/data/GCF_900052735.1/GCF_900052735.1_11658_2_54_genomic.fna	2073552	7f01e7b030300ca56dd0341cf1bcf1ab2394852739d8d38214a567f76b976e2c
GCF	GCF_900052735.1	GCF/ncbi_dataset/data/GCF_900052735.1/genomic.gbff	5210836	1053909cf2a56dace1e007f1ff1a3ce5e85193264eb6e2e6a45155e6f2458885
GCF	GCF_900052735.1	GCF/ncbi_dataset/data/GCF_900052735.1/genomic.gff	1204697	c47dfa07398bceebc5d0e2679c58553f44418d5aff72fe0c74ad32833fc7fd7c
GCF	GCF_900052735.1	GCF/ncbi_dataset/data/GCF_900052735.1/sequence_report.jsonl	11010	0f45a97a845562f802a67bdbf3fd519f0bb8cee00b2d0c75aef932c5baaed374
GCF	GCF_900052745.1	GCF/ncbi_dataset/data/GCF_900052745.1/GCF_900052745.1_13154_3_7_genomic.fna	2082302	b1933f07003eb2a555e543e08b8674efa6e01e376bb4d3e78267e466fae97a69
GCF	GCF_900052745.1	GCF/ncbi_dataset/data/GCF_900052745.1/genomic.gbff	5211529	3f16decadba89c02f5610875474295ce00fa23de782eab89310ebac646f42d86
GCF	GCF_900052745.1	GCF/ncbi_dataset/data/GCF_900052745.1/genomic.gff	1197268	691267fb6a7af64cb67c8dc27fd3fdd55599247161181715636dc17f265ba803
GCF	GCF_900052745.1	GCF/ncbi_dataset/data/GCF_900052745.1/sequence_report.jsonl	10092	2f5bd4fd50285b94252a57387e05a911a36cad21ba8b27b8496bf2c59622bc7b
GCF	GCF_900052755.1	GCF/ncbi_dataset/data/GCF_900052755.1/GCF_900052755.1_13414_2_2_genomic.fna	2076226	0d808850ed4d89cd5e6fd566bc8a47a0127bf238f8daceeb10fdca5f4019aec3
GCF	GCF_900052755.1	GCF/ncbi_dataset/data/GCF_900052755.1/genomic.gbff	5164126	e0ace06c616abf2730c18808100c91e5e79b33a3472bf192f46b2d9f256d037c
GCF	GCF_900052755.1	GCF/ncbi_dataset/data/GCF_900052755.1/genomic.gff	1202259	963ed9b2d8373cd573c58b5a239a94ec93b587fc16da35aa54ffab8cce5c9336
GCF	GCF_900052755.1	GCF/ncbi_dataset/data/GCF_900052755.1/sequence_report.jsonl	4860	deae941f9e9532c2e76a6801010242136243c023a90d5c4e517c7693e75acf3f
GCF	GCF_900052765.1	GCF/ncbi_dataset/data/GCF_900052765.1/GCF_900052765.1_14673_1_10_genomic.fna	2129385	270b6219904f29ae476437c08b06d7aad285de6e4c88e69fdbd3a50e5e067e66
GCF	GCF_900052765.1	GCF/ncbi_dataset/data/GCF_900052765.1/genomic.gbff	5373654	49d4105e0f11a1c51927d44dd8594920b64ef2a4823941676da08d61b4f6f56d
GCF	GCF_900052765.1	GCF/ncbi_dataset/data/GCF_900052765.1/genomic.gff	1241517	0bba3249da3783354d81d3f5f84aa93ebfe1aa77a26da039dfb91293ad18ba69
GCF	GCF_900052765.1	GCF/ncbi_dataset/data/GCF_900052765.1/sequence_report.jsonl	12235	44764caf5a1f7cf457f9c670dac02b1441b78927540f01667868b09519851b0f
GCF	GCF_900052775.1	GCF/ncbi_dataset/data/GCF_900052775.1/GCF_900052775.1_14673_4_43_genomic.fna	2018993	046007e7ef004291237960a7af3c82b5a3bd7b00f4408b1525368c4c1b099771
GCF	GCF_900052775.1	GCF/ncbi_dataset/data/GCF_900052775.1/genomic.gbff	5121827	a9943562d9fec55ffd30637e1aed18c25648c9620a6c18060a0386dc4c9bd7d3
GCF	GCF_900052775.1	GCF/ncbi_dataset/data/GCF_900052775.1/genomic.gff	1183305	a36805ac629f5b0c83f30c32dbc0d4dba60d63588377ffb3d39c4f9cc8ba83d4
GCF	GCF_900052775.1	GCF/ncbi_dataset/data/GCF_900052775.1/sequence_report.jsonl	15592	15e2884bf860fa80b87fcf0f4f664157c8ee3de5f6a406ca005935079ce97a12
GCF	GCF_900052965.1	GCF/ncbi_dataset/data/GCF_900052965.1/GCF_900052965.1_12291_4_57_genomic.fna	2168196	638482ee9468e7f421c4d136806b0b0cda0f2086e56cd47e121db0fe4d06eedc
GCF	GCF_900052965.1	GCF/ncbi_dataset/data/GCF_900052965.1/genomic.gbff	5517898	d2703433f51e799b0445583f830c821bd92cc9e7539cce12b499132fc007f1a7
GCF	GCF_900052965.1	GCF/ncbi_dataset/data/GCF_900052965.1/genomic.gff	1275667	2cc320f989ad913f7d73685c7b77eefa46b28ae7fd1cb004fb3e4c0301d53958
GCF	GCF_900052965.1	GCF/ncbi_dataset/data/GCF_900052965.1/sequence_report.jsonl	17413	801bf3a312185ec824409501dc9ea99feaae8685706b9880f9761ce0526a7a40
GCF	GCF_900052975.1	GCF/ncbi_dataset/data/GCF_900052975.1/GCF_900052975.1_12291_4_58_genomic.fna	2080308	9287bc24b424e6f78317c9198ec05bb2dc87a66d8dfbe4125cc73094b31910bd
GCF	GCF_900052975.1	GCF/ncbi_dataset/data/GCF_900052975.1/genomic.gbff	5233045	b3c850fa83b1dbfba116a84d4f848c2cb89f2b124a894d45ce3f85b943815280
GCF	GCF_900052975.1	GCF/ncbi_dataset/data/GCF_900052975.1/genomic.gff	1206267	bf936ff2d4ec9cfa32bbdad906a2af026fed456a49d5c86d93857e458ddb5231
GCF	GCF_900052975.1	GCF/ncbi_dataset/data/GCF_900052975.1/sequence_report.jsonl	11923	f5cfc94c999fcbd743565e7bd4d27fa7dd98f9bdcdbd7f1961f6485d27b9a290
GCF	GCF_900052985.1	GCF/ncbi_dataset/data/GCF_900052985.1/GCF_900052985.1_12291_5_53_genomic.fna	2020208	029cfa46f3d9bfce15377eaa7ef70a899f36bd131456f93d251f3a59fbb70c06
GCF	GCF_900052985.1	GCF/ncbi_dataset/data/GCF_900052985.1/genomic.gbff	5093234	3ec6247000fccf26318fda19fdce620e0aeb6ad4ea1ad6ee0198bbd5b1a3869d
GCF	GCF_900052985.1	GCF/ncbi_dataset/data/GCF_900052985.1/genomic.gff	1172797	b5506d0aee43ae2ac4fee6a12046e86fb1f4ea2a75b7139f563c1dd430ee0aad
GCF	GCF_900052985.1	GCF/ncbi_dataset/data/GCF_900052985.1/sequence_report.jsonl	13454	65fcecb6ab9089043c96631dbc341ed8d849add3450974d3f6eb6c7d781e46fc
GCF	GCF_900052995.1	GCF/ncbi_dataset/data/GCF_900052995.1/GCF_900052995.1_13154_3_36_genomic.fna	2094424	1c6f838c99271295c1e03d42b3af60c56d16ef3924e798beeb83605e5534826e
GCF	GCF_900052995.1	GCF/ncbi_dataset/data/GCF_900052995.1/genomic.gbff	5691719	e374a06fc0053fbf48c1b6781447704d4ac74e6bff477770ab03b34f00c897cc
GCF	GCF_900052995.1	GCF/ncbi_dataset/data/GCF_900052995.1/genomic.gff	1404335	22edbb784a2cca5c9d5b5e545b14de8318e081a18af9525c9040dea89e418b7c
GCF	GCF_900052995.1	GCF/ncbi_dataset/data/GCF_900052995.1/sequence_report.jsonl	20435	c76987d768edccffb5feaa9fa6db148b5f3af9243719f494ff264f518a589ceb
GCF	GCF_900053005.1	GCF/ncbi_dataset/data/GCF_900053005.1/GCF_900053005.1_13154_3_43_genomic.fna	2118028	7c5af768e62f1ef06f21ffac4cefcb33d7cc229e40436300ecbabb43de16e25f
GCF	GCF_900053005.1	GCF/ncbi_dataset/data/GCF_900053005.1/genomic.gbff	5345260	69d8b5949656a76f99cd478b7ccf8cb37997215f40ce4d48aae8e596ae080bf5
GCF	GCF_900053005.1	GCF/ncbi_dataset/data/GCF_900053005.1/genomic.gff	1234333	49dacd6d2dab7be9e5c32e0744210408b69f861bcc6c35f941d2eea6eae3011c
GCF	GCF_900053005.1	GCF/ncbi_dataset/data/GCF_900053005.1/sequence_report.jsonl	12533	94ea5b9ab5b7d5ce26c35df235e24be81d80047b2e6bcd92888dae02d939ea15
GCF	GCF_900053015.1	GCF/ncbi_dataset/data/GCF_900053015.1/GCF_900053015.1_13154_3_44_genomic.fna	2075699	303effeb22f081ab1c1971236e65e579f9d125ce136816d32103d91863175701
GCF	GCF_900053015.1	GCF/ncbi_dataset/data/GCF_900053015.1/genomic.gbff	5224076	7f7117e0f82a7a4ba137c8e63cfbcbf639ca9d0fef79790197baa2ed3bada956
GCF	GCF_900053015.1	GCF/ncbi_dataset/data/GCF_900053015.1/genomic.gff	1203378	dfa81c452368f0be03a5e07e78a46ebd9283cc112b3dccee43073882639b7587
GCF	GCF_900053015.1	GCF/ncbi_dataset/data/GCF_900053015.1/sequence_report.jsonl	12529	c3adec96e24dbabfa879326e11c37f30597fb0616f80d3e8a0ba3e4f406ef0d8
GCF	GCF_900053025.1	GCF/ncbi_dataset/data/GCF_900053025.1/GCF_900053025.1_13154_3_84_genomic.fna	2093703	8e6bb73cba5cde98a44f43b0d627bf47cac57e87a7e50cca6e55fa75d48a84f4
GCF	GCF_900053025.1	GCF/ncbi_dataset/data/GCF_900053025.1/genomic.gbff	5521736	eb6582af712ff92477848ecfc3afd7f9542a48a2a16df1c3e37998a1bb708627
GCF	GCF_900053025.1	GCF/ncbi_dataset/data/GCF_900053025.1/genomic.gff	1364970	8f0b8be5c8f46daac7d7e88982f907200e08f4dc4745a7bbdc2acf34297ef4fb
GCF	GCF_900053025.1	GCF/ncbi_dataset/data/GCF_900053025.1/sequence_report.jsonl	6730	50152ab537e979883abe82a48c2dd15c77dc48ea781c798011a1f0b83e7e477b
GCF	GCF_900053035.1	GCF/ncbi_dataset/data/GCF_900053035.1/GCF_900053035.1_13414_2_44_genomic.fna	2122694	66449a923398786e4edb385214832b22b0cac3fc4a311d398bbf023ebcd798f3
GCF	GCF_900053035.1	GCF/ncbi_dataset/data/GCF_900053035.1/genomic.gbff	5276691	e69bafa251db0ec85efdfa1e9cd475c62ab6a03590f7f89ed6f5bdd6becfb156
GCF	GCF_900053035.1	GCF/ncbi_dataset/data/GCF_900053035.1/genomic.gff	1220690	b219d681f0d9a4d84140b138ad24b3179afde8da9312c202784e26a5a2431d3d
GCF	GCF_900053035.1	GCF/ncbi_dataset/data/GCF_900053035.1/sequence_report.jsonl	7039	86221ef52fd2f5577f70133a988b67846b7d54faaf24b45ff596b33da585b3a1
GCF	GCF_900053045.1	GCF/ncbi_dataset/data/GCF_900053045.1/GCF_900053045.1_13414_2_46_genomic.fna	2146520	46c22b3e023297dddb3621190ecd1f9287c11fd03f1b2d59d2027b837c19b348
GCF	GCF_900053045.1	GCF/ncbi_dataset/data/GCF_900053045.1/genomic.gbff	5383115	d260908ca155bcb4e4e69d7a2218ec2b44d061c215b6cf6c9899e41ab751c800
GCF	GCF_900053045.1	GCF/ncbi_dataset/data/GCF_900053045.1/genomic.gff	1235683	e53d37b152a0523fffbb8fa31eff027afb7bc44281f27435fe17853c01766309
GCF	GCF_900053045.1	GCF/ncbi_dataset/data/GCF_900053045.1/sequence_report.jsonl	11320	5c4a64cf0fad1b56154471ba40393b4def594ee36d8faaf706caf5bc7f6cf214
GCF	GCF_900053055.1	GCF/ncbi_dataset/data/GCF_900053055.1/GCF_900053055.1_13414_2_51_genomic.fna	2073250	6ad53102eeb8e86d42245e8608977b2a5c0da5567de4acbe8b6386a9db26ce73
GCF	GCF_900053055.1	GCF/ncbi_dataset/data/GCF_900053055.1/genomic.gbff	5201112	b2e24ad05258128c4010519dd420bf0ea89f15e416495bb228ecac6c4e9c7da6
GCF	GCF_900053055.1	GCF/ncbi_dataset/data/GCF_900053055.1/genomic.gff	1202676	ce0e4818555db1012ac8d45be9b9fa56ed085e36c3ee4f6f63c340f723de27dd
GCF	GCF_900053055.1	GCF/ncbi_dataset/data/GCF_900053055.1/sequence_report.jsonl	10098	0c26f62fb7b483cbb560924839833344015cd1231d968b3a2b6e4e02ac30b565
GCF	GCF_900053065.1	GCF/ncbi_dataset/data/GCF_900053065.1/GCF_900053065.1_13414_2_56_genomic.fna	2036041	ad09ec517ee3ed64b3b9d011ad0f09a3134c13f4f2a6a1db1f1800f10fe8d62a
GCF	GCF_900053065.1	GCF/ncbi_dataset/data/GCF_900053065.1/genomic.gbff	5069720	30c181adaa42d356a77c62f7e958aa5cabbc7e24beff3a2eb5f9e7afe2ad8929
GCF	GCF_900053065.1	GCF/ncbi_dataset/data/GCF_900053065.1/genomic.gff	1166741	1ec2ae2a34d1fe88cc6cadcf5ca61275c9d11a37505cb355c644ba6346336eb7
GCF	GCF_900053065.1	GCF/ncbi_dataset/data/GCF_900053065.1/sequence_report.jsonl	7651	4d8cfad906d55ebaabc1c201eb157e36eabac0fb57679670a83edee60906de01
GCF	GCF_900053075.1	GCF/ncbi_dataset/data/GCF_900053075.1/GCF_900053075.1_13414_2_73_genomic.fna	2105071	1d800f552365870ef21402e4b8cb2ddfcac56f425653c4cef6f6b5f00be426cb
GCF	GCF_900053075.1	GCF/ncbi_dataset/data/GCF_900053075.1/genomic.gbff	5253155	a7fc9e3f4f19575f2ccbc4e4ccfa5cfc8e1d7fc78db926545ccce866557f5085
GCF	GCF_900053075.1	GCF/ncbi_dataset/data/GCF_900053075.1/genomic.gff	1204435	2d4a6c0dfaf5782f445122e7dbf88852ec50ad362027d8919717b337ea75fc4f
GCF	GCF_900053075.1	GCF/ncbi_dataset/data/GCF_900053075.1/sequence_report.jsonl	8873	67d318f5092dc9fd7c8ad9888eb720bfff681af96e8e882419839f35fda69b6a
GCF	GCF_900053085.1	GCF/ncbi_dataset/data/GCF_900053085.1/GCF_900053085.1_13414_2_84_genomic.fna	2017191	d72da0da845b0b890b4fe44d9d487f562fc479c72ff399f2ebe3908b41827831
GCF	GCF_900053085.1	GCF/ncbi_dataset/data/GCF_900053085.1/genomic.gbff	5115157	018102bda5a262252282861daf3f391f406ed27ade0a357d992b2ab02a8a201a
GCF	GCF_900053085.1	GCF/ncbi_dataset/data/GCF_900053085.1/genomic.gff	1179263	f20933c53fbf5534ac616548f83e20f61e77cc5f580d7c8ad5e424423564ff61
GCF	GCF_900053085.1	GCF/ncbi_dataset/data/GCF_900053085.1/sequence_report.jsonl	15895	720f8c8d3798bcc217585c4186bbef337a5c38a77dcd8c6a58cdd26e42483197
GCF	GCF_900053095.1	GCF/ncbi_dataset/data/GCF_900053095.1/GCF_900053095.1_13414_3_29_genomic.fna	2046031	014ebb22fa8ced86a17b85b7e3582573d284fdab962f2cf1b55403a822ab6104
GCF	GCF_900053095.1	GCF/ncbi_dataset/data/GCF_900053095.1/genomic.gbff	5149554	f88982669007b2862d4285a1a280a9c46f0a7d812eb106c05ec4b65d57c79562
GCF	GCF_900053095.1	GCF/ncbi_dataset/data/GCF_900053095.1/genomic.gff	1182703	7b6b6a1b29a1808ce10ab78b3da664c3b6938a9abe7d274aa2e32011039c7161
GCF	GCF_900053095.1	GCF/ncbi_dataset/data/GCF_900053095.1/sequence_report.jsonl	11924	9f817b67d06112b55b587d89da6a2411fbea2b846644601a104fb09245e4beb6
GCF	GCF_900053495.1	GCF/ncbi_dataset/data/GCF_900053495.1/GCF_900053495.1_11658_8_4_genomic.fna	2038365	9ab2b5901fe51684e17c483b05bb708bcbb309dd178f9f1b168d29894f402009
GCF	GCF_900053495.1	GCF/ncbi_dataset/data/GCF_900053495.1/genomic.gbff	5117517	5d14bdf18c019a2b54a3b1dff15235fcec93f47da54f5d7101789c3713342c7a
GCF	GCF_900053495.1	GCF/ncbi_dataset/data/GCF_900053495.1/genomic.gff	1184841	433de47f01a2fe7facea53de2730cd150318537674deb18bca5ea794ffbc77a6
GCF	GCF_900053495.1	GCF/ncbi_dataset/data/GCF_900053495.1/sequence_report.jsonl	9478	7174ba5ddc6aca64af9b0063d68ddfff78cbf003ea03ac22074631514dbc20f3
GCF	GCF_900053505.1	GCF/ncbi_dataset/data/GCF_900053505.1/GCF_900053505.1_11679_1_43_genomic.fna	2145710	2ed27cb4b3a6dee141d90966f2007841e5e01040943545b27dc5a9dd749fbc97
GCF	GCF_900053505.1	GCF/ncbi_dataset/data/GCF_900053505.1/genomic.gbff	5357734	7a7bd251863cd243e6899a08b5ed22bba591fc334a782edd89b3194b433352c8
GCF	GCF_900053505.1	GCF/ncbi_dataset/data/GCF_900053505.1/genomic.gff	1229304	ea32c754c3d79bf17a085c4973a9d5e8526fa4309857a4b46e13f6964a1fdd9a
GCF	GCF_900053505.1	GCF/ncbi_dataset/data/GCF_900053505.1/sequence_report.jsonl	9790	e1e2760d6d7a8cdd9b570099645689b0845f4776ed52e775065e236a115f8b5c
GCF	GCF_900053515.1	GCF/ncbi_dataset/data/GCF_900053515.1/GCF_900053515.1_11679_1_54_genomic.fna	2112947	631831d59ee98ec1457c54bc0fd4c4fb090372ce8441fb64a349d1129e1a7d9c
GCF	GCF_900053515.1	GCF/ncbi_dataset/data/GCF_900053515.1/genomic.gbff	5270182	ce91ebe21397f23d38e01e78fe6ce56b4c64fa20561b78493bfde9c333b7d441
GCF	GCF_900053515.1	GCF/ncbi_dataset/data/GCF_900053515.1/genomic.gff	1206040	f60ae205a3b66e349935232a236ae43ac87d66d84df59846ef87f7916ad0d7b5
GCF	GCF_900053515.1	GCF/ncbi_dataset/data/GCF_900053515.1/sequence_report.jsonl	9477	92df84cb74c50f84b0f4f07969c1f85155d4610fa3cfc65a878f0aed28f2ab39
GCF	GCF_900053525.1	GCF/ncbi_dataset/data/GCF_900053525.1/GCF_900053525.1_11658_2_51_genomic.fna	2127632	5f0db9fe3f15dcb1097e5d51628d9ec95c1a4efb542f8a1f6ceb24120f051491
GCF	GCF_900053525.1	GCF/ncbi_dataset/data/GCF_900053525.1/genomic.gbff	5398697	6ef2dd26712e6fb902a9f76d1cdd85ecd1b995764a2c167d47c7f365bd5ca6c5
GCF	GCF_900053525.1	GCF/ncbi_dataset/data/GCF_900053525.1/genomic.gff	1247835	a51f666a952858194abc88a1414552c385c515c8d630c2d412108059a7c2a752
GCF	GCF_900053525.1	GCF/ncbi_dataset/data/GCF_900053525.1/sequence_report.jsonl	17115	baf9272a34b4518c1be2e8e8b9864ed0ea44c09eda1852fde337a3421df324ee
GCF	GCF_900053535.1	GCF/ncbi_dataset/data/GCF_900053535.1/GCF_900053535.1_12291_4_36_genomic.fna	2152781	a25827e0b0ff3cc35d58a1d07e265e3317ed802bbbf90211267bcb3f5d46ce5c
GCF	GCF_900053535.1	GCF/ncbi_dataset/data/GCF_900053535.1/genomic.gbff	5400420	8feae3bfe79b8874f11de2fd11d1bd7895d95a74c151c26deca095b79013ccc3
GCF	GCF_900053535.1	GCF/ncbi_dataset/data/GCF_900053535.1/genomic.gff	1256072	5c6fe7d48f3755ecb5b670e79ef9fddac06427b6a12b267f177da08d07995454
GCF	GCF_900053535.1	GCF/ncbi_dataset/data/GCF_900053535.1/sequence_report.jsonl	7644	9cddf19b4a362bf2a1308c0db64b1395721daeb6bea53f666c6da9437c8ed0ab
GCF	GCF_900053545.1	GCF/ncbi_dataset/data/GCF_900053545.1/GCF_900053545.1_12291_4_64_genomic.fna	2131740	0d7c13c0b52b6da44635a10ed54410bf1bf1af7aee860a889e661505370dbc9f
GCF	GCF_900053545.1	GCF/ncbi_dataset/data/GCF_900053545.1/genomic.gbff	5408281	7800a67999ea11af2b995d601cc951dd5ab21a5905959e96fbf90c91984f6627
GCF	GCF_900053545.1	GCF/ncbi_dataset/data/GCF_900053545.1/genomic.gff	1243683	6bbafe931aeee8c4ab7a0fec51399f74caf07bf2d3e6f8dcd751337eda2fbdf5
GCF	GCF_900053545.1	GCF/ncbi_dataset/data/GCF_900053545.1/sequence_report.jsonl	16199	a6f8da55183883e30ce0317f92c3a7d4c7e25646b72541d50fdcbea3dac24088
GCF	GCF_900053555.1	GCF/ncbi_dataset/data/GCF_900053555.1/GCF_900053555.1_13154_3_12_genomic.fna	2154558	7be8ecdfd9190fda02b8275219a8419e24c2e48ca31addf3817bf472542a64ea
GCF	GCF_900053555.1	GCF/ncbi_dataset/data/GCF_900053555.1/genomic.gbff	5825313	c73cf668dfebcf480faa01f4f618708b939fc627079715019352399f589f68e4
GCF	GCF_900053555.1	GCF/ncbi_dataset/data/GCF_900053555.1/genomic.gff	1430947	97e42ccd9b7ff707d4892bd19f1c0ab47f29315a85062a4252690a883a256fc6
GCF	GCF_900053555.1	GCF/ncbi_dataset/data/GCF_900053555.1/sequence_report.jsonl	19855	6d8b972dc12eef76ca1e92b49b006970051cec25eab3f88d049c30bb5c4a795e
GCF	GCF_900053565.1	GCF/ncbi_dataset/data/GCF_900053565.1/GCF_900053565.1_13414_2_71_genomic.fna	2015673	89084846f7b4164248dcdc79da3a40ee2f360c5131d5cf9016980c2f12c094bf
GCF	GCF_900053565.1	GCF/ncbi_dataset/data/GCF_900053565.1/genomic.gbff	5049149	d68afbca6e6d936e872799c8bdfe47d6ac991ed10c02040271f1bef6f071231d
GCF	GCF_900053565.1	GCF/ncbi_dataset/data/GCF_900053565.1/genomic.gff	1168622	54caaf0c46848af13410ed211552c94f221fe22582c54f4003a30a15b8ead6a2
GCF	GCF_900053565.1	GCF/ncbi_dataset/data/GCF_900053565.1/sequence_report.jsonl	7947	975b5a76f6bf9ae97d45baddaa5d383cab0832d8eea6b50a6e55983fd9751d93
GCF	GCF_900053575.1	GCF/ncbi_dataset/data/GCF_900053575.1/GCF_900053575.1_14673_4_25_genomic.fna	2121089	6a12a256c810daa4f0c73b53d9dfbd9e94db44399c74179548ef490e8edc925b
GCF	GCF_900053575.1	GCF/ncbi_dataset/data/GCF_900053575.1/genomic.gbff	5314118	dc32d50adcda94534240e23abe8563f1212850a0246a9e3e8416fea8ae8efcaf
GCF	GCF_900053575.1	GCF/ncbi_dataset/data/GCF_900053575.1/genomic.gff	1227965	e12b498c259da019d929785e3f1b4df453883163b67a7422df42ef2d512aa08a
GCF	GCF_900053575.1	GCF/ncbi_dataset/data/GCF_900053575.1/sequence_report.jsonl	10392	a28ec1ea3c1aa4c5cfcc73427f64e633bd79017ef25a90dbc1a0543403efb928
GCF	GCF_900053755.1	GCF/ncbi_dataset/data/GCF_900053755.1/GCF_900053755.1_11657_4_59_genomic.fna	2019474	dffbe709c2ec6a0afec17858eac7ebd4980b4f1b465d0a98ab9e4acdefa8a285
GCF	GCF_900053755.1	GCF/ncbi_dataset/data/GCF_900053755.1/genomic.gbff	5104675	8f150e06d7c88b4edb6f532f6fa454b24384f210e71f2eedfeefe177b46f7c45
GCF	GCF_900053755.1	GCF/ncbi_dataset/data/GCF_900053755.1/genomic.gff	1173594	e64a8486dbfec64dd200dc65a90d521776b81dcf9e36c04dcbfc995000509e34
GCF	GCF_900053755.1	GCF/ncbi_dataset/data/GCF_900053755.1/sequence_report.jsonl	14370	7ebd80e5ed4dd852c3510130d3ae4115ac9a2311b87a5484929b751a396630e6
GCF	GCF_900053765.1	GCF/ncbi_dataset/data/GCF_900053765.1/GCF_900053765.1_14673_3_6_genomic.fna	2007842	e38b0126fed87d3d8bd1675d73593d910dbe24a4dbaa17176c7fe4da2a52ecbd
GCF	GCF_900053765.1	GCF/ncbi_dataset/data/GCF_900053765.1/genomic.gbff	4997585	63fc96c5c2575b2d6ff78fe5226a3d2af201a74b477be7c26e2ee9ad2a3708fb
GCF	GCF_900053765.1	GCF/ncbi_dataset/data/GCF_900053765.1/genomic.gff	1166984	a4411c8a22ccae605efa77846f24fa63b3e599bc3c6a871fdf78e7419d0630e9
GCF	GCF_900053765.1	GCF/ncbi_dataset/data/GCF_900053765.1/sequence_report.jsonl	5814	192ead159611b4b748748d3b5e4c0570ee9ece5097dddd347649df3e5421b2c9
GCF	GCF_900053945.1	GCF/ncbi_dataset/data/GCF_900053945.1/GCF_900053945.1_11679_1_36_genomic.fna	2091379	ab72d016372e17105f3be37411af140d9cf59d2c2cd4a88ece3af903fb438901
GCF	GCF_900053945.1	GCF/ncbi_dataset/data/GCF_900053945.1/genomic.gbff	5246834	e17431580c7eea5f003504e98d9aa9116987d8a9f9bd1bcb3de9919d7470f6be
GCF	GCF_900053945.1	GCF/ncbi_dataset/data/GCF_900053945.1/genomic.gff	1213312	82bde152b92872741c80df1e86f1897d5dfb53f51fdb23c3c1f863727509355d
GCF	GCF_900053945.1	GCF/ncbi_dataset/data/GCF_900053945.1/sequence_report.jsonl	10332	c9be1123fb78dbd9429af27cb56f9cc60e88c12caa2803d8039b2d18b0b7fb20
GCF	GCF_900053955.1	GCF/ncbi_dataset/data/GCF_900053955.1/GCF_900053955.1_11658_2_74_genomic.fna	2107232	e3383cc90f598f43932f2171f23e29a66781e48e1b8b0e97e6b5202fb266432c
GCF	GCF_900053955.1	GCF/ncbi_dataset/data/GCF_900053955.1/genomic.gbff	5280268	f91ad5410e8027874e9ad5978862f76b9b7e6daadec94945d20e8fe08db841c3
GCF	GCF_900053955.1	GCF/ncbi_dataset/data/GCF_900053955.1/genomic.gff	1224218	c75f7220544b4f0bff69d95dc4f00760b13c412b3ee524c6910b014dc078a97c
GCF	GCF_900053955.1	GCF/ncbi_dataset/data/GCF_900053955.1/sequence_report.jsonl	9787	5e0ff9187391086d59824a8ca4dd0d5e7e2039125857008e484c51c81b991c0d
GCF	GCF_900053965.1	GCF/ncbi_dataset/data/GCF_900053965.1/GCF_900053965.1_11657_4_40_genomic.fna	2058323	e5e7e9906bb4f30ba00e09b679c751a5c4a1b18c996285245da16b54e7c08745
GCF	GCF_900053965.1	GCF/ncbi_dataset/data/GCF_900053965.1/genomic.gbff	5163558	e94beb42cf024ff95f8a23c7bcbc7d03dc1efe4d853fd92dc2dbfde20b1a0615
GCF	GCF_900053965.1	GCF/ncbi_dataset/data/GCF_900053965.1/genomic.gff	1189265	2cba70c5ba0b7f6f508c13d0ed9ce58a1ddd7423d64784c2ec0ed3d94d1baf12
GCF	GCF_900053965.1	GCF/ncbi_dataset/data/GCF_900053965.1/sequence_report.jsonl	11005	3f2b0e47bf83cddc63026f59fce86267d16f0708c86047fd34fbe714abacc092
GCF	GCF_900053975.1	GCF/ncbi_dataset/data/GCF_900053975.1/GCF_900053975.1_11657_8_23_genomic.fna	2127671	189d9e64fe05152b6d62e1fc0f1cd900032c65a0adfe1d9fd24cf1755487bb9a
GCF	GCF_900053975.1	GCF/ncbi_dataset/data/GCF_900053975.1/genomic.gbff	5926529	bfbd74e92bda127220b243cc93eca428b55f2b37dfabdbe500013b615d1a324f
GCF	GCF_900053975.1	GCF/ncbi_dataset/data/GCF_900053975.1/genomic.gff	1367123	8df55320fac0066579ca2c52b56196f4696bd5a6f69f081015b72e6786c4ed3b
GCF	GCF_900053975.1	GCF/ncbi_dataset/data/GCF_900053975.1/sequence_report.jsonl	66533	a9cc06e67dfe8fece79c5acbacd0a14e6738747e3c8249893f9f50b04a55d513
GCF	GCF_900053985.1	GCF/ncbi_dataset/data/GCF_900053985.1/GCF_900053985.1_12291_4_14_genomic.fna	2106865	63c0f2d52547928d2af7eb6acb2fbf424893c4bd21beb8dd2d0546e21fb1a23d
GCF	GCF_900053985.1	GCF/ncbi_dataset/data/GCF_900053985.1/genomic.gbff	5311895	9abc3b5871406f34170145126bea095dff7067be0b160995af4a497928332250
GCF	GCF_900053985.1	GCF/ncbi_dataset/data/GCF_900053985.1/genomic.gff	1227435	284f90c0f3d4ca728036bb739580fd110ca7ed606bad1e459a6e6f45480ed959
GCF	GCF_900053985.1	GCF/ncbi_dataset/data/GCF_900053985.1/sequence_report.jsonl	13147	93cbd7c6bb6d3c339f39e4e41606c03a43fb3854007b96b9a46d34ac7ce3319a
GCF	GCF_900053995.1	GCF/ncbi_dataset/data/GCF_900053995.1/GCF_900053995.1_12291_4_39_genomic.fna	2130572	8c34c4880693b0963ee39a8bbe35de93881bda173aea363aa4533af7136078cd
GCF	GCF_900053995.1	GCF/ncbi_dataset/data/GCF_900053995.1/genomic.gbff	5661151	8373920defe028da6e86cc7f2b72dbdd2b2ba517b7c072d384659862946c6c34
GCF	GCF_900053995.1	GCF/ncbi_dataset/data/GCF_900053995.1/genomic.gff	1409497	9d4148c5755ff2b1bd2e7d65316326de9dc6ae5aecc54069faabeedbc4dc6755
GCF	GCF_900053995.1	GCF/ncbi_dataset/data/GCF_900053995.1/sequence_report.jsonl	9163	c907d1f35b846ab74a00b8887f653c4397ddc2c490a3d63ad3a4c5e995b34ba5
GCF	GCF_900054005.1	GCF/ncbi_dataset/data/GCF_900054005.1/GCF_900054005.1_12291_4_40_genomic.fna	2113753	2e2a3467d297889e25fa7fd558a1ea417586be9265227c98b3b1dbd9b9947127
GCF	GCF_900054005.1	GCF/ncbi_dataset/data/GCF_900054005.1/genomic.gbff	5275242	eb81da20933380b6f5a9f2dfc91434d388b8627c7a50afe34c92cf1d44459e78
GCF	GCF_900054005.1	GCF/ncbi_dataset/data/GCF_900054005.1/genomic.gff	1208857	10079f0891f7ac34f58a4e835c66b7b6bee9044ab0a7b428c4df0b87339d61c9
GCF	GCF_900054005.1	GCF/ncbi_dataset/data/GCF_900054005.1/sequence_report.jsonl	9785	8008e471e0e9add74b4a5f67614addc1409233aab2c8565a99df9df630090cad
GCF	GCF_900054015.1	GCF/ncbi_dataset/data/GCF_900054015.1/GCF_900054015.1_12291_4_41_genomic.fna	2123762	a514d2eac9237184e36ca0ccf00eea69015c301b3e1489f9c600e1d3a4047a1d
GCF	GCF_900054015.1	GCF/ncbi_dataset/data/GCF_900054015.1/genomic.gbff	5387681	dc8d430c118997f5f7207255453838be45a27f41f7f89d91489789e9a74e8d25
GCF	GCF_900054015.1	GCF/ncbi_dataset/data/GCF_900054015.1/genomic.gff	1235758	ab966a5f2aef7fd3e67d6e1250343f9d7d081288b9d69719659b1198134a7d0f
GCF	GCF_900054015.1	GCF/ncbi_dataset/data/GCF_900054015.1/sequence_report.jsonl	17114	3f010474102691cfb584ce186559e773b104b4b683f85234f26dbbe238c6411f
GCF	GCF_900054025.1	GCF/ncbi_dataset/data/GCF_900054025.1/GCF_900054025.1_13154_3_42_genomic.fna	2310321	b733107c36c884a57fb052332bde3ca30d99676597d16cbc126edfc4015126f8
GCF	GCF_900054025.1	GCF/ncbi_dataset/data/GCF_900054025.1/genomic.gbff	6704427	e0b6b29d52ccbdef3bbccf3bd36f41a391114f0cf56597ea8d1e358187931980
GCF	GCF_900054025.1	GCF/ncbi_dataset/data/GCF_900054025.1/genomic.gff	1534863	1154039bbc3ce471b608246b6fd876d706a9936c779c109585613e06bfb2a35e
GCF	GCF_900054025.1	GCF/ncbi_dataset/data/GCF_900054025.1/sequence_report.jsonl	97998	feebc14438c603bd3ab3b45b1d8b1f558479bdfe908dad028e173f88d443d986
GCF	GCF_900054035.1	GCF/ncbi_dataset/data/GCF_900054035.1/GCF_900054035.1_13154_3_82_genomic.fna	2023822	8ca003775528571f4b1f276b366635b653bcddcad9e12bd9f90d961c79b1c74f
GCF	GCF_900054035.1	GCF/ncbi_dataset/data/GCF_900054035.1/genomic.gbff	5139440	e5890bde27a7bc5286756762ce3d8a087e4cf782debde1163ee7d34d9525a4a3
GCF	GCF_900054035.1	GCF/ncbi_dataset/data/GCF_900054035.1/genomic.gff	1187888	329ba98dafd8244aa606eb6dd1231c3f974c74c8c555f69270d8934b9f15d7c5
GCF	GCF_900054035.1	GCF/ncbi_dataset/data/GCF_900054035.1/sequence_report.jsonl	15256	f8add42499da3cbbf4feb3977d3775b8e82dedb2d4d9d3ca61bafbc1b43194fc
GCF	GCF_900054045.1	GCF/ncbi_dataset/data/GCF_900054045.1/GCF_900054045.1_13414_2_34_genomic.fna	2122490	cb16b91a3ed0db597a2d58b54b4907537f83df1296d4e59455e08fa591adc902
GCF	GCF_900054045.1	GCF/ncbi_dataset/data/GCF_900054045.1/genomic.gbff	5303462	5da4ac260b9f1383041a6ea0f541d3acd71197c020fd89349986bb9734838aef
GCF	GCF_900054045.1	GCF/ncbi_dataset/data/GCF_900054045.1/genomic.gff	1228195	3aa1654b71a4a1a13927d5a0ae05b2e57a194dcec59c3a325dfbe2b821ac5d41
GCF	GCF_900054045.1	GCF/ncbi_dataset/data/GCF_900054045.1/sequence_report.jsonl	8867	ef9c332edb7f5290aeaf34c234a53f31e50418b6a14819af0106c14ea75774be
GCF	GCF_900054055.1	GCF/ncbi_dataset/data/GCF_900054055.1/GCF_900054055.1_13414_3_13_genomic.fna	2089802	025ae23323bd0fa4e5d83862dbc93d3229480afafc1ca61cb456547632e79578
GCF	GCF_900054055.1	GCF/ncbi_dataset/data/GCF_900054055.1/genomic.gbff	5250025	65f2f2cfeb1df4a28e13b2b0271e682485cf43eec4590a81c6bab6a75920e487
GCF	GCF_900054055.1	GCF/ncbi_dataset/data/GCF_900054055.1/genomic.gff	1215911	107e7ecf9d7a0572e82f00e5c4d6463b2a3111b2eb89fb093c531cdc492ce970
GCF	GCF_900054055.1	GCF/ncbi_dataset/data/GCF_900054055.1/sequence_report.jsonl	11006	de5bb439b7b9fd379f8379644bb34ce9f6109155f4f8759f870660d69da0f574
GCF	GCF_900054185.1	GCF/ncbi_dataset/data/GCF_900054185.1/GCF_900054185.1_13414_2_47_genomic.fna	2149071	a35e4e644f09a2a290f23e55f138acc2beb7fd37950466f00681889275412bbb
GCF	GCF_900054185.1	GCF/ncbi_dataset/data/GCF_900054185.1/genomic.gbff	5388451	2aa20c1d704d77a862c9700aca38dff3429590f365ff4a45d95f616d92b7858f
GCF	GCF_900054185.1	GCF/ncbi_dataset/data/GCF_900054185.1/genomic.gff	1243986	85e54fed3c4f0ccf98ad871047ad46eb7e0ad78c9460c8e73cefb5a3bd133786
GCF	GCF_900054185.1	GCF/ncbi_dataset/data/GCF_900054185.1/sequence_report.jsonl	10702	7fb4e4d7178ad1a1a4fff38525ac43c88e171ac1e4760e5b5a0a2db409086347
GCF	GCF_900054195.1	GCF/ncbi_dataset/data/GCF_900054195.1/GCF_900054195.1_13414_2_60_genomic.fna	2067273	8783a502e52ce5f3ed3585600b8e604532cc0909bf456bf866b96ca12f46adc5
GCF	GCF_900054195.1	GCF/ncbi_dataset/data/GCF_900054195.1/genomic.gbff	5154923	2bd3a90dab8e40c479896080c408ada74b7c386a83bd15eea3873fb729880240
GCF	GCF_900054195.1	GCF/ncbi_dataset/data/GCF_900054195.1/genomic.gff	1181092	dbf0d563b843d54cfdd81ccf50d37f51dd02e4eea272d01cfc394678df43eda0
GCF	GCF_900054195.1	GCF/ncbi_dataset/data/GCF_900054195.1/sequence_report.jsonl	7653	d70acebf9e79442013beb676a9dd8d48d6cbd6a89a9c9b556c0dd8d373113b43
GCF	GCF_900054205.1	GCF/ncbi_dataset/data/GCF_900054205.1/GCF_900054205.1_13414_2_65_genomic.fna	2142311	f0819cdcc642442a10eb817edc624f5617a1eb36f7c2aa13c853fabe725d40db
GCF	GCF_900054205.1	GCF/ncbi_dataset/data/GCF_900054205.1/genomic.gbff	5395355	4f1cf6e82c1608584a36120630eb972c928a8ad92cc7f38bf486dd6db68ad2d5
GCF	GCF_900054205.1	GCF/ncbi_dataset/data/GCF_900054205.1/genomic.gff	1258129	3ddc207eea95b0031e4f94750059d7aff5dc38c174e5c03c5f635981fd26703a
GCF	GCF_900054205.1	GCF/ncbi_dataset/data/GCF_900054205.1/sequence_report.jsonl	10401	fa2ab9cba0bc664c11da49845f11e7e95c1f66e21874b02ffa5465eff3676a2e
GCF	GCF_900054215.1	GCF/ncbi_dataset/data/GCF_900054215.1/GCF_900054215.1_13414_3_23_genomic.fna	2044818	6232900af5f26c7e20d3ed377ce9ccbe2eb32342471e6a5b9362c180fd8a54e8
GCF	GCF_900054215.1	GCF/ncbi_dataset/data/GCF_900054215.1/genomic.gbff	5122002	91b437547451331877ccd4db0fc105f6ebe87c6607b7dc8d1fad4120e6f83b6a
GCF	GCF_900054215.1	GCF/ncbi_dataset/data/GCF_900054215.1/genomic.gff	1201280	1c86c129d88fd56f6334c762be3792ed10b17908add9949f702a0c462af65474
GCF	GCF_900054215.1	GCF/ncbi_dataset/data/GCF_900054215.1/sequence_report.jsonl	7341	1721163b6c0aaf94033dfb15d487d7b87daece10ad7a5e3e15d553cc79701e57
GCF	GCF_900054225.1	GCF/ncbi_dataset/data/GCF_900054225.1/GCF_900054225.1_14673_4_22_genomic.fna	2156266	3aca457f371714a3e73d5508fd23f8dfd3b820b3c47d7bd4ca02eaff73fc091e
GCF	GCF_900054225.1	GCF/ncbi_dataset/data/GCF_900054225.1/genomic.gbff	5447229	14efd73f36dcb3c4e85d210a5173c0a0579f14347f65d9f2aeefa0e75338eb71
GCF	GCF_900054225.1	GCF/ncbi_dataset/data/GCF_900054225.1/genomic.gff	1265148	0b7c2925807b8af31fea7c86022441c0877179724d5659c211e46010f5b33124
GCF	GCF_900054225.1	GCF/ncbi_dataset/data/GCF_900054225.1/sequence_report.jsonl	12531	0bc1e6f0483a16ed96bc66f9d79d1dc1ca58ffd2b86fbeff6bc0c62ac445581f
GCF	GCF_900054235.1	GCF/ncbi_dataset/data/GCF_900054235.1/GCF_900054235.1_14673_4_46_genomic.fna	2153514	ddec262089f9f44e6649ce976a03bf923fd15d124bb96a3a67ba5a4eab34b4f4
GCF	GCF_900054235.1	GCF/ncbi_dataset/data/GCF_900054235.1/genomic.gbff	5463771	afa3ffe69031d881de46f46bd5f872b210bc65531a53ae4f0a559b70ce7d9626
GCF	GCF_900054235.1	GCF/ncbi_dataset/data/GCF_900054235.1/genomic.gff	1242253	feed7b32c8f15e534c312c14662c6b4df1babf76701954ae1c45d5366246e258
GCF	GCF_900054235.1	GCF/ncbi_dataset/data/GCF_900054235.1/sequence_report.jsonl	19869	875ec65f4246cd7a6159a5dc235a55998d937498c0805cf6a60812d3cba7df1b
GCF	GCF_900054505.1	GCF/ncbi_dataset/data/GCF_900054505.1/GCF_900054505.1_12291_4_15_genomic.fna	2102034	f7f390aa06617d5c9c00bda68511d7b7524ebb91c2adb07a290ca65b23d3f9a3
GCF	GCF_900054505.1	GCF/ncbi_dataset/data/GCF_900054505.1/genomic.gbff	5450161	ba8bcf37ad6da8e3fa6c662bf36329fdbc98fbfac48daa09f1e6e368c5f7bf72
GCF	GCF_900054505.1	GCF/ncbi_dataset/data/GCF_900054505.1/genomic.gff	1257470	57b301e0e64fa2712a4db739ac9b58ede9d7666cf116503ac495fa3a42f9b815
GCF	GCF_900054505.1	GCF/ncbi_dataset/data/GCF_900054505.1/sequence_report.jsonl	28648	14b4cf6cd1ccf952a18bde8bde2bfdc5384f428a0d63a46974987e7d922a3887
GCF	GCF_900054515.1	GCF/ncbi_dataset/data/GCF_900054515.1/GCF_900054515.1_13414_1_92_genomic.fna	2182217	236d99236ac02b680c4970b08a8b837e2871e2781a55d29c96c4dc292135aad9
GCF	GCF_900054515.1	GCF/ncbi_dataset/data/GCF_900054515.1/genomic.gbff	5523696	11c0a84677cba785d4b62f0f9fe9d4e12ce08f285cf9a9868ef398ce832db452
GCF	GCF_900054515.1	GCF/ncbi_dataset/data/GCF_900054515.1/genomic.gff	1252837	fa5526408ca9e41773b58ff621e1552e5dff17367e30c4547f06f77e45b8f1f7
GCF	GCF_900054515.1	GCF/ncbi_dataset/data/GCF_900054515.1/sequence_report.jsonl	19732	0c90aa886058d694e313af5904283a9bddbb86dc0118931b461f51fe0e0b10cc
GCF	GCF_900054725.1	GCF/ncbi_dataset/data/GCF_900054725.1/GCF_900054725.1_12291_4_33_genomic.fna	2077913	2beded3c9432ce4beb2ea9c91ac6b20884581d7856e4f6a2e253b1ab060f5eda
GCF	GCF_900054725.1	GCF/ncbi_dataset/data/GCF_900054725.1/genomic.gbff	5230285	7588f65bdc70af3bef873a74e60a478c4454305058a26e3e8265882fadf1e93d
GCF	GCF_900054725.1	GCF/ncbi_dataset/data/GCF_900054725.1/genomic.gff	1208341	6d1c79f310945e31ab56942a07d9f5a62eca8d4cb74d3564e86797f99fd4db0d
GCF	GCF_900054725.1	GCF/ncbi_dataset/data/GCF_900054725.1/sequence_report.jsonl	11618	d87d44981e83f3aedaa8c7c67012a2c65081ac56d03247e2c7544cb34ccc171d
GCF	GCF_900054735.1	GCF/ncbi_dataset/data/GCF_900054735.1/GCF_900054735.1_12291_4_53_genomic.fna	2077833	a930591fb65e3d3178137a7d135a7b525c6eb4cf5dcbe6fc3ce895662fece38a
GCF	GCF_900054735.1	GCF/ncbi_dataset/data/GCF_900054735.1/genomic.gbff	5214117	c48b8fd487ee806613a0b0f6899e7f7de1f418053bd5795556808c296e39b0a1
GCF	GCF_900054735.1	GCF/ncbi_dataset/data/GCF_900054735.1/genomic.gff	1203225	48d30b1f5abc90759325fa3c78d4874ced346f20b167fdf7a3f232a600a74fe9
GCF	GCF_900054735.1	GCF/ncbi_dataset/data/GCF_900054735.1/sequence_report.jsonl	11008	7766313e4d19f896b5b1be9f9a3293fcd254222ce9419c4d62b72d35042a908f
GCF	GCF_900054745.1	GCF/ncbi_dataset/data/GCF_900054745.1/GCF_900054745.1_13154_3_58_genomic.fna	2258302	8efe318616f2f4f0d68484e96b436b752945047903c27173c2cdcf3ffb11615e
GCF	GCF_900054745.1	GCF/ncbi_dataset/data/GCF_900054745.1/genomic.gbff	7089772	56bdc95eadb33301c7f293cfb88246d8969626a77b19a36b59321ef9423711d4
GCF	GCF_900054745.1	GCF/ncbi_dataset/data/GCF_900054745.1/genomic.gff	1734800	db17e2fca7e6f8acce3fa0242311e40dfc4000b3f38de56ab3211fb7e157a8ba
GCF	GCF_900054745.1	GCF/ncbi_dataset/data/GCF_900054745.1/sequence_report.jsonl	102475	b5306dcd9f559215a49a24888a5e169648dbe1813b150aa7bd9c9f349f73518b
GCF	GCF_900054755.1	GCF/ncbi_dataset/data/GCF_900054755.1/GCF_900054755.1_13414_2_14_genomic.fna	2088034	e4b9bd1a160f05a3a28cdcd6693ea4561cb440d8c21a1277e6f8bce5ba6feb24
GCF	GCF_900054755.1	GCF/ncbi_dataset/data/GCF_900054755.1/genomic.gbff	5201768	fd5a7578191094923556b722aea4102febd94764807e757c058d06c727d2d158
GCF	GCF_900054755.1	GCF/ncbi_dataset/data/GCF_900054755.1/genomic.gff	1207724	3ae4f0871736bff3e709ea003d4837da45b747ab06e55591aee851e71c94b748
GCF	GCF_900054755.1	GCF/ncbi_dataset/data/GCF_900054755.1/sequence_report.jsonl	5819	5866bc930af1e54778481d976b5edaa5754b987e4685920a605b32195a1ecb1b
GCF	GCF_900054765.1	GCF/ncbi_dataset/data/GCF_900054765.1/GCF_900054765.1_14673_1_74_genomic.fna	2010721	846a1248d56a5ea0c37e1e9aa91a1bdfc842b56bafd3ea3bf34ef18688f8ca47
GCF	GCF_900054765.1	GCF/ncbi_dataset/data/GCF_900054765.1/genomic.gbff	5021206	7078d9ddfb9fc88aa836bf74ea043af56147acc6163297b35b529469854864a6
GCF	GCF_900054765.1	GCF/ncbi_dataset/data/GCF_900054765.1/genomic.gff	1165404	2d0ccb4633011558165d1e004e5765da7879e2d0dd711f608367a832db5ea271
GCF	GCF_900054765.1	GCF/ncbi_dataset/data/GCF_900054765.1/sequence_report.jsonl	5815	7b105922a4f3ae9a7bc6ef84194193d7e1330f0689a96199669a1605a3b1dedd
GCF	GCF_900054775.1	GCF/ncbi_dataset/data/GCF_900054775.1/GCF_900054775.1_14673_1_76_genomic.fna	2145277	933a501f5ada5c1c75f6da0d7d97d42b9342c57356d0835b0b1fff5d33603bcf
GCF	GCF_900054775.1	GCF/ncbi_dataset/data/GCF_900054775.1/genomic.gbff	5383345	381cff751b769361a003bdc5888750125e81803d22ad065e68845b70d387cac0
GCF	GCF_900054775.1	GCF/ncbi_dataset/data/GCF_900054775.1/genomic.gff	1234530	8d29c127cacbc707235bae1d79d3f052c264ac1c92e7d11b4a29f877de8f6159
GCF	GCF_900054775.1	GCF/ncbi_dataset/data/GCF_900054775.1/sequence_report.jsonl	11622	526026afb5dbd8afd9346cfc0165c842e22e0ad3a8662c35e750174aa24c0997
GCF	GCF_900054955.1	GCF/ncbi_dataset/data/GCF_900054955.1/GCF_900054955.1_11679_1_53_genomic.fna	2057030	3dbdb8632b16da13fe0a8edcdaa7f1fb1cda21396407a91fb68d23a445900807
GCF	GCF_900054955.1	GCF/ncbi_dataset/data/GCF_900054955.1/genomic.gbff	5172665	eae3511560f25658afc4fbd00c3249e19700151c88d9e7cc29ae6cf051f3bae1
GCF	GCF_900054955.1	GCF/ncbi_dataset/data/GCF_900054955.1/genomic.gff	1191283	86d61c7aeab67cdf9d46ca7dbbab0984e669b7a7cafa6b172983439032a3a5a2
GCF	GCF_900054955.1	GCF/ncbi_dataset/data/GCF_900054955.1/sequence_report.jsonl	11920	9d08dc9523d11dbb591d157038389577a5c6017543531679aad4f27b1080bc55
GCF	GCF_900054965.1	GCF/ncbi_dataset/data/GCF_900054965.1/GCF_900054965.1_12291_4_79_genomic.fna	2075219	ced4b15f55127ccb6640a946a1c4a66c2af367dc653b31b250a8be5dd4cc317d
GCF	GCF_900054965.1	GCF/ncbi_dataset/data/GCF_900054965.1/genomic.gbff	5256101	4fff26fee2d0546a93d66980383a27051935aea3ce249d0dfc06771e39743114
GCF	GCF_900054965.1	GCF/ncbi_dataset/data/GCF_900054965.1/genomic.gff	1069002	91bd8d80d98c6ad1f2358f1b89c0582410ab1fa22924f03e7d0679c2f7f0b377
GCF	GCF_900054965.1	GCF/ncbi_dataset/data/GCF_900054965.1/sequence_report.jsonl	11620	94a9bb12ae0d56c2985de0c510dcd1dfe3cc11a55976e0acbdd352af047b02c7
GCF	GCF_900054975.1	GCF/ncbi_dataset/data/GCF_900054975.1/GCF_900054975.1_12291_4_80_genomic.fna	2042144	02b2587867d8e7bb385f2ad6b70c7e28a13eed7e89be9970701df5ce8211020b
GCF	GCF_900054975.1	GCF/ncbi_dataset/data/GCF_900054975.1/genomic.gbff	5086888	c55633e951af19d229950fc25382ea6e0b364477bb9b1edcf720c858ac647970
GCF	GCF_900054975.1	GCF/ncbi_dataset/data/GCF_900054975.1/genomic.gff	1056752	29ceae1182ebca4bbd9bfc00f638abb8058288c9c78995403ba3194ff21e76c6
GCF	GCF_900054975.1	GCF/ncbi_dataset/data/GCF_900054975.1/sequence_report.jsonl	4591	a827432bc2705050690d67a8fe8dad2e7ecd4f2665eaa3669783b63852cb8d0d
GCF	GCF_900054985.1	GCF/ncbi_dataset/data/GCF_900054985.1/GCF_900054985.1_13414_1_46_genomic.fna	2089319	46ef35223951d2d20c91468e040da8129cc26125fda1b564d46ef392dd6c82b5
GCF	GCF_900054985.1	GCF/ncbi_dataset/data/GCF_900054985.1/genomic.gbff	5267602	06f9c84826261f56d1437d60bc2a14270621068fdc9300874904b8cb40db0f69
GCF	GCF_900054985.1	GCF/ncbi_dataset/data/GCF_900054985.1/genomic.gff	1214192	9d95aef31ac730a9382a9f7bdd07b5b30fcd45ac349e496f63cd04db5440ec28
GCF	GCF_900054985.1	GCF/ncbi_dataset/data/GCF_900054985.1/sequence_report.jsonl	11927	bd0c0844e81f27d24eec6ef7a646e0fa2b1e56463b98a98d54b9fb49007ab0a5
GCF	GCF_900054995.1	GCF/ncbi_dataset/data/GCF_900054995.1/GCF_900054995.1_13414_1_68_genomic.fna	2094662	c441cab69c3157dee8b6c8541c9b15fb4d61fe24c72797bc8dcdd91ed38a1716
GCF	GCF_900054995.1	GCF/ncbi_dataset/data/GCF_900054995.1/genomic.gbff	5263546	eb34caa1468b2477e04b835573abeaa872f15a114b1888dc89a0f8f723c6fd19
GCF	GCF_900054995.1	GCF/ncbi_dataset/data/GCF_900054995.1/genomic.gff	1217259	44bf982efa21cf5787e28de367ff271919602b58ed2ec90f314967c771dd5078
GCF	GCF_900054995.1	GCF/ncbi_dataset/data/GCF_900054995.1/sequence_report.jsonl	10398	930cd2f12cd63b13e9d72f03bc7306cad968e1bf7d460484037f7e85bce81914
GCF	GCF_900055005.1	GCF/ncbi_dataset/data/GCF_900055005.1/GCF_900055005.1_13414_2_55_genomic.fna	2175908	ecdd4a9bf74606b965754ca48ba15e95b104d4d9b156a1fffd97edbcd037a797
GCF	GCF_900055005.1	GCF/ncbi_dataset/data/GCF_900055005.1/genomic.gbff	5515551	d9c8775f98ced4455917b4f48b8d07b8988c12cf2cba20b99c961b14a623a116
GCF	GCF_900055005.1	GCF/ncbi_dataset/data/GCF_900055005.1/genomic.gff	1261494	fdcd15c63d3f5cf2e91e70a5399af20de2dee10d2b7fb2bd8582905da1ce2793
GCF	GCF_900055005.1	GCF/ncbi_dataset/data/GCF_900055005.1/sequence_report.jsonl	17113	3e4a896ec131e160582a24afbd673561b44abd49c02bcfaf68ee26aa18ae1136
GCF	GCF_900055015.1	GCF/ncbi_dataset/data/GCF_900055015.1/GCF_900055015.1_14673_3_9_genomic.fna	2021616	9a1bf48c17c2cf4ead2d1bb697b000e73cc7b453aa3602371eb0e21c0cac388a
GCF	GCF_900055015.1	GCF/ncbi_dataset/data/GCF_900055015.1/genomic.gbff	5130452	26e9ddbb6978bba2ccb6f49e8d8f1aab4f4b034bdeb0e9c93dda049dac0354d8
GCF	GCF_900055015.1	GCF/ncbi_dataset/data/GCF_900055015.1/genomic.gff	1184986	5fd996060f88921ef6d988614615dc5a5076ccefed02fa0547688e5a48111949
GCF	GCF_900055015.1	GCF/ncbi_dataset/data/GCF_900055015.1/sequence_report.jsonl	15588	39caf44635e97415fe8c8545825ad34e0b8a0beed9b42d6191bf5b69fd48b6f5
GCF	GCF_900055025.1	GCF/ncbi_dataset/data/GCF_900055025.1/GCF_900055025.1_14673_4_23_genomic.fna	2039100	83d47b5eca98c327b7d0bdc9bd90b587027a43cc3555ab390196cc03b801bb7f
GCF	GCF_900055025.1	GCF/ncbi_dataset/data/GCF_900055025.1/genomic.gbff	5101434	6d3a2113b1214df34b194058ce3a0d88853d2ba0525494083f0872d7a3776b76
GCF	GCF_900055025.1	GCF/ncbi_dataset/data/GCF_900055025.1/genomic.gff	1168843	b3f68ac4b43c5afc222494da0fa09d96a6367b79380ea14204fe106e20cde205
GCF	GCF_900055025.1	GCF/ncbi_dataset/data/GCF_900055025.1/sequence_report.jsonl	9785	85d2a7f66a031d861bce6e4489bd95aa78ff8c2462c4566198aac046c1d6cf28
GCF	GCF_900055225.1	GCF/ncbi_dataset/data/GCF_900055225.1/GCF_900055225.1_11657_4_33_genomic.fna	2215370	24eb15744ce3f2ec16f437ee1d165df6edd553bc618bc3aa020501572ec8a532
GCF	GCF_900055225.1	GCF/ncbi_dataset/data/GCF_900055225.1/genomic.gbff	6359844	7c3ccb21cb62f49cac33c2eca90b9cd98e4232af31e89e88f53c9fd2e770134c
GCF	GCF_900055225.1	GCF/ncbi_dataset/data/GCF_900055225.1/genomic.gff	1562289	7e999665c5a6c2115434b3262d31cc3456e8a44f1028423a2987a72072c1975b
GCF	GCF_900055225.1	GCF/ncbi_dataset/data/GCF_900055225.1/sequence_report.jsonl	50552	9ad96e02ef2981214add0df3f28a97fcf63ed1cb1071276371ea6cdf7ea89021
GCF	GCF_900055235.1	GCF/ncbi_dataset/data/GCF_900055235.1/GCF_900055235.1_14673_1_89_genomic.fna	2088926	0cd8f5af9bf40f881edad6e02705c992c0c532f0363fa52ae14ef5d0c66aef47
GCF	GCF_900055235.1	GCF/ncbi_dataset/data/GCF_900055235.1/genomic.gbff	5263238	4e0297957d9e7e61241b1eca2d3bb7436d1a5af9cc094da116ba2ef4f9c51dca
GCF	GCF_900055235.1	GCF/ncbi_dataset/data/GCF_900055235.1/genomic.gff	1214524	e7dde586bc67d13f671e815a6ea07bef855566a03d351d53fe7412b9506efd75
GCF	GCF_900055235.1	GCF/ncbi_dataset/data/GCF_900055235.1/sequence_report.jsonl	10714	6542e8e4326596c108fa69259f7d24588a4c49f45e1ed812b4f90bb99d461834
GCF	GCF_900055315.1	GCF/ncbi_dataset/data/GCF_900055315.1/GCF_900055315.1_11657_4_36_genomic.fna	2177039	d945f64102b8b0f45df3a6228ec0377309ddbbb5a45a4188b54d8f2fe4d3f1d7
GCF	GCF_900055315.1	GCF/ncbi_dataset/data/GCF_900055315.1/genomic.gbff	5542467	0c3a505f064fc2b19512d99e8553333024704a2240bd3e8dbd72fb425473ba0c
GCF	GCF_900055315.1	GCF/ncbi_dataset/data/GCF_900055315.1/genomic.gff	1283909	ad02da2befd39f092b1b280fba1f1f0e66b45c6358e79d8ee29085e0660af9b7
GCF	GCF_900055315.1	GCF/ncbi_dataset/data/GCF_900055315.1/sequence_report.jsonl	17418	ec594a253ec0de177e3ee2f1340982702866f88c4c10eabd6d8c257bc6495094
GCF	GCF_900055325.1	GCF/ncbi_dataset/data/GCF_900055325.1/GCF_900055325.1_12291_4_87_genomic.fna	2021571	dc2c996e03a777ed276fde389f8f02c2744987ea93feef6bff196a7406b8b682
GCF	GCF_900055325.1	GCF/ncbi_dataset/data/GCF_900055325.1/genomic.gbff	5177604	8dcb75660b5d67d9512d45ebb99ef9c719e3ecfd0cdd815af1eb896640d85c98
GCF	GCF_900055325.1	GCF/ncbi_dataset/data/GCF_900055325.1/genomic.gff	1049485	348cde3dbcc0f61c1a176f0655b1ea01ab70e6522a86b95659285591f4678341
GCF	GCF_900055325.1	GCF/ncbi_dataset/data/GCF_900055325.1/sequence_report.jsonl	15587	806fcd277b03eafb85b3072371a77ae9b475beb0256d74345d370dabdd79f69a
GCF	GCF_900055345.1	GCF/ncbi_dataset/data/GCF_900055345.1/GCF_900055345.1_13091_6_90_genomic.fna	2020441	cf267e423a9bfed1eae7803feecf4321ce5d61be8ae526a77fc7dae55ee98a11
GCF	GCF_900055345.1	GCF/ncbi_dataset/data/GCF_900055345.1/genomic.gbff	5124340	dfa0f8260f605c0e8dfdd136befbbe94d9397eb14394f5ef36376b56ab9ca81e
GCF	GCF_900055345.1	GCF/ncbi_dataset/data/GCF_900055345.1/genomic.gff	1182096	a415c62a4ce7a0855d4dd45c7849d0316f08b2af796444b32cc3d54807fd92f2
GCF	GCF_900055345.1	GCF/ncbi_dataset/data/GCF_900055345.1/sequence_report.jsonl	15284	d4ecbbae22d6c9670d66dc0163248d5ffe2d8ed9931925b0685b515888219cdc
GCF	GCF_900055355.1	GCF/ncbi_dataset/data/GCF_900055355.1/GCF_900055355.1_13154_3_22_genomic.fna	2167819	bb57a369171f373d0c0899e7359f1986ad824ef6dbe8523c0d8919b3aa3daae2
GCF	GCF_900055355.1	GCF/ncbi_dataset/data/GCF_900055355.1/genomic.gbff	5514802	41156f9ed3ce4d8006c3cf6d497f71427ad12da35f49a5e83c0f7b0936be4a4a
GCF	GCF_900055355.1	GCF/ncbi_dataset/data/GCF_900055355.1/genomic.gff	1273855	df3d0f32110583faf8627d3a0f388fea4d7de5457789366e7b78a18e3571cb76
GCF	GCF_900055355.1	GCF/ncbi_dataset/data/GCF_900055355.1/sequence_report.jsonl	17116	2eaaabea86b7da4bed242a702a7268cbbef10ec32154e1445634ebf0bb218728
GCF	GCF_900055365.1	GCF/ncbi_dataset/data/GCF_900055365.1/GCF_900055365.1_13154_3_27_genomic.fna	2077090	4fc9268628b56ad545c839e9ededbe5b0a22b41822806838b5d9f8b1a54678ef
GCF	GCF_900055365.1	GCF/ncbi_dataset/data/GCF_900055365.1/genomic.gbff	5564774	b31ffee72652ad59435b53f6326c4aec2307d6e0214a7bdcc77c2d78fec55d16
GCF	GCF_900055365.1	GCF/ncbi_dataset/data/GCF_900055365.1/genomic.gff	1378956	0e32fefcaae7f050dd95e13fdaadd3a49cfcc34f06faab33447f89ebf02f179b
GCF	GCF_900055365.1	GCF/ncbi_dataset/data/GCF_900055365.1/sequence_report.jsonl	12222	35a39ae2002b2b264a2f646c8189be20db3632e95b5886060f46519fa4a6d1e4
GCF	GCF_900055375.1	GCF/ncbi_dataset/data/GCF_900055375.1/GCF_900055375.1_13154_3_28_genomic.fna	2305383	2847d3ae02d0872b87d7a29b6c83e96c75438f6183a3051be2588c95ebd0a6ca
GCF	GCF_900055375.1	GCF/ncbi_dataset/data/GCF_900055375.1/genomic.gbff	6938129	14d30ca3ea4d0754151d778b221becfd0e4bf006b26e28ec3ca2c3fb657b6fdc
GCF	GCF_900055375.1	GCF/ncbi_dataset/data/GCF_900055375.1/genomic.gff	1689338	acf0eb5716f122c7695a6ffecc0ca959a3a58190207b7bdfc199ecfdd48de109
GCF	GCF_900055375.1	GCF/ncbi_dataset/data/GCF_900055375.1/sequence_report.jsonl	80638	5819c5428e68be8b82dda99cfeacfb4b2d0fc612dc3e6bb55bda86ab067300eb
GCF	GCF_900055385.1	GCF/ncbi_dataset/data/GCF_900055385.1/GCF_900055385.1_13414_2_15_genomic.fna	2076311	eb2e51de727f684f5722234430abe51d312a9678911e2fb319bb260947e64b07
GCF	GCF_900055385.1	GCF/ncbi_dataset/data/GCF_900055385.1/genomic.gbff	5229270	8745ffbd8958ad1bc5e8b520b580032eccfb96e0d4e31713bb613a04e9760dff
GCF	GCF_900055385.1	GCF/ncbi_dataset/data/GCF_900055385.1/genomic.gff	1209681	b6ae84de78a32fa63feca05322ca0e8ab90f90c7f4caba8e471fa33b927127cc
GCF	GCF_900055385.1	GCF/ncbi_dataset/data/GCF_900055385.1/sequence_report.jsonl	12228	57ac043e4cb3b43df715a3f7bcf8997e73fe31c576bb1c4e89d3f0c35e413de5
GCF	GCF_900055395.1	GCF/ncbi_dataset/data/GCF_900055395.1/GCF_900055395.1_13414_2_64_genomic.fna	2108217	6a5f7083bb2f88a0b81e03a6077b5d28c576c4db747c43bfa4bd2531dd2d1589
GCF	GCF_900055395.1	GCF/ncbi_dataset/data/GCF_900055395.1/genomic.gbff	5313390	f9519941d2e11e57ebec950ea84c6ba19c02ae4b03b96f048ab72abd6e76ffee
GCF	GCF_900055395.1	GCF/ncbi_dataset/data/GCF_900055395.1/genomic.gff	1228976	b568918978e32defcfa7329f446c1c895834c934b9d346796c3f4ed52f4863f8
GCF	GCF_900055395.1	GCF/ncbi_dataset/data/GCF_900055395.1/sequence_report.jsonl	11926	886f3d1d090ba334907fa3676771b25e4ce20f9f4b1df4830ad6b54652e9422e
GCF	GCF_900055405.1	GCF/ncbi_dataset/data/GCF_900055405.1/GCF_900055405.1_13414_3_24_genomic.fna	2082601	74cd7b765b2c7614aec7a9c6a096082a9153bd6b178696debf7f170d28de1359
GCF	GCF_900055405.1	GCF/ncbi_dataset/data/GCF_900055405.1/genomic.gbff	5234918	8669eaa33c8f1afd72c2358c9d81510a91ccdd6b8c2258562ad67f6970060941
GCF	GCF_900055405.1	GCF/ncbi_dataset/data/GCF_900055405.1/genomic.gff	1211158	1aee206fa09d610873d2f38193a2a8061b2227db0b0042c60f7bec85a10c1106
GCF	GCF_900055405.1	GCF/ncbi_dataset/data/GCF_900055405.1/sequence_report.jsonl	10096	b018567a29ab2cd9eec1c42d09bf1f662165434972af346f29b1cc484467456f
GCF	GCF_900055415.1	GCF/ncbi_dataset/data/GCF_900055415.1/GCF_900055415.1_13414_3_31_genomic.fna	2090317	c68461c40b972cf266c4d979dc3216bfd8963aa4ba24f7c75d7331bf484c2a1c
GCF	GCF_900055415.1	GCF/ncbi_dataset/data/GCF_900055415.1/genomic.gbff	5200831	0bc596ffdad6fcbcd1e822def0bf7e0b559d137571a8ce54bf715b8e187403c5
GCF	GCF_900055415.1	GCF/ncbi_dataset/data/GCF_900055415.1/genomic.gff	1209389	d5c2a50da8442b4b6a349fe9ca33b0071f9f3d9fbfecc07ee9d7e366bee98a66
GCF	GCF_900055415.1	GCF/ncbi_dataset/data/GCF_900055415.1/sequence_report.jsonl	5814	445f677d461ceb79d291167a39a85570a1177ec64d50583431a5a71c9056dc81
GCF	GCF_900055425.1	GCF/ncbi_dataset/data/GCF_900055425.1/GCF_900055425.1_13414_3_35_genomic.fna	2119637	4eb1b4089c7eee6be6fa79d45c9118638a238109b6db00b82d41e04246e086a5
GCF	GCF_900055425.1	GCF/ncbi_dataset/data/GCF_900055425.1/genomic.gbff	5312632	16973b07b6d530b7cc2fed45060e220bb1f24b16c4dfee50a7203e46bfb1b8af
GCF	GCF_900055425.1	GCF/ncbi_dataset/data/GCF_900055425.1/genomic.gff	1240765	84a97148f17c104b98c8fd2334871b80487ca532e35a50a8c3e437fdc368b76c
GCF	GCF_900055425.1	GCF/ncbi_dataset/data/GCF_900055425.1/sequence_report.jsonl	6730	875895c2c85ca8d65411131969838a33a3dceff18883ba9a82ac696ee1d52a2c
GCF	GCF_900055435.1	GCF/ncbi_dataset/data/GCF_900055435.1/GCF_900055435.1_14673_4_15_genomic.fna	2011608	c9f28dc5b1aab19dde7a7de863b55a4f3b162033e294525447ee7eea487b2bbf
GCF	GCF_900055435.1	GCF/ncbi_dataset/data/GCF_900055435.1/genomic.gbff	5065585	13ea1c0025b675a3754bc81fc88bce0bb7ff5b627df35c87f3999b417ca572c7
GCF	GCF_900055435.1	GCF/ncbi_dataset/data/GCF_900055435.1/genomic.gff	1172335	d1b48c7fccc0ba438d2aeaf79f81356b54385c239fe1c31d24e7879a8e2bda0c
GCF	GCF_900055435.1	GCF/ncbi_dataset/data/GCF_900055435.1/sequence_report.jsonl	10395	52091a9d242821b7490d216a8552575b43e4cec13eeb4d0da228f2f45ec53d39
GCF	GCF_900055655.1	GCF/ncbi_dataset/data/GCF_900055655.1/GCF_900055655.1_11658_2_66_genomic.fna	2074789	fd0cf31cac3e2e226e0275d23bc1a837349b779c753410df13a23dabb1c1d17e
GCF	GCF_900055655.1	GCF/ncbi_dataset/data/GCF_900055655.1/genomic.gbff	5218647	932e0c07624d1f3e2b94cdb172a691e80ce5f96126fc83713ec1d0d4d994935b
GCF	GCF_900055655.1	GCF/ncbi_dataset/data/GCF_900055655.1/genomic.gff	1207838	96f71d63a8cad9f8e87f43cfea4eab4c3cc909ef89fe6f608522b6de621cdbe5
GCF	GCF_900055655.1	GCF/ncbi_dataset/data/GCF_900055655.1/sequence_report.jsonl	11617	2e779cc01f9dfb3a5b9e1baad91c4dcd9f2a7d28164ecd9318e06916acbefa47
GCF	GCF_900055665.1	GCF/ncbi_dataset/data/GCF_900055665.1/GCF_900055665.1_11657_4_49_genomic.fna	2129896	aa4b93d8cd9e6c6ff21f1f72a9c20eaf3e4eab4b2ae6bec7eab103ff95a6548c
GCF	GCF_900055665.1	GCF/ncbi_dataset/data/GCF_900055665.1/genomic.gbff	5334071	832467deeeead986a95787c3780dfc626e1fdc6ecb3176291a84208d188cf035
GCF	GCF_900055665.1	GCF/ncbi_dataset/data/GCF_900055665.1/genomic.gff	1241012	2b0fc40cb99249c589cdd1b76a76be6031699c7bd71e5b41149170accab8f579
GCF	GCF_900055665.1	GCF/ncbi_dataset/data/GCF_900055665.1/sequence_report.jsonl	9175	f2f12fa2a3e6e13fd7af5334d35f004667f34ebed537b8904e90e6a039a3bd66
GCF	GCF_900055675.1	GCF/ncbi_dataset/data/GCF_900055675.1/GCF_900055675.1_12291_4_89_genomic.fna	2057628	bdd4eb07e186ca299c87c43be54e856e64ccfd38a35313fff76073d7717aec7f
GCF	GCF_900055675.1	GCF/ncbi_dataset/data/GCF_900055675.1/genomic.gbff	5187689	0f6e26452ef523c8c5b4d4e6f7201b476695f75766600e6fe9922e21772699db
GCF	GCF_900055675.1	GCF/ncbi_dataset/data/GCF_900055675.1/genomic.gff	1055313	0c389fd1a4f737f0e2819dd52cdbfc7c1142720f2dfc071cf3c082d07abd9a06
GCF	GCF_900055675.1	GCF/ncbi_dataset/data/GCF_900055675.1/sequence_report.jsonl	11314	570af3f50d702ff97ee75b37c14287a0818247ffd66963f6b3cb836404328a98
GCF	GCF_900055685.1	GCF/ncbi_dataset/data/GCF_900055685.1/GCF_900055685.1_13414_2_50_genomic.fna	2088897	b31da47fc4b2c4bfcdfd97844043f090fa5fbfcb652da5a7e19cb10c53f35af8
GCF	GCF_900055685.1	GCF/ncbi_dataset/data/GCF_900055685.1/genomic.gbff	5259978	b1035386167c5e27c7df14dae29adcabe1568190e64ae311a146d1b18b7ea55e
GCF	GCF_900055685.1	GCF/ncbi_dataset/data/GCF_900055685.1/genomic.gff	1214146	c2c0c1b7c193dc2d991eee3d55a5d780670fae5f2b3530a83d06cad74d8af589
GCF	GCF_900055685.1	GCF/ncbi_dataset/data/GCF_900055685.1/sequence_report.jsonl	10712	d234fd9f895cf01a3facc5f9ffe01d4a4aa2fc935e659c477b35015325fe0a69
GCF	GCF_900055695.1	GCF/ncbi_dataset/data/GCF_900055695.1/GCF_900055695.1_13414_2_52_genomic.fna	2169989	d7097e431ee768d51f327bcb77341319e59bd4364d9e14defd260b285e1deff0
GCF	GCF_900055695.1	GCF/ncbi_dataset/data/GCF_900055695.1/genomic.gbff	5513777	d3f2d1510b7f05da98e621257e26ce48dcdd6249ad99759eebbf22d28ca35a9f
GCF	GCF_900055695.1	GCF/ncbi_dataset/data/GCF_900055695.1/genomic.gff	1273574	99621c0d65ecadf332c13d7df6f39dc03160845ba3309782335325fed8679d14
GCF	GCF_900055695.1	GCF/ncbi_dataset/data/GCF_900055695.1/sequence_report.jsonl	16805	7eb677d311e2d884ab39b2e1dd7c0cd0db942f9131f8e2b195a8e87644dca989
GCF	GCF_900055705.1	GCF/ncbi_dataset/data/GCF_900055705.1/GCF_900055705.1_13414_3_28_genomic.fna	2111004	a9bd6589eea642b9330120b7669e27b41ad9f50a5791d2c838ae26ca0d173502
GCF	GCF_900055705.1	GCF/ncbi_dataset/data/GCF_900055705.1/genomic.gbff	5316202	14252d3418571599d9d5dca06f53b9385e5a7acf657b60df82eac57a564a301a
GCF	GCF_900055705.1	GCF/ncbi_dataset/data/GCF_900055705.1/genomic.gff	1228670	140fbbd8a153fc807704cac8e6e43fef41eec38b161747e5112d82bc6603a9f8
GCF	GCF_900055705.1	GCF/ncbi_dataset/data/GCF_900055705.1/sequence_report.jsonl	11315	e4e60c874a0dd2a28707e885ba05a19b9a4814234bcf98f18689deeb1f28bfb7
GCF	GCF_900055715.1	GCF/ncbi_dataset/data/GCF_900055715.1/GCF_900055715.1_13414_3_38_genomic.fna	2196497	51febe6fcea94551dea653a8e9eafc7c0e38502c72f2df401c6257613015a7a5
GCF	GCF_900055715.1	GCF/ncbi_dataset/data/GCF_900055715.1/genomic.gbff	5612093	d2b88596c512299d0232d5f0d1b321870fa8dbe8eeb740249eb4afb7f4d0dbb5
GCF	GCF_900055715.1	GCF/ncbi_dataset/data/GCF_900055715.1/genomic.gff	1298703	579a66f235e3c74c670afe2ff91d44dea89380547beab3b91793293e8b08f243
GCF	GCF_900055715.1	GCF/ncbi_dataset/data/GCF_900055715.1/sequence_report.jsonl	18646	57375dce034de705850ff7ca87fd702bd0b28f9c2a3d0497dcc1f0e57e6e05b0
GCF	GCF_900055725.1	GCF/ncbi_dataset/data/GCF_900055725.1/GCF_900055725.1_14673_4_40_genomic.fna	2085976	f19f614b85926c01104a2d1d635dc08dc9fe51a4dbde97d7ba0515a64cb87f29
GCF	GCF_900055725.1	GCF/ncbi_dataset/data/GCF_900055725.1/genomic.gbff	5226640	e8915a5d3723a13daf614ee1b3b6d2466ec8a755903d5abb151999707fb872e7
GCF	GCF_900055725.1	GCF/ncbi_dataset/data/GCF_900055725.1/genomic.gff	1200797	b1a349fc3c03ab403b8796ef620541d6f6351d9ffd1e11ab8eceb9398eeef1c0
GCF	GCF_900055725.1	GCF/ncbi_dataset/data/GCF_900055725.1/sequence_report.jsonl	10096	4115aaf3900f887aebaed3de4931d54afbb9ce5594a30b78c3ded82de4e440d3
GCF	GCF_900055735.1	GCF/ncbi_dataset/data/GCF_900055735.1/GCF_900055735.1_14673_4_42_genomic.fna	2125559	38b2b7f6ed5da733a41fb2d63210dd66fed65b1df4fc31f891afa56cdeaee381
GCF	GCF_900055735.1	GCF/ncbi_dataset/data/GCF_900055735.1/genomic.gbff	5410864	542819a9e8df9bfdb7fa57b4389c505122f4e16f704b58c6b45d54ba1604ca33
GCF	GCF_900055735.1	GCF/ncbi_dataset/data/GCF_900055735.1/genomic.gff	1242548	2cf5c5f7a3ab1e859d69b0e29d03ff3a103017f9d3b27e6cbbec6b3a0c839e1d
GCF	GCF_900055735.1	GCF/ncbi_dataset/data/GCF_900055735.1/sequence_report.jsonl	18952	86ac3d35cfefde00b84d62f737680e7bc510624751f8de4938bfac379cc2360a
GCF	GCF_900055965.1	GCF/ncbi_dataset/data/GCF_900055965.1/GCF_900055965.1_11679_1_39_genomic.fna	2009622	8ce44376e2b85703456bed7ab2b27865924b9830141e8ffeb6c679cb13c54d8b
GCF	GCF_900055965.1	GCF/ncbi_dataset/data/GCF_900055965.1/genomic.gbff	5051959	8f509d57efffcfbf8b1b863c738d804d101f9421936ba5170473eefb50e725c2
GCF	GCF_900055965.1	GCF/ncbi_dataset/data/GCF_900055965.1/genomic.gff	1176429	78f3e73dd2bacac9d8e7589305376d7df19ea14ec4dfeddc98a55e4461f289a0
GCF	GCF_900055965.1	GCF/ncbi_dataset/data/GCF_900055965.1/sequence_report.jsonl	8810	5f5b8b8ef899a7dd9589311748888bcfc2f8e79eedec4cabfbd31f956a44bf9b
GCF	GCF_900055975.1	GCF/ncbi_dataset/data/GCF_900055975.1/GCF_900055975.1_11822_8_79_genomic.fna	2122627	053c103d09d6abba2b8575a6a1996c3e48bfb91b4804b85adc875f1383c12bb6
GCF	GCF_900055975.1	GCF/ncbi_dataset/data/GCF_900055975.1/genomic.gbff	5282679	e4b97d477f52a5ae467259355af9065ac491ba303b84cf29245767378aa2ff37
GCF	GCF_900055975.1	GCF/ncbi_dataset/data/GCF_900055975.1/genomic.gff	1219963	d77694f4d82a0a216bd55536ce074f9c0cc764f506b96b58b81c5b5e57292f9d
GCF	GCF_900055975.1	GCF/ncbi_dataset/data/GCF_900055975.1/sequence_report.jsonl	6428	f0ac20c5819e1d5e1f757e43e96488937883836b00e2eb14e327ea0dffd91985
GCF	GCF_900055985.1	GCF/ncbi_dataset/data/GCF_900055985.1/GCF_900055985.1_13154_3_26_genomic.fna	2084772	a912c54aa014647325f121ab60e4c7f392620af45e7f66f71c03ded7ad344758
GCF	GCF_900055985.1	GCF/ncbi_dataset/data/GCF_900055985.1/genomic.gbff	5228911	c609f150c5b8a1204731277d9af0d7dee855412ed1cd17c819d41a7a6a2fe69b
GCF	GCF_900055985.1	GCF/ncbi_dataset/data/GCF_900055985.1/genomic.gff	1209030	f1f9bf99ddc423e07aaeb6ede993563958ae775ae529e6f03b35d6a36e9fca67
GCF	GCF_900055985.1	GCF/ncbi_dataset/data/GCF_900055985.1/sequence_report.jsonl	8261	c61be6eb75471da96bd70935de054df04317f79a54397560019e2bd59fdd121b
GCF	GCF_900055995.1	GCF/ncbi_dataset/data/GCF_900055995.1/GCF_900055995.1_13154_3_57_genomic.fna	2115130	6a9a972c30fc03ca3b777ba8109f69417a8ca9b02d40ad46ce7b21410935c3ba
GCF	GCF_900055995.1	GCF/ncbi_dataset/data/GCF_900055995.1/genomic.gbff	5304760	a28228b0a91bc362644d3da5e3a7e1f325d39cccf91b65d877255c39148a0ee7
GCF	GCF_900055995.1	GCF/ncbi_dataset/data/GCF_900055995.1/genomic.gff	1222315	8c4eb670b3118a390a7f76b793bff5218fbf78e8dc042e1f6c47acddb53ce9e5
GCF	GCF_900055995.1	GCF/ncbi_dataset/data/GCF_900055995.1/sequence_report.jsonl	11617	42b354498315359c5074c0d1337682053043bf7284436c550a749e0de2428b68
GCF	GCF_900056005.1	GCF/ncbi_dataset/data/GCF_900056005.1/GCF_900056005.1_13154_3_61_genomic.fna	2141881	196456c8a2fe19642c8c3fdd469c432495a4ded1b6a52b715c61315e6d39768f
GCF	GCF_900056005.1	GCF/ncbi_dataset/data/GCF_900056005.1/genomic.gbff	5773280	5d9f62e93909a1d6a1558454359aaec6c3c1f5392ebdab6fbc8cfe3c2bd46b55
GCF	GCF_900056005.1	GCF/ncbi_dataset/data/GCF_900056005.1/genomic.gff	1415127	08e7314ed306f215854bc81b0ea5222971da688a9427fc43626873a55f7b38c1
GCF	GCF_900056005.1	GCF/ncbi_dataset/data/GCF_900056005.1/sequence_report.jsonl	18645	6db39700ec53cdd5ddc362f7cb8bb4709a4387feb7890871324c0e0c4d88a44e
GCF	GCF_900056015.1	GCF/ncbi_dataset/data/GCF_900056015.1/GCF_900056015.1_13154_3_62_genomic.fna	2059657	e909625dd61163dd7c4337f9790955e147d9768e44377e99505685f3ccb4f177
GCF	GCF_900056015.1	GCF/ncbi_dataset/data/GCF_900056015.1/genomic.gbff	5530540	37d81c7336e83de715b614e83f8a71106b76ef1fe08705e0f25242ad0d0fbe71
GCF	GCF_900056015.1	GCF/ncbi_dataset/data/GCF_900056015.1/genomic.gff	1367406	a8a321503b06657109c9e1086a4765aea2b90186f04a42cc6c909b36e9835d7b
GCF	GCF_900056015.1	GCF/ncbi_dataset/data/GCF_900056015.1/sequence_report.jsonl	12835	e3d1e1a32f1133ad875056a49ab9d091ab3a1571c3569904ec8dd3eb94f09a12
GCF	GCF_900056025.1	GCF/ncbi_dataset/data/GCF_900056025.1/GCF_900056025.1_13414_3_42_genomic.fna	2025830	a921e11ec3896245116c52693f1d7a936d98d536a1b7dc4237b33418cc54216c
GCF	GCF_900056025.1	GCF/ncbi_dataset/data/GCF_900056025.1/genomic.gbff	5068631	41544594b566e1f4b579e681305169a76a04989bb2e98a1e0b7f3c6934bdce4d
GCF	GCF_900056025.1	GCF/ncbi_dataset/data/GCF_900056025.1/genomic.gff	1153860	a6e8a80aefce56dab9f2d5bc8776f47468cc82ca328c1432954a6925243831b7
GCF	GCF_900056025.1	GCF/ncbi_dataset/data/GCF_900056025.1/sequence_report.jsonl	10095	fd18d7cfef03216ff124c50e9a04231916a434b33bb265ebb6c43bec61923709
GCF	GCF_900056035.1	GCF/ncbi_dataset/data/GCF_900056035.1/GCF_900056035.1_14673_4_67_genomic.fna	1999986	7ea465890b73113dfade4fb5386962476562e0a99309d665387e267066ab8d1f
GCF	GCF_900056035.1	GCF/ncbi_dataset/data/GCF_900056035.1/genomic.gbff	4988497	54225ef425271f25fbe93521b734c4fd8dc8b51dd02e0f0a470d16d0dfb004b8
GCF	GCF_900056035.1	GCF/ncbi_dataset/data/GCF_900056035.1/genomic.gff	1153401	95b71e3183fe1763d234aca93c5062eddadb28a2e717b5a0825042206a45bf10
GCF	GCF_900056035.1	GCF/ncbi_dataset/data/GCF_900056035.1/sequence_report.jsonl	7037	4bab9ee2a758caa751e0aa93dfb8bf324df1edf0f20bffa3b89b4f601fd9e26b
GCF	GCF_900056325.1	GCF/ncbi_dataset/data/GCF_900056325.1/GCF_900056325.1_11679_1_51_genomic.fna	2022715	870217e06a4572263ecf0769bdbc45e4ae23e5558e974ff6a07693f3d6a383dd
GCF	GCF_900056325.1	GCF/ncbi_dataset/data/GCF_900056325.1/genomic.gbff	5062587	d39d0f8e367a316250b2892b4757e617bd847a33450088356011e6e350e90152
GCF	GCF_900056325.1	GCF/ncbi_dataset/data/GCF_900056325.1/genomic.gff	1172767	ac13e55d252582a3bdc74f883c1f6e63d54f8071ea9553ff76c249fb1e93a1a1
GCF	GCF_900056325.1	GCF/ncbi_dataset/data/GCF_900056325.1/sequence_report.jsonl	8566	4d956f3a2f5537002cb50075fa774711f228dd0542915924d3a0988e56b19b49
GCF	GCF_900056335.1	GCF/ncbi_dataset/data/GCF_900056335.1/GCF_900056335.1_13091_6_82_genomic.fna	2124077	1ad3a7bebd4caa8e68cbd124b5042ccd22b042b8f311645bf16d87a162308a45
GCF	GCF_900056335.1	GCF/ncbi_dataset/data/GCF_900056335.1/genomic.gbff	5422927	ff6c9412ef535ad5b6f53e902f05065e2bcf13aa2972625b86a03d9813a37a7e
GCF	GCF_900056335.1	GCF/ncbi_dataset/data/GCF_900056335.1/genomic.gff	1250897	1f6431b8568141017bc5967ec95665f4cf7cc34652f72410377e902475e6eecb
GCF	GCF_900056335.1	GCF/ncbi_dataset/data/GCF_900056335.1/sequence_report.jsonl	20430	3374046708e9db10b57238b75a68cd758d77073c587b076303821d8b90d7745f
GCF	GCF_900056345.1	GCF/ncbi_dataset/data/GCF_900056345.1/GCF_900056345.1_13154_3_25_genomic.fna	2142504	22660aae5198800d220d5e9e55a4503a3ba4d999e4d32ca3e25ad655d4987a58
GCF	GCF_900056345.1	GCF/ncbi_dataset/data/GCF_900056345.1/genomic.gbff	5695201	a1a9e91bbfe89b0b3056185b50cbcd40ddcb4955cc7e76ff88a3c6d16e2c93d4
GCF	GCF_900056345.1	GCF/ncbi_dataset/data/GCF_900056345.1/genomic.gff	1412895	4a37a4e16ee7ca150e75077ff7e482316c793c99f6a9118a2b7e5c40be7e451e
GCF	GCF_900056345.1	GCF/ncbi_dataset/data/GCF_900056345.1/sequence_report.jsonl	9483	93c467057ce6d51b9e7891a688ce766f037cc779a64db69097824774aabf061d
GCF	GCF_900056355.1	GCF/ncbi_dataset/data/GCF_900056355.1/GCF_900056355.1_13154_3_29_genomic.fna	2115170	5ccb04703b104c499bb95c1b85acad31a0d7b58be105122e4afc95ae6563dac2
GCF	GCF_900056355.1	GCF/ncbi_dataset/data/GCF_900056355.1/genomic.gbff	5333639	10041c5b4ac1af98343c04bd901345c3ae85be553c3072b898737c83f8ec743f
GCF	GCF_900056355.1	GCF/ncbi_dataset/data/GCF_900056355.1/genomic.gff	1241912	99b409149f1dc20ca33c4f696da43fedab43c6ebe28feee60ea3a64c8b32b38a
GCF	GCF_900056355.1	GCF/ncbi_dataset/data/GCF_900056355.1/sequence_report.jsonl	11308	0b031b540948309cac7a0c3282d8a63e5c97e8aeb24df125a7093fcf05be07e6
GCF	GCF_900056365.1	GCF/ncbi_dataset/data/GCF_900056365.1/GCF_900056365.1_13154_3_86_genomic.fna	2122145	fa3e3425d459a256a769e6ba2560910af5b0989ba392d5a80ccfe8e6a69f5a3c
GCF	GCF_900056365.1	GCF/ncbi_dataset/data/GCF_900056365.1/genomic.gbff	5359126	fb09b9d462ec51d163fe6c38fb61ab5dadbfa0eea91cb4a16668030ee253fe3d
GCF	GCF_900056365.1	GCF/ncbi_dataset/data/GCF_900056365.1/genomic.gff	1234143	0632af758a69f17958d802d3c14852e41e797129ef8a545881f7882d133a3ebc
GCF	GCF_900056365.1	GCF/ncbi_dataset/data/GCF_900056365.1/sequence_report.jsonl	12837	16dbb140a5ec8c80cab6d2bc034e32486e4282222778e1e42d3379c8e195d9bf
GCF	GCF_900056375.1	GCF/ncbi_dataset/data/GCF_900056375.1/GCF_900056375.1_13414_2_36_genomic.fna	2087203	6ac2da46bd1bec4ace7437516567be49cb3187bf2e302e8117b96c61f3b4a21c
GCF	GCF_900056375.1	GCF/ncbi_dataset/data/GCF_900056375.1/genomic.gbff	5264957	14d2677e087b1d36ab235535913bd68210d4c079be6cae73444229a590898eba
GCF	GCF_900056375.1	GCF/ncbi_dataset/data/GCF_900056375.1/genomic.gff	1206239	d5ed4f65203dd351f9973a5da741b5c7a8de485bc3a860259db376bebcfd78e3
GCF	GCF_900056375.1	GCF/ncbi_dataset/data/GCF_900056375.1/sequence_report.jsonl	13450	8f8846b020000f9686c91eb8899386808865bbe9dfe191b9044757ceab4f746d
GCF	GCF_900056385.1	GCF/ncbi_dataset/data/GCF_900056385.1/GCF_900056385.1_13414_2_37_genomic.fna	2134051	f71b485c548886a66353c266778e9d7e3077e675c29f3fd936d33431acad35ea
GCF	GCF_900056385.1	GCF/ncbi_dataset/data/GCF_900056385.1/genomic.gbff	5348369	c2c11f95c0b59b44ba5133f0026482acc1b3a4a12b10f489de63babc2b3d5d1b
GCF	GCF_900056385.1	GCF/ncbi_dataset/data/GCF_900056385.1/genomic.gff	1229939	449ee2bb2820da4ac09b2aefa01890abf2a8b65421e87fa886b059cead5bd31b
GCF	GCF_900056385.1	GCF/ncbi_dataset/data/GCF_900056385.1/sequence_report.jsonl	11012	3bee6ab078a080657a1728f1a3e815fcf4a9e2f37fc54bd12d3ce5bbc523fe77
GCF	GCF_900056395.1	GCF/ncbi_dataset/data/GCF_900056395.1/GCF_900056395.1_13414_2_59_genomic.fna	2114647	f416b6abc2fb31009a2d8399d2ab28bb4e7edcfbe7008aa14e7ac3677e585c95
GCF	GCF_900056395.1	GCF/ncbi_dataset/data/GCF_900056395.1/genomic.gbff	5282650	b2ace42cf9bdaaef103f57b2f61d54623b665ac87c90f83c78dbfe63641421b8
GCF	GCF_900056395.1	GCF/ncbi_dataset/data/GCF_900056395.1/genomic.gff	1214196	c587622e2d50cff76c7a594efc1ad1e8375442c10f0e01c8a66e189b00827769
GCF	GCF_900056395.1	GCF/ncbi_dataset/data/GCF_900056395.1/sequence_report.jsonl	10090	174257732a37274a3f64280e999111c986c941d3fbc7e0d9a4631c2f1988079a
GCF	GCF_900056405.1	GCF/ncbi_dataset/data/GCF_900056405.1/GCF_900056405.1_13414_2_61_genomic.fna	2192293	d6caea4c7e3ef55e1c3565610f99ca794a8f2ecfeceb35d247d26c6b5f329fa2
GCF	GCF_900056405.1	GCF/ncbi_dataset/data/GCF_900056405.1/genomic.gbff	5540759	e89ab58ce7874245314f31fa1b3b6983a01e0d1ba64c145c0274a1952e093769
GCF	GCF_900056405.1	GCF/ncbi_dataset/data/GCF_900056405.1/genomic.gff	1297089	5437067a6464d2c8cf6cbc6a80fd83553e6f14aeecd3acb81f8de98980fb7639
GCF	GCF_900056405.1	GCF/ncbi_dataset/data/GCF_900056405.1/sequence_report.jsonl	10696	fd53c2b48ac64d1e8998e82ca7e1cd556b76afcf8e212181e12769a66157fc63
GCF	GCF_900056415.1	GCF/ncbi_dataset/data/GCF_900056415.1/GCF_900056415.1_13414_2_92_genomic.fna	2119263	5b7dcc1060ddf5568c8d12ed7efb014e43611d1baabd9f8bb3526c65a3e21eff
GCF	GCF_900056415.1	GCF/ncbi_dataset/data/GCF_900056415.1/genomic.gbff	5277092	18111ecfff8fd58b7aee23a10eb91fe053cde24ce9e236e2cb7f73da7ce4762b
GCF	GCF_900056415.1	GCF/ncbi_dataset/data/GCF_900056415.1/genomic.gff	1222535	ae3631606d08a5d86ecd67735c802bc3b8b9856bb58e1485a7736ce9520f1407
GCF	GCF_900056415.1	GCF/ncbi_dataset/data/GCF_900056415.1/sequence_report.jsonl	6422	90679f13ded52eed6ff4ee79467bdf7d40086003123378106f45f87baacf4c1c
GCF	GCF_900056425.1	GCF/ncbi_dataset/data/GCF_900056425.1/GCF_900056425.1_13414_3_17_genomic.fna	2167070	541eb4506955344e9d4e189155c0dffb0584088764b21bdfcb327eaf05ad1337
GCF	GCF_900056425.1	GCF/ncbi_dataset/data/GCF_900056425.1/genomic.gbff	5512991	faf84223f7a3d6035d9e5200440daedca6e079b71b43fb8b761c9b9ad23405f8
GCF	GCF_900056425.1	GCF/ncbi_dataset/data/GCF_900056425.1/genomic.gff	1274165	2092d46903de0fc2b4227c02ab2ac7dfee470810e9d8106421c7cbe63f4dd6ad
GCF	GCF_900056425.1	GCF/ncbi_dataset/data/GCF_900056425.1/sequence_report.jsonl	17726	70f44dce425e60c00ca428407c4abe66cccf7cfd90af8c2c4973fc42e301f030
GCF	GCF_900056435.1	GCF/ncbi_dataset/data/GCF_900056435.1/GCF_900056435.1_13414_3_14_genomic.fna	2121188	6e482338af2827c01f751eb11b415f827446873074e00243787cc32f06f03541
GCF	GCF_900056435.1	GCF/ncbi_dataset/data/GCF_900056435.1/genomic.gbff	5339057	4753beb51154a57857aee0578a003a145be831a693d627184325d5eb2c80736c
GCF	GCF_900056435.1	GCF/ncbi_dataset/data/GCF_900056435.1/genomic.gff	1226757	51859d3cf345133f70eeaedb9705a9070b0ed3f00078e230af387056e8efe82f
GCF	GCF_900056435.1	GCF/ncbi_dataset/data/GCF_900056435.1/sequence_report.jsonl	12840	f8a1732b4beedbb3469c726d78025c87fd7044c05ead6543e09c78fb197abfe2
GCF	GCF_900056695.1	GCF/ncbi_dataset/data/GCF_900056695.1/GCF_900056695.1_11657_8_27_genomic.fna	2130661	36fd5c904fb2dacfd8e59d19914bfc7a444baa6fd6d7742d4d4cab4385f87205
GCF	GCF_900056695.1	GCF/ncbi_dataset/data/GCF_900056695.1/genomic.gbff	5371434	0f20971fe95bdb9bebe1e531955c93e3a7ed5ba14bd2ed7217a5b4c4bbcd6f76
GCF	GCF_900056695.1	GCF/ncbi_dataset/data/GCF_900056695.1/genomic.gff	1234690	716cdbf08dae1c46cb831af2316889775e5ea3b76fb1741b0206dbe5a42f5179
GCF	GCF_900056695.1	GCF/ncbi_dataset/data/GCF_900056695.1/sequence_report.jsonl	13059	ffde3d42fa630421b868d6305e3074d50c1b8e5d2f99b89bbe02b23c6f41f7bc
GCF	GCF_900056705.1	GCF/ncbi_dataset/data/GCF_900056705.1/GCF_900056705.1_11511_8_59_genomic.fna	2094128	aa36e29b30cce325400fc84568e4165cabccfde0261ad5f56ce128aec8e40611
GCF	GCF_900056705.1	GCF/ncbi_dataset/data/GCF_900056705.1/genomic.gbff	5337907	a697269b58fb0e1e24004748df7871c63fc72d91b18f545cc56686ac9ec51ad1
GCF	GCF_900056705.1	GCF/ncbi_dataset/data/GCF_900056705.1/genomic.gff	1233940	240ff330183c76d963110de7c03ae771218c83845c478f191ccfce5e40ef6152
GCF	GCF_900056705.1	GCF/ncbi_dataset/data/GCF_900056705.1/sequence_report.jsonl	18609	85dcb4b9cd25cccae5969155ccd1d75f2e3336c053b3c0202fd0600362abfdcc
GCF	GCF_900056715.1	GCF/ncbi_dataset/data/GCF_900056715.1/GCF_900056715.1_13414_1_45_genomic.fna	2098773	ff30444eda6223bce75e648296ed40ef004d23ecd98d107c24184b41409119c2
GCF	GCF_900056715.1	GCF/ncbi_dataset/data/GCF_900056715.1/genomic.gbff	5284633	733c6b8b9c03f665ac2bf0508e0b24892963a89eb088fcdd2c81bf73887da079
GCF	GCF_900056715.1	GCF/ncbi_dataset/data/GCF_900056715.1/genomic.gff	1222387	9fe20a09082a58140e97109cb7d3d79b1b14d8c4a811c655ceba7526b22b1ac3
GCF	GCF_900056715.1	GCF/ncbi_dataset/data/GCF_900056715.1/sequence_report.jsonl	11010	1d73ee5a8b68a82b9cb3586cbad25b0af376b8b3d2be16c1d990b73eaead0bce
GCF	GCF_900056725.1	GCF/ncbi_dataset/data/GCF_900056725.1/GCF_900056725.1_13414_2_16_genomic.fna	2093571	2e5fa8889c91cc532235a6d56cea92cb0fdd04fd772dfb16c3c49d9a4c4ca326
GCF	GCF_900056725.1	GCF/ncbi_dataset/data/GCF_900056725.1/genomic.gbff	5266983	46c9529ba56b79995e5289db09aa44a05af9f9a8cea3c6785a6038eb700c6218
GCF	GCF_900056725.1	GCF/ncbi_dataset/data/GCF_900056725.1/genomic.gff	1204446	0cc9656e3eb97a083ce72929089ca3991a2d3c7e6da40f3de00404aaecaa5c53
GCF	GCF_900056725.1	GCF/ncbi_dataset/data/GCF_900056725.1/sequence_report.jsonl	13144	c724cb30b7c196bc877fd151a5cbc4b80043cef285a2337c615d002b7cbe655f
GCF	GCF_900056735.1	GCF/ncbi_dataset/data/GCF_900056735.1/GCF_900056735.1_14673_4_27_genomic.fna	2020010	5f0e81cd908cb5d95e2ca6b9fdaa29e0dbda24ad865355ce1e008846914eced8
GCF	GCF_900056735.1	GCF/ncbi_dataset/data/GCF_900056735.1/genomic.gbff	5102914	a4a59e86826da5692cc239462cb6311890d65ec98faf39afece2284044279bc7
GCF	GCF_900056735.1	GCF/ncbi_dataset/data/GCF_900056735.1/genomic.gff	1176590	73b3c7f84f6f1b83c9b2912a012b347983dcd016832955309dfe30456c6db580
GCF	GCF_900056735.1	GCF/ncbi_dataset/data/GCF_900056735.1/sequence_report.jsonl	13452	d28b5fc27166271278c30565c472af2787a305c4dce9429be6c2b04de3ca3088
GCF	GCF_900056985.1	GCF/ncbi_dataset/data/GCF_900056985.1/GCF_900056985.1_12291_5_3_genomic.fna	2134417	cd1f342277244862475828f828d13b5cedccf05e4c56d8e5a806f828405d718e
GCF	GCF_900056985.1	GCF/ncbi_dataset/data/GCF_900056985.1/genomic.gbff	5580482	70d3923dd7ca752dc7966be127e64475aa2c306043cecdead3d034d1f1c8bb17
GCF	GCF_900056985.1	GCF/ncbi_dataset/data/GCF_900056985.1/genomic.gff	1126541	4419ef17d9eaabb022491336ee2012a2f706f89a5bbfe9f525a83c37143dfb35
GCF	GCF_900056985.1	GCF/ncbi_dataset/data/GCF_900056985.1/sequence_report.jsonl	29559	05896cd0368f742738b4cd6c4c2a757d3663cfdbbf1d72efc836711a44d8ed27
GCF	GCF_900056995.1	GCF/ncbi_dataset/data/GCF_900056995.1/GCF_900056995.1_13154_3_30_genomic.fna	2173391	c11b4a79722b6a08181653b586b854503c1aff2ab8424044e883293ea4d090f6
GCF	GCF_900056995.1	GCF/ncbi_dataset/data/GCF_900056995.1/genomic.gbff	6613271	e34229822ba0be64d0be2e248a4a2a03fa03425cfeb51f45e90b66ca38431e44
GCF	GCF_900056995.1	GCF/ncbi_dataset/data/GCF_900056995.1/genomic.gff	1606267	61839d116069b6089f9552f7815e39d17009f9d922d61c49efc70e01fc258dca
GCF	GCF_900056995.1	GCF/ncbi_dataset/data/GCF_900056995.1/sequence_report.jsonl	82778	2e4b23fcaadc18e4257f7b7ce6fe13126bccb02a8f5b319e1f9a8c361fa3c6e1
GCF	GCF_900057005.1	GCF/ncbi_dataset/data/GCF_900057005.1/GCF_900057005.1_13414_1_90_genomic.fna	2180654	319d5cdfc2f16e55e25bcd31cc113dab6806f1531b2f47269f7d3d88a356b219
GCF	GCF_900057005.1	GCF/ncbi_dataset/data/GCF_900057005.1/genomic.gbff	5551596	484b51c078812ec5bf9b78a9ad0db3b1828c0e3896eb7f7c39463dd6156b497b
GCF	GCF_900057005.1	GCF/ncbi_dataset/data/GCF_900057005.1/genomic.gff	1257961	aea3a7bb10c8ada3e038fafef1343b0c5a2775a5b7ad2fa9d220a0e8db0d67b2
GCF	GCF_900057005.1	GCF/ncbi_dataset/data/GCF_900057005.1/sequence_report.jsonl	22907	eaabf0e23072e27c6780d4377581f6cb9fca65ad318dad101b45fce99e2e3aa0
GCF	GCF_900057015.1	GCF/ncbi_dataset/data/GCF_900057015.1/GCF_900057015.1_14673_4_11_genomic.fna	2151902	8c2630341e76d4b1ee8c26432bc15ca9f729311133116f096c770612899b3301
GCF	GCF_900057015.1	GCF/ncbi_dataset/data/GCF_900057015.1/genomic.gbff	5484122	7657ae4e6a8a0c220c846534d866d19e5759297bee1fd93d43bf3b80ef1a28b1
GCF	GCF_900057015.1	GCF/ncbi_dataset/data/GCF_900057015.1/genomic.gff	1261109	4cf849add3c8a5cd18f60aec4d20b126102f20b1d7636d1ed56bb78b87ccfb7a
GCF	GCF_900057015.1	GCF/ncbi_dataset/data/GCF_900057015.1/sequence_report.jsonl	19251	250adce627f078fe80f49ed2baf25711647e1e0013f904f019c736b7999e6862
GCF	GCF_900057025.1	GCF/ncbi_dataset/data/GCF_900057025.1/GCF_900057025.1_14673_4_45_genomic.fna	2083160	625d1349a4d54b7d30f512513d51a3efbdabde5717e23929eda317a9d7572d5f
GCF	GCF_900057025.1	GCF/ncbi_dataset/data/GCF_900057025.1/genomic.gbff	5232174	7dddc21b928d5c09f28a3de95e6ecb8799b2e45ad2fa932e3f9ab3af78b74890
GCF	GCF_900057025.1	GCF/ncbi_dataset/data/GCF_900057025.1/genomic.gff	1206323	75bb07d216a48083440f46528d9120739c858e4cadba877dc4a903a15de2a1d1
GCF	GCF_900057025.1	GCF/ncbi_dataset/data/GCF_900057025.1/sequence_report.jsonl	10097	db9544833b66588ada8a74589989c40cd14e1332a77ad7d3907a759d23caeacd
GCF	GCF_900057115.1	GCF/ncbi_dataset/data/GCF_900057115.1/GCF_900057115.1_12291_4_82_genomic.fna	2077534	2e007d38502e0918f4f79c8c1c88221f5173c959a785437e9c96f548f098b38c
GCF	GCF_900057115.1	GCF/ncbi_dataset/data/GCF_900057115.1/genomic.gbff	5264950	f15351508bc86f2ea1cb3852452507d85502d858a35f62f52844eb38589b093a
GCF	GCF_900057115.1	GCF/ncbi_dataset/data/GCF_900057115.1/genomic.gff	1072845	43956faf85a3e86cbe9fae44afec1bdddc3dd9a9e5006dfb0122f81bfbabead4
GCF	GCF_900057115.1	GCF/ncbi_dataset/data/GCF_900057115.1/sequence_report.jsonl	12221	71fe6714d7957020dee7001960fc1c8c782d14e26888cc64142461829723f34f
GCF	GCF_900057125.1	GCF/ncbi_dataset/data/GCF_900057125.1/GCF_900057125.1_12291_4_85_genomic.fna	2146564	e194e3e746305755dcf9d6a2d5862eaefd4325b82333d7509e3175000d2292f0
GCF	GCF_900057125.1	GCF/ncbi_dataset/data/GCF_900057125.1/genomic.gbff	5400371	978cea381ab23ded75d6d48259de31afd1785741da6ad9020112d382582bc09a
GCF	GCF_900057125.1	GCF/ncbi_dataset/data/GCF_900057125.1/genomic.gff	1109789	59f62c180c40102451d2552f2edf152dd05d1363089dec91c3c399ccc0ed3722
GCF	GCF_900057125.1	GCF/ncbi_dataset/data/GCF_900057125.1/sequence_report.jsonl	9480	cd35796feb90e74b86d71ef48d7017bbd80a6776442257c569dafaabf02f489c
GCF	GCF_900057135.1	GCF/ncbi_dataset/data/GCF_900057135.1/GCF_900057135.1_13154_3_46_genomic.fna	2154223	f2ce30c3b6af73f55e7bb5984cda392e72bc4308c4cb770d6ad02416cf62e703
GCF	GCF_900057135.1	GCF/ncbi_dataset/data/GCF_900057135.1/genomic.gbff	5490849	52607488f54ad0f6f9ac513b7c4cf9e6a03480974066f59a868b2f4441fffba2
GCF	GCF_900057135.1	GCF/ncbi_dataset/data/GCF_900057135.1/genomic.gff	1257720	132cd7f9c74cb90979d15f7600cc50e78bb41ec528078676f1837e7fd65f6225
GCF	GCF_900057135.1	GCF/ncbi_dataset/data/GCF_900057135.1/sequence_report.jsonl	19867	53916031b4c8ac82cdd5c3243b89104cfa5b2b5021ab46d8e2a8cfe3bf60d8e5
GCF	GCF_900057145.1	GCF/ncbi_dataset/data/GCF_900057145.1/GCF_900057145.1_13414_1_40_genomic.fna	2103628	f1609c26c892f61d52a2ec14ba4acd4eb556388dd3465c161e7772b7e6a41214
GCF	GCF_900057145.1	GCF/ncbi_dataset/data/GCF_900057145.1/genomic.gbff	5272407	1331cf1b5d2593288a7124c97872ef3edd9e551fd0a39db7f3506ba45f164d4e
GCF	GCF_900057145.1	GCF/ncbi_dataset/data/GCF_900057145.1/genomic.gff	1216747	0d10aa1d56f279b3bb3e34f271b7721ad4fec0f735846a78e9324933f666aa5f
GCF	GCF_900057145.1	GCF/ncbi_dataset/data/GCF_900057145.1/sequence_report.jsonl	9791	73c3e4b87255282f432d364d6e3acef4b692e2446bb9cd2664f9f47eb50c9724
GCF	GCF_900057155.1	GCF/ncbi_dataset/data/GCF_900057155.1/GCF_900057155.1_13414_2_38_genomic.fna	2086391	f5c9f8cbb5577afaf88fb0c5a8a0465e4c874c6ae3761b814d043f5a29593fef
GCF	GCF_900057155.1	GCF/ncbi_dataset/data/GCF_900057155.1/genomic.gbff	5194807	153949cc5e0fb2c069b5b6429a52e0609f304f935b891a6e90532803289180de
GCF	GCF_900057155.1	GCF/ncbi_dataset/data/GCF_900057155.1/genomic.gff	1207426	32b59c04ff67d950c4ff2094ec458eacfabe1cb4b1c2f1539fa169fa96256226
GCF	GCF_900057155.1	GCF/ncbi_dataset/data/GCF_900057155.1/sequence_report.jsonl	5503	e914b17457b572eb5af4576ff3b5affce0c8b89dcc5334894f046b5037f2f7ae
GCF	GCF_900057165.1	GCF/ncbi_dataset/data/GCF_900057165.1/GCF_900057165.1_13414_3_40_genomic.fna	2120134	488dc3595c488650f792df8592d883dea730805ca4053dafd672dd59a01f4c2b
GCF	GCF_900057165.1	GCF/ncbi_dataset/data/GCF_900057165.1/genomic.gbff	5347602	98643e6a2e60f1484985e84d311fa6afaeb24e12eb9b0d7ebf5e49b3dc2fe839
GCF	GCF_900057165.1	GCF/ncbi_dataset/data/GCF_900057165.1/genomic.gff	1231101	d798e5a195fc6acbd31caa8bd8bdfdf82cd3a37511d27e012b5fec1d1cd32837
GCF	GCF_900057165.1	GCF/ncbi_dataset/data/GCF_900057165.1/sequence_report.jsonl	13456	7c41a56dd32f6c08de619e01f777338f31a4330560f1f66bd8b4e78aa915fd39
GCF	GCF_900057175.1	GCF/ncbi_dataset/data/GCF_900057175.1/GCF_900057175.1_14673_4_12_genomic.fna	2007374	f6de475b37845ac574880af3e99a5602e44c4d492c128688ebf9fe69bd878acc
GCF	GCF_900057175.1	GCF/ncbi_dataset/data/GCF_900057175.1/genomic.gbff	5004673	7129dc2d6680830a96f0ce876f3a428e0234259d50dfac23fedb052c2c7bfaf4
GCF	GCF_900057175.1	GCF/ncbi_dataset/data/GCF_900057175.1/genomic.gff	1166994	2bc78e8ec3ff5e7b4e78811b93495a28d34e73e6ecc3a6a48182958e7de4b3db
GCF	GCF_900057175.1	GCF/ncbi_dataset/data/GCF_900057175.1/sequence_report.jsonl	5476	515c087c70392ad856c2086ebf3e21dd5b1b306ca83dbfe7972aae15d4539060
GCF	GCF_900057355.1	GCF/ncbi_dataset/data/GCF_900057355.1/GCF_900057355.1_11657_4_52_genomic.fna	2166578	fc739fc68ac3c8155535cac67ccafe5d0578bc11e703bc27c3e3491e811d8d52
GCF	GCF_900057355.1	GCF/ncbi_dataset/data/GCF_900057355.1/genomic.gbff	5440563	fd4ec499076e3286c99dc80f212ab1f8d83407f51ef7d454f118dc2cc8684396
GCF	GCF_900057355.1	GCF/ncbi_dataset/data/GCF_900057355.1/genomic.gff	1246302	a631f4f04f6a103f3ea58ced25d1c93caaccf3ecfa9c6bed37a1cc84d60aad2b
GCF	GCF_900057355.1	GCF/ncbi_dataset/data/GCF_900057355.1/sequence_report.jsonl	12835	e72dad1b57973352384fc69c5a0e02689e7d86dff74bcc1467bb7f578912794c
GCF	GCF_900057365.1	GCF/ncbi_dataset/data/GCF_900057365.1/GCF_900057365.1_13414_1_57_genomic.fna	2124453	bef68500825785aecea07d3da997d56210cd3733fc19548f714cc382b658cb8d
GCF	GCF_900057365.1	GCF/ncbi_dataset/data/GCF_900057365.1/genomic.gbff	5323777	deba144d9a15280c7cd572a3bc1653194b7b447f4bcc1913a3d68dc10e95e9a0
GCF	GCF_900057365.1	GCF/ncbi_dataset/data/GCF_900057365.1/genomic.gff	1230044	cd0d0ac79bd08bb2d394f325fc0022f3e2b040a22fecedd568cc7a5ad700ac6d
GCF	GCF_900057365.1	GCF/ncbi_dataset/data/GCF_900057365.1/sequence_report.jsonl	11317	024bca40bb36e3a93deb94bbc4d64e404caa7eca2d9d5915327390d56e8136e6
GCF	GCF_900057375.1	GCF/ncbi_dataset/data/GCF_900057375.1/GCF_900057375.1_13414_2_66_genomic.fna	2091178	300098e8fc1e77293d45c6c78f45c2ff7f56949e4a6e2c23842dbc6bc801c367
GCF	GCF_900057375.1	GCF/ncbi_dataset/data/GCF_900057375.1/genomic.gbff	5249687	15fa716a8fa5bebfb1633119d3fa92cc4a1d632da663832f6d8ccdd7fd0f2db7
GCF	GCF_900057375.1	GCF/ncbi_dataset/data/GCF_900057375.1/genomic.gff	1208759	924b443a080e9d29c6bb527488523388591fe0c80220670fce2f29eabb333540
GCF	GCF_900057375.1	GCF/ncbi_dataset/data/GCF_900057375.1/sequence_report.jsonl	11005	1a6b3690248214dd413669285bd9a240d7c00ad5cfbc5b514db74d49b3fec27e
GCF	GCF_900057385.1	GCF/ncbi_dataset/data/GCF_900057385.1/GCF_900057385.1_14673_1_78_genomic.fna	2021637	4b24a9357c9e54707f1ed3813f5ae50925f5b28894cfd7c8f353c23c91ba5d47
GCF	GCF_900057385.1	GCF/ncbi_dataset/data/GCF_900057385.1/genomic.gbff	5120499	50cf37bff927715f2e72fd97881687be6074991133875300aea4749abcbe5202
GCF	GCF_900057385.1	GCF/ncbi_dataset/data/GCF_900057385.1/genomic.gff	1179040	d6a7ecadc45c1298ba84ca9aed68f0c1fd821bf97a2ee92d674ecd9efbfe600b
GCF	GCF_900057385.1	GCF/ncbi_dataset/data/GCF_900057385.1/sequence_report.jsonl	15288	d4dcbcc33986494f6a25624875a37cc73802bb322e40fb4859d990eaec469659
GCF	GCF_900057395.1	GCF/ncbi_dataset/data/GCF_900057395.1/GCF_900057395.1_14673_1_79_genomic.fna	2135948	bfdf23f199fc245cfb0c93734ffec6635f11d0988fb47d48365ad95dd115e462
GCF	GCF_900057395.1	GCF/ncbi_dataset/data/GCF_900057395.1/genomic.gbff	5360951	9f31dab0c9008a9b190f7e4a55621524961b3724d83969dfd412b0c63fac3201
GCF	GCF_900057395.1	GCF/ncbi_dataset/data/GCF_900057395.1/genomic.gff	1233820	d14bc0f710680f3b230672993ca757ca25d5f4343e0d0011e196626ea5394add
GCF	GCF_900057395.1	GCF/ncbi_dataset/data/GCF_900057395.1/sequence_report.jsonl	11011	bb9fce29d7775e36f0176367c489b391643cc0cb90f0ec9d75822bd27653b6c1
GCF	GCF_900057405.1	GCF/ncbi_dataset/data/GCF_900057405.1/GCF_900057405.1_14673_1_81_genomic.fna	2056574	79e735988587f53d38f91870d100ab92be7be6c9029408e63b1b1e6b35ff514e
GCF	GCF_900057405.1	GCF/ncbi_dataset/data/GCF_900057405.1/genomic.gbff	5198658	8922a9aa505e0895c04823ebf57fec7b0eb6e4f062dd4a3cb67e22054d9a89cc
GCF	GCF_900057405.1	GCF/ncbi_dataset/data/GCF_900057405.1/genomic.gff	1196516	1516c6aff84762bb2132727a999faba72d91765b781e832dcd554067c3c8a7ab
GCF	GCF_900057405.1	GCF/ncbi_dataset/data/GCF_900057405.1/sequence_report.jsonl	13660	d1502966bf017faf315f59e6192717ae1b105a0159189752ba1ee2d4010d2196
GCF	GCF_900057415.1	GCF/ncbi_dataset/data/GCF_900057415.1/GCF_900057415.1_14673_4_29_genomic.fna	2189209	4b7d6d380e5f05fd4013953b66753b2d4f06e2dae014294f589e9ee519e73f08
GCF	GCF_900057415.1	GCF/ncbi_dataset/data/GCF_900057415.1/genomic.gbff	5486030	d94454b0c843e6496928dcc65ceeb320a190df146c4e3e07507b18b2c2e5b386
GCF	GCF_900057415.1	GCF/ncbi_dataset/data/GCF_900057415.1/genomic.gff	1270548	b5620ed182bda8c5014be1908cf077d2ab2d7c402e6ce1870d86293cd43bd6e4
GCF	GCF_900057415.1	GCF/ncbi_dataset/data/GCF_900057415.1/sequence_report.jsonl	9176	4544effaf0d69f8ad43d15fbb9fb28012846626778960d732c077525f336697e
GCF	GCF_900057425.1	GCF/ncbi_dataset/data/GCF_900057425.1/GCF_900057425.1_14673_4_30_genomic.fna	2074675	b585ecb981286be9c16bbfea02719546023cbc2721dd7d247428039b3657fb8c
GCF	GCF_900057425.1	GCF/ncbi_dataset/data/GCF_900057425.1/genomic.gbff	5204451	2d8e7c422d14ad611bfbf058900c1a42940829bb7ee43be882ee9cc385c5206c
GCF	GCF_900057425.1	GCF/ncbi_dataset/data/GCF_900057425.1/genomic.gff	1203724	00d6d039834e555a09608f24d19c1637cba0cc1dcdb27ff9dfbf5b9d6f0b3b6c
GCF	GCF_900057425.1	GCF/ncbi_dataset/data/GCF_900057425.1/sequence_report.jsonl	10401	250dc65211bcb46a746236aca30d693daf9bbd939530d9237200396ceee581ae
GCF	GCF_900057655.1	GCF/ncbi_dataset/data/GCF_900057655.1/GCF_900057655.1_13414_2_57_genomic.fna	2074886	6a95098c2774722107dba81e7ab1c066bb8bd918e5cf20be475796b3ea00b9bb
GCF	GCF_900057655.1	GCF/ncbi_dataset/data/GCF_900057655.1/genomic.gbff	5157418	9019f302f82bc8847c680332b833af60e30a7d28fd086df8ac1f7ef0e0a857dd
GCF	GCF_900057655.1	GCF/ncbi_dataset/data/GCF_900057655.1/genomic.gff	1196104	013527f2a6a75baef6d1b44226127be8487e052b7b48362d28c971f85b8cc0bc
GCF	GCF_900057655.1	GCF/ncbi_dataset/data/GCF_900057655.1/sequence_report.jsonl	4283	42f0682e8c52d7a0e9f9f33016769edbdb7df5212454dc36087ad605eef9d84d
GCF	GCF_900057825.1	GCF/ncbi_dataset/data/GCF_900057825.1/GCF_900057825.1_11511_8_47_genomic.fna	2011847	a62b3e150098e03a9dd57467a11aabeab5c22b84d705bcb6d645efa13835e79e
GCF	GCF_900057825.1	GCF/ncbi_dataset/data/GCF_900057825.1/genomic.gbff	5043138	283f0a1554e58670796f155dbc9ad87ff0bb92edc895e4a2b23b1e1d2eb3cad7
GCF	GCF_900057825.1	GCF/ncbi_dataset/data/GCF_900057825.1/genomic.gff	1167254	af49b22e0ae6e5a7146bc2bb7e287a43d8db8b7f7337759197ac50e23ea71667
GCF	GCF_900057825.1	GCF/ncbi_dataset/data/GCF_900057825.1/sequence_report.jsonl	7949	536d21f82bd17a4ca67d681263e9a3c3643ff7d5caff7c953f8dc70a5168a459
GCF	GCF_900057835.1	GCF/ncbi_dataset/data/GCF_900057835.1/GCF_900057835.1_11679_1_40_genomic.fna	2019418	03f3c6590f38365aaebdfc3db2a201d159709feb1d90d240f7da429a696d78e7
GCF	GCF_900057835.1	GCF/ncbi_dataset/data/GCF_900057835.1/genomic.gbff	5129883	9764a2a9ab2d74802bb13235810adea0ff1c635aba3e310445fce0ae90953e1b
GCF	GCF_900057835.1	GCF/ncbi_dataset/data/GCF_900057835.1/genomic.gff	1185490	2102bb693f078f9d73bb0812c245b1a4a7a0c169992d663fdc091b8b857cd42e
GCF	GCF_900057835.1	GCF/ncbi_dataset/data/GCF_900057835.1/sequence_report.jsonl	16199	26d677e95f42e984919034ee3a05310a8fc09af12934e91e464a319cec641c86
GCF	GCF_900057845.1	GCF/ncbi_dataset/data/GCF_900057845.1/GCF_900057845.1_13154_3_76_genomic.fna	2123156	0968fea4c578fc28b750ba79431e001db328249ef8a9069b14a4ab33d9122488
GCF	GCF_900057845.1	GCF/ncbi_dataset/data/GCF_900057845.1/genomic.gbff	5772418	e225ee76f6551fe8657c689c764f79913d002d6aee441a65b7e757b918e24688
GCF	GCF_900057845.1	GCF/ncbi_dataset/data/GCF_900057845.1/genomic.gff	1416069	3ce53f9beb92da66c528f5d67047b2c8bbc2dc2c670ba37631f79fef3957dd94
GCF	GCF_900057845.1	GCF/ncbi_dataset/data/GCF_900057845.1/sequence_report.jsonl	22299	cc9efb14b78138a685c0d993bb10d71e34584d41e072f76515dab74a8be624ca
GCF	GCF_900057855.1	GCF/ncbi_dataset/data/GCF_900057855.1/GCF_900057855.1_13154_3_78_genomic.fna	2075143	8e0f237f09717cbb192da57414e801d95bfbebf3d2a0346713a440bf5b3edb20
GCF	GCF_900057855.1	GCF/ncbi_dataset/data/GCF_900057855.1/genomic.gbff	5236151	a69af1a5c2475d44b4bf8d6c88c60e95fe1202d0c649008d067e9fdb40a7204c
GCF	GCF_900057855.1	GCF/ncbi_dataset/data/GCF_900057855.1/genomic.gff	1210545	d6b20e03bb4503f25151c02db540b7d61ccbe7d0221a376d6130e1f9e66cfb9d
GCF	GCF_900057855.1	GCF/ncbi_dataset/data/GCF_900057855.1/sequence_report.jsonl	12534	f1c41cc83d4d7c6ad367e8c6234225527ea2c5eff920d76640a76f7750e82edf
GCF	GCF_900057865.1	GCF/ncbi_dataset/data/GCF_900057865.1/GCF_900057865.1_13154_3_87_genomic.fna	2093289	dd6fc43a9ed8f1a29c0f8fb35738f5de5bb370d0239e1545a7961955f13fa2a8
GCF	GCF_900057865.1	GCF/ncbi_dataset/data/GCF_900057865.1/genomic.gbff	5257023	e2824a8869595a53e81cde237dfbadd6b2372e1697a19a58e4147352d48a1355
GCF	GCF_900057865.1	GCF/ncbi_dataset/data/GCF_900057865.1/genomic.gff	1214377	03c77ddf02385e36c31a4fa036a3bdaa6f5468897d93fe3f1ffe2a627360c35c
GCF	GCF_900057865.1	GCF/ncbi_dataset/data/GCF_900057865.1/sequence_report.jsonl	11622	cf1c06c2dc8e1188689d9406c8a78e8ca64e7356e95f1f4ffd766806468d2947
GCF	GCF_900057875.1	GCF/ncbi_dataset/data/GCF_900057875.1/GCF_900057875.1_13414_2_3_genomic.fna	2087767	ae93e3d4d507b6e5abcf01bad3580491b53be300783f74f29a6462966c519a7d
GCF	GCF_900057875.1	GCF/ncbi_dataset/data/GCF_900057875.1/genomic.gbff	5233299	042b3869394bc093095af3ee4725d15df3ac1388954c79a3a6734e4dca7c2261
GCF	GCF_900057875.1	GCF/ncbi_dataset/data/GCF_900057875.1/genomic.gff	1212481	c02d444dd27f9a045859988c502f769a2bc58542647390fea807bf8a29d7d85e
GCF	GCF_900057875.1	GCF/ncbi_dataset/data/GCF_900057875.1/sequence_report.jsonl	8875	966366d7c0bec7028c5beff3efffa18bbfa24666bf23a4deec08d75803e900ee
GCF	GCF_900057885.1	GCF/ncbi_dataset/data/GCF_900057885.1/GCF_900057885.1_13414_2_9_genomic.fna	2117082	69b2fda6b460a7d800917e7fb87909ba8a81afdfb6aaec3a431ffe3e2241d466
GCF	GCF_900057885.1	GCF/ncbi_dataset/data/GCF_900057885.1/genomic.gbff	5301688	da1640c760937d38a0e681ace1716835e29a026d8a60aacd8b059c137d750d63
GCF	GCF_900057885.1	GCF/ncbi_dataset/data/GCF_900057885.1/genomic.gff	1230127	1fd8c72d5a21134ffc99d8de49ad3f3d763ec50eaf6ef9a8db0a301dead387f6
GCF	GCF_900057885.1	GCF/ncbi_dataset/data/GCF_900057885.1/sequence_report.jsonl	7952	83e3bc537bf02fec2bb1445f0f42676de967f3733c388655d0e50fecf1721bb8
GCF	GCF_900057895.1	GCF/ncbi_dataset/data/GCF_900057895.1/GCF_900057895.1_13414_2_94_genomic.fna	2164114	e7f10e3e3072a51021314d212d7089ef067a7daf78ac395972bff26d56a38df4
GCF	GCF_900057895.1	GCF/ncbi_dataset/data/GCF_900057895.1/genomic.gbff	5511840	35b652bbb96a190d1af7d89d8e6a0e73fba01c33ebe07c53dd6bb2dd1a17648c
GCF	GCF_900057895.1	GCF/ncbi_dataset/data/GCF_900057895.1/genomic.gff	1273033	0a61bcf912e95a5423dd0f042ff90013961b38d1c8b09d37ac5f168acb56b6ac
GCF	GCF_900057895.1	GCF/ncbi_dataset/data/GCF_900057895.1/sequence_report.jsonl	18027	3aab95e2b703cf7c0803fc130ef9dd3c4b609bd42715c8dcd757df0365312373
GCF	GCF_900058125.1	GCF/ncbi_dataset/data/GCF_900058125.1/GCF_900058125.1_11657_4_41_genomic.fna	2111501	458229fa7257b9fce1e914e23dfed231afd8ea1714104769b73b06b57e59e74c
GCF	GCF_900058125.1	GCF/ncbi_dataset/data/GCF_900058125.1/genomic.gbff	5766760	a9a3eeeac62eb12a9ba8f1302ea7a4ea252045a958b6c99e0abe715d9216ec05
GCF	GCF_900058125.1	GCF/ncbi_dataset/data/GCF_900058125.1/genomic.gff	1330589	6c5e721301c2409377bd845d2f4c1aa695bfb5f913fc17369262770decd7bba8
GCF	GCF_900058125.1	GCF/ncbi_dataset/data/GCF_900058125.1/sequence_report.jsonl	56028	9b909aa4e7963cee09098178e328907ed60f62759c6e144f075fba35cd1ca5ee
GCF	GCF_900058135.1	GCF/ncbi_dataset/data/GCF_900058135.1/GCF_900058135.1_11657_4_55_genomic.fna	2110873	1653d80dcc1032af8c0c34f5dd1a681c19c5d6644f5526149518804fa2ca711d
GCF	GCF_900058135.1	GCF/ncbi_dataset/data/GCF_900058135.1/genomic.gbff	5299331	48144d0671d9b455e1cc1f0ad30bfb99815449a3cbee685e3fef69f1bc2b29c3
GCF	GCF_900058135.1	GCF/ncbi_dataset/data/GCF_900058135.1/genomic.gff	1228431	004833e30ae529bfcd434ddc6b2423eb3ab87ce3814820b1166abedee5f96ab2
GCF	GCF_900058135.1	GCF/ncbi_dataset/data/GCF_900058135.1/sequence_report.jsonl	10705	606b115af973a050f07e7ba32cbcea419ba526e3e276af11e391696f40aa6044
GCF	GCF_900058145.1	GCF/ncbi_dataset/data/GCF_900058145.1/GCF_900058145.1_11511_8_57_genomic.fna	2067326	7ac47da86e03938ed6a000d945008835631ec6704d4d0b52f090055488b89377
GCF	GCF_900058145.1	GCF/ncbi_dataset/data/GCF_900058145.1/genomic.gbff	5225590	0a6d5dc28f8d1ca97fc28dc2411520b49c579fde4a49b9d3ee7a7abfc2b96ff4
GCF	GCF_900058145.1	GCF/ncbi_dataset/data/GCF_900058145.1/genomic.gff	1202449	8ca5d2e2d23154354c8f7b4a2f170b9e6349d7a9c3e1527ee765dc9bf4acaced
GCF	GCF_900058145.1	GCF/ncbi_dataset/data/GCF_900058145.1/sequence_report.jsonl	14258	83322fce8839003dc078171757ec72336add894631d9299f76a45cd74338f60c
GCF	GCF_900058155.1	GCF/ncbi_dataset/data/GCF_900058155.1/GCF_900058155.1_11657_8_33_genomic.fna	2184378	465e81846404476d23c5e5350026b7a56c0efe0a3b15d3ee91e36ee32b63cf14
GCF	GCF_900058155.1	GCF/ncbi_dataset/data/GCF_900058155.1/genomic.gbff	5524106	66d965de6d730db1495b7e7fc878d1db29403fe38a85dbc52c268baf8c795890
GCF	GCF_900058155.1	GCF/ncbi_dataset/data/GCF_900058155.1/genomic.gff	1276620	4acaa16660a464b18c8d2868930c9deb136c3c743de9f123a199c1dc4b512e97
GCF	GCF_900058155.1	GCF/ncbi_dataset/data/GCF_900058155.1/sequence_report.jsonl	13453	c9495f8ddd5b29e052be9d153b8f89b3ce41f8d3f08b2b8568194c9fec65d61e
GCF	GCF_900058165.1	GCF/ncbi_dataset/data/GCF_900058165.1/GCF_900058165.1_13154_3_77_genomic.fna	2142407	64314934aaad872f7117e1ba4eee8cd65a3cee6b0e0c13d7544e856c6a5448e7
GCF	GCF_900058165.1	GCF/ncbi_dataset/data/GCF_900058165.1/genomic.gbff	5454806	162b75641f57da75a4ad80f3087f15abe0ba052e794b3cc555f9cecc2389fe5a
GCF	GCF_900058165.1	GCF/ncbi_dataset/data/GCF_900058165.1/genomic.gff	1252436	abb165f98067507a49bcaa4574abd5d2fca9821ec444c4f002924f9d2716a544
GCF	GCF_900058165.1	GCF/ncbi_dataset/data/GCF_900058165.1/sequence_report.jsonl	19128	a42cb042443e6c965ce22aea4e40838612ca091fb2f6c8dc5b9127fe2121f0ea
GCF	GCF_900058175.1	GCF/ncbi_dataset/data/GCF_900058175.1/GCF_900058175.1_13414_1_58_genomic.fna	2128882	4189386c93a977c4b5ba441cf416f20691dc01629003eaddd8d6e1ecb10a01cc
GCF	GCF_900058175.1	GCF/ncbi_dataset/data/GCF_900058175.1/genomic.gbff	5388019	28fcb79a143fc2772651d099e9458a66a10dd579d9845cee59deb92445d9e0b9
GCF	GCF_900058175.1	GCF/ncbi_dataset/data/GCF_900058175.1/genomic.gff	1244445	5785a64aa1766e2dd9681c71a968a526a5bb8fe0268ebefb2bb4507aa7546b9f
GCF	GCF_900058175.1	GCF/ncbi_dataset/data/GCF_900058175.1/sequence_report.jsonl	14063	bdc6f933f44ead450b486b90591223c3008d45313de245d0595c3cfa3eaa5573
GCF	GCF_900058185.1	GCF/ncbi_dataset/data/GCF_900058185.1/GCF_900058185.1_13414_2_4_genomic.fna	2077356	df9feff99693cf5a284aaac90d1cd1576563bcbce53f45a4e1a1627e19cd3e08
GCF	GCF_900058185.1	GCF/ncbi_dataset/data/GCF_900058185.1/genomic.gbff	5182517	cf2dc84d5a9018f4bfee5123303f083ed399794a30b419e0b69c04849ea649e9
GCF	GCF_900058185.1	GCF/ncbi_dataset/data/GCF_900058185.1/genomic.gff	1202461	2aa7091f1465a3fc4bcb557d91aabffec7fa3392e1c87005713182f0dc75f51f
GCF	GCF_900058185.1	GCF/ncbi_dataset/data/GCF_900058185.1/sequence_report.jsonl	6429	68fb2615bb4c3906774dc7e3c09f71858eadd71a99ab6293f3d44a6183880b27
GCF	GCF_900058195.1	GCF/ncbi_dataset/data/GCF_900058195.1/GCF_900058195.1_13414_2_7_genomic.fna	2100849	1b6fdc5cd68b6c668d6b3d68eca3e4b14fbd16e669359a119068200d82201514
GCF	GCF_900058195.1	GCF/ncbi_dataset/data/GCF_900058195.1/genomic.gbff	5274499	59acc4231afc03d19977645092e14bc2fd8275a6cc6a3eacd1fd7fd66c7898c7
GCF	GCF_900058195.1	GCF/ncbi_dataset/data/GCF_900058195.1/genomic.gff	1212552	85ebb47854c29b54b5764fbfa64898cb535c88953e466f414f056f8ea9af1276
GCF	GCF_900058195.1	GCF/ncbi_dataset/data/GCF_900058195.1/sequence_report.jsonl	11314	5c2194291e0bf59f101c006addf181a279eef393b61efed963fe442df9809089
GCF	GCF_900058395.1	GCF/ncbi_dataset/data/GCF_900058395.1/GCF_900058395.1_11658_2_80_genomic.fna	2198691	f89fbcfab177440f76bc35d18b3f24d6de871c3ebfdc2fb207cacfd90fca9334
GCF	GCF_900058395.1	GCF/ncbi_dataset/data/GCF_900058395.1/genomic.gbff	6077186	af1d34b46bc829208ea6bf3f911b7a0acb535bd50792a550401314c6c886e523
GCF	GCF_900058395.1	GCF/ncbi_dataset/data/GCF_900058395.1/genomic.gff	1409568	a90c16f21b3cd3bb27255427293d59e6daebba493ecafedab850098c45378737
GCF	GCF_900058395.1	GCF/ncbi_dataset/data/GCF_900058395.1/sequence_report.jsonl	63013	bf3dcb31470a8b7082852585a36d2a22b6c6ed9a99fcf41a870b33e81f7a579e
GCF	GCF_900058405.1	GCF/ncbi_dataset/data/GCF_900058405.1/GCF_900058405.1_12291_4_38_genomic.fna	2077175	8c7283723009bf6204d1cf92ada7a60b325863c62f07e3b648dd1bcd6a9db59b
GCF	GCF_900058405.1	GCF/ncbi_dataset/data/GCF_900058405.1/genomic.gbff	5220206	c89fe7e62fe0518ce9b9462c98d85ac3ae0be3452b4af4264308aeb4f3501378
GCF	GCF_900058405.1	GCF/ncbi_dataset/data/GCF_900058405.1/genomic.gff	1206912	2ccd600177f16cec9722c19011b958fc2b1ace6b4931171c99fea4d994de0915
GCF	GCF_900058405.1	GCF/ncbi_dataset/data/GCF_900058405.1/sequence_report.jsonl	10700	197014a43ac8807bca3c4b3d4a61f9d6a1312f4e3f167ed25de0f7f23fea9959
GCF	GCF_900058415.1	GCF/ncbi_dataset/data/GCF_900058415.1/GCF_900058415.1_12291_4_78_genomic.fna	2201405	6ebfc7e7eecf54eb8deb55ed350f2435ce42aff36a86e2fec0ead5e3b37448b5
GCF	GCF_900058415.1	GCF/ncbi_dataset/data/GCF_900058415.1/genomic.gbff	5626006	2e88288e77ddbc149f6ad8e65928d4d0405a66f2a29a79538ef0219560ef50a5
GCF	GCF_900058415.1	GCF/ncbi_dataset/data/GCF_900058415.1/genomic.gff	1306247	4a090a96b26c8306f69d4504028c01276192ebb5ebd886b29cdb242663833599
GCF	GCF_900058415.1	GCF/ncbi_dataset/data/GCF_900058415.1/sequence_report.jsonl	18643	98d990b350211d44014017ff3df94ec96f735259b9db14c3a96dc0bbd4687434
GCF	GCF_900058425.1	GCF/ncbi_dataset/data/GCF_900058425.1/GCF_900058425.1_13154_3_69_genomic.fna	2283356	9e90aa8ebd48f4b9a66ceae3c8ad7cd818df04b66f19d2877ea752d26b5ddaa3
GCF	GCF_900058425.1	GCF/ncbi_dataset/data/GCF_900058425.1/genomic.gbff	6621404	45c72230bef279fae56e9eb08d98fb18ee23114c6c0b1fe4fcfe4855e84766b6
GCF	GCF_900058425.1	GCF/ncbi_dataset/data/GCF_900058425.1/genomic.gff	1631845	e2ed3aa1b8d54ba711760dc1986ec9a2255d7105cd2efe5a799d23562d13d3cf
GCF	GCF_900058425.1	GCF/ncbi_dataset/data/GCF_900058425.1/sequence_report.jsonl	56324	e676bb3a2c864b26e86d8e44ebf925c9e2e2a8cfe8a01d372d4b961ab9cdcfe7
GCF	GCF_900058435.1	GCF/ncbi_dataset/data/GCF_900058435.1/GCF_900058435.1_14673_4_33_genomic.fna	2127538	e6bedd463b1ef8a67036e15621d3b03f5a2c6c354ed28ed88b199627a9c63c4b
GCF	GCF_900058435.1	GCF/ncbi_dataset/data/GCF_900058435.1/genomic.gbff	5347253	16c0c8987b70b5bd69cec8b7a2b1a24adc85c616dddd954ef9d25f8c6cb02f63
GCF	GCF_900058435.1	GCF/ncbi_dataset/data/GCF_900058435.1/genomic.gff	1227793	6b03d63d2902143aec194b846a853a69d45d2c6ea5140d3759b744c2a2f99c86
GCF	GCF_900058435.1	GCF/ncbi_dataset/data/GCF_900058435.1/sequence_report.jsonl	12227	b2bd3c705834bf738be5c11cb31c5eafc293b76144a295d146938a00a4c1350f
GCF	GCF_900058645.1	GCF/ncbi_dataset/data/GCF_900058645.1/GCF_900058645.1_11511_8_49_genomic.fna	2238597	053c7ed6debde3213ee5de51ec6b63be3b1d0da2e050b904902398ab49e9b70c
GCF	GCF_900058645.1	GCF/ncbi_dataset/data/GCF_900058645.1/genomic.gbff	6596450	79a35d3822311342335c61bf754b62e787ffcb92f204e78ac4834369c9be394c
GCF	GCF_900058645.1	GCF/ncbi_dataset/data/GCF_900058645.1/genomic.gff	1613208	7431b03386ffe1871fb44a1f01c6f5599275fe022a7b18cf4ae6897cd039b940
GCF	GCF_900058645.1	GCF/ncbi_dataset/data/GCF_900058645.1/sequence_report.jsonl	66371	fbcf6f41eb2ab7d9a56b7d0fdb8c93b4d565365fa3d53491a41c0552d58b50fa
GCF	GCF_900058655.1	GCF/ncbi_dataset/data/GCF_900058655.1/GCF_900058655.1_13154_3_75_genomic.fna	2056458	3f2164b5795ac8926e74346ff705685fa1fdb0da940baa690e2775f4536af684
GCF	GCF_900058655.1	GCF/ncbi_dataset/data/GCF_900058655.1/genomic.gbff	5136780	4a8b00c910b6d9e48bdc7b2ddfbb238e6166933175e11c069d1919da3df59759
GCF	GCF_900058655.1	GCF/ncbi_dataset/data/GCF_900058655.1/genomic.gff	1183464	b68f5d029633271bb3f06c01d39e885fe47e21b02f1725d4746a0cb1691a834a
GCF	GCF_900058655.1	GCF/ncbi_dataset/data/GCF_900058655.1/sequence_report.jsonl	9476	df00a733d40fbfd6d50ce5f3e07a44dd42da10f3ab6cdabfb2b1839c58c789e0
GCF	GCF_900058665.1	GCF/ncbi_dataset/data/GCF_900058665.1/GCF_900058665.1_13154_3_90_genomic.fna	2020655	d47fc5c9e68d1101b64efa833df7538f2d038b92b727b63935d7c3c7adc5d89a
GCF	GCF_900058665.1	GCF/ncbi_dataset/data/GCF_900058665.1/genomic.gbff	5130028	e75363f3406dc4bbd3a3ca2a1dd2fc275c694eb5cd6da20ede21d30aeedd6751
GCF	GCF_900058665.1	GCF/ncbi_dataset/data/GCF_900058665.1/genomic.gff	1181109	c0c4296bb11eece39dae429795944ff4439932a7acc7c79a586f2a2e368e4fc2
GCF	GCF_900058665.1	GCF/ncbi_dataset/data/GCF_900058665.1/sequence_report.jsonl	15592	6a006b9abc01c615dc3c5ecb86b4c4acaa67374c58c046632674ae0f31e8e6f0
GCF	GCF_900058925.1	GCF/ncbi_dataset/data/GCF_900058925.1/GCF_900058925.1_12291_4_21_genomic.fna	2168194	73b67f1b8d5c2cdf3481cb2a4dd42d3e884360ac26447038f77b38496e92eb92
GCF	GCF_900058925.1	GCF/ncbi_dataset/data/GCF_900058925.1/genomic.gbff	5483029	6d3b78a3982b0179387a89b06a07541c3f17220ed10b0ad562631e60c7c94e27
GCF	GCF_900058925.1	GCF/ncbi_dataset/data/GCF_900058925.1/genomic.gff	1268403	6612f36bd271e6451ed3c9945ae454aa830a7f0ff0a8c97b47a7532f184247aa
GCF	GCF_900058925.1	GCF/ncbi_dataset/data/GCF_900058925.1/sequence_report.jsonl	14062	f90ff46af12e094e71e63904c4a18b84d62bc0301cd13f755b047fe510c60356
GCF	GCF_900058935.1	GCF/ncbi_dataset/data/GCF_900058935.1/GCF_900058935.1_12291_4_23_genomic.fna	2019548	3b0e8f9b31646ddf01a96896c914291fe265b61c00eb93d5be7015ba661f145a
GCF	GCF_900058935.1	GCF/ncbi_dataset/data/GCF_900058935.1/genomic.gbff	5111810	74a185be26fafae665f37f4bc62237b1afc64affed7c46fb4566e8713834849d
GCF	GCF_900058935.1	GCF/ncbi_dataset/data/GCF_900058935.1/genomic.gff	1179066	2897f049636a89a7efaee342dbe1a17e6fe763bc6f453de2953689556bd29fa6
GCF	GCF_900058935.1	GCF/ncbi_dataset/data/GCF_900058935.1/sequence_report.jsonl	14671	a139977ebfe6123536a4954db045daeb020d5b93983e45b7b7e5e32ea472c8ac
GCF	GCF_900058945.1	GCF/ncbi_dataset/data/GCF_900058945.1/GCF_900058945.1_12291_4_29_genomic.fna	2136005	5e87951809ff0d16c2ef716e077febd6f9ef3b4d3caa94a78a36da7e184f7434
GCF	GCF_900058945.1	GCF/ncbi_dataset/data/GCF_900058945.1/genomic.gbff	5376102	81ed1f8662d96d227ff6ae44afca90dd0c496f9ca154181410361091d104e2ae
GCF	GCF_900058945.1	GCF/ncbi_dataset/data/GCF_900058945.1/genomic.gff	1241187	429729d075df08dbc5d02ba031cf203d55cdd3f38d60d0c1fefd0c6ca12a4289
GCF	GCF_900058945.1	GCF/ncbi_dataset/data/GCF_900058945.1/sequence_report.jsonl	11922	a35984e5f824288d677e5a783f6223dabc37db02b9971baa438cd9e7785ffbb0
GCF	GCF_900058955.1	GCF/ncbi_dataset/data/GCF_900058955.1/GCF_900058955.1_12291_4_30_genomic.fna	2018105	74fbfb0420e7f3cc0c26f2ee3071324e900283c259ba2172fe82f56efea7516f
GCF	GCF_900058955.1	GCF/ncbi_dataset/data/GCF_900058955.1/genomic.gbff	5114543	bc5265cee9442ceb6248dc9affeebb927a72fd7a3417fa107c67e10f4988c239
GCF	GCF_900058955.1	GCF/ncbi_dataset/data/GCF_900058955.1/genomic.gff	1179364	2563df9f3002f062d810870bf5ad7573f5f13442f2aadfd40a519f18be51da91
GCF	GCF_900058955.1	GCF/ncbi_dataset/data/GCF_900058955.1/sequence_report.jsonl	14674	8baa3b4c18464ddd787c1d33b1256b74929d998e0556addd7d8e4292e9f5b8a0
GCF	GCF_900058965.1	GCF/ncbi_dataset/data/GCF_900058965.1/GCF_900058965.1_12838_1_69_genomic.fna	2081691	b148a075815908d072d298bd39a00996958f70f37bab8760e9fb4eb704b19021
GCF	GCF_900058965.1	GCF/ncbi_dataset/data/GCF_900058965.1/genomic.gbff	5244043	e043b8b24587e0ce377706c832eae278c85995e817a7f6648f7e7f97eb5ca6f1
GCF	GCF_900058965.1	GCF/ncbi_dataset/data/GCF_900058965.1/genomic.gff	1211659	64a70739972eab050950780bb6aea45b7bbf2e43244d0b99821f88b0fc632b42
GCF	GCF_900058965.1	GCF/ncbi_dataset/data/GCF_900058965.1/sequence_report.jsonl	11237	6c66ad81d1fc81769994c2ef0db7a32ce638f97c00afa302ab85e0a77505c338
GCF	GCF_900058975.1	GCF/ncbi_dataset/data/GCF_900058975.1/GCF_900058975.1_13414_1_59_genomic.fna	2062299	0c81743c951d2a2234166ad712ac5cdb234a140ddb944845efd7dcda4fb23ab0
GCF	GCF_900058975.1	GCF/ncbi_dataset/data/GCF_900058975.1/genomic.gbff	5160973	6b8010adda52aa7ea474cc5abe307cc63711180186198bf33d8178e4b9de181c
GCF	GCF_900058975.1	GCF/ncbi_dataset/data/GCF_900058975.1/genomic.gff	1183855	7b1ab84dda5ad0cd4d642fcc47ed603d55bc7868087490febd910666fded6be0
GCF	GCF_900058975.1	GCF/ncbi_dataset/data/GCF_900058975.1/sequence_report.jsonl	9791	ad220b179d76dc8efdebba1b6c61ac0fff7228a81459069b7099a79aa2c00aea
GCF	GCF_900058985.1	GCF/ncbi_dataset/data/GCF_900058985.1/GCF_900058985.1_13414_1_60_genomic.fna	2142668	10351fc2bfa76ea3625dae5e35864c66d9cf9eb8871b0e21f6e538f34ffa9f31
GCF	GCF_900058985.1	GCF/ncbi_dataset/data/GCF_900058985.1/genomic.gbff	5358183	c171dd04d71afa199d1d53e9ae0f981e0d52ed47c1942b9604c849abb062d854
GCF	GCF_900058985.1	GCF/ncbi_dataset/data/GCF_900058985.1/genomic.gff	1244109	6b782904668fb6c9ffc6eb4b11f6046f0297edc66552dee91f036b0c2c28eab1
GCF	GCF_900058985.1	GCF/ncbi_dataset/data/GCF_900058985.1/sequence_report.jsonl	7896	6235b562af6b5a7f204670dc06f395b0f084bcb424846bcff501507f72c7008a
GCF	GCF_900058995.1	GCF/ncbi_dataset/data/GCF_900058995.1/GCF_900058995.1_13414_2_18_genomic.fna	1996736	ba3a61dc468a8f9ae0656be616d4ee812f2bd7fad96cfc67ccabf200b2ff9542
GCF	GCF_900058995.1	GCF/ncbi_dataset/data/GCF_900058995.1/genomic.gbff	5025172	7b3442c77f1dd4deeef60309ec411b9d2a3bb35c7566ae41fc3eb040df3904ee
GCF	GCF_900058995.1	GCF/ncbi_dataset/data/GCF_900058995.1/genomic.gff	1164521	7f77473cc9b56d80edff0e2b42cf84cb666d19fe3a9ad9e6ca84f34e8b4df060
GCF	GCF_900058995.1	GCF/ncbi_dataset/data/GCF_900058995.1/sequence_report.jsonl	10399	df84c70baf07bf8eae6727361c1ec245c9fe59a35fe6628b35ff9f0c7e9fbc51
GCF	GCF_900059005.1	GCF/ncbi_dataset/data/GCF_900059005.1/GCF_900059005.1_13414_3_19_genomic.fna	2008531	7d87693e1c7991e1275dbcaead082ee266b60ce14beea75b5d94469ed90d4c19
GCF	GCF_900059005.1	GCF/ncbi_dataset/data/GCF_900059005.1/genomic.gbff	5023954	a8ca53ba5b6a9c29520fab54f8cb15e885c3aee00e965c69eb53173a280784c2
GCF	GCF_900059005.1	GCF/ncbi_dataset/data/GCF_900059005.1/genomic.gff	1163334	695bb0d1415c9ddd885fbce10bede81ed4f996eaa15ac7a1452af08710d93142
GCF	GCF_900059005.1	GCF/ncbi_dataset/data/GCF_900059005.1/sequence_report.jsonl	7949	396b1a3df88ac8be32040f769dec2ed695567cf8e9e97d24e22a597c5254a32c
GCF	GCF_900059275.1	GCF/ncbi_dataset/data/GCF_900059275.1/GCF_900059275.1_11657_4_42_genomic.fna	2057590	d8a01862627150be416f49751f05ed6161a2a5c64fcfa3ddc598b00189fdb041
GCF	GCF_900059275.1	GCF/ncbi_dataset/data/GCF_900059275.1/genomic.gbff	5140562	2406f2965daf4a685bb13a604e587632122dd25e7b0f37e393b38102c2b6444f
GCF	GCF_900059275.1	GCF/ncbi_dataset/data/GCF_900059275.1/genomic.gff	1183523	1dcae2c147a9b3deb2eb68f0c10a15e1acc14f2cb0691c8361f4b11cac804319
GCF	GCF_900059275.1	GCF/ncbi_dataset/data/GCF_900059275.1/sequence_report.jsonl	7650	1c109f433320dd42f45dc9167ec5994e3acc8e056628c0a57efd1c5d9440ee2c
GCF	GCF_900059285.1	GCF/ncbi_dataset/data/GCF_900059285.1/GCF_900059285.1_13154_3_17_genomic.fna	2131681	b770626c928030fb0a64e162a9d0d83df00f581678444a87f13a25a4a543e6c6
GCF	GCF_900059285.1	GCF/ncbi_dataset/data/GCF_900059285.1/genomic.gbff	5690964	f0c88a48ca35fc07650bad04e470c0dd2e8d1aca38d9180955922b86610f5cf8
GCF	GCF_900059285.1	GCF/ncbi_dataset/data/GCF_900059285.1/genomic.gff	1407826	1e31a0a36babd7a633fcd5ce2747d2ea41fc8f98889eb4974d25bd2e656f2935
GCF	GCF_900059285.1	GCF/ncbi_dataset/data/GCF_900059285.1/sequence_report.jsonl	12839	c6a290e0af427cd35d25a4e5ab6d15460ff37de4542ffe6ede1209fe51fa7b0a
GCF	GCF_900059295.1	GCF/ncbi_dataset/data/GCF_900059295.1/GCF_900059295.1_13154_3_60_genomic.fna	2018898	6aa050aea257eb410a69d29a7d774aabda13920bf16b2f8977c68777af47d730
GCF	GCF_900059295.1	GCF/ncbi_dataset/data/GCF_900059295.1/genomic.gbff	5105607	396a8c150f877c1d96545a0b9c75127e3b235656559bf6135abbaa2d5aa9d8d2
GCF	GCF_900059295.1	GCF/ncbi_dataset/data/GCF_900059295.1/genomic.gff	1176724	f120007fc5afe473406268157d3184a048cc5daba535c493e575d9de4979d4ca
GCF	GCF_900059295.1	GCF/ncbi_dataset/data/GCF_900059295.1/sequence_report.jsonl	14980	f030403430cce06369e532126e3cc5ce1522d2ae58352e15694a835a2372b7d5
GCF	GCF_900059305.1	GCF/ncbi_dataset/data/GCF_900059305.1/GCF_900059305.1_13154_3_88_genomic.fna	2079625	a07a1db093c05cd9ae94f2927eaf052ee480ae10b8e86b33fbf483c5d6ae7a6a
GCF	GCF_900059305.1	GCF/ncbi_dataset/data/GCF_900059305.1/genomic.gbff	5251542	8115e592a317c202ceff1a5d3295a11b7e4064109c2e3cf1f78e3b431423705c
GCF	GCF_900059305.1	GCF/ncbi_dataset/data/GCF_900059305.1/genomic.gff	1210942	7d213e11f950673a5a498f6813b2b145bc80ddb0d3ce0a3072762cfe0012b84f
GCF	GCF_900059305.1	GCF/ncbi_dataset/data/GCF_900059305.1/sequence_report.jsonl	13749	ccd202c570b2eac167eab59307154221ac7bc31c1a957bc8c51c435e94c09fd1
GCF	GCF_900059315.1	GCF/ncbi_dataset/data/GCF_900059315.1/GCF_900059315.1_13414_2_20_genomic.fna	2075686	3eb3e28c11012aff4f47d3cd020e8404678baa3f33fe81c4c196951fbbe3019f
GCF	GCF_900059315.1	GCF/ncbi_dataset/data/GCF_900059315.1/genomic.gbff	5237628	511c8dd4c41fd09b340d43aaf828a5d8c7097cea680473f61e4314ecc339fba3
GCF	GCF_900059315.1	GCF/ncbi_dataset/data/GCF_900059315.1/genomic.gff	1209371	6daa3f80b8d48b30a8aef736369bfe475a129c354009542b4fa9972dd45087b6
GCF	GCF_900059315.1	GCF/ncbi_dataset/data/GCF_900059315.1/sequence_report.jsonl	12225	433fbc7baf626f424d4e00e412493de6f3bb82bce4782f2ffe373cb23fcbd8ef
GCF	GCF_900059325.1	GCF/ncbi_dataset/data/GCF_900059325.1/GCF_900059325.1_13414_2_21_genomic.fna	2118966	93bf5a84019847a517696e3c94bba70d0f4160282e2b4e7fc2a3e39565a66370
GCF	GCF_900059325.1	GCF/ncbi_dataset/data/GCF_900059325.1/genomic.gbff	5334692	6fc3fbe866f5738bf767c33eb99f153feb5c2ed80fb286d7b15b7370ef9fe624
GCF	GCF_900059325.1	GCF/ncbi_dataset/data/GCF_900059325.1/genomic.gff	1236994	a780af58c44bdf77a2ae142a5e4c78a086668300c707ec32bf6bce882b9e6592
GCF	GCF_900059325.1	GCF/ncbi_dataset/data/GCF_900059325.1/sequence_report.jsonl	11007	3035b4983fa16c9f95f12501023395349ca2641cc18e8400612695b741732d25
GCF	GCF_900059335.1	GCF/ncbi_dataset/data/GCF_900059335.1/GCF_900059335.1_13414_2_22_genomic.fna	2093789	1a2ad9ad707438ba6387c5d6d6cfa7cfa5c0449df5097924427c58c3b0906f51
GCF	GCF_900059335.1	GCF/ncbi_dataset/data/GCF_900059335.1/genomic.gbff	5249574	b44cc32b886b33af2fe1d603f74533aa80cbe1506b413ef412f13e97ce3da87b
GCF	GCF_900059335.1	GCF/ncbi_dataset/data/GCF_900059335.1/genomic.gff	1213843	b68722eede07972e2f13a5a39da9ff2bb311d3db2f22bb0f617ddffaf16f72d0
GCF	GCF_900059335.1	GCF/ncbi_dataset/data/GCF_900059335.1/sequence_report.jsonl	10710	387bd073647a8cab2d27d98c0a0170aba167d4bab0c097bf7d9cb528654a0faa
GCF	GCF_900059345.1	GCF/ncbi_dataset/data/GCF_900059345.1/GCF_900059345.1_13414_2_58_genomic.fna	2214055	9fd92b5a9f2635c9c49f15a7c3f697c696486f0f2de3e1cc4a7c9418a79092bf
GCF	GCF_900059345.1	GCF/ncbi_dataset/data/GCF_900059345.1/genomic.gbff	5543217	d4687c72d180d8e1326a6e3ddecba1c7ed879426060ee1c5357ac61d47b8666a
GCF	GCF_900059345.1	GCF/ncbi_dataset/data/GCF_900059345.1/genomic.gff	1285689	f559cb4f163ee536378c649fd114e29939d5f43c53e12c15b53f86feea0f50b8
GCF	GCF_900059345.1	GCF/ncbi_dataset/data/GCF_900059345.1/sequence_report.jsonl	9167	38e823ed9c0e55284811b61117395b0ebe7ef0ea7e5eef6fbdbc0dfaba8c16b8
GCF	GCF_900059355.1	GCF/ncbi_dataset/data/GCF_900059355.1/GCF_900059355.1_14673_1_77_genomic.fna	2020501	d57dce455c710c564bc5d9625e353ef786e2e314f08ae79b71d382d731108569
GCF	GCF_900059355.1	GCF/ncbi_dataset/data/GCF_900059355.1/genomic.gbff	5104967	4d8486855063b6077343110f5c4fb3921c04a33429cec9c00d838bd1977191e1
GCF	GCF_900059355.1	GCF/ncbi_dataset/data/GCF_900059355.1/genomic.gff	1178061	89a3401c551b621e49ed6becc6f1270d30515a6fbd65639eb3fa59ca7ce1dcc8
GCF	GCF_900059355.1	GCF/ncbi_dataset/data/GCF_900059355.1/sequence_report.jsonl	14065	8b4c550d14227cd790b63be5207c0226a78dea887ad53ee4bb42b945d5551391
GCF	GCF_900059365.1	GCF/ncbi_dataset/data/GCF_900059365.1/GCF_900059365.1_14673_1_80_genomic.fna	2081998	bf60a6c1bf42563ec5a6ebedbe746b7ee0cf2aa21bf616b38b52616d09cfaf33
GCF	GCF_900059365.1	GCF/ncbi_dataset/data/GCF_900059365.1/genomic.gbff	5231633	4b28835b8a19e63592b16017f849e310af2703e71bbdd419e6233e627b87f059
GCF	GCF_900059365.1	GCF/ncbi_dataset/data/GCF_900059365.1/genomic.gff	1205828	22e4f7fa9a19d724001a89b6815b90612ec54433beb4d1e173f3ffba85f31bb1
GCF	GCF_900059365.1	GCF/ncbi_dataset/data/GCF_900059365.1/sequence_report.jsonl	11931	b620eb794976be0e369b7f93aca055f8199f2ae68a8f4d8611d7f43d945ab0f5
GCF	GCF_900059375.1	GCF/ncbi_dataset/data/GCF_900059375.1/GCF_900059375.1_14673_1_85_genomic.fna	2019729	70fff28afb8d8d5b616fea0dfceb4b958dc0bff826a65b9d30f00cd0bad8e8e8
GCF	GCF_900059375.1	GCF/ncbi_dataset/data/GCF_900059375.1/genomic.gbff	5125697	d2e7116fd1833178ca106557c4fe19237fac54fb16a1d823c38896c3ec2b2225
GCF	GCF_900059375.1	GCF/ncbi_dataset/data/GCF_900059375.1/genomic.gff	1183260	de79d8e4c38f2d528e0d5e7edf94e172e45eecd3e07f6232f6c15166615092b1
GCF	GCF_900059375.1	GCF/ncbi_dataset/data/GCF_900059375.1/sequence_report.jsonl	15589	fd07b622f71452cbfa760d5e7b54cb5d10ced90ad24fd51c0d066ebc33c9ee62
GCF	GCF_900059625.1	GCF/ncbi_dataset/data/GCF_900059625.1/GCF_900059625.1_11657_8_32_genomic.fna	2041172	a8a642586fb0cd0f72ab437068a1068219a0f93ca76c6c1bd98f5cfa48001a2d
GCF	GCF_900059625.1	GCF/ncbi_dataset/data/GCF_900059625.1/genomic.gbff	5096155	2450aa038d29593951d1dfbee682e9d3c6bd6c262e16a29c372edcabf876a15b
GCF	GCF_900059625.1	GCF/ncbi_dataset/data/GCF_900059625.1/genomic.gff	1193546	46ad7420dfc019ab68175babfa1cd505def562c1bddb1d1fa06ab04cd9bb1d37
GCF	GCF_900059625.1	GCF/ncbi_dataset/data/GCF_900059625.1/sequence_report.jsonl	6431	4ac9aac3b81f3d8260fee561824898ffb82fc83205643748cd4c2a0bea6731ee
GCF	GCF_900059635.1	GCF/ncbi_dataset/data/GCF_900059635.1/GCF_900059635.1_11657_4_57_genomic.fna	2091134	48fd948237ef39b927422671c541383a4529856d26f19800c5705072252e8293
GCF	GCF_900059635.1	GCF/ncbi_dataset/data/GCF_900059635.1/genomic.gbff	5272041	8e51a013d3cca47c1d5daff064a3c7ccb26239243fc21d6108836d547f287e78
GCF	GCF_900059635.1	GCF/ncbi_dataset/data/GCF_900059635.1/genomic.gff	1215531	97be0ac45fa49ec9d494fad6e30b481a61d2114cbc8474e68c0cae18480a3506
GCF	GCF_900059635.1	GCF/ncbi_dataset/data/GCF_900059635.1/sequence_report.jsonl	11927	44b0467e8aef569bcaa32eec34ea7bc967e9559605042578c014e74c3387e03b
GCF	GCF_900059645.1	GCF/ncbi_dataset/data/GCF_900059645.1/GCF_900059645.1_11511_8_58_genomic.fna	2098568	93711f1084ed55d145d85317a5bd4c8f3d211d8734b57f6c2d2cdb658a48edb5
GCF	GCF_900059645.1	GCF/ncbi_dataset/data/GCF_900059645.1/genomic.gbff	5246894	c6ca444a0a5048476843541e6c0ac3d70649e28d10a9c737a5e2cd6d70b7a97c
GCF	GCF_900059645.1	GCF/ncbi_dataset/data/GCF_900059645.1/genomic.gff	1198438	d31a862ef5c09bd2c6caef037589aa926d759ae69253f9d41f61b64b0ae10255
GCF	GCF_900059645.1	GCF/ncbi_dataset/data/GCF_900059645.1/sequence_report.jsonl	11011	c555cda5688203ead38830668c6283e1f7c6673c0fd03e975b37a71cf50ffa29
GCF	GCF_900059655.1	GCF/ncbi_dataset/data/GCF_900059655.1/GCF_900059655.1_12291_4_51_genomic.fna	2284240	c0aefa516d6e3bea4cb600120c2f6b0813ae07127c3f7c5a48b191324a4834cd
GCF	GCF_900059655.1	GCF/ncbi_dataset/data/GCF_900059655.1/genomic.gbff	6869121	150c5a0b3ee7b9d2b7b0e27f61568bdab80c994116c877edd7e4943b7fbc3988
GCF	GCF_900059655.1	GCF/ncbi_dataset/data/GCF_900059655.1/genomic.gff	1674548	adb7b21d30b79d0cd3fea91c49b0cd5f96ab9a06c18aa75de38b1945d31aed59
GCF	GCF_900059655.1	GCF/ncbi_dataset/data/GCF_900059655.1/sequence_report.jsonl	80977	2aad647b9d583735fe7a921e2d7fdc5128c20c6564a19f3258ef5d5267f83a99
GCF	GCF_900059665.1	GCF/ncbi_dataset/data/GCF_900059665.1/GCF_900059665.1_12291_4_50_genomic.fna	2015689	214c75bb8fdd7f4896e556ff3d5e8694400491a7d104213237ab9d4a79684008
GCF	GCF_900059665.1	GCF/ncbi_dataset/data/GCF_900059665.1/genomic.gbff	5099355	70db9299eca9f74516c0787881995bfd7e78cb7b8f817fd3ebd3150a56e5bf72
GCF	GCF_900059665.1	GCF/ncbi_dataset/data/GCF_900059665.1/genomic.gff	1169844	dfb569a650fab995ad0d840fcf75e6aef946c8bd996ca3efda05a1bb27429401
GCF	GCF_900059665.1	GCF/ncbi_dataset/data/GCF_900059665.1/sequence_report.jsonl	14980	e0c25acb77aa3497851394446cbfe92e4f5af6265bcc48ce751708d79e684ce4
GCF	GCF_900059675.1	GCF/ncbi_dataset/data/GCF_900059675.1/GCF_900059675.1_12291_5_4_genomic.fna	2316616	7731b7d5a848ddccfa9393e92f5eb4815f29615834372fd33630b697e2be3d85
GCF	GCF_900059675.1	GCF/ncbi_dataset/data/GCF_900059675.1/genomic.gbff	7067452	8b50fa21b16b9fecd5fcba7eb99a2d3c6feffe9a7ef36cc67ce12983517ac4f7
GCF	GCF_900059675.1	GCF/ncbi_dataset/data/GCF_900059675.1/genomic.gff	1714715	b61ef9c7163072796847d94f036f5dace7c7aa67d7a8592a90cf46a52fa6314c
GCF	GCF_900059675.1	GCF/ncbi_dataset/data/GCF_900059675.1/sequence_report.jsonl	91617	d815547b6bec5afcee9a1fc9060f43527cc546ea7eadff318ab9c6dcb6a89896
GCF	GCF_900059685.1	GCF/ncbi_dataset/data/GCF_900059685.1/GCF_900059685.1_12291_5_44_genomic.fna	2038217	92c155485e0d2a7bcc240becc38b832a19e6b332a2e24f33dec4d7a2b6615d07
GCF	GCF_900059685.1	GCF/ncbi_dataset/data/GCF_900059685.1/genomic.gbff	5072937	909aa16b1ded93b1c8ea7ec493a634146a008442ee65758db09b6e9f9eb0954a
GCF	GCF_900059685.1	GCF/ncbi_dataset/data/GCF_900059685.1/genomic.gff	1038671	fdd5d27086ca66c38c64a4902e8657b18a2570479b5e0d408d50ed01f27eb620
GCF	GCF_900059685.1	GCF/ncbi_dataset/data/GCF_900059685.1/sequence_report.jsonl	5203	404d896ddef527c11f38cfe03be59a1c6f12a5e6fb075888818449525f65b824
GCF	GCF_900059695.1	GCF/ncbi_dataset/data/GCF_900059695.1/GCF_900059695.1_12291_5_6_genomic.fna	2094883	e7071e99ba649a016a76818f48b94ada97c25fef8b616980afbf2af821d04234
GCF	GCF_900059695.1	GCF/ncbi_dataset/data/GCF_900059695.1/genomic.gbff	5219088	5c71eeaca183c745ac1bbfeb6de6990e4f8d1135350e2169515b1e0cde39bbe2
GCF	GCF_900059695.1	GCF/ncbi_dataset/data/GCF_900059695.1/genomic.gff	1072830	460cefece2b51d1cac7e05434762af6fb3c6c883f688f08ef79aca27962f936b
GCF	GCF_900059695.1	GCF/ncbi_dataset/data/GCF_900059695.1/sequence_report.jsonl	5815	495cd993765dae32bd66c2671df06521a58c0ff03dca55d9625a2f394b08025d
GCF	GCF_900059705.1	GCF/ncbi_dataset/data/GCF_900059705.1/GCF_900059705.1_14673_4_28_genomic.fna	2155138	7a58f7abad447ad29c7a7979ca1c5e5e7ff99a5276db7874d3b780fe772cbab0
GCF	GCF_900059705.1	GCF/ncbi_dataset/data/GCF_900059705.1/genomic.gbff	5495568	44906d2c6e1865bd3343ddcb23d45027c5d8984bcb800b4819126be7348860e4
GCF	GCF_900059705.1	GCF/ncbi_dataset/data/GCF_900059705.1/genomic.gff	1260904	faf830c8d1b3e09a27c6bbf12e9c957a7a3eb212bcf529ac73a9d6f3fcf0548f
GCF	GCF_900059705.1	GCF/ncbi_dataset/data/GCF_900059705.1/sequence_report.jsonl	19561	df349300df73fd8cdd22e5c307fa40c831be39a0cf88bd222aaa3487c07b1024
GCF	GCF_900059825.1	GCF/ncbi_dataset/data/GCF_900059825.1/GCF_900059825.1_11511_8_46_genomic.fna	2167100	aad451836d22f1d25cc0a8f062f8c515efe22eb95a0c382b1eadba246317f24f
GCF	GCF_900059825.1	GCF/ncbi_dataset/data/GCF_900059825.1/genomic.gbff	5489278	7bf704d9900f3cad3b80f2ed02a04acfe3fdeea75523af3d4cc5e7ab0de70938
GCF	GCF_900059825.1	GCF/ncbi_dataset/data/GCF_900059825.1/genomic.gff	1267069	c7a9026f4828bc8e83036a77e9a0cb1c2be3c879bc9c5811f47f1a19e63df7e1
GCF	GCF_900059825.1	GCF/ncbi_dataset/data/GCF_900059825.1/sequence_report.jsonl	15285	2982d6209ff22e1928cf1d1cf77ed279af459e4dc81a151e94f834a90decc4e4
GCF	GCF_900059835.1	GCF/ncbi_dataset/data/GCF_900059835.1/GCF_900059835.1_13154_3_31_genomic.fna	2093694	bda944faf34abbd00fa6833bb86e08edc3ebd3af669724755acc297975831df8
GCF	GCF_900059835.1	GCF/ncbi_dataset/data/GCF_900059835.1/genomic.gbff	5606643	8e49163d3586d0739519bc1cbb6c6b376785587badb3b6a08724e4585c57988a
GCF	GCF_900059835.1	GCF/ncbi_dataset/data/GCF_900059835.1/genomic.gff	1387533	125f969b6dc40ae6d3a4eeca02228af2ed1337a6e35db1fddc89c39d52914ab7
GCF	GCF_900059835.1	GCF/ncbi_dataset/data/GCF_900059835.1/sequence_report.jsonl	11317	315f92c700aa3603f29edfa5189020e9cb19ad9f90d260ee9eb41de5074c308a
GCF	GCF_900059855.1	GCF/ncbi_dataset/data/GCF_900059855.1/GCF_900059855.1_13414_1_70_genomic.fna	2188917	c79bafb6b9cb807a0360b25a52415ac8c16bfc666237919bf1c2e9464a1c917b
GCF	GCF_900059855.1	GCF/ncbi_dataset/data/GCF_900059855.1/genomic.gbff	5587410	6a0fe656bf2cc9b6852e8cd73bbdfacdeb567f5776cf977691117954b3c9ceea
GCF	GCF_900059855.1	GCF/ncbi_dataset/data/GCF_900059855.1/genomic.gff	1273092	b5c4bc75697064ac2ce76c82b8d65ce451ff54fc67fd88935a8b06a019d32c2d
GCF	GCF_900059855.1	GCF/ncbi_dataset/data/GCF_900059855.1/sequence_report.jsonl	21394	96fe340b86429bc9811dbfbe99468b96af61c5a793f134846dee5835664cf4be
GCF	GCF_900059865.1	GCF/ncbi_dataset/data/GCF_900059865.1/GCF_900059865.1_13414_2_40_genomic.fna	1994099	004f86f62ec336505ee0ac855ad518e7cb021480831c562846235936a759e1ac
GCF	GCF_900059865.1	GCF/ncbi_dataset/data/GCF_900059865.1/genomic.gbff	5027004	e9433c8102fdc609f64d6425778b1228ec3852547bdfeba3493f82713221c399
GCF	GCF_900059865.1	GCF/ncbi_dataset/data/GCF_900059865.1/genomic.gff	1167307	c3281cdf208acab8b24b3455636e9d829fb4237eeaada9a24e3ff840ee942dbd
GCF	GCF_900059865.1	GCF/ncbi_dataset/data/GCF_900059865.1/sequence_report.jsonl	10704	8c5856117a25ecd83c9c5a4c8e68cfe9c0255c28693bb332d0ab4bb9925c80b1
GCF	GCF_900060055.1	GCF/ncbi_dataset/data/GCF_900060055.1/GCF_900060055.1_13414_1_76_genomic.fna	2016973	307cbce7899736711b0c075e5693f9d16c616e04c654e141b889b4cd4b90f787
GCF	GCF_900060055.1	GCF/ncbi_dataset/data/GCF_900060055.1/genomic.gbff	5032073	228d1979257ff2ea4b61eb5ec99de6dc80b8e72459c4ae74e1edf0df8f5774ea
GCF	GCF_900060055.1	GCF/ncbi_dataset/data/GCF_900060055.1/genomic.gff	1163112	94ce3340502aa8103bc0af4a14613ec13675c9019f9b37d91d572f4eee70f4c3
GCF	GCF_900060055.1	GCF/ncbi_dataset/data/GCF_900060055.1/sequence_report.jsonl	6117	59cd6de185d77a3c7af8de369c83030580fe29f38581fa09cecfb7d1a369d14f
GCF	GCF_900060065.1	GCF/ncbi_dataset/data/GCF_900060065.1/GCF_900060065.1_14673_4_16_genomic.fna	2159804	e18c50951b17b8a3f489d771cec734afe136a6056fce2f45ef38bbc27b76767d
GCF	GCF_900060065.1	GCF/ncbi_dataset/data/GCF_900060065.1/genomic.gbff	5413022	ccebb144ca11c00d75f91d87aaf5c2e389898a2e4fd00553bc48ebf5eb0f6748
GCF	GCF_900060065.1	GCF/ncbi_dataset/data/GCF_900060065.1/genomic.gff	1255541	0b62a17a3faa4f489ab64a6d21a2d0cb18caf13f7304901dd8587f787e83d377
GCF	GCF_900060065.1	GCF/ncbi_dataset/data/GCF_900060065.1/sequence_report.jsonl	9787	eefd041b752c46e7add4aa994edbd9623dfdffa5ae71c0b76cd08cc674b38983
GCF	GCF_900060075.1	GCF/ncbi_dataset/data/GCF_900060075.1/GCF_900060075.1_14673_4_18_genomic.fna	2069054	4ce2c7143db074075713b98c290d80f4a784df41ac8ea2229d5e1b09dd56bc4f
GCF	GCF_900060075.1	GCF/ncbi_dataset/data/GCF_900060075.1/genomic.gbff	5184798	174533cfb0027709c4726c0b6dd230b74b67ef41b62a0fd6dc7dcf51f7c91e3e
GCF	GCF_900060075.1	GCF/ncbi_dataset/data/GCF_900060075.1/genomic.gff	1192970	bf8b49b81df00760eec7fa42eaf97df70d4547fab12d9755d2bc640888413482
GCF	GCF_900060075.1	GCF/ncbi_dataset/data/GCF_900060075.1/sequence_report.jsonl	9784	0b71cae5b98bdf6878159c2fe77176c296953c24e958e06d433ad23451c842a6
GCF	GCF_900060245.1	GCF/ncbi_dataset/data/GCF_900060245.1/GCF_900060245.1_12291_4_77_genomic.fna	2143276	c53a12467f040ed6fbd307262297f6409ea47edea343cc1ae2be09b1413d46ff
GCF	GCF_900060245.1	GCF/ncbi_dataset/data/GCF_900060245.1/genomic.gbff	5425615	a8b1338601974d8a27a43e493edb4cdb7ab6c51de783c82f1210e7cd5811e6b4
GCF	GCF_900060245.1	GCF/ncbi_dataset/data/GCF_900060245.1/genomic.gff	1107336	fb682732d4d10214589838624329f8d69df6abe56cc6c1deda657c68b9d67f27
GCF	GCF_900060245.1	GCF/ncbi_dataset/data/GCF_900060245.1/sequence_report.jsonl	12229	fc0fccd7ab405c4a0c72ba1a334fd4950bed5c4d52deeab93ce63d25bf33f0af
GCF	GCF_900060255.1	GCF/ncbi_dataset/data/GCF_900060255.1/GCF_900060255.1_13154_3_45_genomic.fna	2224409	d078b63608a2e893fd04571b27d7354657ebe7791a8528d5c4997a384dec0a36
GCF	GCF_900060255.1	GCF/ncbi_dataset/data/GCF_900060255.1/genomic.gbff	6693854	1b9f4bcb7793f59361c18749482f9892827e9d0682029f73aab4b7e2dedc3a6f
GCF	GCF_900060255.1	GCF/ncbi_dataset/data/GCF_900060255.1/genomic.gff	1633047	dff13ac50be1375ec33c8989ada9d7222dbe80e1a15f6702f16cc5fd2f9c1ee6
GCF	GCF_900060255.1	GCF/ncbi_dataset/data/GCF_900060255.1/sequence_report.jsonl	76380	43d0f51b63f56917faf13401d27a0fb27252c37ad6e2a089a608fbce9ad3039e
GCF	GCF_900060265.1	GCF/ncbi_dataset/data/GCF_900060265.1/GCF_900060265.1_13414_2_70_genomic.fna	2048444	5344cd3de94eb9335f62b8be96c3abf8b0b0bb06bb8f9c4e197c9e4d85127482
GCF	GCF_900060265.1	GCF/ncbi_dataset/data/GCF_900060265.1/genomic.gbff	5147469	7b301c17e48a8be4bb421fe06e615c6ab8f8c02864747943ee02a72a8d46b498
GCF	GCF_900060265.1	GCF/ncbi_dataset/data/GCF_900060265.1/genomic.gff	1180065	2414b029209ba5ea9c9bd5751f71a77f4cfa3216e9923ebfae9609bfe042b45a
GCF	GCF_900060265.1	GCF/ncbi_dataset/data/GCF_900060265.1/sequence_report.jsonl	11623	7f7561ccd76b6fdeda500e9f84f72f4d2e9b729997705afc2d761406a610a2fe
GCF	GCF_900060275.1	GCF/ncbi_dataset/data/GCF_900060275.1/GCF_900060275.1_13414_2_75_genomic.fna	2162439	72a31e502fa14a4f3898d910d74afba1aba0a3bb4e3dde27f590dbcfa6f193cf
GCF	GCF_900060275.1	GCF/ncbi_dataset/data/GCF_900060275.1/genomic.gbff	5446738	7a942920f43151a50237bd16854c6f02a90e69ad4b69fa9b62a312b7d6640156
GCF	GCF_900060275.1	GCF/ncbi_dataset/data/GCF_900060275.1/genomic.gff	1266266	5ff592669f19b5ef3abe0043263de4f8f1fc2978a6c896960e7d4896791e2272
GCF	GCF_900060275.1	GCF/ncbi_dataset/data/GCF_900060275.1/sequence_report.jsonl	11920	faf10339d848d5b79f542c5ab6de07710bec109a9bfdcc61afebc78a9b14dc61
GCF	GCF_900060285.1	GCF/ncbi_dataset/data/GCF_900060285.1/GCF_900060285.1_14673_4_13_genomic.fna	2118498	6285774bcd82b6774b7802b49b87767496d1cf71711c1f4aa957ef69f5e26d69
GCF	GCF_900060285.1	GCF/ncbi_dataset/data/GCF_900060285.1/genomic.gbff	5346436	b10f797b6352127a96d37f5b32bf0f3103cdce5744857e70417251300f2cc110
GCF	GCF_900060285.1	GCF/ncbi_dataset/data/GCF_900060285.1/genomic.gff	1240735	c268defb4e42f716d2d989198af347863699267514f46b77eb58c0130225ee16
GCF	GCF_900060285.1	GCF/ncbi_dataset/data/GCF_900060285.1/sequence_report.jsonl	13145	5dc8bab64b92d9e8e200a131306e9a7b5db6a704ffd0ee343c51a5886548b870
GCF	GCF_900060295.1	GCF/ncbi_dataset/data/GCF_900060295.1/GCF_900060295.1_14673_4_14_genomic.fna	2142669	850ad70e10f89b9580c8dda5b10cea78d39a4fb96b50ab351f23fbcb02333d6a
GCF	GCF_900060295.1	GCF/ncbi_dataset/data/GCF_900060295.1/genomic.gbff	5384562	8a26b83cb6577869d0003a470a5c59d6d7125439e8d525bf3f67d9932b256962
GCF	GCF_900060295.1	GCF/ncbi_dataset/data/GCF_900060295.1/genomic.gff	1239827	9c1a50e86c534ad0bfa248da5dc9773a501cb49b9c73e3722862d9b4f46b3f47
GCF	GCF_900060295.1	GCF/ncbi_dataset/data/GCF_900060295.1/sequence_report.jsonl	11848	3c2f66ed1d4132eb9b6e8bb39af04b66c10dc5cb50bb28e5a1c33f097d2133da
GCF	GCF_900060505.1	GCF/ncbi_dataset/data/GCF_900060505.1/GCF_900060505.1_11657_4_38_genomic.fna	2092327	a228fc762bfbdcd0a5ff622a4c2e32fba61aebba1eaad9ba4550755c89fadf37
GCF	GCF_900060505.1	GCF/ncbi_dataset/data/GCF_900060505.1/genomic.gbff	5250828	5aebd8ee645d658ed23ccabc2752941f5d8ddc84260ee0a887dbc48927e0adbe
GCF	GCF_900060505.1	GCF/ncbi_dataset/data/GCF_900060505.1/genomic.gff	1213256	15749485521d6648ae71d5b1806ce8704239cc6cea9c0a94cc5822c2bcbd12ac
GCF	GCF_900060505.1	GCF/ncbi_dataset/data/GCF_900060505.1/sequence_report.jsonl	10401	c72382cea1ea160b972c35162bbc4093d5738ed39b6ecbca0b8ef36eb0f40d17
GCF	GCF_900060515.1	GCF/ncbi_dataset/data/GCF_900060515.1/GCF_900060515.1_12291_5_5_genomic.fna	2018894	3baac1a63c15f8abca65ec95cd7f55311885167a2696bb443fb3fcd0f4e01210
GCF	GCF_900060515.1	GCF/ncbi_dataset/data/GCF_900060515.1/genomic.gbff	5146956	9cc9d860f86ed35fedcb2eb7c2fe2711535b1c5246e841e249941093fdd32746
GCF	GCF_900060515.1	GCF/ncbi_dataset/data/GCF_900060515.1/genomic.gff	1040953	eab69df0d59c9a674213e40790cf4760a9f6819b959de3f17832f9be6462d031
GCF	GCF_900060515.1	GCF/ncbi_dataset/data/GCF_900060515.1/sequence_report.jsonl	14064	426c1d95265aceb0340239feb10a5a6e93b7d0022f73110df575cdac1b9b0b80
GCF	GCF_900060525.1	GCF/ncbi_dataset/data/GCF_900060525.1/GCF_900060525.1_12291_5_41_genomic.fna	2015219	b5738db95e564f352d2039882639f1081bebf08eb4ef096d9b28f0ef24890b4f
GCF	GCF_900060525.1	GCF/ncbi_dataset/data/GCF_900060525.1/genomic.gbff	5147628	0fa3dc36f6f34decf552df2100f11c11333fc3a600c2bbc5a271cb908107c7c0
GCF	GCF_900060525.1	GCF/ncbi_dataset/data/GCF_900060525.1/genomic.gff	1045961	0cd999456fc26be0d528b7ec8ef3c3f6e42a38b147479140d35e3c2b32ab6846
GCF	GCF_900060525.1	GCF/ncbi_dataset/data/GCF_900060525.1/sequence_report.jsonl	14370	90dbecd1a970b0ecbfbbfc2b1934b0f9450511e72350acb331ece252a688eb9d
GCF	GCF_900060535.1	GCF/ncbi_dataset/data/GCF_900060535.1/GCF_900060535.1_13414_2_23_genomic.fna	2153491	b15daa4bf2d90053d128893cccf67c7278d4293c06981acd15413b4a9d2a6f00
GCF	GCF_900060535.1	GCF/ncbi_dataset/data/GCF_900060535.1/genomic.gbff	5460474	bc27bb4079ecb375822acbb917ea3f14669c7d4c3000920b141043c983c90be6
GCF	GCF_900060535.1	GCF/ncbi_dataset/data/GCF_900060535.1/genomic.gff	1275219	46eb60976d33a880bc3a864190e102c6fea5d5400a6e35a6c5fc8483059fd5d6
GCF	GCF_900060535.1	GCF/ncbi_dataset/data/GCF_900060535.1/sequence_report.jsonl	14364	3736fd9027d04e3d1bc1a6849f0171eb75f3ad6218ce6e8aa7a1fd606e9f25e0
GCF	GCF_900060545.1	GCF/ncbi_dataset/data/GCF_900060545.1/GCF_900060545.1_13414_2_26_genomic.fna	2085999	f5cd4fc94bbe578ebdfeffdef55c4c36974c0feffab5b4ab11063e6c82eef1a5
GCF	GCF_900060545.1	GCF/ncbi_dataset/data/GCF_900060545.1/genomic.gbff	5511755	400520cd21bbfc8579e9b68346b5804ebc9e42173247cc85c0d86d1b4acc34ad
GCF	GCF_900060545.1	GCF/ncbi_dataset/data/GCF_900060545.1/genomic.gff	1361384	086c7780d6523dc6bbf18c4a2ec38b1eee073d5d5bee87a7a11541dc4fbb66c0
GCF	GCF_900060545.1	GCF/ncbi_dataset/data/GCF_900060545.1/sequence_report.jsonl	6386	bc5e7fab6aa9aab1f8992f6c73e4f919151512e068d68ab372ea52eece16d982
GCF	GCF_900060555.1	GCF/ncbi_dataset/data/GCF_900060555.1/GCF_900060555.1_13414_2_32_genomic.fna	2079076	940b48f9c91c3febdb4cb4b8361caca9e19c8c58809d6def9bda100104d0519d
GCF	GCF_900060555.1	GCF/ncbi_dataset/data/GCF_900060555.1/genomic.gbff	5254354	a55f7b019739e1db04a458159b98dab4167d30fb720d6b948b00d08f2fba77cf
GCF	GCF_900060555.1	GCF/ncbi_dataset/data/GCF_900060555.1/genomic.gff	1208090	af3f8fc3add5758f54dd2d949cf686584b7272de3a85a1715e20d6231e03e9c3
GCF	GCF_900060555.1	GCF/ncbi_dataset/data/GCF_900060555.1/sequence_report.jsonl	13452	0634d524a834b38123eba9a3a92ba69d9bb706372c2027dde7f40ff9690be505
GCF	GCF_900060565.1	GCF/ncbi_dataset/data/GCF_900060565.1/GCF_900060565.1_13414_2_30_genomic.fna	2091947	f1038d8aeb0631e31d004d6e2c7e162612f501a3329e3c0083b53b8da31c8627
GCF	GCF_900060565.1	GCF/ncbi_dataset/data/GCF_900060565.1/genomic.gbff	5216546	1d29a123aa904a11276fa134b1d093e1b92cec72baf4fda7f880f63d694f1d45
GCF	GCF_900060565.1	GCF/ncbi_dataset/data/GCF_900060565.1/genomic.gff	1217462	cd9054fac0adc7a00d507cbd351be73a0644174df70eb6ed8d7e5598f335fb84
GCF	GCF_900060565.1	GCF/ncbi_dataset/data/GCF_900060565.1/sequence_report.jsonl	7344	f1d4294fa9fe977518c4d159fbcbbcc2019282540c1a0d71fe6a126eb32bfd4c
GCF	GCF_900060575.1	GCF/ncbi_dataset/data/GCF_900060575.1/GCF_900060575.1_13414_2_33_genomic.fna	2107849	df5891e18fe182a4ff330e69e4388242a6aad6a639c8b1da2911b582d67c22a4
GCF	GCF_900060575.1	GCF/ncbi_dataset/data/GCF_900060575.1/genomic.gbff	5304297	3b3d9be69d121ad3803b6fabdb9014218e0d11e3db038bff449ca84c50492494
GCF	GCF_900060575.1	GCF/ncbi_dataset/data/GCF_900060575.1/genomic.gff	1230862	1141aeba8a7cd6e15b48c043ec5b2faaa92b3504ccfd4259f0801408d59639fa
GCF	GCF_900060575.1	GCF/ncbi_dataset/data/GCF_900060575.1/sequence_report.jsonl	11012	12df3d744e9bf43a1366a8fd35ed72cbba13bab17b09c5988337ab56cfd8c20f
GCF	GCF_900060585.1	GCF/ncbi_dataset/data/GCF_900060585.1/GCF_900060585.1_13414_2_42_genomic.fna	2076347	3280c26a49e568cae25264a1a51932d32a2af13af90a1d0e8b2c27b81206ea8f
GCF	GCF_900060585.1	GCF/ncbi_dataset/data/GCF_900060585.1/genomic.gbff	5205606	b6187985c930f6fb0b4b25c85cad5d942582f6a81ebfed3e276bdc70c9d3f6b0
GCF	GCF_900060585.1	GCF/ncbi_dataset/data/GCF_900060585.1/genomic.gff	1206127	10fbf2b5e152dcca41a2183d85e7b38ac5f58ad8981323ee1ff1f470f754f9f6
GCF	GCF_900060585.1	GCF/ncbi_dataset/data/GCF_900060585.1/sequence_report.jsonl	8871	87e5113a4f7ba8f541e54d112aee1ec029bfb9682696b97d1cf4f7de45befebd
GCF	GCF_900060815.1	GCF/ncbi_dataset/data/GCF_900060815.1/GCF_900060815.1_11657_4_53_genomic.fna	2075647	9bde3844955d4b298b9b544026da6c6ba6d19c2df654e4f189673a7920edc8d0
GCF	GCF_900060815.1	GCF/ncbi_dataset/data/GCF_900060815.1/genomic.gbff	5224652	61a8f719498824eee4ad379e27ad970f8e068faef0637a2d3533309808e6b2a2
GCF	GCF_900060815.1	GCF/ncbi_dataset/data/GCF_900060815.1/genomic.gff	1206279	4cdfbdb2f2bea0412daaa04c16ba7609410c086b8f265c2d5b57a7008abee222
GCF	GCF_900060815.1	GCF/ncbi_dataset/data/GCF_900060815.1/sequence_report.jsonl	12150	42ed6c3264de42973682b02060956b2beec3fdb29efa5b0d31de2213f34d0819
GCF	GCF_900060825.1	GCF/ncbi_dataset/data/GCF_900060825.1/GCF_900060825.1_12291_4_17_genomic.fna	2184429	8fa361476598bef5441e0e3719802b0b25e8b9b3afe9d5a5f9f533aab90f09c3
GCF	GCF_900060825.1	GCF/ncbi_dataset/data/GCF_900060825.1/genomic.gbff	6605778	96143cee3adc8064e5af55d78d8aee10d7645cc0e7bb3e9fdda1918529a12a70
GCF	GCF_900060825.1	GCF/ncbi_dataset/data/GCF_900060825.1/genomic.gff	1606577	1366c94a7fd876662ef5c747b0e28a2014d1ba20c9eeb97a1f690b449528b124
GCF	GCF_900060825.1	GCF/ncbi_dataset/data/GCF_900060825.1/sequence_report.jsonl	80354	a9cfdc3c77bea32f2f3eaae6d5593cad8ad82bda839e87f1b7d1071ffde51ae9
GCF	GCF_900060835.1	GCF/ncbi_dataset/data/GCF_900060835.1/GCF_900060835.1_13154_2_18_genomic.fna	2075580	1feb6ee9704761cc6d7ec70b37aa4717c9576511c77232a32bc2fe5ae40c3b11
GCF	GCF_900060835.1	GCF/ncbi_dataset/data/GCF_900060835.1/genomic.gbff	5201560	7b722002f21a65b8842e2a91f22cbe66c2a86370ba14fc3b7ad6c1865a5bdbce
GCF	GCF_900060835.1	GCF/ncbi_dataset/data/GCF_900060835.1/genomic.gff	1201481	ce948d15d0e8ae8da79b58c1751098a3bf05f3f59130f3f5e0287c2cd49b4f5d
GCF	GCF_900060835.1	GCF/ncbi_dataset/data/GCF_900060835.1/sequence_report.jsonl	9784	486ffc404ff2ed84e770f01e57a4290dd9b34d3aa4c5f00b27f7516af7a7494c
GCF	GCF_900060845.1	GCF/ncbi_dataset/data/GCF_900060845.1/GCF_900060845.1_13154_3_79_genomic.fna	2023357	b91cf538cd6de0253362299332668dfffe08b87585b2777d3b44e316e7fc39f7
GCF	GCF_900060845.1	GCF/ncbi_dataset/data/GCF_900060845.1/genomic.gbff	5135085	4f1c17fe96d72500fce099f0ca6919375dec80ff8e6a8b14099dd69af2200764
GCF	GCF_900060845.1	GCF/ncbi_dataset/data/GCF_900060845.1/genomic.gff	1180772	90b6da37ef953ed012cddee11336f8d580914fc4552726ab3bda7aa98435e6ad
GCF	GCF_900060845.1	GCF/ncbi_dataset/data/GCF_900060845.1/sequence_report.jsonl	15894	6c802e0de6a4915ed2da1e4696f379adc3119986f0945d7251faeaa0e8637998
GCF	GCF_900060855.1	GCF/ncbi_dataset/data/GCF_900060855.1/GCF_900060855.1_13154_3_81_genomic.fna	2085704	99f61dcf2de82280a56965e9ddcbd730ca8d7a8245b3918f8b95b483bbba64f7
GCF	GCF_900060855.1	GCF/ncbi_dataset/data/GCF_900060855.1/genomic.gbff	5650869	5b6ec873d2b051e2d6589215c2830d2ca59d1092edc45f293fe82638fec445ef
GCF	GCF_900060855.1	GCF/ncbi_dataset/data/GCF_900060855.1/genomic.gff	1306735	046b49af4888e05b0314fe1b72140607b44aa0d2c7e0e88f5d4b84364f075f1a
GCF	GCF_900060855.1	GCF/ncbi_dataset/data/GCF_900060855.1/sequence_report.jsonl	49654	b0c58d46412b6637745833a115aa8e95fc979f2b810c91f315dedb8a5a20d02e
GCF	GCF_900060865.1	GCF/ncbi_dataset/data/GCF_900060865.1/GCF_900060865.1_13414_1_79_genomic.fna	2092994	b3c82bbfa5dcd1b923bc01c412f24f8abd5bfd51303dd3e392ec3b140bf074ff
GCF	GCF_900060865.1	GCF/ncbi_dataset/data/GCF_900060865.1/genomic.gbff	5194548	fce8d5343805a64dfad2e02876826150266379e14d0158ce87dbfb8fa2ef30e2
GCF	GCF_900060865.1	GCF/ncbi_dataset/data/GCF_900060865.1/genomic.gff	1197361	d010bf4feb6de947fd77ed3257b61a6d0c9aa6e083d2b415484f5c9329f576ca
GCF	GCF_900060865.1	GCF/ncbi_dataset/data/GCF_900060865.1/sequence_report.jsonl	6423	684a28e03323e61a8251d1a45a1da6194212342651853465b9f2673d3d80bfe1
GCF	GCF_900060875.1	GCF/ncbi_dataset/data/GCF_900060875.1/GCF_900060875.1_13414_2_25_genomic.fna	2128779	87a16bd9d046986ce0166902ce39c687abc2abb59402dad180eb0a74f5b16e62
GCF	GCF_900060875.1	GCF/ncbi_dataset/data/GCF_900060875.1/genomic.gbff	5365290	9c0553ad75ac86ad688d08151231522aae69a8d1eabd9397cdcdd943112010d3
GCF	GCF_900060875.1	GCF/ncbi_dataset/data/GCF_900060875.1/genomic.gff	1231859	851f079190930e752c86df132c048f9404eb11fcdbe959fb82a53e17076b86db
GCF	GCF_900060875.1	GCF/ncbi_dataset/data/GCF_900060875.1/sequence_report.jsonl	13151	9d8bbc52a2aa31b6bb977d00a70f20779d2b850e45c76bba69d20522aef555f8
GCF	GCF_900060885.1	GCF/ncbi_dataset/data/GCF_900060885.1/GCF_900060885.1_13414_2_68_genomic.fna	2114132	d5ee4aab33f7d75767a8aa3239788230b1804880539c5efd8a3fa58b2f23611b
GCF	GCF_900060885.1	GCF/ncbi_dataset/data/GCF_900060885.1/genomic.gbff	5275824	f93e588e9b0c9c3dd415a4012349c88739e59de7a6ccd437545108c10e75a6c8
GCF	GCF_900060885.1	GCF/ncbi_dataset/data/GCF_900060885.1/genomic.gff	1230926	d37057b2ef9d24e152baa10967f8c5d510228f9f50dd14a61db5534b5d0cee19
GCF	GCF_900060885.1	GCF/ncbi_dataset/data/GCF_900060885.1/sequence_report.jsonl	6109	ec4d83ba2fb2f01f9a0be5a4d8d8aa13547e6a4797ed7f4294e85bf4ab6081ab
GCF	GCF_900060895.1	GCF/ncbi_dataset/data/GCF_900060895.1/GCF_900060895.1_14673_1_90_genomic.fna	2030290	6f88cdb04d6dc73ed6780248560d2d285791a0616d69fe7a3597889f892654cf
GCF	GCF_900060895.1	GCF/ncbi_dataset/data/GCF_900060895.1/genomic.gbff	5064322	ed3138b3c08583fbcf00fd804b0a7bb9418a28e5d94036d6e8be0e72caf10ac0
GCF	GCF_900060895.1	GCF/ncbi_dataset/data/GCF_900060895.1/genomic.gff	1157829	468d565c2e62d56cfed8cb863b3e46a9034a569c8007b0708d4e0d7f5a03db01
GCF	GCF_900060895.1	GCF/ncbi_dataset/data/GCF_900060895.1/sequence_report.jsonl	8571	68373724db064547c5abfa7aaa8a3a0726a3d40e3ea9dcdbd524ac38653cb012
GCF	GCF_900061135.1	GCF/ncbi_dataset/data/GCF_900061135.1/GCF_900061135.1_11657_4_37_genomic.fna	2133170	32ae069c03038121ae819486092f583553c3d2a035370dcc4310ab70dc1e495e
GCF	GCF_900061135.1	GCF/ncbi_dataset/data/GCF_900061135.1/genomic.gbff	5367039	5d5598fe8865b49f686c1d02ba97be118cb36dbfb3e425da8eb5e474f8ced723
GCF	GCF_900061135.1	GCF/ncbi_dataset/data/GCF_900061135.1/genomic.gff	1235976	0000dda61a19f2b25afe9318ae768d2c9b196f3839cf5d87f2932d29eae0344c
GCF	GCF_900061135.1	GCF/ncbi_dataset/data/GCF_900061135.1/sequence_report.jsonl	12231	17376004c057f83db41dca3b302971541b3f6db3419af3a36f6539b54d6d0ba1
GCF	GCF_900061145.1	GCF/ncbi_dataset/data/GCF_900061145.1/GCF_900061145.1_11679_1_37_genomic.fna	2112940	b88fd8fca9c55793261651a6f0914df36ebac33e6f13516e76673800c77c1ee2
GCF	GCF_900061145.1	GCF/ncbi_dataset/data/GCF_900061145.1/genomic.gbff	5297857	0cba9b4fc5dd4cfc7ffecb0d216ff9995c2a905dd3755d467ea5187b981531c1
GCF	GCF_900061145.1	GCF/ncbi_dataset/data/GCF_900061145.1/genomic.gff	1216917	45de16539cbba015fbfa0d465749938d2eeda6888c6925ae0389918f3fcb8965
GCF	GCF_900061145.1	GCF/ncbi_dataset/data/GCF_900061145.1/sequence_report.jsonl	12232	ca979d38906f4a257c71da10329832bb21f70c0f0edf113b0b235414ee09f597
GCF	GCF_900061155.1	GCF/ncbi_dataset/data/GCF_900061155.1/GCF_900061155.1_11657_8_28_genomic.fna	2217120	1f1aa89a5c8ce3ddd351b0d1a8f1f270d0f10c0cef4e4106853c5da0a0ae664b
GCF	GCF_900061155.1	GCF/ncbi_dataset/data/GCF_900061155.1/genomic.gbff	5586467	aead92da3e1dfc578aadbb07978833324e657941d190b36b54145998845beda0
GCF	GCF_900061155.1	GCF/ncbi_dataset/data/GCF_900061155.1/genomic.gff	1288906	5400db6c1b06742ec203fa4d730aca116e29b9409cbc3366bf7e6dd00859ea97
GCF	GCF_900061155.1	GCF/ncbi_dataset/data/GCF_900061155.1/sequence_report.jsonl	13968	cb698ee064cfe41817b171c4c90f955abc7e069004de3ce526593b3b53defb0b
GCF	GCF_900061165.1	GCF/ncbi_dataset/data/GCF_900061165.1/GCF_900061165.1_12291_4_67_genomic.fna	2071316	8c0a9e4aecbefcc3f153ba9b5b1f81b2c1c4d76d666f684f57a4ac1781f63a65
GCF	GCF_900061165.1	GCF/ncbi_dataset/data/GCF_900061165.1/genomic.gbff	5454140	59e958f2a7ff264ac338b9b36530c837d79ef2bb859498e2afd325b827db4790
GCF	GCF_900061165.1	GCF/ncbi_dataset/data/GCF_900061165.1/genomic.gff	1354399	f6ef778e24b14322a8752a4b39a500eb5ca5e4169d35dc38cdef812725dc868d
GCF	GCF_900061165.1	GCF/ncbi_dataset/data/GCF_900061165.1/sequence_report.jsonl	3643	68d76efc2991325da5ba04e66b981bf67fd8dd19db308d550b9217614068a52f
GCF	GCF_900061175.1	GCF/ncbi_dataset/data/GCF_900061175.1/GCF_900061175.1_12291_4_69_genomic.fna	2075134	22ff302136e85e125d6e76a420e4750390746e2d5867710ae0cc4f324efdc554
GCF	GCF_900061175.1	GCF/ncbi_dataset/data/GCF_900061175.1/genomic.gbff	5230093	8603436e645524abcad80d0df58b5a8782158abaa43b6ed659d6f33b8bc8e114
GCF	GCF_900061175.1	GCF/ncbi_dataset/data/GCF_900061175.1/genomic.gff	1206847	4354ac461679d4411a61962eb037cfbed24250096ef26a42e42e6edcb3ca1d7f
GCF	GCF_900061175.1	GCF/ncbi_dataset/data/GCF_900061175.1/sequence_report.jsonl	11623	aa6a1beabcce22c5a012e69b6feb757559eed99880447ff3c912bf9c90c5805b
GCF	GCF_900061185.1	GCF/ncbi_dataset/data/GCF_900061185.1/GCF_900061185.1_12291_4_81_genomic.fna	2145412	4509e1e1ec878c9dbdbf47bbe149196eb7da1e5f79f96f44d8a49e6b1e3f551c
GCF	GCF_900061185.1	GCF/ncbi_dataset/data/GCF_900061185.1/genomic.gbff	5401099	edcfb9eedec005012bc49b2223eb626b4c6f77999eafefcc6253a03e143cec39
GCF	GCF_900061185.1	GCF/ncbi_dataset/data/GCF_900061185.1/genomic.gff	1244702	2e2a30092845efdb5fdec1d320420f0e95bde95b4a767ff9a0b282a92f149a51
GCF	GCF_900061185.1	GCF/ncbi_dataset/data/GCF_900061185.1/sequence_report.jsonl	12843	de310f8ba95ed485797126dc977a4ff24e42c6ea9263cd2e34304833b6270220
GCF	GCF_900061195.1	GCF/ncbi_dataset/data/GCF_900061195.1/GCF_900061195.1_12291_5_1_genomic.fna	2073221	a91390bb61fe2b8ae87d6c1b019314a886a47b27bfe0cd9fc9d37d7fe1a51cb9
GCF	GCF_900061195.1	GCF/ncbi_dataset/data/GCF_900061195.1/genomic.gbff	5195626	e3a1589bd1e83efecae4a37e9e2019ea19824f261cd12f0d6e28ded592dc22b5
GCF	GCF_900061195.1	GCF/ncbi_dataset/data/GCF_900061195.1/genomic.gff	1062723	adaf459d94cb32379ec148e93aeb64850f6ae554e479bfdb9190b759a949f550
GCF	GCF_900061195.1	GCF/ncbi_dataset/data/GCF_900061195.1/sequence_report.jsonl	7954	96a35acc71a6f0a78078b56a391202a2944351c1712cda2013bf4d2b1df22fd2
GCF	GCF_900061205.1	GCF/ncbi_dataset/data/GCF_900061205.1/GCF_900061205.1_12291_5_46_genomic.fna	2151694	438c6fddb5decae2d8f0a74e57a12ec79ce0f05003ff557a1472c6a820e5a33b
GCF	GCF_900061205.1	GCF/ncbi_dataset/data/GCF_900061205.1/genomic.gbff	5479772	34879fa64a2d8fd9d163def329083758eedd3d6846f0489b480e32d723460055
GCF	GCF_900061205.1	GCF/ncbi_dataset/data/GCF_900061205.1/genomic.gff	1259267	1d329e2b5f645553a685de7efbba8f35d0e65a24b7f10e6837db8d664a0f6a35
GCF	GCF_900061205.1	GCF/ncbi_dataset/data/GCF_900061205.1/sequence_report.jsonl	18946	2dc38dcb36d30199853432f287049b46ec4f6f316554a6b390d309f46a3f7b7e
GCF	GCF_900061215.1	GCF/ncbi_dataset/data/GCF_900061215.1/GCF_900061215.1_13154_3_20_genomic.fna	2070847	c21b3e179db5e3ba43b383c5f3d16cc7df3f92c345cfa97e524171dbdb1e0dce
GCF	GCF_900061215.1	GCF/ncbi_dataset/data/GCF_900061215.1/genomic.gbff	5168455	af9d6900c6b22bfd793c2eced01975b78d0728b068a6e24a471b5b4a970332ce
GCF	GCF_900061215.1	GCF/ncbi_dataset/data/GCF_900061215.1/genomic.gff	1182854	624f69bf91c45240fc8b1e743e06ad170620064734997762e36b6f1d90ecf32e
GCF	GCF_900061215.1	GCF/ncbi_dataset/data/GCF_900061215.1/sequence_report.jsonl	8568	2cd8e27c7fc189232ee3b5d15e78f7c8e22ce1ef8bbdac5a5b89ecf010243798
GCF	GCF_900061225.1	GCF/ncbi_dataset/data/GCF_900061225.1/GCF_900061225.1_13154_3_53_genomic.fna	2202801	8b0c48072ccf698ef0fc0bda6feea7cc70f41032dc54d1af76bc774ab2f80bf0
GCF	GCF_900061225.1	GCF/ncbi_dataset/data/GCF_900061225.1/genomic.gbff	6364598	bd840de523c9321adf3ca74aa67a5bc273942da67ee70416810929be9a065fbd
GCF	GCF_900061225.1	GCF/ncbi_dataset/data/GCF_900061225.1/genomic.gff	1468603	3e02d86c09a3f4807706d892fde682e7a093d6a6dfa93670d36f11dcfb5f8e9f
GCF	GCF_900061225.1	GCF/ncbi_dataset/data/GCF_900061225.1/sequence_report.jsonl	91913	6cfc595e230f09a60b3f5f4b89cb47ad3db432cfeb6b7687f4908c4da00406d1
GCF	GCF_900061235.1	GCF/ncbi_dataset/data/GCF_900061235.1/GCF_900061235.1_13414_1_81_genomic.fna	2084917	8ea5472469cf33e253016ea084e25afb102519350a4cb89ae19d0360989fcc1f
GCF	GCF_900061235.1	GCF/ncbi_dataset/data/GCF_900061235.1/genomic.gbff	5188358	32ef8d309f5b0b023f4fc6e1dbc4045cd144920e017b9b756331f884dfdb838b
GCF	GCF_900061235.1	GCF/ncbi_dataset/data/GCF_900061235.1/genomic.gff	1205262	33d79914e3cf2fed15f6227234bfc77d3d8f3769f8b056b455c0a164cd140def
GCF	GCF_900061235.1	GCF/ncbi_dataset/data/GCF_900061235.1/sequence_report.jsonl	6421	0f3435a94b6faf97818e44622528799e13705cf549c3e761717d7ce367b3a2b3
GCF	GCF_900061245.1	GCF/ncbi_dataset/data/GCF_900061245.1/GCF_900061245.1_14673_1_87_genomic.fna	2088142	539e8faf4381ba4272d9e8eadecc6093f2191a3f42c54b6c0d9eb0419bd745b5
GCF	GCF_900061245.1	GCF/ncbi_dataset/data/GCF_900061245.1/genomic.gbff	5209962	fd95cc0c7f443d88ee46f86af922c3fb19b550bfb28ff35f62785bc9f7692920
GCF	GCF_900061245.1	GCF/ncbi_dataset/data/GCF_900061245.1/genomic.gff	1209666	9f15053d884def85498fca702a86291963bfb45c99925b619400f5b9d1e0ced6
GCF	GCF_900061245.1	GCF/ncbi_dataset/data/GCF_900061245.1/sequence_report.jsonl	6425	2479cf80288d2a84d00b48659951715329b0a5eba51dfea9f2dc538ae1a41dee
GCF	GCF_900061255.1	GCF/ncbi_dataset/data/GCF_900061255.1/GCF_900061255.1_14673_1_88_genomic.fna	2165691	d9b8009513ee0fdff602e590843b99a047a739348e8d9511c0dbfe46a000b987
GCF	GCF_900061255.1	GCF/ncbi_dataset/data/GCF_900061255.1/genomic.gbff	5422996	8b1545e79fc1fdc2fbb2d2a4159813ed53ae6b29ab01b777738eae632c79da3a
GCF	GCF_900061255.1	GCF/ncbi_dataset/data/GCF_900061255.1/genomic.gff	1243644	d7e28833b09f80bc90e7d0875b5aca95e5ce185fdaf4b41054b17407e0d20b11
GCF	GCF_900061255.1	GCF/ncbi_dataset/data/GCF_900061255.1/sequence_report.jsonl	11012	9434286a5831f5a5520bd3f01e07c22213e02dfd7ab8327c12c09ae8a4abdb55
GCF	GCF_900061745.1	GCF/ncbi_dataset/data/GCF_900061745.1/GCF_900061745.1_11658_2_64_genomic.fna	2019990	19ad7f0aacf89a854805e026d83998a1603686be611e8609afee839623bf5008
GCF	GCF_900061745.1	GCF/ncbi_dataset/data/GCF_900061745.1/genomic.gbff	5118448	1268c81785c14a7cdd43245f15ec79ab552b538b351142a707bf707969be6588
GCF	GCF_900061745.1	GCF/ncbi_dataset/data/GCF_900061745.1/genomic.gff	1178346	948450d0402cbd0c38fb9818f64f726c4cd33c71f4f7eaa7edb24e362ad1958d
GCF	GCF_900061745.1	GCF/ncbi_dataset/data/GCF_900061745.1/sequence_report.jsonl	15182	e501433291abdb1ac754d2ca0374dccd9c96e0fa19700c499d22408b4e03526d
GCF	GCF_900061755.1	GCF/ncbi_dataset/data/GCF_900061755.1/GCF_900061755.1_11679_1_42_genomic.fna	2086892	4b5408f75bb000ecf675ee358ae7b8525ef665a024400257a52ba504d602f0ba
GCF	GCF_900061755.1	GCF/ncbi_dataset/data/GCF_900061755.1/genomic.gbff	6031883	16d0588f2125a64bfc851cc29f93611bf0e2472f1ddadb28239023180cf33bf1
GCF	GCF_900061755.1	GCF/ncbi_dataset/data/GCF_900061755.1/genomic.gff	1480271	f30a37794671577c2910415d4c52193b1d6fd959984e706e4bdd24dba68b86c1
GCF	GCF_900061755.1	GCF/ncbi_dataset/data/GCF_900061755.1/sequence_report.jsonl	51473	a643ab3dc8c5845336818cfe40216d65dfc49c4c510d4a360b16f194b971ded7
GCF	GCF_900061765.1	GCF/ncbi_dataset/data/GCF_900061765.1/GCF_900061765.1_12291_4_45_genomic.fna	2197442	0d03f1fbee60ce872389480106878a39708c4f25c0f2c5ce561bf909cfb4f1ea
GCF	GCF_900061765.1	GCF/ncbi_dataset/data/GCF_900061765.1/genomic.gbff	6414394	8025019740a55aaa568263303f778a45fe2ecac0baaba33e05ba290f89526f16
GCF	GCF_900061765.1	GCF/ncbi_dataset/data/GCF_900061765.1/genomic.gff	1562524	d95efc71df62e0b5327845c593507b830d1905e48cc9b8d518be4340b8ed95b4
GCF	GCF_900061765.1	GCF/ncbi_dataset/data/GCF_900061765.1/sequence_report.jsonl	61479	41793b84506cad3beba7f29498d15cbf96c311f8007885ffc47bbc3882c7a3ef
GCF	GCF_900061775.1	GCF/ncbi_dataset/data/GCF_900061775.1/GCF_900061775.1_12291_4_46_genomic.fna	2117946	0f720b642d528409e41a0504ac4af4089e6614d4b2c6a71eec61648561e1f383
GCF	GCF_900061775.1	GCF/ncbi_dataset/data/GCF_900061775.1/genomic.gbff	5339723	78d5909d4ecf953c6b71216efa70ec439ffffe791b8b4aa67f17e7da77cba742
GCF	GCF_900061775.1	GCF/ncbi_dataset/data/GCF_900061775.1/genomic.gff	1231054	e7c621156ac87793448ba86b0dc00d171c365f7e1ad6344b9bc595341760eab2
GCF	GCF_900061775.1	GCF/ncbi_dataset/data/GCF_900061775.1/sequence_report.jsonl	12834	e58080bfa1f36490bd7b1933b8bc0b7cf4ac30205d79c3b83343b96481d26fcf
GCF	GCF_900061785.1	GCF/ncbi_dataset/data/GCF_900061785.1/GCF_900061785.1_12838_1_71_genomic.fna	2111614	61d8685411febe28bb74bb1f871052678444f4e089d6592c8bb69ec0b9e6e3f0
GCF	GCF_900061785.1	GCF/ncbi_dataset/data/GCF_900061785.1/genomic.gbff	5373092	56f5c250ca2bc8339fc856da23a16ca1e7a5dc934c8927fcf40e7c757928a05a
GCF	GCF_900061785.1	GCF/ncbi_dataset/data/GCF_900061785.1/genomic.gff	1236206	f359df7d590edbc2ea536107bf9840fb26a90bfcce761046f8673f01b699bd56
GCF	GCF_900061785.1	GCF/ncbi_dataset/data/GCF_900061785.1/sequence_report.jsonl	18029	93d37cafc4befd2e10c8f10a66f0f27bae9e6450fde646eaf939c2e6409c8ff4
GCF	GCF_900061795.1	GCF/ncbi_dataset/data/GCF_900061795.1/GCF_900061795.1_12291_5_45_genomic.fna	2072112	5957f186da87324d2b352b08bff53fc4c212b8bc88832bb00c93eb481503eed7
GCF	GCF_900061795.1	GCF/ncbi_dataset/data/GCF_900061795.1/genomic.gbff	5280682	3c749f6edfec91233730e525150cd1d73ced29cd5be159822fd80be1d15d8874
GCF	GCF_900061795.1	GCF/ncbi_dataset/data/GCF_900061795.1/genomic.gff	1070892	c849c58eac3367c9da6837aaad62c8a4af54b847025b1b8b18cb7e3a46da5d5c
GCF	GCF_900061795.1	GCF/ncbi_dataset/data/GCF_900061795.1/sequence_report.jsonl	14065	c9b084e46c806be3432cdf7cc4b09abc54b0b9da8bbfb022d51c60c328a324bb
GCF	GCF_900061805.1	GCF/ncbi_dataset/data/GCF_900061805.1/GCF_900061805.1_13154_3_74_genomic.fna	2131061	4499e9a89c6e903d80005e3dac7f315cbc7c2f953cee223490a54387f61ae4db
GCF	GCF_900061805.1	GCF/ncbi_dataset/data/GCF_900061805.1/genomic.gbff	5355104	59f903aa8b24a481ffa45aca10c08390c377420a0a95b4a62e04fee38ce09ab3
GCF	GCF_900061805.1	GCF/ncbi_dataset/data/GCF_900061805.1/genomic.gff	1237705	3456be97f972c1bac4c67c88160b9dce1f754c6c7da6af3ee56b0d0087d9438f
GCF	GCF_900061805.1	GCF/ncbi_dataset/data/GCF_900061805.1/sequence_report.jsonl	10708	6b63e7023e6ff8763cfbf91a92bd2e15aaec9ef6a71b843568b40712a22d8315
GCF	GCF_900061815.1	GCF/ncbi_dataset/data/GCF_900061815.1/GCF_900061815.1_13414_1_82_genomic.fna	2103853	19c9f8b8fc76b3fcd19afb6e4c2c9105767c3728d1b1e06a8c091632afc469d4
GCF	GCF_900061815.1	GCF/ncbi_dataset/data/GCF_900061815.1/genomic.gbff	5249096	96fe83d3cdbddeb530f0e07fba4c4764613335f821679a872481b4d0d711f00c
GCF	GCF_900061815.1	GCF/ncbi_dataset/data/GCF_900061815.1/genomic.gff	1226840	6c47acf8a1750b8bd8514798115e1ece596c0e34b9b6961500acd44128c79120
GCF	GCF_900061815.1	GCF/ncbi_dataset/data/GCF_900061815.1/sequence_report.jsonl	6121	2e6012db4d3d7b32675f9c87f30ea783ff55f8b98fb7e05c7fddfd8facf52cbe
GCF	GCF_900061825.1	GCF/ncbi_dataset/data/GCF_900061825.1/GCF_900061825.1_13414_2_24_genomic.fna	2085059	824a4fa760c48a3f68aa9fe9d2de0574f237bc3b83366b871eb481dd76d99b5c
GCF	GCF_900061825.1	GCF/ncbi_dataset/data/GCF_900061825.1/genomic.gbff	5227686	39371ed07a82f804529bc6de7e77cbfcb0bb28aecdb98a39cd416bdf8ad901af
GCF	GCF_900061825.1	GCF/ncbi_dataset/data/GCF_900061825.1/genomic.gff	1201235	220ea7591d8082d6ec07ac8b4d9dc044435e7d549ba8d8fc19695cdb5bc732f2
GCF	GCF_900061825.1	GCF/ncbi_dataset/data/GCF_900061825.1/sequence_report.jsonl	9783	f7473957e490a69ea9592c52bbba1e5155fa33eb3c8598870bda894484dd7319
GCF	GCF_900061835.1	GCF/ncbi_dataset/data/GCF_900061835.1/GCF_900061835.1_13414_2_43_genomic.fna	2090424	fb6c4c74e632d139e681b7bbba51b6b5ea9714a2ae43ede67084b5743b85bd2c
GCF	GCF_900061835.1	GCF/ncbi_dataset/data/GCF_900061835.1/genomic.gbff	5207023	153476daf72d2be9140044ec1e9cc750ae7c6f743079e805242b753d7b31a8fe
GCF	GCF_900061835.1	GCF/ncbi_dataset/data/GCF_900061835.1/genomic.gff	1206068	5c6dac28e0265829e0156a79e8859c7e3d6b5de6c34a231a8894a2c7809efa36
GCF	GCF_900061835.1	GCF/ncbi_dataset/data/GCF_900061835.1/sequence_report.jsonl	6420	c8bb750cfef74066678486a0fe7d56e3bd873cbfe460f2c4b17ad5b59c77c192
GCF	GCF_900061845.1	GCF/ncbi_dataset/data/GCF_900061845.1/GCF_900061845.1_13414_2_74_genomic.fna	2076275	bd48218e447fb79df9161febd5e8e1b21650bb586e6219752cd28880c201a09a
GCF	GCF_900061845.1	GCF/ncbi_dataset/data/GCF_900061845.1/genomic.gbff	5155910	013f0ce1b92640195f09b6d6ec153807863266f2088fa6e1655d6f620d695a70
GCF	GCF_900061845.1	GCF/ncbi_dataset/data/GCF_900061845.1/genomic.gff	1200250	0861e680939a67b1a8f5b1b10594ddcb25b13a4c53ce47e90206707c02b9b55c
GCF	GCF_900061845.1	GCF/ncbi_dataset/data/GCF_900061845.1/sequence_report.jsonl	4286	690900f975e4701984b1a6955eda6424fb9b4f5bcd3b5669281164f2484bd507
GCF	GCF_900061855.1	GCF/ncbi_dataset/data/GCF_900061855.1/GCF_900061855.1_14673_4_31_genomic.fna	2066298	faac89b14e93eaac9a279820b27472705559bc42d62a9084a1150ef6dcaa3cfa
GCF	GCF_900061855.1	GCF/ncbi_dataset/data/GCF_900061855.1/genomic.gbff	5123789	6c114f1d40f75e30efdecf87cbf316667990a39cb8dd08f32d36c0ee642597d8
GCF	GCF_900061855.1	GCF/ncbi_dataset/data/GCF_900061855.1/genomic.gff	1189388	9eea77ee6b63cca685c786012f40a5fea74cd5d3dd3c16ff2cc9502a227aeef9
GCF	GCF_900061855.1	GCF/ncbi_dataset/data/GCF_900061855.1/sequence_report.jsonl	4898	d6657eb29e0d23ab33ede9f6963de17a5caeb1599690978afecf7643c95ad037
GCF	GCF_900061955.1	GCF/ncbi_dataset/data/GCF_900061955.1/GCF_900061955.1_13154_3_16_genomic.fna	2137025	6ae88bdda8363dfcc459f9a1b3a6765ec6166f46f1b02e09cfac66c7e3ac9793
GCF	GCF_900061955.1	GCF/ncbi_dataset/data/GCF_900061955.1/genomic.gbff	5758828	978dc82bb516c67dcdb485e543a7000123d9e8dc774b14b00379666c5ff90763
GCF	GCF_900061955.1	GCF/ncbi_dataset/data/GCF_900061955.1/genomic.gff	1416533	a6eba97c75158beaaa1ee1a34ada986c2b6d1a64d48ba50941d26cc04235be40
GCF	GCF_900061955.1	GCF/ncbi_dataset/data/GCF_900061955.1/sequence_report.jsonl	18337	9387e2988657340abaa8cded00ce53ba518ca380979d4ef97ce0ebe9c6cc27c4
GCF	GCF_900061965.1	GCF/ncbi_dataset/data/GCF_900061965.1/GCF_900061965.1_13154_3_70_genomic.fna	2106779	9d915046f9bcffa96511fd22553868ee400f0a4e9fa887613e3909855ea71b18
GCF	GCF_900061965.1	GCF/ncbi_dataset/data/GCF_900061965.1/genomic.gbff	5354409	a8663f8991bf092d529dcca7dc9276861581c76b1c6c4dee13f57506279bac08
GCF	GCF_900061965.1	GCF/ncbi_dataset/data/GCF_900061965.1/genomic.gff	1227638	ec1c52f92ac194f25a14e09ee00475d337938db1d6ff61516a65dc59aaf62578
GCF	GCF_900061965.1	GCF/ncbi_dataset/data/GCF_900061965.1/sequence_report.jsonl	17727	882c6eaffa7869bb654bd0f4658ff0b9fcf4f5ab27d3c9b7c6f9d65900053889
GCF	GCF_900061995.1	GCF/ncbi_dataset/data/GCF_900061995.1/GCF_900061995.1_11511_8_39_genomic.fna	2022805	328ed6b25eafd633370b2a922cb2f91aace38443bd594d0dd1ecab0a1d19fde5
GCF	GCF_900061995.1	GCF/ncbi_dataset/data/GCF_900061995.1/genomic.gbff	5119370	4288fab77881c0864059fa275e67d2453c6eae1bd6b5bec6d143cbd1f1cd1ffd
GCF	GCF_900061995.1	GCF/ncbi_dataset/data/GCF_900061995.1/genomic.gff	1182072	aaaf016bad5b1cbdee16aa2d40b068657e9a6d24c6651dc6310ea5b7d638a234
GCF	GCF_900061995.1	GCF/ncbi_dataset/data/GCF_900061995.1/sequence_report.jsonl	14981	79d8c047405952df8ac0127bc4bf5ba0f202d7020fa02935e10d8b371670e2c8
GCF	GCF_900062005.1	GCF/ncbi_dataset/data/GCF_900062005.1/GCF_900062005.1_13154_3_55_genomic.fna	2108094	64778b854bd9ac9397b19e8b4cceb2350905949e9ee35465d987fb1f3ff1c2e0
GCF	GCF_900062005.1	GCF/ncbi_dataset/data/GCF_900062005.1/genomic.gbff	5234610	30c204a6c0dd1399f0d10bd8c102f79a17e8d296bb68e7f7191c3e9f297f3639
GCF	GCF_900062005.1	GCF/ncbi_dataset/data/GCF_900062005.1/genomic.gff	1209504	bd37a2ed28b179fd5c5d7e98b12ee4f8c21ad01f2bbcc0b15af6c548bab2ebfb
GCF	GCF_900062005.1	GCF/ncbi_dataset/data/GCF_900062005.1/sequence_report.jsonl	7647	7529eb7a123d4daee703031055d863a9384d6faffed9d6ae8ca77c43bd3c1482
GCF	GCF_900062015.1	GCF/ncbi_dataset/data/GCF_900062015.1/GCF_900062015.1_14673_1_83_genomic.fna	2142010	97731fb840b9e2fef2e8e0d04067757b5a1449221884a244619bce53fa3bac1f
GCF	GCF_900062015.1	GCF/ncbi_dataset/data/GCF_900062015.1/genomic.gbff	5447028	71b4ab74a4af249190aa5f6df9b2e2a695ef9f44cb76f4a5a5e06bb1b5c5596d
GCF	GCF_900062015.1	GCF/ncbi_dataset/data/GCF_900062015.1/genomic.gff	1241245	bb664207d54fe2ca8a2deb3349f45ad6f20bdff4f0a232ccd34db614c41d2d89
GCF	GCF_900062015.1	GCF/ncbi_dataset/data/GCF_900062015.1/sequence_report.jsonl	19861	78f7255faaac14ac51f21ad1b527d15de5e126bf1353c5e4438e19a00dbd3055
GCF	GCF_900062025.1	GCF/ncbi_dataset/data/GCF_900062025.1/GCF_900062025.1_14673_4_34_genomic.fna	2095929	8a2aada211371a2cb1260875087f8d3be064b0f9087c81b7a26777aa50cdf551
GCF	GCF_900062025.1	GCF/ncbi_dataset/data/GCF_900062025.1/genomic.gbff	5290042	8b929a7901c3872a0e451635bb41cb6f92ea641202c0a972aa2e3a28e1715dab
GCF	GCF_900062025.1	GCF/ncbi_dataset/data/GCF_900062025.1/genomic.gff	1212794	992309155260e59be59d26313a389024450705d5d8c7a8b12b944300fa41b4b0
GCF	GCF_900062025.1	GCF/ncbi_dataset/data/GCF_900062025.1/sequence_report.jsonl	13444	6d37ce4409f55a72dedc0dd5ab9c7c09774eaf6e8a9d1a9f831b08c69839fd4d
GCF	GCF_900062155.1	GCF/ncbi_dataset/data/GCF_900062155.1/GCF_900062155.1_12291_4_35_genomic.fna	2205850	d16c6da47580a039f80c40b5af5281593f7e831952276cd7da3421d2b1dc1273
GCF	GCF_900062155.1	GCF/ncbi_dataset/data/GCF_900062155.1/genomic.gbff	5636019	b41c08bd6c5f044a48392b31b7743e21248a57686e53d926a291eb42283f636a
GCF	GCF_900062155.1	GCF/ncbi_dataset/data/GCF_900062155.1/genomic.gff	1303024	acf63fe69dcaf688231213f2ebbd3a994a21dd7b55204d7e2d89d6d12d2532e6
GCF	GCF_900062155.1	GCF/ncbi_dataset/data/GCF_900062155.1/sequence_report.jsonl	19856	7f62348d17b8496ce20586eb866fc0678c4e831ea09446c422c3c00c3e622ade
GCF	GCF_900062165.1	GCF/ncbi_dataset/data/GCF_900062165.1/GCF_900062165.1_12291_5_47_genomic.fna	2113541	c4816ac27f171a11be291eb30266db8db20ef3cb6e57b11aa91caa30e165825d
GCF	GCF_900062165.1	GCF/ncbi_dataset/data/GCF_900062165.1/genomic.gbff	5305028	de35fd7fe09ffad03cdec9eca16ebf354e5873817c08dc501921524c916b7d5b
GCF	GCF_900062165.1	GCF/ncbi_dataset/data/GCF_900062165.1/genomic.gff	1074155	5f3dbd6c81d0ae3a40281a4d5236e80af74b1bc7c63c18cbefa4c95686238b1a
GCF	GCF_900062165.1	GCF/ncbi_dataset/data/GCF_900062165.1/sequence_report.jsonl	9789	b279d45cb685df5301b74af34c47cc6fa850807c00b923f43af2ad7f89c8455d
GCF	GCF_900062175.1	GCF/ncbi_dataset/data/GCF_900062175.1/GCF_900062175.1_13414_1_48_genomic.fna	2116676	f9c1727ff41f65e399b41a657e6186082358957423d35874d0be4b63d5f4b594
GCF	GCF_900062175.1	GCF/ncbi_dataset/data/GCF_900062175.1/genomic.gbff	5318024	f19ad78817f327e9ee5deac068d19dfe4dd67fe8509df406128b9da0ba8a9562
GCF	GCF_900062175.1	GCF/ncbi_dataset/data/GCF_900062175.1/genomic.gff	1235073	8c61ac3fc6842a02b306f097ff76e8836b0e9788bb5bf5bc11a285b04a91db66
GCF	GCF_900062175.1	GCF/ncbi_dataset/data/GCF_900062175.1/sequence_report.jsonl	9788	1768855a2ef9505577bb53c6d98bbe0a0fae9d12af5de583de9b865b4fde04d8
GCF	GCF_900062915.1	GCF/ncbi_dataset/data/GCF_900062915.1/GCF_900062915.1_12838_1_70_genomic.fna	2124508	d7a7478494ad65a5400839245743bb400ef5f421ce2db14c5313268d8eb7e71f
GCF	GCF_900062915.1	GCF/ncbi_dataset/data/GCF_900062915.1/genomic.gbff	5514749	833a0f847c771078e14a382c896382ebf2f0c39fc08d323cc397d14f71c625ad
GCF	GCF_900062915.1	GCF/ncbi_dataset/data/GCF_900062915.1/genomic.gff	1271362	c7e895b78a43d8fa7342db276a5e116dcd9c9cd5d1a8ce102555d7020bbb6960
GCF	GCF_900062915.1	GCF/ncbi_dataset/data/GCF_900062915.1/sequence_report.jsonl	28327	1fa2d583d67c8b6139577463fa617207317091513888e8b5489f44d736c58ba6
GCF	GCF_900062925.1	GCF/ncbi_dataset/data/GCF_900062925.1/GCF_900062925.1_12291_4_48_genomic.fna	2080114	b30d02c3dd5bbc6903f07996937f54c6a383823623f1b1f19257ade27bf2abdb
GCF	GCF_900062925.1	GCF/ncbi_dataset/data/GCF_900062925.1/genomic.gbff	5204830	07a3e9b4a0b97e2ca56d2e2fd85f9e967bd9e2c866fe95ea89f7349f1accc81d
GCF	GCF_900062925.1	GCF/ncbi_dataset/data/GCF_900062925.1/genomic.gff	1196237	b4974bc2147da534fb51d81dfef4839eb662c1fafd6705d585ef81bb4c9d7d2d
GCF	GCF_900062925.1	GCF/ncbi_dataset/data/GCF_900062925.1/sequence_report.jsonl	10097	813bff0dba9d62dcfa95834217e93cc0c4aa905ff309bad1dd444fa4d2348f34
GCF	GCF_900062935.1	GCF/ncbi_dataset/data/GCF_900062935.1/GCF_900062935.1_13414_1_83_genomic.fna	2038990	c3d085ab607672260bf2a242c3741f0a83b023d97176f3c6665c69f070281a14
GCF	GCF_900062935.1	GCF/ncbi_dataset/data/GCF_900062935.1/genomic.gbff	5176141	87609fc41f8643cee35989ab6b107f9c86f2265af509fdc879ac4b9c6fe052dc
GCF	GCF_900062935.1	GCF/ncbi_dataset/data/GCF_900062935.1/genomic.gff	1196962	48b747d18fa13e14bd61ce3d5e02ce562feee225f9c78b3ac6309ecca91d2ff0
GCF	GCF_900062935.1	GCF/ncbi_dataset/data/GCF_900062935.1/sequence_report.jsonl	13752	6849c1c8d1a7b3b5cac911538cadc9b4ef711dbcaf6156307fbb43b21d0a53bc
GCF	GCF_900062945.1	GCF/ncbi_dataset/data/GCF_900062945.1/GCF_900062945.1_13414_2_95_genomic.fna	2072896	a27c7817fc4409590e5089236324a0dce5a833cff31d2df4dd977be2c1bb46ab
GCF	GCF_900062945.1	GCF/ncbi_dataset/data/GCF_900062945.1/genomic.gbff	5214613	b8b372650fbd4df9dd587f30ade451cb748cea6de9b5c6905ee4ae8eeb80ca5a
GCF	GCF_900062945.1	GCF/ncbi_dataset/data/GCF_900062945.1/genomic.gff	1205070	f5bf48864eed99670c8450d03ce47895228c50e2125208df0bb4b8d4383609ba
GCF	GCF_900062945.1	GCF/ncbi_dataset/data/GCF_900062945.1/sequence_report.jsonl	11319	aaf3e9995c44789f44bc2be63af1689bddde46f1d07311aec016a1965f5fbfd6
GCF	GCF_900063155.1	GCF/ncbi_dataset/data/GCF_900063155.1/GCF_900063155.1_11657_4_39_genomic.fna	2231056	0b980208eb99c2e81c5f79837f02964231d20bf6744ce576db672054b35f1ea5
GCF	GCF_900063155.1	GCF/ncbi_dataset/data/GCF_900063155.1/genomic.gbff	6599792	aa07f53a4e16cb4388b925b43e4bd9315f31cde9f8f2cdd09cca14cb6e795b7e
GCF	GCF_900063155.1	GCF/ncbi_dataset/data/GCF_900063155.1/genomic.gff	1625560	ca52a1cd727da134b83800c6f8c2bdd471bd36023ae6ed1d4e2f093eed4975ba
GCF	GCF_900063155.1	GCF/ncbi_dataset/data/GCF_900063155.1/sequence_report.jsonl	66057	d1ecb6351cd6f3354e47f0c114702251a80cbcf2c7424665bde4a10a2355a860
GCF	GCF_900063165.1	GCF/ncbi_dataset/data/GCF_900063165.1/GCF_900063165.1_13154_3_64_genomic.fna	2090585	df9fc4da6ec9a9cb427ba0a9c8f76cc9ad7dbf75cde3d75b27d32fc5311b38a9
GCF	GCF_900063165.1	GCF/ncbi_dataset/data/GCF_900063165.1/genomic.gbff	5550138	841e8b02010dc6732449f1b565c3ffbd14365a9789613d598af65e87be5fb156
GCF	GCF_900063165.1	GCF/ncbi_dataset/data/GCF_900063165.1/genomic.gff	1379627	22b7cbadfe78def850c0d18cec9f59718ec34ebe40e3190df3115e94657e9299
GCF	GCF_900063165.1	GCF/ncbi_dataset/data/GCF_900063165.1/sequence_report.jsonl	8201	4b0d9efbbfc23a3cf3c5878c24d6c84826ab6fa9de99e33d47aba7d70d06688a
GCF	GCF_900063175.1	GCF/ncbi_dataset/data/GCF_900063175.1/GCF_900063175.1_13414_2_76_genomic.fna	2000498	1aa28add354731ef8cd862576c52586bdd63fb41425798157335c422ac5e52f2
GCF	GCF_900063175.1	GCF/ncbi_dataset/data/GCF_900063175.1/genomic.gbff	5038441	13c9ff82acb103f2099417c49b56a692e2516b7a9f5ff40d1c186db988b44e8c
GCF	GCF_900063175.1	GCF/ncbi_dataset/data/GCF_900063175.1/genomic.gff	1170550	61dae8ffdfc0c7acac6342d7a0984f53d34458e21f1fa2e53bbf80d4446e21a3
GCF	GCF_900063175.1	GCF/ncbi_dataset/data/GCF_900063175.1/sequence_report.jsonl	9779	43c7503d59a162e60ca9063556bcc5b769860ce366a5973208e8ec7af01f0ce3
GCF	GCF_900063185.1	GCF/ncbi_dataset/data/GCF_900063185.1/GCF_900063185.1_13414_3_21_genomic.fna	2178757	74a2b2d8a8b509afd9a49e3a4b28db58ce3e6573c6bc9f9cf57944b766d88b5a
GCF	GCF_900063185.1	GCF/ncbi_dataset/data/GCF_900063185.1/genomic.gbff	5548446	6862719e95f1be7f4c9afd2294900045000434700ec86639679680a3bd99961e
GCF	GCF_900063185.1	GCF/ncbi_dataset/data/GCF_900063185.1/genomic.gff	1265675	73229aa90809f37dcc14b4a17c9d043f1f6f2f92235e9ca8db10dcf05e5212f7
GCF	GCF_900063185.1	GCF/ncbi_dataset/data/GCF_900063185.1/sequence_report.jsonl	20172	78a1761c8c45f3afd32cedea7aad0339de20bd45f71d9fbd766b0ad24550466d
GCF	GCF_900063195.1	GCF/ncbi_dataset/data/GCF_900063195.1/GCF_900063195.1_13414_3_22_genomic.fna	2067984	5dae3df85bc83872933aa576c356421f7e9efe95289fd5377045e1c1589fc428
GCF	GCF_900063195.1	GCF/ncbi_dataset/data/GCF_900063195.1/genomic.gbff	5183626	9970bec8cb0f9742193a2ef18874aafb6e927f3e6a0908f5424780a698dd5213
GCF	GCF_900063195.1	GCF/ncbi_dataset/data/GCF_900063195.1/genomic.gff	1197960	4ab36dfe4ef79971fb94a3356679b5e0cfc7b984f45b84451b9cf26a13a4fae0
GCF	GCF_900063195.1	GCF/ncbi_dataset/data/GCF_900063195.1/sequence_report.jsonl	9175	ff3ec684486b5826b5d61b8693c1e68f91fe103f12380aedc37776b0a5a9cf0f
GCF	GCF_900063205.1	GCF/ncbi_dataset/data/GCF_900063205.1/GCF_900063205.1_14673_4_41_genomic.fna	2081155	c79f11c187d149e77ad157ce35a8e8eb06b33468dcc77cb413d2d27cb2b8c6ec
GCF	GCF_900063205.1	GCF/ncbi_dataset/data/GCF_900063205.1/genomic.gbff	5181259	afd8fd24b1fbbb5fb4088efa4ea0c124230c70a2419a9ce3f2ce19bde3859fe4
GCF	GCF_900063205.1	GCF/ncbi_dataset/data/GCF_900063205.1/genomic.gff	1207259	f9ac4593243813f273559e997b247939d55fe9e798688e7232cc5722f36e5c08
GCF	GCF_900063205.1	GCF/ncbi_dataset/data/GCF_900063205.1/sequence_report.jsonl	4287	98a3b8659b3db62c22e744837abeecac329988e119919c16dceccca350b65f23
GCF	GCF_900063355.1	GCF/ncbi_dataset/data/GCF_900063355.1/GCF_900063355.1_11657_8_18_genomic.fna	2232071	f3f7ccecdbdcaabf4e7b3396c83ada9e2fbbffcb3e9f45410c03d6ec33fa917d
GCF	GCF_900063355.1	GCF/ncbi_dataset/data/GCF_900063355.1/genomic.gbff	6713819	e437ddf755e85914aa1b411ebbfb6eadc37f716284605eef79d5ecfae666cac4
GCF	GCF_900063355.1	GCF/ncbi_dataset/data/GCF_900063355.1/genomic.gff	1643798	762abd52a326dd6866ed2bb331a1b3685df18da83451914a174e6ac3578e45bb
GCF	GCF_900063355.1	GCF/ncbi_dataset/data/GCF_900063355.1/sequence_report.jsonl	75779	d1a0a0815d5f05fd98224da711435a0f451a11acf3e13fd988cd472afde1e81b
GCF	GCF_900063365.1	GCF/ncbi_dataset/data/GCF_900063365.1/GCF_900063365.1_11511_8_55_genomic.fna	2019984	133e27618c46a77413a494db6b47eccbd5a96bae722da1ceff75853968b0ca6a
GCF	GCF_900063365.1	GCF/ncbi_dataset/data/GCF_900063365.1/genomic.gbff	5119831	b08788fb539fe266cfaa7e8c8f1a02c8d11a726d0bc5db925a2b03acb8689c2a
GCF	GCF_900063365.1	GCF/ncbi_dataset/data/GCF_900063365.1/genomic.gff	1182497	0c1b4fc5becc5534be31dfcbfc3a679652eb5e903d297bd24e33a7bc4c2a6b19
GCF	GCF_900063365.1	GCF/ncbi_dataset/data/GCF_900063365.1/sequence_report.jsonl	14977	168fc643f7aea36b9bb603c09cb58e6c0278406efb0098c54b42f77188f65b53
GCF	GCF_900063375.1	GCF/ncbi_dataset/data/GCF_900063375.1/GCF_900063375.1_11511_8_56_genomic.fna	2132715	e6457611c30e5227e03bbf2469b162af2ccafcb11261e03592634f4a1014ef26
GCF	GCF_900063375.1	GCF/ncbi_dataset/data/GCF_900063375.1/genomic.gbff	5330018	c2a278f99da2f663e3b71a11a8175ea556036995f9e85232d16d75e5c6b636bd
GCF	GCF_900063375.1	GCF/ncbi_dataset/data/GCF_900063375.1/genomic.gff	1231281	fbe1f5f807bb3f94bbe54cf9f1a08db68e2f40012cc95423cb925bd18b18cde8
GCF	GCF_900063375.1	GCF/ncbi_dataset/data/GCF_900063375.1/sequence_report.jsonl	7951	7dc8a165e073499a661cb28b5e5e16d138543125da079dacccbb4b82ac70c917
GCF	GCF_900063385.1	GCF/ncbi_dataset/data/GCF_900063385.1/GCF_900063385.1_11657_4_56_genomic.fna	2017070	9310a442f66a6226450593625610333e74af57488651fc5d66230030cffd2d0f
GCF	GCF_900063385.1	GCF/ncbi_dataset/data/GCF_900063385.1/genomic.gbff	5089498	7ebf457f83dfd20c88cc4dcfe1eaa655231da125847b3a651dd5c23356e60e15
GCF	GCF_900063385.1	GCF/ncbi_dataset/data/GCF_900063385.1/genomic.gff	1172538	fa1d3a909c7f38d66e7e357f91ce708529b0326b78ee6549f6fd105ab53d9777
GCF	GCF_900063385.1	GCF/ncbi_dataset/data/GCF_900063385.1/sequence_report.jsonl	13761	cf4398512b83babfacde0cf129c82cb478d87292b5fa9455f0f05e1d2695ae78
GCF	GCF_900063395.1	GCF/ncbi_dataset/data/GCF_900063395.1/GCF_900063395.1_12291_4_13_genomic.fna	2079359	6d4cb7b2352422fcc41651bb51fd45b8ba8a1fb8156129433a31f3a7fbe66cff
GCF	GCF_900063395.1	GCF/ncbi_dataset/data/GCF_900063395.1/genomic.gbff	5217193	acb0c8e872dfbe36880fc1cc933a06a566cb627f256206ef4fcd2679c58edc2c
GCF	GCF_900063395.1	GCF/ncbi_dataset/data/GCF_900063395.1/genomic.gff	1201506	d502cd080bf4da8c4ba32b3fbaa3c6da4b6f5a4e25cabcd2e82765daa7f479fa
GCF	GCF_900063395.1	GCF/ncbi_dataset/data/GCF_900063395.1/sequence_report.jsonl	11011	94275d7422a764c7b97e6d49101a9e8e1385d653bee2d3ada8c994cca7e3e128
GCF	GCF_900063405.1	GCF/ncbi_dataset/data/GCF_900063405.1/GCF_900063405.1_12291_4_66_genomic.fna	2074298	f819f88764845660f637db5febfebe4260c4d8777da2885962212391b3402603
GCF	GCF_900063405.1	GCF/ncbi_dataset/data/GCF_900063405.1/genomic.gbff	5219921	df786f00465e228e197fe9941bab0786aa9a0102dce39540f0b1cda048b3081f
GCF	GCF_900063405.1	GCF/ncbi_dataset/data/GCF_900063405.1/genomic.gff	1207240	dee77d3c700f144373304801e690d8968a43d6d5b1641cc522156ca8db9b12fe
GCF	GCF_900063405.1	GCF/ncbi_dataset/data/GCF_900063405.1/sequence_report.jsonl	12226	92c20febfd97cd494cd49c283b051a4004e3dd56cdb1aabec4fed58e165fa0a0
GCF	GCF_900063415.1	GCF/ncbi_dataset/data/GCF_900063415.1/GCF_900063415.1_12291_4_68_genomic.fna	2088419	828bbd97f91bb0a0c5f2361cf48d564be8fb545aaa2f8e78aca1514cb1a69330
GCF	GCF_900063415.1	GCF/ncbi_dataset/data/GCF_900063415.1/genomic.gbff	5516716	03fdedf9a740565be634426a6717e88a5fe4bad7981dfb9f9ae062e71966f1f5
GCF	GCF_900063415.1	GCF/ncbi_dataset/data/GCF_900063415.1/genomic.gff	1372260	76a1c7bd556e5aefe963b83f31e81e1133e7af7a3d66aa001289ae2f63b5f08c
GCF	GCF_900063415.1	GCF/ncbi_dataset/data/GCF_900063415.1/sequence_report.jsonl	5475	9bdb78d47f1e06d8d1c650b849cfc0541f6f9dba62e6af6e17656a35770fbadd
GCF	GCF_900063425.1	GCF/ncbi_dataset/data/GCF_900063425.1/GCF_900063425.1_12291_4_74_genomic.fna	2075950	9214e185e94359b26085b5a48ccba7714db7e169f8add5bf1b0af917fc755e6e
GCF	GCF_900063425.1	GCF/ncbi_dataset/data/GCF_900063425.1/genomic.gbff	5241364	471d0948a320bcd5ae26814417da50626832237768675f2607853f125d31ea76
GCF	GCF_900063425.1	GCF/ncbi_dataset/data/GCF_900063425.1/genomic.gff	1067455	bfc4bf1eedbe4017fe7ad6aa84665e19cb6d6f43b1dfd7d82ada3c1cacae9d70
GCF	GCF_900063425.1	GCF/ncbi_dataset/data/GCF_900063425.1/sequence_report.jsonl	10700	3bd185b340b413a04096a1fc3fe6025e94bcc76cc7d5a740881693262dabad8c
GCF	GCF_900063435.1	GCF/ncbi_dataset/data/GCF_900063435.1/GCF_900063435.1_13154_3_14_genomic.fna	2079496	e0d6f2594590344eacc326290f28c436df3d31df8cb65860bd466aa6f6a8fcbb
GCF	GCF_900063435.1	GCF/ncbi_dataset/data/GCF_900063435.1/genomic.gbff	5595681	fb9a824e2121cf1c4d4d1be009f0ba50680e815317e656ca59ec56cb5b156d51
GCF	GCF_900063435.1	GCF/ncbi_dataset/data/GCF_900063435.1/genomic.gff	1387156	bce3fe9dda05023e40bf3b13e8d50cdadca2aca9a3e6d2c3cdfc7b2332c87807
GCF	GCF_900063435.1	GCF/ncbi_dataset/data/GCF_900063435.1/sequence_report.jsonl	13754	e5d4f96d2863397413b493ffc0b178fc44643ebd2354b999e623b2fe20febba9
GCF	GCF_900063445.1	GCF/ncbi_dataset/data/GCF_900063445.1/GCF_900063445.1_13154_3_52_genomic.fna	2110752	cc28c3d42bf6e8abc29f3ca2f8259529fd3ebdd2c26baff88a9243a1ca99e3dd
GCF	GCF_900063445.1	GCF/ncbi_dataset/data/GCF_900063445.1/genomic.gbff	5283393	7942845cb57da0a5d4f7f858a61cfa065c8ea0c3e5ed498ded7a1b92cbef0f63
GCF	GCF_900063445.1	GCF/ncbi_dataset/data/GCF_900063445.1/genomic.gff	1229521	2f9c5b98cd858711174fa743f75a12063d1430dd2f3f1ab97b383cf86391f25d
GCF	GCF_900063445.1	GCF/ncbi_dataset/data/GCF_900063445.1/sequence_report.jsonl	8564	e959b9e1ab590bba225dab80dcda83f07c88188bee871511b425c212c9f65a2e
GCF	GCF_900063455.1	GCF/ncbi_dataset/data/GCF_900063455.1/GCF_900063455.1_13414_2_62_genomic.fna	2091890	898e4fe79f32cb62934015ef77ba1885ea5c5a0d19815416fa79ef5137565068
GCF	GCF_900063455.1	GCF/ncbi_dataset/data/GCF_900063455.1/genomic.gbff	5297385	bdca3c55bf1d8cc4ddb6861b9458a98fcd4bab53ccad1737bb9f88bb3e67c8f4
GCF	GCF_900063455.1	GCF/ncbi_dataset/data/GCF_900063455.1/genomic.gff	1222286	f1622b7a584e780f07e03653a4e5e6bd84c59605455fe9ac3cf7d3cc80772e9e
GCF	GCF_900063455.1	GCF/ncbi_dataset/data/GCF_900063455.1/sequence_report.jsonl	14070	1aac4cfa8f2f4497341fc447c6111a3a54eea10184aaf632d2b44fc7c867b83c
GCF	GCF_900063465.1	GCF/ncbi_dataset/data/GCF_900063465.1/GCF_900063465.1_13414_2_63_genomic.fna	2075323	f3296419c7df8e981aaf9375241e64a3d228360b6e344560c704726e84469002
GCF	GCF_900063465.1	GCF/ncbi_dataset/data/GCF_900063465.1/genomic.gbff	5205205	42d4a9250769b5264366a9c75c267faa6ad18205a50a85d73af99a81ab85a8eb
GCF	GCF_900063465.1	GCF/ncbi_dataset/data/GCF_900063465.1/genomic.gff	1202924	ab6537660d2ea28f73b5cac927fba0c0f60f098a02d9ff56797f45d74b0637d7
GCF	GCF_900063465.1	GCF/ncbi_dataset/data/GCF_900063465.1/sequence_report.jsonl	10702	13ef036d3e3c249b84e503381707669266e8ce7233fedc5672181b6595854421
GCF	GCF_900063475.1	GCF/ncbi_dataset/data/GCF_900063475.1/GCF_900063475.1_13414_3_4_genomic.fna	2286971	0b2dd09264d5d4f4c4cc750365e2a268faae911cce2a40de6eafd6d815e01a60
GCF	GCF_900063475.1	GCF/ncbi_dataset/data/GCF_900063475.1/genomic.gbff	6327595	0c0ddf57cc2a81c4919252770ab38d31d7af305826381f47f705202ac7e95479
GCF	GCF_900063475.1	GCF/ncbi_dataset/data/GCF_900063475.1/genomic.gff	1473732	70a5e5e5397c3ae7ead61fec44787852f5b362cd5d936e383658681e7a8af5a1
GCF	GCF_900063475.1	GCF/ncbi_dataset/data/GCF_900063475.1/sequence_report.jsonl	67732	4113e0e44f793b0f464a8d80153c088f520803c9f08216c1ec3a30a6059498b7
GCF	GCF_900063485.1	GCF/ncbi_dataset/data/GCF_900063485.1/GCF_900063485.1_13414_3_5_genomic.fna	2149309	519977958d321d23e6b2b489c94d4c1a31873e0c74565a69f69fb17cf085fc77
GCF	GCF_900063485.1	GCF/ncbi_dataset/data/GCF_900063485.1/genomic.gbff	5448449	42da14047ff0510a5fc49ced4840661663f9562ed1017ae3437d1f4e079d07bf
GCF	GCF_900063485.1	GCF/ncbi_dataset/data/GCF_900063485.1/genomic.gff	1269382	78c4582e29a32eda6ef1d97d49b2443d439cf035cb049f297364f74c36eac2b2
GCF	GCF_900063485.1	GCF/ncbi_dataset/data/GCF_900063485.1/sequence_report.jsonl	13758	1f74173a596bbc05a3c6534969682ba1a9a2ea11955fffe60710a41b2a4a4936
GCF	GCF_900063965.1	GCF/ncbi_dataset/data/GCF_900063965.1/GCF_900063965.1_12291_5_72_genomic.fna	2022418	9f990d2b72549b36cf3858629c93faa6740430768728ef66794ada8046421372
GCF	GCF_900063965.1	GCF/ncbi_dataset/data/GCF_900063965.1/genomic.gbff	5116249	7a159d370506ae716af13179891b3db643667ea4578fb2c481a646e92bdbefb3
GCF	GCF_900063965.1	GCF/ncbi_dataset/data/GCF_900063965.1/genomic.gff	1179663	e773b1455d1e704544a0ad324056db3d063217c0371a3e53e04f68d044f79ffa
GCF	GCF_900063965.1	GCF/ncbi_dataset/data/GCF_900063965.1/sequence_report.jsonl	14366	824f027d62b0a3bcac1f79b6365f46f1ca0691b06e33267b8ae3e40008913c58
GCF	GCF_900064055.1	GCF/ncbi_dataset/data/GCF_900064055.1/GCF_900064055.1_11658_2_60_genomic.fna	2110705	94b5594726a137171079e53733e5fea844fe59ebf70f56d5b9f4903b7338f207
GCF	GCF_900064055.1	GCF/ncbi_dataset/data/GCF_900064055.1/genomic.gbff	5301184	68ee38bc46d5a04152d17b6e355f93d859a6284a0f16e3d48b4567204b08e121
GCF	GCF_900064055.1	GCF/ncbi_dataset/data/GCF_900064055.1/genomic.gff	1223383	bb564a7b2e52cfc8dba90d85b4908c6021240a8df990b129046d05f1188aba36
GCF	GCF_900064055.1	GCF/ncbi_dataset/data/GCF_900064055.1/sequence_report.jsonl	11925	e60d81aff6715c5b9855408bbab79138322a51b67cdc08e7b94d7c808c7e7746
GCF	GCF_900064065.1	GCF/ncbi_dataset/data/GCF_900064065.1/GCF_900064065.1_12291_4_44_genomic.fna	2190091	e2d89c40fccde300176a6a4e290b7af7c864af395d6706109b4e3510196daf6b
GCF	GCF_900064065.1	GCF/ncbi_dataset/data/GCF_900064065.1/genomic.gbff	5469348	721e83e73fe64ba531a46ff442293d11bdeac7e96d569d81f832e4e0c481f432
GCF	GCF_900064065.1	GCF/ncbi_dataset/data/GCF_900064065.1/genomic.gff	1267852	520d05cd00f29669ab40c2ff3cf9555181352e95b0e6bd1b8cb3f2207188b0bb
GCF	GCF_900064065.1	GCF/ncbi_dataset/data/GCF_900064065.1/sequence_report.jsonl	8559	487c53e977af10f5f75f9c0111c5e52bda0eb26e8e86aae9d6f775d447148410
GCF	GCF_900064075.1	GCF/ncbi_dataset/data/GCF_900064075.1/GCF_900064075.1_12291_4_47_genomic.fna	2108538	b5b8ec78faab3525e3b98decc98c3ddf3c1e270012f40ebf78ec594b63f8053a
GCF	GCF_900064075.1	GCF/ncbi_dataset/data/GCF_900064075.1/genomic.gbff	5328963	186cf3dba9318c9aeafaa16ab6fe411b2b557f6b83d2ba5f7461a6404474aeef
GCF	GCF_900064075.1	GCF/ncbi_dataset/data/GCF_900064075.1/genomic.gff	1235368	825c533dfd0048ae713c876d9fda07ecdc1a43a583b001b5b35d75334e9bf09d
GCF	GCF_900064075.1	GCF/ncbi_dataset/data/GCF_900064075.1/sequence_report.jsonl	12833	85a6e141674c04e1751cf4514b2f8c451e0f4550965ce7fc8fc69b7488b56623
GCF	GCF_900064085.1	GCF/ncbi_dataset/data/GCF_900064085.1/GCF_900064085.1_12291_4_54_genomic.fna	2075627	8b52e711cb9c34397738c647a6c9fa40417507e32912b66196c7fc13c1a542ce
GCF	GCF_900064085.1	GCF/ncbi_dataset/data/GCF_900064085.1/genomic.gbff	5167586	8eea2786ad2809a06530e2ba019569b501e48c9a55b75139eacb28b1290aed22
GCF	GCF_900064085.1	GCF/ncbi_dataset/data/GCF_900064085.1/genomic.gff	1201360	1e2965aeb14673cd7a9470081e689ccb12452dc548e2f5de61ce099ad27d5fab
GCF	GCF_900064085.1	GCF/ncbi_dataset/data/GCF_900064085.1/sequence_report.jsonl	5814	13b219e684a3dc04dd50369f6ac83c14d0b180cad3108998afcc5307593647c4
GCF	GCF_900064095.1	GCF/ncbi_dataset/data/GCF_900064095.1/GCF_900064095.1_12299_1_57_genomic.fna	2074386	8e4e1821d845bd3f8bffe76404ebbbd3bebe431b84ec7ed154d53e0481bf81c7
GCF	GCF_900064095.1	GCF/ncbi_dataset/data/GCF_900064095.1/genomic.gbff	5205700	0cef00c1b328d437626e9cf0477c7ffa8d5d1bf15db7e3c9ff6077d37cdd1f2e
GCF	GCF_900064095.1	GCF/ncbi_dataset/data/GCF_900064095.1/genomic.gff	1204427	c4114d8aee332e02c67f71c7ba2bb99dd11f9103501240551aaa6570624ce5ac
GCF	GCF_900064095.1	GCF/ncbi_dataset/data/GCF_900064095.1/sequence_report.jsonl	11316	eb22785a0e03c8dbb771562565d6f39dfab56753245feb52acf4a61896beddcb
GCF	GCF_900064105.1	GCF/ncbi_dataset/data/GCF_900064105.1/GCF_900064105.1_12299_1_64_genomic.fna	2276865	f6b98ea64d6d94b2614a2108520e58e49b6628632b69de0c92079cfd51636ea2
GCF	GCF_900064105.1	GCF/ncbi_dataset/data/GCF_900064105.1/genomic.gbff	6680408	b142cf3aa7b72d6c80ca0d632e75189cb4dfd58bb420da665699e416554d25fe
GCF	GCF_900064105.1	GCF/ncbi_dataset/data/GCF_900064105.1/genomic.gff	1635579	53cc36b56d4e8f05259ebf595b7d030718f4b80348b43cb7877b134faec475b0
GCF	GCF_900064105.1	GCF/ncbi_dataset/data/GCF_900064105.1/sequence_report.jsonl	64842	adcaa2bab9ac57348a2dd4a4274d8e139495afd38a3bc2e14d05b4c24b986b9a
GCF	GCF_900064115.1	GCF/ncbi_dataset/data/GCF_900064115.1/GCF_900064115.1_13154_3_54_genomic.fna	2141677	6ab924395cdccaf653fae54ec4f06869fece578dfe1c9ba5286e6573ae044628
GCF	GCF_900064115.1	GCF/ncbi_dataset/data/GCF_900064115.1/genomic.gbff	5399150	f145baf5854db514fcef2b657bb636eda29203de43d5a4a7559c23cf386ce79e
GCF	GCF_900064115.1	GCF/ncbi_dataset/data/GCF_900064115.1/genomic.gff	1245516	bf0d4127eae193c3c2fe9a8803a59c127403e6306bca865fa9915e0bc02a0dc8
GCF	GCF_900064115.1	GCF/ncbi_dataset/data/GCF_900064115.1/sequence_report.jsonl	12839	b2d0ed2955d33c16eff932221ae89902b83fa4b3d4f9ca6179d208f43fd3607b
GCF	GCF_900064125.1	GCF/ncbi_dataset/data/GCF_900064125.1/GCF_900064125.1_13414_1_72_genomic.fna	2091179	749d1a2c849e783f1509bc22805f87095013ca666e992ae4cc60264303a29dc5
GCF	GCF_900064125.1	GCF/ncbi_dataset/data/GCF_900064125.1/genomic.gbff	5289612	24845dc8cf803923b1ae7417e497cf3ea5a51d95bde0f79819312624b2e2d9df
GCF	GCF_900064125.1	GCF/ncbi_dataset/data/GCF_900064125.1/genomic.gff	1221706	abf31e835759cd81915c9ba3fff63ce75d3d486bb42af81d8ce3f7851fbb9a45
GCF	GCF_900064125.1	GCF/ncbi_dataset/data/GCF_900064125.1/sequence_report.jsonl	13460	7538d591441f58ce96fb13f99d17924ef053a4714189d6a8b8d4c623d827908a
GCF	GCF_900064135.1	GCF/ncbi_dataset/data/GCF_900064135.1/GCF_900064135.1_13414_1_77_genomic.fna	2109911	f90fd5b8b5ef090aa3ac53d14c2763f03603440a4917c5783cee249d8c66f8a1
GCF	GCF_900064135.1	GCF/ncbi_dataset/data/GCF_900064135.1/genomic.gbff	5276255	65fda5de5042c82f2c7f8b16c20de2d4a04fd4d9154b70fc562d56dc687784f0
GCF	GCF_900064135.1	GCF/ncbi_dataset/data/GCF_900064135.1/genomic.gff	1215624	c94c433adc04cc6c8992e602c852d42f433db4ff90a22d466d1f1ce42a1c6bc1
GCF	GCF_900064135.1	GCF/ncbi_dataset/data/GCF_900064135.1/sequence_report.jsonl	10637	47f1b9c7eb4e1bf188efe0e6120c955d74d32205a3d89c3b9d57396761972782
GCF	GCF_900064145.1	GCF/ncbi_dataset/data/GCF_900064145.1/GCF_900064145.1_14673_4_36_genomic.fna	2161708	f607dd07252bd3f3c50eb1e1d5ff9bee1ede80079438c128e69dc34c579d1d69
GCF	GCF_900064145.1	GCF/ncbi_dataset/data/GCF_900064145.1/genomic.gbff	5406626	238da1e85eb954df20c83663f150d8186b4fabdda9f7d910973c18ac43301619
GCF	GCF_900064145.1	GCF/ncbi_dataset/data/GCF_900064145.1/genomic.gff	1257252	b74c61ae3293bfb3ba3cbeda510869a4b3969b8ba01556bedb52c45e876e5c70
GCF	GCF_900064145.1	GCF/ncbi_dataset/data/GCF_900064145.1/sequence_report.jsonl	8258	f33f6d60e101585fdd691f01c3a235145b30753752daad35d1b69ca26f3f7b3d
GCF	GCF_900064155.1	GCF/ncbi_dataset/data/GCF_900064155.1/GCF_900064155.1_14673_4_38_genomic.fna	2022267	1e8b7667c363676c008c6f55bd9a29aa34dfd616fe53e79235743047144e23d4
GCF	GCF_900064155.1	GCF/ncbi_dataset/data/GCF_900064155.1/genomic.gbff	5071929	9f5dbd22c3f9f3c5b3da0ce2b909e318e28be229ff9e768a8559242b3c0f9d87
GCF	GCF_900064155.1	GCF/ncbi_dataset/data/GCF_900064155.1/genomic.gff	1168787	56b79fb189f1fdb58413d5dd84aa3267bd6935cf4317b3492d04a699496e2056
GCF	GCF_900064155.1	GCF/ncbi_dataset/data/GCF_900064155.1/sequence_report.jsonl	9172	4a486fa699f86eac4c377b74f9ed323a8b977d4f3293350e26dafe9cbfc2716b
GCF	GCF_900064255.1	GCF/ncbi_dataset/data/GCF_900064255.1/GCF_900064255.1_12291_4_55_genomic.fna	2179770	13605cfcc1c1b45933f45f320e51fae8c8308ce49f89742d4752b176203c0afb
GCF	GCF_900064255.1	GCF/ncbi_dataset/data/GCF_900064255.1/genomic.gbff	5484909	04290be627e66a35f373fc853e72014a5af36acdcaa1bc45e05564afa7a0fab4
GCF	GCF_900064255.1	GCF/ncbi_dataset/data/GCF_900064255.1/genomic.gff	1265965	1859ab1a0195166fcdf47ab76c64dcba289bbb70075f0d1312531bd2cd5765a5
GCF	GCF_900064255.1	GCF/ncbi_dataset/data/GCF_900064255.1/sequence_report.jsonl	12233	7cfc01033ae9aeb7cbddfb1a61e8ffa894b949ec37bdba7f6e7836e7f4daf33f
GCF	GCF_900064595.1	GCF/ncbi_dataset/data/GCF_900064595.1/GCF_900064595.1_11679_1_34_genomic.fna	2095847	075c6af638e8598b337a69445b39a525a79a35637fd47b780d19fd1da714493c
GCF	GCF_900064595.1	GCF/ncbi_dataset/data/GCF_900064595.1/genomic.gbff	5588501	f9dc000ed13c142247c0091f75377aa01ec8aa2c6d8c670268047d6afb150b45
GCF	GCF_900064595.1	GCF/ncbi_dataset/data/GCF_900064595.1/genomic.gff	1387973	74ae8129f2bbe717a25dcf63c12aae24d0f6f4364a6722693daccd376490ff35
GCF	GCF_900064595.1	GCF/ncbi_dataset/data/GCF_900064595.1/sequence_report.jsonl	10680	5eb71bdf50e3ad43f8819dc32e5a4b1b4dc7aec1693e080f7fc9adf51c973850
GCF	GCF_900064605.1	GCF/ncbi_dataset/data/GCF_900064605.1/GCF_900064605.1_11511_8_40_genomic.fna	2102748	fe549eb597512462e2080acced06c2e4a8bf68b2ea58ad7e66709d8ae4cb232b
GCF	GCF_900064605.1	GCF/ncbi_dataset/data/GCF_900064605.1/genomic.gbff	5259879	19340178eff1da34a26a066faca834374ef237cfd417db7bbda651bbd2e1c503
GCF	GCF_900064605.1	GCF/ncbi_dataset/data/GCF_900064605.1/genomic.gff	1211435	72617c850208e7b77edc4b533d57b415bb1276b01cf5b78acaf6f1f22e6169fe
GCF	GCF_900064605.1	GCF/ncbi_dataset/data/GCF_900064605.1/sequence_report.jsonl	9724	6662d9c03993e1f807ec0620967d7d1dd82e6d35ccf8398aa2762602df35782d
GCF	GCF_900064615.1	GCF/ncbi_dataset/data/GCF_900064615.1/GCF_900064615.1_11658_2_81_genomic.fna	2157771	627af8a8f4f53fb8fdd76f66255372e6379b76e76709b1026e9f7c6eb951d1c1
GCF	GCF_900064615.1	GCF/ncbi_dataset/data/GCF_900064615.1/genomic.gbff	6062352	918926d2c2637fcf4e178fdd6c6273f01e31ea2cf6a68caf7871f5163eb4aba7
GCF	GCF_900064615.1	GCF/ncbi_dataset/data/GCF_900064615.1/genomic.gff	1491641	c3716a3541c0aa09bded42be11148bc52afb15684108aad9889e962ebea49dea
GCF	GCF_900064615.1	GCF/ncbi_dataset/data/GCF_900064615.1/sequence_report.jsonl	36860	e632d2fca3565aee2e40f5659f00eb28b78682a4151d6c89d5c25595ade6cd85
GCF	GCF_900064625.1	GCF/ncbi_dataset/data/GCF_900064625.1/GCF_900064625.1_11658_2_50_genomic.fna	2096997	bcf2b7758b2f065ceb2b72914101a74514e32865c9b3073048729eaa5de59201
GCF	GCF_900064625.1	GCF/ncbi_dataset/data/GCF_900064625.1/genomic.gbff	5225231	7e1a7ee4787efbed2deef606142c3067af16ab9fa43ebec33974f7a9e72a16b5
GCF	GCF_900064625.1	GCF/ncbi_dataset/data/GCF_900064625.1/genomic.gff	1197996	27f10cc193197e1d52a261c5f755963d6bc5b7cf3594a0c845409ffd89085697
GCF	GCF_900064625.1	GCF/ncbi_dataset/data/GCF_900064625.1/sequence_report.jsonl	8567	ac59d52ab361bb6328b95e5706cd9d856555c6d8504718b8d5140b661c50bb9b
GCF	GCF_900064635.1	GCF/ncbi_dataset/data/GCF_900064635.1/GCF_900064635.1_13154_3_38_genomic.fna	2089889	fa5375ecb56fed3f2e7487c7f35e159b8d2af3c909eabccf74add105afdc13a6
GCF	GCF_900064635.1	GCF/ncbi_dataset/data/GCF_900064635.1/genomic.gbff	5613698	1b6c995441b9f0b84cecc511e27e3ac23606aa5c65bf803abf1d5a94003147ae
GCF	GCF_900064635.1	GCF/ncbi_dataset/data/GCF_900064635.1/genomic.gff	1390657	1e7e9c62702e1e359284a29c7033aa63ea35d871b436f68cce7fd9346988144d
GCF	GCF_900064635.1	GCF/ncbi_dataset/data/GCF_900064635.1/sequence_report.jsonl	12836	898c2e98ef1eaa3b094e47ba30e588b9bfa656010ec05e46cbadbc7ff804bd24
GCF	GCF_900064645.1	GCF/ncbi_dataset/data/GCF_900064645.1/GCF_900064645.1_13414_2_69_genomic.fna	2090763	54d47ff3affceda1b059350abbef5db106ce578923dfe7ad7d666e3e81181558
GCF	GCF_900064645.1	GCF/ncbi_dataset/data/GCF_900064645.1/genomic.gbff	5197181	0477b3a862a36ef2e6973c74ed0e220eacd233976279cd09f4c084745d325dd9
GCF	GCF_900064645.1	GCF/ncbi_dataset/data/GCF_900064645.1/genomic.gff	1208218	ed77e54729768998b8a67fe423717324ff08b9f46c27385fe3721aa593a45a09
GCF	GCF_900064645.1	GCF/ncbi_dataset/data/GCF_900064645.1/sequence_report.jsonl	4891	2d2f7a14be1d36567902e6102030a20cda591aa40225bdb385f73ce8101a4afd
GCF	GCF_900064655.1	GCF/ncbi_dataset/data/GCF_900064655.1/GCF_900064655.1_14673_4_35_genomic.fna	2089564	b2acd6f95d7402ddd2f23c041ed3f4e4257db93f196ae33dbd8d8b87fd0114e1
GCF	GCF_900064655.1	GCF/ncbi_dataset/data/GCF_900064655.1/genomic.gbff	5208280	ed74a9a145d7b593bc7eaf2bd5b60a3dfb141af94a4d9336e26ccfee59152be0
GCF	GCF_900064655.1	GCF/ncbi_dataset/data/GCF_900064655.1/genomic.gff	1207465	d9fe3fd8d4d66018cbfe99f7862b9ec15e2a23481121a8f755fa8165b7980b0b
GCF	GCF_900064655.1	GCF/ncbi_dataset/data/GCF_900064655.1/sequence_report.jsonl	6732	23ad8b805f87143413f3021e2f6559a841f4f04dbc12a503634b25113a1e5a35
GCF	GCF_900064805.1	GCF/ncbi_dataset/data/GCF_900064805.1/GCF_900064805.1_11679_1_38_genomic.fna	2080746	aa9289b3af20882feb3c77b1eab8c55fddc5227f64072459d14d4758b977e50c
GCF	GCF_900064805.1	GCF/ncbi_dataset/data/GCF_900064805.1/genomic.gbff	5275798	5125d5a23d01e91a113d46d860de77d94a03e6f348d66a045d363c4b586e275c
GCF	GCF_900064805.1	GCF/ncbi_dataset/data/GCF_900064805.1/genomic.gff	1223211	63c903e445dbeded80531de49c144bb129c9d4118549303befaa2eb3bed633a3
GCF	GCF_900064805.1	GCF/ncbi_dataset/data/GCF_900064805.1/sequence_report.jsonl	15897	a5a461316c156daaf1689e8e7a8e2899dd6b85c94fff5cb32df404021b92f92f
GCF	GCF_900064815.1	GCF/ncbi_dataset/data/GCF_900064815.1/GCF_900064815.1_12291_4_61_genomic.fna	2077412	ca9c1a5b1726f4570b551c2669fee5c562a1edb06fa7fa9c6a8e2ef88bf7a3dd
GCF	GCF_900064815.1	GCF/ncbi_dataset/data/GCF_900064815.1/genomic.gbff	5227169	db483423f048b0d4bb90415bc9f5f1c27e1f91effb34b845eb51b1da606fedf4
GCF	GCF_900064815.1	GCF/ncbi_dataset/data/GCF_900064815.1/genomic.gff	1208389	8a68c4ab16cb115aadf59199fcfbb1b3f9042bcd038d0c8d23e6a2d6c6d1d53b
GCF	GCF_900064815.1	GCF/ncbi_dataset/data/GCF_900064815.1/sequence_report.jsonl	12530	b6c8176e04bfdd25f616fab68205d8b3e8c3c2cbe1c39b58ecfc051630a57008
GCF	GCF_900064825.1	GCF/ncbi_dataset/data/GCF_900064825.1/GCF_900064825.1_12291_4_63_genomic.fna	2116206	fb4735d75e0eb528effc3900e479f8aa9b98c25de7b2f5b889d854db53f140f3
GCF	GCF_900064825.1	GCF/ncbi_dataset/data/GCF_900064825.1/genomic.gbff	5264528	34a7c426dfc5fec4241989176abd768f8f61b9c617bd641f81b6c8365291f1c0
GCF	GCF_900064825.1	GCF/ncbi_dataset/data/GCF_900064825.1/genomic.gff	1212036	15e44bb39eedd6b609e536c294752e87b38235114b529da8f49f5be79df23d99
GCF	GCF_900064825.1	GCF/ncbi_dataset/data/GCF_900064825.1/sequence_report.jsonl	8566	e827b3046e6ceaf9d2d7f4c2841e210d3f54215bb62cacc1a3dae3759c1e0c53
GCF	GCF_900064835.1	GCF/ncbi_dataset/data/GCF_900064835.1/GCF_900064835.1_13154_3_32_genomic.fna	2150869	053838da00984c5bb0644fd3fd5dfdaa0f1a63177dfdfae7fce7564e62ab7f6b
GCF	GCF_900064835.1	GCF/ncbi_dataset/data/GCF_900064835.1/genomic.gbff	5896574	9545844d50294a9a7db96e547dc8639ac8e955aecaa839a40571cd62950b5b93
GCF	GCF_900064835.1	GCF/ncbi_dataset/data/GCF_900064835.1/genomic.gff	1461131	36a4dc775b807b3ddb18209f01eeeea49a9e71b590617ba21523f9f8b8dc53ac
GCF	GCF_900064835.1	GCF/ncbi_dataset/data/GCF_900064835.1/sequence_report.jsonl	23475	9a340b50828cac8cb78a6290c0ba17fde1d7a9eb78b70660be240260b238e2ab
GCF	GCF_900064845.1	GCF/ncbi_dataset/data/GCF_900064845.1/GCF_900064845.1_13154_3_85_genomic.fna	2220137	d570e7fd239acf17666e52c7b447eae4c7e30d305fce6c907c134f2dbcb8d1a6
GCF	GCF_900064845.1	GCF/ncbi_dataset/data/GCF_900064845.1/genomic.gbff	6568969	0226ea92b7844661fd16893bdb2fa67d3e877ac66a9c4f02af586cd8b2bc07c9
GCF	GCF_900064845.1	GCF/ncbi_dataset/data/GCF_900064845.1/genomic.gff	1611436	fb5780dd43a2f00e0d3d3d4e7ab38a5d1354d77796a7cbd5cdd4ab651023ac53
GCF	GCF_900064845.1	GCF/ncbi_dataset/data/GCF_900064845.1/sequence_report.jsonl	66349	9c40289b8b89bd09c6bc4e4b792ec1e499354a8bd7b1009e24e2176daecc4b53
GCF	GCF_900064855.1	GCF/ncbi_dataset/data/GCF_900064855.1/GCF_900064855.1_13414_2_6_genomic.fna	2101143	1f5e5c1a577d7170d6f119795dfbb02fdad11de30b767baa0160f8996a2bcc00
GCF	GCF_900064855.1	GCF/ncbi_dataset/data/GCF_900064855.1/genomic.gbff	5278756	35363d0d3e1b4d11f6bf498330e9fb6ec8830afbd8bf84b7d548c1d0ea2efaf4
GCF	GCF_900064855.1	GCF/ncbi_dataset/data/GCF_900064855.1/genomic.gff	1220119	c418b821ff03ab2941915531d1ab8a9e6c81317bbca85ca8ad02394597eeeb68
GCF	GCF_900064855.1	GCF/ncbi_dataset/data/GCF_900064855.1/sequence_report.jsonl	11011	80831497ddcd2f6518e724ae0c3436d42b3aee1c9b9e093763e1313194c45905
GCF	GCF_900064865.1	GCF/ncbi_dataset/data/GCF_900064865.1/GCF_900064865.1_13414_2_12_genomic.fna	2084397	6e29b2b7d4cd206bccb75cc1d157af394f1d61061d7219608db5a5861b5c3aac
GCF	GCF_900064865.1	GCF/ncbi_dataset/data/GCF_900064865.1/genomic.gbff	5197832	7e36856f4450c7747f2466c15eb398cf9a8bc8a3fff3dac706fd957246161d85
GCF	GCF_900064865.1	GCF/ncbi_dataset/data/GCF_900064865.1/genomic.gff	1208552	d2a6039807203631ac95a06e63a689dbc5e4bcae4128731b4e6f7aea04f50d35
GCF	GCF_900064865.1	GCF/ncbi_dataset/data/GCF_900064865.1/sequence_report.jsonl	6429	95c2bca0bb6c201f53d050d2be472946566949896da3c99440e91850f9517fa9
GCF	GCF_900064875.1	GCF/ncbi_dataset/data/GCF_900064875.1/GCF_900064875.1_13414_2_48_genomic.fna	2124158	64f7e709e86e214967f61c6d7cb989316357fb9a22afe2dbf7568eefcb41d2ed
GCF	GCF_900064875.1	GCF/ncbi_dataset/data/GCF_900064875.1/genomic.gbff	5303687	1447f6a985ad2f7927ca0f0fb9778fb4b89d4f64d22c961473a0ac86a366f664
GCF	GCF_900064875.1	GCF/ncbi_dataset/data/GCF_900064875.1/genomic.gff	1217763	78702fc9e9c06d2ef670a1969635cd5bbd58213e2ee1f5b4458265b1e61f181c
GCF	GCF_900064875.1	GCF/ncbi_dataset/data/GCF_900064875.1/sequence_report.jsonl	9787	6e3d48181e0f4257cc113753c38d8bf9eac3eae23f29f75f780b6884b4b24143
GCF	GCF_900064885.1	GCF/ncbi_dataset/data/GCF_900064885.1/GCF_900064885.1_13414_2_86_genomic.fna	2086500	96c5a044a194c5e623e2e2aed9ca0a49cefaffb485c5b94a318cfe1e3c2062f1
GCF	GCF_900064885.1	GCF/ncbi_dataset/data/GCF_900064885.1/genomic.gbff	5205795	2803ab6ce6869b9508a3fde6c990c39afa7249181acfbaeedbf33e66c962501e
GCF	GCF_900064885.1	GCF/ncbi_dataset/data/GCF_900064885.1/genomic.gff	1192770	a8253f2cbca20881a50b18544a8f947ba20bfc80a6f140c27fd2733a081ab13e
GCF	GCF_900064885.1	GCF/ncbi_dataset/data/GCF_900064885.1/sequence_report.jsonl	10095	012d5c2b080d8a57279f6eb5878b9b3346b1814b87fffc6ca62b11892326e0f8
GCF	GCF_900064895.1	GCF/ncbi_dataset/data/GCF_900064895.1/GCF_900064895.1_14673_1_11_genomic.fna	2079031	ee7cf46ae6be5d1e54059c57eb7031d72849485d9dff94527d6449acfe725485
GCF	GCF_900064895.1	GCF/ncbi_dataset/data/GCF_900064895.1/genomic.gbff	5240301	dd5912ad330df3c2259db5cbccc5af0dfc3229233fb6ad7413e22103484d3ddc
GCF	GCF_900064895.1	GCF/ncbi_dataset/data/GCF_900064895.1/genomic.gff	1199174	eb49a70668e5308f4bb7b1be865c59d4604abc1fa6cbf8c38e0c4635a023e4f2
GCF	GCF_900064895.1	GCF/ncbi_dataset/data/GCF_900064895.1/sequence_report.jsonl	13149	3beda2df0c02097bea95cb4b9f2bc5758da0b05ce8c2006410632813c144521c
GCF	GCF_900064905.1	GCF/ncbi_dataset/data/GCF_900064905.1/GCF_900064905.1_14673_1_12_genomic.fna	2088355	ef58dbc27ca7d3004939c65ba8a50ceaa10bac819cfb305f76aabb4ecfa8d1a7
GCF	GCF_900064905.1	GCF/ncbi_dataset/data/GCF_900064905.1/genomic.gbff	5267190	4782f1bb4e64aea4bdfe6424f438d813d1a5ffcdd86e306c9d917581021a351e
GCF	GCF_900064905.1	GCF/ncbi_dataset/data/GCF_900064905.1/genomic.gff	1222228	908ee92db8d17ede2a401dbc528d79d9047965748b55de438a399a3accf03a75
GCF	GCF_900064905.1	GCF/ncbi_dataset/data/GCF_900064905.1/sequence_report.jsonl	11016	312922867dae3c57c3f05a8475635011149f5a63b8e4fdf2d9a31179c2ec4c06
GCF	GCF_900064915.1	GCF/ncbi_dataset/data/GCF_900064915.1/GCF_900064915.1_14673_1_75_genomic.fna	2193707	2b2c20d422f1e9d5200a2950ec80046459a68431c5602fd15c53a43a0d1c9a9e
GCF	GCF_900064915.1	GCF/ncbi_dataset/data/GCF_900064915.1/genomic.gbff	5593034	a45bbc10dad10a3a6c5802497a530b48cc11b6b3483e6e0a8cb1244025dfa91d
GCF	GCF_900064915.1	GCF/ncbi_dataset/data/GCF_900064915.1/genomic.gff	1282962	5d0d8c7ea32dd7239a75c52d0b72cfc498c9cb0ae7b1227dd8edba6e96003f49
GCF	GCF_900064915.1	GCF/ncbi_dataset/data/GCF_900064915.1/sequence_report.jsonl	21383	d4fa61b598b78e4c846c1c1a9a199330eafd8d2fd2881e5dc20cd5dffde0148a
GCF	GCF_900064925.1	GCF/ncbi_dataset/data/GCF_900064925.1/GCF_900064925.1_14673_1_82_genomic.fna	2115769	ef6998f10d2d34b491d7bae5331cbc40cedc55a5153cc4bc8e8b2f35b3073129
GCF	GCF_900064925.1	GCF/ncbi_dataset/data/GCF_900064925.1/genomic.gbff	5361701	8417ffd5cc3912f88a8e61fb621ea5ccd05325c327752350817aa2d9dfe6590f
GCF	GCF_900064925.1	GCF/ncbi_dataset/data/GCF_900064925.1/genomic.gff	1244182	373a50a876d6d12b8686e297936bb8a5ebda0e26be6af44ee1006f5f1da5e0d4
GCF	GCF_900064925.1	GCF/ncbi_dataset/data/GCF_900064925.1/sequence_report.jsonl	13453	64e161ba0003c7f17aac62c6367da2f92a8c823be661aa57c8e10439cab176ad
GCF	GCF_900064935.1	GCF/ncbi_dataset/data/GCF_900064935.1/GCF_900064935.1_14673_4_32_genomic.fna	2075844	adb4ac181df1a5a5b614238efca19fff0b195ff8ea6fc968ce39707b807feff5
GCF	GCF_900064935.1	GCF/ncbi_dataset/data/GCF_900064935.1/genomic.gbff	5239126	3a8fb7148e1275655f1cb59ce36a67414499ca44776b8338f8cc0ee9d10bb9a6
GCF	GCF_900064935.1	GCF/ncbi_dataset/data/GCF_900064935.1/genomic.gff	1209841	bed31fbe987cf1454246c25f536b78aba576fcae2a35688868df5daab5a832af
GCF	GCF_900064935.1	GCF/ncbi_dataset/data/GCF_900064935.1/sequence_report.jsonl	12226	146bbc57fc5bcbcee34771183574301319ae7671f08f6ef2bfe19dba70614f08
GCF	GCF_900064945.1	GCF/ncbi_dataset/data/GCF_900064945.1/GCF_900064945.1_14673_4_37_genomic.fna	2008530	0d8411c7561a77418d7b55d4f11bd5bac724b55baf22dbf1b9e66d642a09f33b
GCF	GCF_900064945.1	GCF/ncbi_dataset/data/GCF_900064945.1/genomic.gbff	5021150	ae6e936ee1396917d92bbb02acf4640efdf3c3400c342a66b7c6e9f42a49d65f
GCF	GCF_900064945.1	GCF/ncbi_dataset/data/GCF_900064945.1/genomic.gff	1170134	f5a5f33a3e5016d363ce51d3b5dd24b499f55423923c33df5832cf6450e2d22c
GCF	GCF_900064945.1	GCF/ncbi_dataset/data/GCF_900064945.1/sequence_report.jsonl	6731	a2a6de73edcd4fe614ddf932caecc8481dca49d8acb03a8c1f790b545c6498ed
GCF	GCF_900065085.1	GCF/ncbi_dataset/data/GCF_900065085.1/GCF_900065085.1_13154_3_71_genomic.fna	2094703	b45ac52e05c2072ca6f0c21ed6f493d4a3255b71a465b08ed9069d4d548c293d
GCF	GCF_900065085.1	GCF/ncbi_dataset/data/GCF_900065085.1/genomic.gbff	5679192	c965646105ca2f195db8af2517a8651a044ac9371178a0b8b44c7fb83fe760e4
GCF	GCF_900065085.1	GCF/ncbi_dataset/data/GCF_900065085.1/genomic.gff	1312733	e7f23b8bfdc47232998b6f41d0e377b5c17a2e243b9186479539f354e62db3bd
GCF	GCF_900065085.1	GCF/ncbi_dataset/data/GCF_900065085.1/sequence_report.jsonl	50851	5ad3cc2091ad74e85cfb702db8fad747cf3b329bd27c15dc9d718ffedf0556ad
GCF	GCF_900065135.1	GCF/ncbi_dataset/data/GCF_900065135.1/GCF_900065135.1_12291_4_16_genomic.fna	2075958	057e57984e6101ab3ea24e4731b1bfa4dbc6be79d232e8a733853168cf177150
GCF	GCF_900065135.1	GCF/ncbi_dataset/data/GCF_900065135.1/genomic.gbff	5215454	0b1cd7ba7a167f4c8efc080c4416e6dcf1b2635ca1318a947be74989837cf20d
GCF	GCF_900065135.1	GCF/ncbi_dataset/data/GCF_900065135.1/genomic.gff	1205395	ff71bab6d898ad9ad98ddb194ea38c54f55face7e62a53c0b90e8df9d682d921
GCF	GCF_900065135.1	GCF/ncbi_dataset/data/GCF_900065135.1/sequence_report.jsonl	11313	fcb76de8bc5f2177a58de315b81dd3da7fe794b46cf7e74f34397e1cf9c4e4a4
GCF	GCF_900065145.1	GCF/ncbi_dataset/data/GCF_900065145.1/GCF_900065145.1_12291_4_25_genomic.fna	2112741	0de61383e7602a2668035f840ad219d6c21a130b97960c9ff3d5421d2493af60
GCF	GCF_900065145.1	GCF/ncbi_dataset/data/GCF_900065145.1/genomic.gbff	5301704	6dd8b033da7ce323bf881e71d09d63988187a8845341b0e5da6737bac50fc0a2
GCF	GCF_900065145.1	GCF/ncbi_dataset/data/GCF_900065145.1/genomic.gff	1234921	43a59db714d85408cb9b17a16c7527b1db87b200d417d0539502bb2002a0a937
GCF	GCF_900065145.1	GCF/ncbi_dataset/data/GCF_900065145.1/sequence_report.jsonl	8867	d1c9b7626bc51856154dc59443b00b1b96db3207e28cd24b76aa97426b9a02d9
GCF	GCF_900065155.1	GCF/ncbi_dataset/data/GCF_900065155.1/GCF_900065155.1_12291_4_27_genomic.fna	2106929	b76c72aa02fa0de2c808a33717954423c2518bfa6b5170732428247821777197
GCF	GCF_900065155.1	GCF/ncbi_dataset/data/GCF_900065155.1/genomic.gbff	5434460	874f31fb39c7ecb44dc5592f6b0a3f8fd27136dd42932360a64e535835380214
GCF	GCF_900065155.1	GCF/ncbi_dataset/data/GCF_900065155.1/genomic.gff	1255346	1a274b8bb20645daa5fb7855b81a93e4be470fab37eca2b0acbe23c70a18373d
GCF	GCF_900065155.1	GCF/ncbi_dataset/data/GCF_900065155.1/sequence_report.jsonl	26208	2923c3a3eae6890cc81a102b488c2372eb52157ddfc715906fc5921ff497caef
GCF	GCF_900065165.1	GCF/ncbi_dataset/data/GCF_900065165.1/GCF_900065165.1_13154_3_49_genomic.fna	2107045	c484a2da2537012ed5ac29028f37c48aa5644b41861a3508566c900730c4b491
GCF	GCF_900065165.1	GCF/ncbi_dataset/data/GCF_900065165.1/genomic.gbff	5293055	353b49cd434102979b349fb323c455d29505d01d3dd322bd3943ba1239512035
GCF	GCF_900065165.1	GCF/ncbi_dataset/data/GCF_900065165.1/genomic.gff	1220208	8d7d98a731ac7a7e560ee26d9aea25d4c5280c121344f1dbf86a7136faba3250
GCF	GCF_900065165.1	GCF/ncbi_dataset/data/GCF_900065165.1/sequence_report.jsonl	11618	cf6632aa5e01639c9258810121cee16e6d58c828786bd0bc83a83b773ccef82e
GCF	GCF_900065175.1	GCF/ncbi_dataset/data/GCF_900065175.1/GCF_900065175.1_13414_1_89_genomic.fna	2196671	f3342226345fa4bb2fa2171501324764b934acd98c5080ff87a77f7861aba554
GCF	GCF_900065175.1	GCF/ncbi_dataset/data/GCF_900065175.1/genomic.gbff	5598974	c9afb721eabfca43827e11454a362858e7e8bb76128888bee8921fe8726a19ab
GCF	GCF_900065175.1	GCF/ncbi_dataset/data/GCF_900065175.1/genomic.gff	1280952	c33cc5e862932047e2450aaa335b47df0e6d9d50e5c504cf554b4443b319811b
GCF	GCF_900065175.1	GCF/ncbi_dataset/data/GCF_900065175.1/sequence_report.jsonl	21080	b55ac76ccc76eabd9d44ee9107e4edc33d58b0812a10dc1acd7d50849cb4a7fd
GCF	GCF_900065355.1	GCF/ncbi_dataset/data/GCF_900065355.1/GCF_900065355.1_11658_2_62_genomic.fna	2089337	387e113d5722269a708c2d053a2a0fb5dd4ee8dc422bf13d9ae0f206357a5c5e
GCF	GCF_900065355.1	GCF/ncbi_dataset/data/GCF_900065355.1/genomic.gbff	5277727	10d28e74c4701209fab8ef10482a8fe73693b4e748b2e7faec12fca95a58b85c
GCF	GCF_900065355.1	GCF/ncbi_dataset/data/GCF_900065355.1/genomic.gff	1216995	296189f11d6482ff717c86dbf634155272f077ec19fa8cf8e409b3875fab31df
GCF	GCF_900065355.1	GCF/ncbi_dataset/data/GCF_900065355.1/sequence_report.jsonl	12846	9d4e289f3874704d7ce78ffe1ef4429b38e08f7ac88e575b18695d4088f419c7
GCF	GCF_900065465.1	GCF/ncbi_dataset/data/GCF_900065465.1/GCF_900065465.1_11511_8_41_genomic.fna	2139897	5a39a70717c4dbc57e06bdf1e142124ff704b8fffc664e53f46078d874d27cd8
GCF	GCF_900065465.1	GCF/ncbi_dataset/data/GCF_900065465.1/genomic.gbff	5351125	36f23d5e0ba57e4d5f81f27059e3a609bbdd37673604751b18e99e7e07131ec6
GCF	GCF_900065465.1	GCF/ncbi_dataset/data/GCF_900065465.1/genomic.gff	1233306	294207d945bf319f40a525d404d9c2a1cb86f5ca548a619f52389ab6d4d05b20
GCF	GCF_900065465.1	GCF/ncbi_dataset/data/GCF_900065465.1/sequence_report.jsonl	10083	f8587c30868cf6205ff907889ffa53adfc2103e4a8f48f58c9661302714a3217
GCF	GCF_900065475.1	GCF/ncbi_dataset/data/GCF_900065475.1/GCF_900065475.1_11511_8_50_genomic.fna	2069864	ac5b1c0f67aca619c0b3e15b43c43e741f613d768b7a98397db1b0d21d83a3e5
GCF	GCF_900065475.1	GCF/ncbi_dataset/data/GCF_900065475.1/genomic.gbff	5856205	056f0d52184e2effe0beb53babdd62221445a4b4a47d2a79135e9bca4eaeaf2b
GCF	GCF_900065475.1	GCF/ncbi_dataset/data/GCF_900065475.1/genomic.gff	1439354	012101e051440084cd4481d81a0f58311fdb64338be1ed2e3f0ced3eea3e6bc4
GCF	GCF_900065475.1	GCF/ncbi_dataset/data/GCF_900065475.1/sequence_report.jsonl	40215	bcc636c3849eaf441b1ec0d18bc227b879d421e79e521de5a83a0634560e8b9e
GCF	GCF_900065485.1	GCF/ncbi_dataset/data/GCF_900065485.1/GCF_900065485.1_11657_8_29_genomic.fna	2071338	f0f846ec59b4969cc8c00388dc2c1d399b87b71ab9c9ed976291d8bd9013ae43
GCF	GCF_900065485.1	GCF/ncbi_dataset/data/GCF_900065485.1/genomic.gbff	5154959	207990810a35d8154f4e6731c5cefc6971c7a5c7cd21f4d6173d193426eba0ac
GCF	GCF_900065485.1	GCF/ncbi_dataset/data/GCF_900065485.1/genomic.gff	1199841	a6473d5de8e1eda3ca0ff99e23c00d4ef4d66ad6917c437333c69fa0290c9e0a
GCF	GCF_900065485.1	GCF/ncbi_dataset/data/GCF_900065485.1/sequence_report.jsonl	5206	0a0066c17bb1e2181b77037b4f12beb155e0c90166ff0645e68dc231b65736ec
GCF	GCF_900065495.1	GCF/ncbi_dataset/data/GCF_900065495.1/GCF_900065495.1_12291_4_19_genomic.fna	2116971	53bc7f81b72b42fa854c2e8917c9a4d58e8167410e8f9b171cd97bb4b4facf43
GCF	GCF_900065495.1	GCF/ncbi_dataset/data/GCF_900065495.1/genomic.gbff	5344691	a363290993b7208ffc31c88317412160707801d40de000923db5be5dd24dd71e
GCF	GCF_900065495.1	GCF/ncbi_dataset/data/GCF_900065495.1/genomic.gff	1229543	1e7f8dfe00cbc1e4c793a1c320333d3183f03b3f7a2f8e3fdd54d8fd1826189b
GCF	GCF_900065495.1	GCF/ncbi_dataset/data/GCF_900065495.1/sequence_report.jsonl	13668	140459a93e9764f9bac7505ceb9876b177d1e572f3f775567f26154335e121c6
GCF	GCF_900065505.1	GCF/ncbi_dataset/data/GCF_900065505.1/GCF_900065505.1_12291_4_56_genomic.fna	2139078	2f1b18ee1add14fc43f385c7e520a0ebcf0e5a22e1abd24b45d75760b91df121
GCF	GCF_900065505.1	GCF/ncbi_dataset/data/GCF_900065505.1/genomic.gbff	5354964	c3907c91b463273bd816ccc4ea484a3d1931025884a10942aa9ad73e626e3875
GCF	GCF_900065505.1	GCF/ncbi_dataset/data/GCF_900065505.1/genomic.gff	1241945	d512b93cf7b04236a78427eab4c7ba3fa5e7c4da7aa49e19bcb2bb701c0034f1
GCF	GCF_900065505.1	GCF/ncbi_dataset/data/GCF_900065505.1/sequence_report.jsonl	8869	4ce1a6a75b19b20def1a9bd3397ec758e1b9186b62f38bf96a06f4a534c06deb
GCF	GCF_900065515.1	GCF/ncbi_dataset/data/GCF_900065515.1/GCF_900065515.1_12291_4_88_genomic.fna	2116881	c14cef02c26b60acf861ac0870a8756d48cc5ceb42c2ebb42b8b8a9d609ce895
GCF	GCF_900065515.1	GCF/ncbi_dataset/data/GCF_900065515.1/genomic.gbff	5350665	b0088cb9a282ba1bd6ccd82aa154e868c0ba5dbdc0494e7a088f85c605f8712a
GCF	GCF_900065515.1	GCF/ncbi_dataset/data/GCF_900065515.1/genomic.gff	1093151	ed491ad661caad515641da9d36d7188f7d80c598ef0ca89f70ceb954eab4c2a5
GCF	GCF_900065515.1	GCF/ncbi_dataset/data/GCF_900065515.1/sequence_report.jsonl	11617	0519cd6df789b7f1c446835d567fdde4300c1c9834b76af7019fb05aef1e6b7f
GCF	GCF_900065525.1	GCF/ncbi_dataset/data/GCF_900065525.1/GCF_900065525.1_12299_1_79_genomic.fna	2192955	bc1525d59165314879aeb3a60b5ee63110092f6b3dfa67099d823b539312a836
GCF	GCF_900065525.1	GCF/ncbi_dataset/data/GCF_900065525.1/genomic.gbff	6271249	97e16e9845c1b06fc2915d62b54bfcfcad8360463dc826141ccd6b289baf2238
GCF	GCF_900065525.1	GCF/ncbi_dataset/data/GCF_900065525.1/genomic.gff	1531686	d3b19e9a0397ed2f86307951ad3344c684c93a35e12d34a5d5ace57d8d3df99e
GCF	GCF_900065525.1	GCF/ncbi_dataset/data/GCF_900065525.1/sequence_report.jsonl	48099	0d7525eef304851675c77b691c031d4f5bbeea3634ea851327202ee576afcdcf
GCF	GCF_900065535.1	GCF/ncbi_dataset/data/GCF_900065535.1/GCF_900065535.1_13091_6_78_genomic.fna	2278706	76fe57ae20709782e0072ad47961e632f19c500678471ca95f188f4a84098401
GCF	GCF_900065535.1	GCF/ncbi_dataset/data/GCF_900065535.1/genomic.gbff	7009074	5db3ad72f0fc8121f8f99c1434952c8ebd6016c6a23382ade3a981db90f62559
GCF	GCF_900065535.1	GCF/ncbi_dataset/data/GCF_900065535.1/genomic.gff	1710506	4f8c76eaf1a6b79dcf000e556c77464bbad7cb2da0a42dd20ed8e7af4c6285a8
GCF	GCF_900065535.1	GCF/ncbi_dataset/data/GCF_900065535.1/sequence_report.jsonl	90997	19c3b52e91a4909d084d9ef0d933cfdfb286f6dd5ac13c16e76b94a395acc317
GCF	GCF_900065545.1	GCF/ncbi_dataset/data/GCF_900065545.1/GCF_900065545.1_13091_6_86_genomic.fna	2180564	fe6feb960e0c1e904d571064a837ac24c73367c2e76fa4c948c60508138832f3
GCF	GCF_900065545.1	GCF/ncbi_dataset/data/GCF_900065545.1/genomic.gbff	6336506	21e3cf503ea7b614132858536b4bdce14b929d52088c63159fdac932b8c4d461
GCF	GCF_900065545.1	GCF/ncbi_dataset/data/GCF_900065545.1/genomic.gff	1554549	b6b6d3b5e9d8b0e671349d389278d14c2e9f0e07f86ecf23dc8f4dbcc5067504
GCF	GCF_900065545.1	GCF/ncbi_dataset/data/GCF_900065545.1/sequence_report.jsonl	54795	418e02ccf43003532f4c3623a7772ce72e469ff899f7d7616c1a0901a49a9bbd
GCF	GCF_900065555.1	GCF/ncbi_dataset/data/GCF_900065555.1/GCF_900065555.1_13154_3_67_genomic.fna	2072767	c859e9e6406c2da85d58aade335b36972c36e7d420cbfa92d2a6477166c7b416
GCF	GCF_900065555.1	GCF/ncbi_dataset/data/GCF_900065555.1/genomic.gbff	5632811	81cf0fc0f942be26a5cb85b0ea9e9b0bfb61b6c73c0134176b29db039ac4c730
GCF	GCF_900065555.1	GCF/ncbi_dataset/data/GCF_900065555.1/genomic.gff	1392718	04ac2630c18c25bf77aa89aef4977f38d81e2e056bc8f5a5b571b0745aaeb8fa
GCF	GCF_900065555.1	GCF/ncbi_dataset/data/GCF_900065555.1/sequence_report.jsonl	19821	5685868410c09fceb6fee46c6127361ad959ae7ce331480fdbb5ab4fc27aee31
GCF	GCF_900065565.1	GCF/ncbi_dataset/data/GCF_900065565.1/GCF_900065565.1_13414_1_63_genomic.fna	2001255	d5b08393df1be9e96dad13c1526e85ea2cdb64ed8c3b7ce5ed35bd37b0bd236f
GCF	GCF_900065565.1	GCF/ncbi_dataset/data/GCF_900065565.1/genomic.gbff	5041926	189fea6f9a96dd51b04b1044d446049bef5cac52cf8ff5f24ae059fe1ac5f3c7
GCF	GCF_900065565.1	GCF/ncbi_dataset/data/GCF_900065565.1/genomic.gff	1171306	89d4940e7545dbdaccd2502872406c056f285306551e2eea6b22363b24cb769b
GCF	GCF_900065565.1	GCF/ncbi_dataset/data/GCF_900065565.1/sequence_report.jsonl	11307	3dc77d8fc0ab20253d53bf9c227c75fcb0b147f0d6baddcf55b3685510f1386f
GCF	GCF_900065575.1	GCF/ncbi_dataset/data/GCF_900065575.1/GCF_900065575.1_13414_2_11_genomic.fna	2135843	b51cae425f6eeb1bc973a8147fee0f8ccd223de72a74c45342cf70dfd254b90e
GCF	GCF_900065575.1	GCF/ncbi_dataset/data/GCF_900065575.1/genomic.gbff	5434676	c62d953c9078d61e03c4c405ce27413828a6f09b82492eaadd6b8dca16dbf26c
GCF	GCF_900065575.1	GCF/ncbi_dataset/data/GCF_900065575.1/genomic.gff	1238240	854868508acfb613bd86f1e644fa4e7a4a74cb4fb42358643a48eb6ad0d07f01
GCF	GCF_900065575.1	GCF/ncbi_dataset/data/GCF_900065575.1/sequence_report.jsonl	19856	6c84593237e5d4503381620edbc070728e91f9710263c31cee42a34d500843ef
GCF	GCF_900065585.1	GCF/ncbi_dataset/data/GCF_900065585.1/GCF_900065585.1_13414_2_79_genomic.fna	1995769	fc27d339e474c9d527a4747260c965bbbcaa123caed8cef899550976b8623be2
GCF	GCF_900065585.1	GCF/ncbi_dataset/data/GCF_900065585.1/genomic.gbff	5014978	f0871e00232f6da243256e89b3a314d08d31ef8a59b644242ec52c9213b3665e
GCF	GCF_900065585.1	GCF/ncbi_dataset/data/GCF_900065585.1/genomic.gff	1166178	a2c0ad2151fc8feb2dc6ce25a673a22bf6be6399d6f0662e5c12398a0519dfc4
GCF	GCF_900065585.1	GCF/ncbi_dataset/data/GCF_900065585.1/sequence_report.jsonl	9172	ca73894a6c6b19c0d3189da6b28ae5aaade89e1239618cb5150d2bfd2023226a
GCF	GCF_900065595.1	GCF/ncbi_dataset/data/GCF_900065595.1/GCF_900065595.1_13414_2_80_genomic.fna	2020200	4b9a15945dd0d87d5b8f600a5adcd9c001f62fdda266a415bfaf6aa0322d68dc
GCF	GCF_900065595.1	GCF/ncbi_dataset/data/GCF_900065595.1/genomic.gbff	5114653	34a6e0c3574be9ce801d243c4e01acd0344681f830b93fcc94ffa7b0885b1509
GCF	GCF_900065595.1	GCF/ncbi_dataset/data/GCF_900065595.1/genomic.gff	1177623	a65b16844750af0a7ac7bed2e231428f47a0f23cc1df669f1e8caa2bcf4b5fac
GCF	GCF_900065595.1	GCF/ncbi_dataset/data/GCF_900065595.1/sequence_report.jsonl	14676	e079c3275f217bbf2ec3af09acdc8c23c59ae4e78965a08662a1c6ee4deb10a4
GCF	GCF_900065605.1	GCF/ncbi_dataset/data/GCF_900065605.1/GCF_900065605.1_14673_1_13_genomic.fna	2037514	82c9ba9fcb47db9dede750c343da5b1a8fc8c1cf5f22dbc62a046f5b6dbdf974
GCF	GCF_900065605.1	GCF/ncbi_dataset/data/GCF_900065605.1/genomic.gbff	5145493	d6d1858c35dccb1e57b79774a12fa9302bc57a74c924b4fe4a90135e07c84e75
GCF	GCF_900065605.1	GCF/ncbi_dataset/data/GCF_900065605.1/genomic.gff	1178843	16f1b5c89310b1ee75c532918b12cd15fbe493357a681a6cc47a2798a067bf71
GCF	GCF_900065605.1	GCF/ncbi_dataset/data/GCF_900065605.1/sequence_report.jsonl	14357	fc31c16ff3a4aa4edc2b2dd140b212a446f12eb49072d6030e3fb548dbe72b42
GCF	GCF_900065615.1	GCF/ncbi_dataset/data/GCF_900065615.1/GCF_900065615.1_14673_2_57_genomic.fna	2062870	e32fe9497e084fdadb9d5460e48caf377c52336f61ed69cfa53c228b07b9c006
GCF	GCF_900065615.1	GCF/ncbi_dataset/data/GCF_900065615.1/genomic.gbff	5195699	4c9cc490bf1b71ad7e17993d9fd312d40850b696a1ac0329238560f65b914bb2
GCF	GCF_900065615.1	GCF/ncbi_dataset/data/GCF_900065615.1/genomic.gff	1198533	6f928c8a39e1e1a049c70b644c9843388d3c06f3abe2880e2499dd0f70920a0b
GCF	GCF_900065615.1	GCF/ncbi_dataset/data/GCF_900065615.1/sequence_report.jsonl	12528	7faebc6fb9acc8258e4a009ec61f0b3e101f520442a7699391e3704d8362cbaf
GCF	GCF_900065625.1	GCF/ncbi_dataset/data/GCF_900065625.1/GCF_900065625.1_14673_3_5_genomic.fna	2058869	801e20a6e175920830035752c75a3f6a651cabb201f5292ca5b20cc3fda3ca00
GCF	GCF_900065625.1	GCF/ncbi_dataset/data/GCF_900065625.1/genomic.gbff	5184483	8ccc7baf8196673f77e17c9e62a3d8fd67d6c8965b6b836687cd52dc7ca3b523
GCF	GCF_900065625.1	GCF/ncbi_dataset/data/GCF_900065625.1/genomic.gff	1195414	ed65da54f9a497b3d40af08a769e85990aa39b3e98a74ecab7ffb103b700f555
GCF	GCF_900065625.1	GCF/ncbi_dataset/data/GCF_900065625.1/sequence_report.jsonl	11925	a3f9b7a23312324c178cbf81c8ae95ee1d8d941b21902dc2575561076a2bc03b
GCF	GCF_900065635.1	GCF/ncbi_dataset/data/GCF_900065635.1/GCF_900065635.1_14673_4_39_genomic.fna	2080990	6bfca99b6bece7facbbd5a9ee4c7d230c5260a6411f4072d8a08e800bf9cfe07
GCF	GCF_900065635.1	GCF/ncbi_dataset/data/GCF_900065635.1/genomic.gbff	5585195	47fa7036b363b666c7f5a515195ba03c7962079acc222b21ce39a6cf47d85641
GCF	GCF_900065635.1	GCF/ncbi_dataset/data/GCF_900065635.1/genomic.gff	1383984	45332902a606c3ff9d1894e9895c5ac79b51c396d346f681316d64f19d3c99a0
GCF	GCF_900065635.1	GCF/ncbi_dataset/data/GCF_900065635.1/sequence_report.jsonl	13144	68ae358716879b733eaae3e668be7178cbac1d8fb59b0e2b61e678c6d148a44f
GCA	GCA_900017955.1	GCA/ncbi_dataset/data/GCA_900017955.1/GCA_900017955.1_11657_8_6_genomic.fna	2374729	901564ea788af88b67fd88d1c12f3ef9d2f822ca643da3320856988ff5ae019c
GCA	GCA_900017955.1	GCA/ncbi_dataset/data/GCA_900017955.1/genomic.gbff	5550295	a43b366904ddf006db4a9285412dc48dfacdffe9f50e54025874d0d06522f1a6
GCA	GCA_900017955.1	GCA/ncbi_dataset/data/GCA_900017955.1/genomic.gff	1152510	eb3d61ad6d1dbb07b62ab835961f2813cc4ae1a856f00eba4edadc51baf8ad86
GCA	GCA_900017955.1	GCA/ncbi_dataset/data/GCA_900017955.1/sequence_report.jsonl	114399	4b419495c254d9ea48772800e9b535a87acf030f3840055a292d8519d97e6511
GCA	GCA_900018675.1	GCA/ncbi_dataset/data/GCA_900018675.1/GCA_900018675.1_11511_8_9_genomic.fna	2081499	b6f4fa4e85758194a55434b8842fdf815d494114619dbd703268364cd48bc2a9
GCA	GCA_900018675.1	GCA/ncbi_dataset/data/GCA_900018675.1/genomic.gbff	4708328	67389aae057a35135cf59901401cf250c3604756a4eb0abce3e1aaf85bc7d87c
GCA	GCA_900018675.1	GCA/ncbi_dataset/data/GCA_900018675.1/genomic.gff	851383	3b04b282fae181e85e5bbbc3019868d99192a308aa7060698cdcf23c338d9f83
GCA	GCA_900018675.1	GCA/ncbi_dataset/data/GCA_900018675.1/sequence_report.jsonl	11080	3917b5384901cfab6d2786b5fc540c8070333f8b2b021bfd4f2e5f28013620af
GCA	GCA_900020245.1	GCA/ncbi_dataset/data/GCA_900020245.1/GCA_900020245.1_11679_1_11_genomic.fna	2025077	63199b2ec6eabb8ad62c39b8976fb7bc23440e6ea3e86d1257570c1fb1f533d2
GCA	GCA_900020245.1	GCA/ncbi_dataset/data/GCA_900020245.1/genomic.gbff	4699581	2b42a06c3888e28e913fc4b0226960eab6fea6084518adaf2ba1f661db527687
GCA	GCA_900020245.1	GCA/ncbi_dataset/data/GCA_900020245.1/genomic.gff	992442	7ffd9d0af8c5e1f052fff1b4d829399d3117b13d9fe54266b69a22529a37c5f5
GCA	GCA_900020245.1	GCA/ncbi_dataset/data/GCA_900020245.1/sequence_report.jsonl	14675	860f7092c76b43dc4bdfa2287c4067d25298ab995e53b4c71769b0e341a4601b
GCA	GCA_900020255.1	GCA/ncbi_dataset/data/GCA_900020255.1/GCA_900020255.1_11657_4_24_genomic.fna	2166917	39ac15578dfbbf8668e2542d3ac46ae0096206f46eff11d10755fa1f295d0426
GCA	GCA_900020255.1	GCA/ncbi_dataset/data/GCA_900020255.1/genomic.gbff	4893818	fbe90588fee0cac2a4ffb9a5ebf71eb4833b7f404435b33f38a2046fbdd22091
GCA	GCA_900020255.1	GCA/ncbi_dataset/data/GCA_900020255.1/genomic.gff	883542	b003f453929c4b2a16b95554ad185e8dc5c1be2536ca24db05248556c9ffe468
GCA	GCA_900020255.1	GCA/ncbi_dataset/data/GCA_900020255.1/sequence_report.jsonl	17731	410e8dff5af1d495628cc5bdcaab53fc131c8547222b68c0c04f3ea406b5bbce
GCA	GCA_900024975.1	GCA/ncbi_dataset/data/GCA_900024975.1/GCA_900024975.1_11511_8_19_genomic.fna	2241458	ad8c771e1981f1c96b8c3352a4ec9c14ddcc9ee504d5f515debc497599cdd835
GCA	GCA_900024975.1	GCA/ncbi_dataset/data/GCA_900024975.1/genomic.gbff	5127755	a96ebbfa17d4aea19c5f6f44f390be8704a79fc737004bce63f338e50c7790e5
GCA	GCA_900024975.1	GCA/ncbi_dataset/data/GCA_900024975.1/genomic.gff	1062449	96eddf2c5e0ae2a4efc04b38d7ad43a68f942e0e47b3393c153d453f41c54d43
GCA	GCA_900024975.1	GCA/ncbi_dataset/data/GCA_900024975.1/sequence_report.jsonl	60562	e61b6665d897cc2c47c7ff3eebf88ff62b225cf6433813b05cccef184edc7341
GCA	GCA_900024985.1	GCA/ncbi_dataset/data/GCA_900024985.1/GCA_900024985.1_11657_4_27_genomic.fna	2058409	097e060d8a713a6dfa87c3edcdca46e08dc2dd6530b2c03c726c4a019fe02811
GCA	GCA_900024985.1	GCA/ncbi_dataset/data/GCA_900024985.1/genomic.gbff	4627823	a9288c9d5f3def8101cced23622fea0fa49c17b1c5f480378ea7469c8e2bf585
GCA	GCA_900024985.1	GCA/ncbi_dataset/data/GCA_900024985.1/genomic.gff	828038	d224d7b99f9bda90fca5bbec6696d1ed34c1510a98561337c491e97e586f328d
GCA	GCA_900024985.1	GCA/ncbi_dataset/data/GCA_900024985.1/sequence_report.jsonl	11541	659765351f9cc325a97d53e6c2169dbd788ad2e4c9f3a35271e26f5f8b0410e2
GCA	GCA_900033785.1	GCA/ncbi_dataset/data/GCA_900033785.1/GCA_900033785.1_11657_8_4_genomic.fna	2073112	d1af2532582ec27a170e23638829304342e6dcf4f56e1f290fcfbde65957ace7
GCA	GCA_900033785.1	GCA/ncbi_dataset/data/GCA_900033785.1/genomic.gbff	4661032	96fc650716d524fdf3c27689050c95240e7037d2abfeb39aa68bf67baa9210c2
GCA	GCA_900033785.1	GCA/ncbi_dataset/data/GCA_900033785.1/genomic.gff	837306	00763005fbe65f2645756a73ad9de5e5ad96194cefa7443ff38595deb6f2b06c
GCA	GCA_900033785.1	GCA/ncbi_dataset/data/GCA_900033785.1/sequence_report.jsonl	10335	fd75445d8af27ed084200ef7a240b8b834a1944ba8e876cfccd3908e5748061c
GCA	GCA_900033795.1	GCA/ncbi_dataset/data/GCA_900033795.1/GCA_900033795.1_11658_2_96_genomic.fna	2021681	158c1505d1bcd66b33352b5995ed80b7019bccf4461d74c04ba8355309c2fe8a
GCA	GCA_900033795.1	GCA/ncbi_dataset/data/GCA_900033795.1/genomic.gbff	4549278	e179270d0d90f9e1cfc86558f6aa9ea3908d632691a2446879ff51cd85e69c0b
GCA	GCA_900033795.1	GCA/ncbi_dataset/data/GCA_900033795.1/genomic.gff	814408	506a7df8224669b3dc226ac63ea094baacc5d6918fc6b0dbed810c875fbb5b70
GCA	GCA_900033795.1	GCA/ncbi_dataset/data/GCA_900033795.1/sequence_report.jsonl	12234	d76da8e8da41b4e25e2b2ab93fe4eb7068dfdbc4519691dfd65f4492630a09f0
GCA	GCA_900033805.1	GCA/ncbi_dataset/data/GCA_900033805.1/GCA_900033805.1_11679_1_6_genomic.fna	2021709	cac44450a46736bce29f0034b8aa0798239dbeaaf5d744e6e7cde3eb60cc4af3
GCA	GCA_900033805.1	GCA/ncbi_dataset/data/GCA_900033805.1/genomic.gbff	4539212	2d9180d31dd684f3306a4088863dcfd0313cfdbf265ce7e298544726c7fec795
GCA	GCA_900033805.1	GCA/ncbi_dataset/data/GCA_900033805.1/genomic.gff	816807	83588c724603d224d20a9014eaa83bd1f99ca67544ec8cc5ff69481646f2e354
GCA	GCA_900033805.1	GCA/ncbi_dataset/data/GCA_900033805.1/sequence_report.jsonl	6738	0f72e968fafcae59ead096aeb28269e312cbc159372ea2ac9a569f47a6d394eb
GCA	GCA_900033815.1	GCA/ncbi_dataset/data/GCA_900033815.1/GCA_900033815.1_11658_2_95_genomic.fna	1843584	24d83ca485945c614074df2388835629b109388003d3da84cc3d09a69cbab84a
GCA	GCA_900033815.1	GCA/ncbi_dataset/data/GCA_900033815.1/genomic.gbff	4171193	1b8781d199fe366175fd23d7416333010eca0224d740b38f2c21c6f745626523
GCA	GCA_900033815.1	GCA/ncbi_dataset/data/GCA_900033815.1/genomic.gff	757067	437af8d3e32575826a1e3146f4ebc5882e86831e3442e40e6a53be9b0f02a4a8
GCA	GCA_900033815.1	GCA/ncbi_dataset/data/GCA_900033815.1/sequence_report.jsonl	3984	4149e0767aad5226ba87223cde866b9a3a315ec821681fc817867df7fa1b57d0
GCA	GCA_900033835.1	GCA/ncbi_dataset/data/GCA_900033835.1/GCA_900033835.1_11657_4_5_genomic.fna	2129172	9b8a16e421ed50c4b64dda6d30e0236a823f6cafe20ee3e0a7224e1a455d5d87
GCA	GCA_900033835.1	GCA/ncbi_dataset/data/GCA_900033835.1/genomic.gbff	4844802	ed81a6e2c7f581455cf0431ff23d7cf4167c8fb9b391c2e2b9bffa179b80a558
GCA	GCA_900033835.1	GCA/ncbi_dataset/data/GCA_900033835.1/genomic.gff	887565	3d1e3ba789c3c5234d360f4b1ec31d2fca926a9605becd83b570007ca355e8f6
GCA	GCA_900033835.1	GCA/ncbi_dataset/data/GCA_900033835.1/sequence_report.jsonl	9588	0f2be3a60404abe1e46e8686b317ea06c58d5f848c381eefc52c64ba24c04f9d
GCA	GCA_900033845.1	GCA/ncbi_dataset/data/GCA_900033845.1/GCA_900033845.1_11893_8_13_genomic.fna	2119452	40baa62976ca07096031e9e1c96d38cbf7c8f768dfcec8f4db09c76367db6bf8
GCA	GCA_900033845.1	GCA/ncbi_dataset/data/GCA_900033845.1/genomic.gbff	4788224	848ffc193ca8d413f733204c6f2a926bc5e0aeab41b6fa9e7aad5f1fae1ffe12
GCA	GCA_900033845.1	GCA/ncbi_dataset/data/GCA_900033845.1/genomic.gff	866965	f95cc8cdb15f7db72ddf3f9d430cecc064e44d8bc51bd10a411d3c268d9a2752
GCA	GCA_900033845.1	GCA/ncbi_dataset/data/GCA_900033845.1/sequence_report.jsonl	11379	49b78be0714c418228ad9d3f624772fa1e486f1bcdb1d37556d53d6d29ccf613
GCA	GCA_900033855.1	GCA/ncbi_dataset/data/GCA_900033855.1/GCA_900033855.1_11679_1_20_genomic.fna	2104989	9dd2dc95badaa99ccd0ab38e7b3c157a5ebc50d0014216ece4803f1450cd7070
GCA	GCA_900033855.1	GCA/ncbi_dataset/data/GCA_900033855.1/genomic.gbff	4718965	4bfd9633ae770111dc1ff86c86a7905da11e12d9f2b3a9c97343f6e8b3789efd
GCA	GCA_900033855.1	GCA/ncbi_dataset/data/GCA_900033855.1/genomic.gff	841409	3bcbccbcbc60530ff124f85efdade71d45806ecb0b34103cbebcbc349123167a
GCA	GCA_900033855.1	GCA/ncbi_dataset/data/GCA_900033855.1/sequence_report.jsonl	7955	99c69f7cc8b331bfa3d317c229de2766a2eed55fbf00c55d652e72a6021e7ddb
GCA	GCA_900033865.1	GCA/ncbi_dataset/data/GCA_900033865.1/GCA_900033865.1_11657_4_16_genomic.fna	2374383	c664c2e4772c8d27ae100adcc53f9bf80f21270e514825228fa1fb87903f23ed
GCA	GCA_900033865.1	GCA/ncbi_dataset/data/GCA_900033865.1/genomic.gbff	5516956	e079b4794a3edbe1dd0cf867983512de78ab3ce7d8834fda370cbad007fc323e
GCA	GCA_900033865.1	GCA/ncbi_dataset/data/GCA_900033865.1/genomic.gff	1153794	c6af4c2f4b3d1aea3b5ee78230a3360a4e52a71931cebc1447144b690f069309
GCA	GCA_900033865.1	GCA/ncbi_dataset/data/GCA_900033865.1/sequence_report.jsonl	102564	c36fddd3ba8b9f9c39ffc08ad2b5897ac001a2674db24f675e8d17f7bbedff16
GCA	GCA_900033875.1	GCA/ncbi_dataset/data/GCA_900033875.1/GCA_900033875.1_11657_4_17_genomic.fna	2180005	ded7308ede1f2815f312282d768ddb5b15abf21c97934cbd9039bd800aa3e685
GCA	GCA_900033875.1	GCA/ncbi_dataset/data/GCA_900033875.1/genomic.gbff	4954249	79e643d5312cb49be1232e9fb84d249f236783f130d41edaf4b0eb69931948d4
GCA	GCA_900033875.1	GCA/ncbi_dataset/data/GCA_900033875.1/genomic.gff	1026082	ff16f5bc38a0deb0254d1c96799e81c9ed24542cd521f65844331356ac963599
GCA	GCA_900033875.1	GCA/ncbi_dataset/data/GCA_900033875.1/sequence_report.jsonl	36552	f4db3aecdb2a1a73ca3ee830bc8e74329cf55adb095d43ae67ba0d2eb25a6c25
GCA	GCA_900033885.1	GCA/ncbi_dataset/data/GCA_900033885.1/GCA_900033885.1_11511_8_18_genomic.fna	2207214	70bfd531a3be14d11210a411720a64342b251a5f5092c44fd5be20e5d68f6d8d
GCA	GCA_900033885.1	GCA/ncbi_dataset/data/GCA_900033885.1/genomic.gbff	5009305	2e95d0f4335d787095a525b1eeac03bb93656c7f1621d64b72b50ad1dc4088ae
GCA	GCA_900033885.1	GCA/ncbi_dataset/data/GCA_900033885.1/genomic.gff	1038903	8280f960b8c2f299838b2bb472642ed00f6944b6a240dd60a4f5ba6b2a4c1e29
GCA	GCA_900033885.1	GCA/ncbi_dataset/data/GCA_900033885.1/sequence_report.jsonl	35934	be148ebb5688403ae734e0c647a82d906e1bacc7184b772081b33502cb78a419
GCA	GCA_900033895.1	GCA/ncbi_dataset/data/GCA_900033895.1/GCA_900033895.1_11657_4_21_genomic.fna	2163839	331898d87c46597a5000545e40152993f0406d9bcda229f31a99b419ee63328f
GCA	GCA_900033895.1	GCA/ncbi_dataset/data/GCA_900033895.1/genomic.gbff	4916274	74a3eef8f18864c5b4b5afd96933146f883bf7d0366c453377be05b024e2b457
GCA	GCA_900033895.1	GCA/ncbi_dataset/data/GCA_900033895.1/genomic.gff	1020271	db3c6ad75d377bdd95818f9dd4ce37ed06f823ff4c8c353189c1fe544c4aeed7
GCA	GCA_900033895.1	GCA/ncbi_dataset/data/GCA_900033895.1/sequence_report.jsonl	37177	de08a0136013b387a0470a16fd20aa8ae916f4d67b6940d3368ca6995af2f057
GCA	GCA_900033905.1	GCA/ncbi_dataset/data/GCA_900033905.1/GCA_900033905.1_11658_2_86_genomic.fna	2062732	15f9980bd0a310ced7f307610e1153e1f053b20414fa33f6b2e881f4792e258c
GCA	GCA_900033905.1	GCA/ncbi_dataset/data/GCA_900033905.1/genomic.gbff	4686135	a997076e363b63c7a5fd825bb19e494c298c373fe96aeb10c68be371e8da0a94
GCA	GCA_900033905.1	GCA/ncbi_dataset/data/GCA_900033905.1/genomic.gff	842381	525a0c1e8fb3dcf68f8b60924a5ca26364955c083b6b87145c92ae0b0e99baee
GCA	GCA_900033905.1	GCA/ncbi_dataset/data/GCA_900033905.1/sequence_report.jsonl	31997	44d8019dffb3a59a2001f2285480fc9b78e07dbc9dd6458de24cfeff170236e2
GCA	GCA_900033915.1	GCA/ncbi_dataset/data/GCA_900033915.1/GCA_900033915.1_11511_8_23_genomic.fna	2001731	175fce1ee5b2cd0dd5014d3f36141ebd1218c3dbb7dfa5d47973044bff352594
GCA	GCA_900033915.1	GCA/ncbi_dataset/data/GCA_900033915.1/genomic.gbff	4503871	ec89a7f3d36e9e842bd8ac05c9c4f2fb1d52d2b18b9567773077c871d9c287d2
GCA	GCA_900033915.1	GCA/ncbi_dataset/data/GCA_900033915.1/genomic.gff	808700	6f9009dcd021dd6798f804a039505e5a5350697562eee8c523cdd6a67270eb1d
GCA	GCA_900033915.1	GCA/ncbi_dataset/data/GCA_900033915.1/sequence_report.jsonl	8561	2a76a0c144218b517a0d3b249a5962a4a3f64592202c119304d60adf791708e4
GCA	GCA_900033925.1	GCA/ncbi_dataset/data/GCA_900033925.1/GCA_900033925.1_11658_8_3_genomic.fna	2125263	c0e26ad6b8aa95e49f5b35bfc26a10d8fcc70ef33c3574d297872818e3f950e3
GCA	GCA_900033925.1	GCA/ncbi_dataset/data/GCA_900033925.1/genomic.gbff	4769662	9d70287ba449308fda8863a747f8812e90818458ef01fab4a48b5f4d915f2988
GCA	GCA_900033925.1	GCA/ncbi_dataset/data/GCA_900033925.1/genomic.gff	863244	efbc67fc0191e07c2d4f583cf9ce43d1d306d697dfc4f43b09bfd51915c0d599
GCA	GCA_900033925.1	GCA/ncbi_dataset/data/GCA_900033925.1/sequence_report.jsonl	7650	f5661e8348f4f559fcb95b8a621a942387d27b6710b6c70b87453602ec790941
GCA	GCA_900033935.1	GCA/ncbi_dataset/data/GCA_900033935.1/GCA_900033935.1_11511_8_30_genomic.fna	2189828	72c109fe9f6aa5f87a35231281af2763e14ee1152f1ec9e1c09831106665f232
GCA	GCA_900033935.1	GCA/ncbi_dataset/data/GCA_900033935.1/genomic.gbff	4953383	20cbfa439328cb1f18059322db5cde7cbde5fb4013b08f0af5a9eb3bf6daff6c
GCA	GCA_900033935.1	GCA/ncbi_dataset/data/GCA_900033935.1/genomic.gff	894761	bb44cf2b17a5e6922cf60690c7ad4d4b5b42e1fb4dfec087c3e1e1136c83b4cd
GCA	GCA_900033935.1	GCA/ncbi_dataset/data/GCA_900033935.1/sequence_report.jsonl	18216	2dd96de4dc4b79d346717d826ee7834c14c3f3b8b8f8c073f68ef60ce2653c81
GCA	GCA_900033945.1	GCA/ncbi_dataset/data/GCA_900033945.1/GCA_900033945.1_11657_8_17_genomic.fna	2082869	1c637e08571880700ce7b2059d8b761f93574cec344ca996699f6f53248f132f
GCA	GCA_900033945.1	GCA/ncbi_dataset/data/GCA_900033945.1/genomic.gbff	4666977	a9795ee4eb23c4d75fc062b93b2dc2187a42dc58ce27328b1f29c8acf9ea706c
GCA	GCA_900033945.1	GCA/ncbi_dataset/data/GCA_900033945.1/genomic.gff	833177	a060352167314bcb774f2b64ba597c5a868a8a51944cf644a3fe4b6a6c2838cf
GCA	GCA_900033945.1	GCA/ncbi_dataset/data/GCA_900033945.1/sequence_report.jsonl	13139	7c94f6b14fe21150cb733ed8b9dd1b6dadc7199f142d430905f6d3d2b54fe576
GCA	GCA_900033955.1	GCA/ncbi_dataset/data/GCA_900033955.1/GCA_900033955.1_11658_2_84_genomic.fna	2106350	7c95ce8bcbba982857203c461da76f4fcb716c7df0b289144cef91298c89eede
GCA	GCA_900033955.1	GCA/ncbi_dataset/data/GCA_900033955.1/genomic.gbff	4739064	34b34d11ef7fb15e1b2eaaf78926e595ebf9ac15aae88c92dc2c253c3fda010b
GCA	GCA_900033955.1	GCA/ncbi_dataset/data/GCA_900033955.1/genomic.gff	856822	e92892a295c693106a9875b3c05c10ef940faea6847357ebe314cd78633b187c
GCA	GCA_900033955.1	GCA/ncbi_dataset/data/GCA_900033955.1/sequence_report.jsonl	11314	4a85e8b6f8c1976e8aeb9845b5caf991b1f20cbd4a2f21819361cc93a4cb182a
GCA	GCA_900033965.1	GCA/ncbi_dataset/data/GCA_900033965.1/GCA_900033965.1_11511_8_33_genomic.fna	2079093	80b180797b200b922f247940189125e8bfb2eda8223d43a8748d12fd3ea2138b
GCA	GCA_900033965.1	GCA/ncbi_dataset/data/GCA_900033965.1/genomic.gbff	4675945	ad570054a3e54a0baef831ec21d74b4a1889df0d235ed32098d84f32f4b997df
GCA	GCA_900033965.1	GCA/ncbi_dataset/data/GCA_900033965.1/genomic.gff	842930	50cc7cc52188b454d07f7fda167bbb6e0e59f160f7053fef6d02be127b74a0f8
GCA	GCA_900033965.1	GCA/ncbi_dataset/data/GCA_900033965.1/sequence_report.jsonl	10698	7919572fda7938134a5f986b9fe27d762d9ca87e1ffac71fe1f460ee5d092916
GCA	GCA_900033975.1	GCA/ncbi_dataset/data/GCA_900033975.1/GCA_900033975.1_11511_8_36_genomic.fna	2010353	b79d8cccc6f346dd3d6a960dab175313095e19fcc58d0f776a05552512b6c0be
GCA	GCA_900033975.1	GCA/ncbi_dataset/data/GCA_900033975.1/genomic.gbff	4525126	67357743671a616d517d149455c67b4e3552c022dffc93178c350475ecf825f2
GCA	GCA_900033975.1	GCA/ncbi_dataset/data/GCA_900033975.1/genomic.gff	814553	5b506072680398a889763be5d82ebafef02aaa51ad55729f4d6b33e252ec93e0
GCA	GCA_900033975.1	GCA/ncbi_dataset/data/GCA_900033975.1/sequence_report.jsonl	7036	60c100e6a64629fe4e406588707599d574942ed423457975c905c95163384314
GCA	GCA_900033985.1	GCA/ncbi_dataset/data/GCA_900033985.1/GCA_900033985.1_11679_1_33_genomic.fna	2092142	cc20713303a63fb0ac9013ccb9a4463dc9d5173a7c74319f323f50e2f7c709a0
GCA	GCA_900033985.1	GCA/ncbi_dataset/data/GCA_900033985.1/genomic.gbff	4680300	d9913636bccf0a48ba7e94ff8d94d72a23456d57c3d01626112db42acebb1344
GCA	GCA_900033985.1	GCA/ncbi_dataset/data/GCA_900033985.1/genomic.gff	832414	088404c1fec38928c540d3ffe39d73446042829196d558a81c5aa85cb6821a6d
GCA	GCA_900033985.1	GCA/ncbi_dataset/data/GCA_900033985.1/sequence_report.jsonl	8866	ee0c209ce0b8c256696da1dd78259b6db7987ccb817513c57d4d3ffd7a447e38
GCA	GCA_900035605.1	GCA/ncbi_dataset/data/GCA_900035605.1/GCA_900035605.1_11679_1_25_genomic.fna	2213816	64b387be01b94082159f8a2f1ca322e2f713366bc9d6b05414661972729c77ee
GCA	GCA_900035605.1	GCA/ncbi_dataset/data/GCA_900035605.1/genomic.gbff	4983607	1c4a824b7354bf0d0a47bb250cbc70b0def6ef866cade3bdc2a966f158b37428
GCA	GCA_900035605.1	GCA/ncbi_dataset/data/GCA_900035605.1/genomic.gff	1027054	685412106f7a6d34fb13f6359c43591745db10634921a5c8d9c726aeb92f5ed4
GCA	GCA_900035605.1	GCA/ncbi_dataset/data/GCA_900035605.1/sequence_report.jsonl	26215	d831eb20fdbebe87083a575d4c3befbc7328ed2afb04cc7379f3de9910ca83d8
GCA	GCA_900035625.1	GCA/ncbi_dataset/data/GCA_900035625.1/GCA_900035625.1_11511_8_37_genomic.fna	2079363	26441a7a9bc7fb798f48e7603ebdb00ed9e97cd1d1db4065c73caf686a2c744d
GCA	GCA_900035625.1	GCA/ncbi_dataset/data/GCA_900035625.1/genomic.gbff	4681217	2f9c7eb75264f685d8cee5316548c53ba751cab8e3ae11bc4fe6df5083503156
GCA	GCA_900035625.1	GCA/ncbi_dataset/data/GCA_900035625.1/genomic.gff	841768	f684b40db323caec43e4479b0358bcf4c5c419156a8606a76b05d7396ad1eef1
GCA	GCA_900035625.1	GCA/ncbi_dataset/data/GCA_900035625.1/sequence_report.jsonl	9786	49916a80b0ae9d16238ea403ad0208f5eec0095061f0a9c4d4f135d04fa97e8d
GCA	GCA_900035635.1	GCA/ncbi_dataset/data/GCA_900035635.1/GCA_900035635.1_11511_8_38_genomic.fna	2059698	659db94fbf8ef14c9d58c2ee1f37be204f4c458591ccafd4e1e452e0a2c2b4d9
GCA	GCA_900035635.1	GCA/ncbi_dataset/data/GCA_900035635.1/genomic.gbff	4630004	f4baf69cc1dfb47ce9925b4b84ba97deb918438a0f95dd8fa18a1d0cc6181e15
GCA	GCA_900035635.1	GCA/ncbi_dataset/data/GCA_900035635.1/genomic.gff	829466	fd99e43a5d79f2db41d4c51d2bb5e698a691b3d5ab482526af087d332165efb3
GCA	GCA_900035635.1	GCA/ncbi_dataset/data/GCA_900035635.1/sequence_report.jsonl	10705	8188c3c3ff40c8848307a1abcee2204490a92772bbb249d787287633b4bca3dc
GCA	GCA_900036435.1	GCA/ncbi_dataset/data/GCA_900036435.1/GCA_900036435.1_11679_1_7_genomic.fna	2023747	f3e68c12a8493b3bbddc26fa6c3634e0546d34c2f9e49462436b74544058f198
GCA	GCA_900036435.1	GCA/ncbi_dataset/data/GCA_900036435.1/genomic.gbff	4556629	1add89b90488ab1ecc0a356614a4030792658d9e0b0293dd330e9dcd2d30e2fc
GCA	GCA_900036435.1	GCA/ncbi_dataset/data/GCA_900036435.1/genomic.gff	815898	21313856ff80077aba7cd3092a3d2d3891d90386306f2f2fa0c7420872ca9bd6
GCA	GCA_900036435.1	GCA/ncbi_dataset/data/GCA_900036435.1/sequence_report.jsonl	14675	d574ab525d6f6812a55d77b560004e1b1f261118f903644201eb44c2682b2932
GCA	GCA_900036445.1	GCA/ncbi_dataset/data/GCA_900036445.1/GCA_900036445.1_11657_8_9_genomic.fna	2137887	1d19c69dcab4eaf43c7af346561c9d73985f5cddde5c8a86cfe0f3f8e2011794
GCA	GCA_900036445.1	GCA/ncbi_dataset/data/GCA_900036445.1/genomic.gbff	4792680	6387a98cecf636e325c3db665e3d2dd94d166baded8c236261bf9cf67d6ce115
GCA	GCA_900036445.1	GCA/ncbi_dataset/data/GCA_900036445.1/genomic.gff	855583	1b1d17f713dee67c1f48e84c0d09e31fabf645f2872e85b7b5a0d68f1cdb3236
GCA	GCA_900036445.1	GCA/ncbi_dataset/data/GCA_900036445.1/sequence_report.jsonl	12529	58b39b4d074072530605ca5bf6eae06ea248167afbc9b08f5f5c2be857e5ea94
GCA	GCA_900036455.1	GCA/ncbi_dataset/data/GCA_900036455.1/GCA_900036455.1_11679_1_17_genomic.fna	2087293	94bb3568491ab41d7c7af0fd2a26b006c68ffa6ca82872554410939f66c13d2b
GCA	GCA_900036455.1	GCA/ncbi_dataset/data/GCA_900036455.1/genomic.gbff	4718724	0ff31a71d092141759e661eb242ae5d5f53c0a12783a842d95a1eafd1faea104
GCA	GCA_900036455.1	GCA/ncbi_dataset/data/GCA_900036455.1/genomic.gff	961940	714614d09e26958e8cd3624b873fc42e33542c795eb00104d1bcbce78fd4c159
GCA	GCA_900036455.1	GCA/ncbi_dataset/data/GCA_900036455.1/sequence_report.jsonl	32284	a58777e8b28d8614ce56ff1369fcb92540a9f570ef89f99529720b3b31501949
GCA	GCA_900036465.1	GCA/ncbi_dataset/data/GCA_900036465.1/GCA_900036465.1_11679_1_21_genomic.fna	2026620	46a02b876b11a4ce0ed551a08a194dd0d7056ea222da7e2dce29c1cb01d8baa4
GCA	GCA_900036465.1	GCA/ncbi_dataset/data/GCA_900036465.1/genomic.gbff	4561309	26b103723089f5ae234f0e18696d7bf1f4ef3efc7f9d5bb79a44f1580b4bddbc
GCA	GCA_900036465.1	GCA/ncbi_dataset/data/GCA_900036465.1/genomic.gff	816625	91572e7e584589212b31cbf57e3f993267f00a7fea557f7d430e03acf4c649e0
GCA	GCA_900036465.1	GCA/ncbi_dataset/data/GCA_900036465.1/sequence_report.jsonl	14669	2aba88633ee10800541a277bde51623dde3574e6bbf7bf54feb5ccf9e07d1edb
GCA	GCA_900036475.1	GCA/ncbi_dataset/data/GCA_900036475.1/GCA_900036475.1_11679_1_23_genomic.fna	2151952	adb5f94b2c77dcff9f88882f066f31e39747e00e345391c9936e21ecdce98b48
GCA	GCA_900036475.1	GCA/ncbi_dataset/data/GCA_900036475.1/genomic.gbff	4821030	d4f133b4afd0e16203c7c4cb8b83998645142f43a79bd7f2413704479161ee87
GCA	GCA_900036475.1	GCA/ncbi_dataset/data/GCA_900036475.1/genomic.gff	859752	fdbae69f4dd1f5b1484795d24c8aa04943b3335a14ececc85ab2ee52db10fde2
GCA	GCA_900036475.1	GCA/ncbi_dataset/data/GCA_900036475.1/sequence_report.jsonl	10088	89b7cc10b1d8d31986def346bd0b8ee72daeb6c4429267f1972966ed003a2bc5
GCA	GCA_900036955.1	GCA/ncbi_dataset/data/GCA_900036955.1/GCA_900036955.1_11511_8_4_genomic.fna	2082323	554a826b7002c1a121c86b2a64eebcab5dcacbfb64442e0f5a66e0e6e99f013c
GCA	GCA_900036955.1	GCA/ncbi_dataset/data/GCA_900036955.1/genomic.gbff	4680643	795bdba9677c719b90d00650c268f5b335b397a3af4853d76f5a3095c97a6e2b
GCA	GCA_900036955.1	GCA/ncbi_dataset/data/GCA_900036955.1/genomic.gff	845222	b31a9b8a80072e3a312a6cb21117200b2a3d64f11ba9e5913261e218b4e1ccc3
GCA	GCA_900036955.1	GCA/ncbi_dataset/data/GCA_900036955.1/sequence_report.jsonl	10697	402b2ab3c0ba490ffeebfd24e86292d850775ddcdcd6f72f53d758ce458edbbd
GCA	GCA_900036965.1	GCA/ncbi_dataset/data/GCA_900036965.1/GCA_900036965.1_11679_1_2_genomic.fna	2199312	b74cab814e0a456bbf618bd03d1a0157e7da81b949fe6f8f9255ec55b172a4ab
GCA	GCA_900036965.1	GCA/ncbi_dataset/data/GCA_900036965.1/genomic.gbff	4975397	525dc63c20ba12c1c0b5a12667fa262043a766466e0c9c9f765e16969ce8464f
GCA	GCA_900036965.1	GCA/ncbi_dataset/data/GCA_900036965.1/genomic.gff	898288	a5cac23bf38f707e4da91855262f91fcf920a909dddbb360b5bb4ccb14705638
GCA	GCA_900036965.1	GCA/ncbi_dataset/data/GCA_900036965.1/sequence_report.jsonl	24733	58cd528f17bb9614d0595e21fa5efbcd03132cebcf372ad3c09ffa68cb90a546
GCA	GCA_900036985.1	GCA/ncbi_dataset/data/GCA_900036985.1/GCA_900036985.1_11679_1_10_genomic.fna	2123468	b2959277dffa92487541c255a353ff9a7b81e4ac2d37fdb98428a7b4288b0e0b
GCA	GCA_900036985.1	GCA/ncbi_dataset/data/GCA_900036985.1/genomic.gbff	4784686	f71528c0d0b057179206779ed8b42567b80e295841d0a59a4e66aaf3b4831df1
GCA	GCA_900036985.1	GCA/ncbi_dataset/data/GCA_900036985.1/genomic.gff	858893	9caec5eda950f0fe9238d525d2410e558aef9471a8bd67ecd8c23a3d76e9bfda
GCA	GCA_900036985.1	GCA/ncbi_dataset/data/GCA_900036985.1/sequence_report.jsonl	9884	b1d325276b87aa43f92f14501119a3c12ad385c3eb5bc7de26a1148118c37fe7
GCA	GCA_900036995.1	GCA/ncbi_dataset/data/GCA_900036995.1/GCA_900036995.1_11511_8_11_genomic.fna	2281575	1bea83fca676a2cccc7bb35ae60d2a55950b2fafcd6a8b97eaa83c85b15733d9
GCA	GCA_900036995.1	GCA/ncbi_dataset/data/GCA_900036995.1/genomic.gbff	5264440	8990d6fffc2cf5e49365bac02d8225883fd1089f479db8b81f2b87cb47040009
GCA	GCA_900036995.1	GCA/ncbi_dataset/data/GCA_900036995.1/genomic.gff	1090986	90ae945df626a26df75818ca168d4f6087a5b73cdc88b033a97e5017b2f7fe7f
GCA	GCA_900036995.1	GCA/ncbi_dataset/data/GCA_900036995.1/sequence_report.jsonl	64551	f35faf4b952c351a4cedc231e7694f2af64adb461880d349b70ffa0cf8664827
GCA	GCA_900037005.1	GCA/ncbi_dataset/data/GCA_900037005.1/GCA_900037005.1_11679_1_13_genomic.fna	2095997	47c4409bbc95b43f32a410f49ac97d554c2a02a4f54779aff2e4c94386a10b67
GCA	GCA_900037005.1	GCA/ncbi_dataset/data/GCA_900037005.1/genomic.gbff	4747608	c6de16b6ec272fbaf2e83e184fcd9bd53a57eec6e4b1a246b37cbc6b1c65e4f9
GCA	GCA_900037005.1	GCA/ncbi_dataset/data/GCA_900037005.1/genomic.gff	854749	77650b904b71f155ce498b684a8ea0560e9a408d47542c5a24bb216ec52ea74a
GCA	GCA_900037005.1	GCA/ncbi_dataset/data/GCA_900037005.1/sequence_report.jsonl	23469	1d909948c11cb2438aec73ca676eb46c9f31035f2e79f4471aa31e65de268247
GCA	GCA_900037015.1	GCA/ncbi_dataset/data/GCA_900037015.1/GCA_900037015.1_11657_4_12_genomic.fna	2184756	f7620972622cad44b27e93089a3485b6db7f07274780a24a5a61e00842f5ecbb
GCA	GCA_900037015.1	GCA/ncbi_dataset/data/GCA_900037015.1/genomic.gbff	4953796	87b97eda49ccf695e088e4d2f40156ce0ceab9fc3b3dbb5eb5f32aaf89ffe63d
GCA	GCA_900037015.1	GCA/ncbi_dataset/data/GCA_900037015.1/genomic.gff	1023203	8bc9eacac605acf049e7d7d46784ae760295da8e7de11e76e9c7bfeb43bdae56
GCA	GCA_900037015.1	GCA/ncbi_dataset/data/GCA_900037015.1/sequence_report.jsonl	30492	4141765c9194ebfd306b826836ee37aea30f784d29bea29f9399b374c6e2ce11
GCA	GCA_900037025.1	GCA/ncbi_dataset/data/GCA_900037025.1/GCA_900037025.1_11679_1_15_genomic.fna	2025222	eededb2ad62f3440413009bba4f8b4bc2ce904f70c895005fe84e12c7e96ae65
GCA	GCA_900037025.1	GCA/ncbi_dataset/data/GCA_900037025.1/genomic.gbff	4563538	83ab0677ea6191a9fe9d0b83c0308a8e5da7f1556f1e1898302a8ca2376271cb
GCA	GCA_900037025.1	GCA/ncbi_dataset/data/GCA_900037025.1/genomic.gff	816702	693bcf3be961037aa0036a5eef5bd4aab26d0c0d091d38f3ba8f573772624148
GCA	GCA_900037025.1	GCA/ncbi_dataset/data/GCA_900037025.1/sequence_report.jsonl	15586	7ef753838c68d09141c69f44b580a4a04a2d0ebd5f72b2c49fca890fe78a7cce
GCA	GCA_900037035.1	GCA/ncbi_dataset/data/GCA_900037035.1/GCA_900037035.1_11657_8_12_genomic.fna	2091941	dce995b841a52e61fd6e8279b4b6937df16c867538181a24f594d2308b2fcba9
GCA	GCA_900037035.1	GCA/ncbi_dataset/data/GCA_900037035.1/genomic.gbff	4695713	fb5aeb3da216560a73f9fdc2bae610bf61d328dd704c2f8acbc4730e76290feb
GCA	GCA_900037035.1	GCA/ncbi_dataset/data/GCA_900037035.1/genomic.gff	832625	cf7db5e70be3455b0daf0809f2a52d9c17d4d7a3830811b3459dc38cbfdff88a
GCA	GCA_900037035.1	GCA/ncbi_dataset/data/GCA_900037035.1/sequence_report.jsonl	13444	555c403e08bbdc2b942ed3ca72b03876e1db567e41ef36aa909dcc4aa8b8c4c4
GCA	GCA_900037045.1	GCA/ncbi_dataset/data/GCA_900037045.1/GCA_900037045.1_11658_2_92_genomic.fna	2093391	20f56fa6ded1720478da5089858733b33b601169ce485acaac1c401f0b2e9a40
GCA	GCA_900037045.1	GCA/ncbi_dataset/data/GCA_900037045.1/genomic.gbff	4695476	93981f4cf91b8f0f14af1ac5dd6143a72f77cd19b572a7264837332c7175e6db
GCA	GCA_900037045.1	GCA/ncbi_dataset/data/GCA_900037045.1/genomic.gff	835303	06507a18018222278ad343c9beb78d16d77561e3d4e75b19c2a91a6307729799
GCA	GCA_900037045.1	GCA/ncbi_dataset/data/GCA_900037045.1/sequence_report.jsonl	13447	a9172db9efe23c8367d8b893b3213f2441d2211322c9348e9f9003f58ed78f8b
GCA	GCA_900037055.1	GCA/ncbi_dataset/data/GCA_900037055.1/GCA_900037055.1_11679_1_24_genomic.fna	2248418	c256d3f227103487707b9ad3d5422b97712378cddcd5ce24a4dbfc4295bdc0b0
GCA	GCA_900037055.1	GCA/ncbi_dataset/data/GCA_900037055.1/genomic.gbff	5116068	eaa47163b92dbb8a144562bbf0b014dc899eed8aa7226777517aee82156f71d1
GCA	GCA_900037055.1	GCA/ncbi_dataset/data/GCA_900037055.1/genomic.gff	1056125	f2b0eff79dcbd880f33ce7bb84675b7f1be69f9a59e12f9e0d79daf5cf41d425
GCA	GCA_900037055.1	GCA/ncbi_dataset/data/GCA_900037055.1/sequence_report.jsonl	41128	934f059d75e3958cfab8bd73079ffca5a529fe108e3300670ac6f6f583d8366a
GCA	GCA_900037065.1	GCA/ncbi_dataset/data/GCA_900037065.1/GCA_900037065.1_11657_4_18_genomic.fna	2318912	6637c00f169bcc35c219637c022f4833e8257c82194e8f2dea5faf1ecd3230d4
GCA	GCA_900037065.1	GCA/ncbi_dataset/data/GCA_900037065.1/genomic.gbff	5373165	e79d28147129f6ac85d69d81b69f32972ccc4d1a48128fbbd84d82b7e4ad2faa
GCA	GCA_900037065.1	GCA/ncbi_dataset/data/GCA_900037065.1/genomic.gff	1112909	14bcc2dda48a1710c1cc05ae8bdb72600f0cb4e7a02ec6ef1894082532400ea7
GCA	GCA_900037065.1	GCA/ncbi_dataset/data/GCA_900037065.1/sequence_report.jsonl	99221	0bbb3b80fd5823b7a7ef924f788cc887a49666a8a51f4d41c917a78c63afa248
GCA	GCA_900037075.1	GCA/ncbi_dataset/data/GCA_900037075.1/GCA_900037075.1_11657_4_26_genomic.fna	2069111	d3933daf1c7684876a4038dd2987c99d3786d4c62eb52068dba9523d99703917
GCA	GCA_900037075.1	GCA/ncbi_dataset/data/GCA_900037075.1/genomic.gbff	4637786	9af4cc596dad48c2ed21238959b4c4df33f184a4ff844732bd198533f957c068
GCA	GCA_900037075.1	GCA/ncbi_dataset/data/GCA_900037075.1/genomic.gff	944466	f51458a367fd85dda8bcba05c7a78ff37fd17371085f07880161a6a201342c7c
GCA	GCA_900037075.1	GCA/ncbi_dataset/data/GCA_900037075.1/sequence_report.jsonl	10706	5da29ff9733903f11f30b91c29f7e4681df53c422681b2ce9f668ea641679cc6
GCA	GCA_900037615.1	GCA/ncbi_dataset/data/GCA_900037615.1/GCA_900037615.1_11511_8_15_genomic.fna	2023752	d632aa4f3644d5cec89c23d5c4bfefee4c994ddf459dc834736721a8f55e6986
GCA	GCA_900037615.1	GCA/ncbi_dataset/data/GCA_900037615.1/genomic.gbff	4552506	4995b0e3d07c37cb8f72d7c38399181d68bf9b3a59de707d8c4623180c635306
GCA	GCA_900037615.1	GCA/ncbi_dataset/data/GCA_900037615.1/genomic.gff	812349	97546248550d6086fc1b2e892daa25c67f8ea5b9d07bd6d73e33b3e232d01c61
GCA	GCA_900037615.1	GCA/ncbi_dataset/data/GCA_900037615.1/sequence_report.jsonl	12232	a5e542a3751e7fd1afaf61e9ce5a8de7066fcd337eb5d8b5e94b8a7731c0ac4d
GCA	GCA_900037625.1	GCA/ncbi_dataset/data/GCA_900037625.1/GCA_900037625.1_11511_8_22_genomic.fna	2173642	23240ae9d44feb33e5d7b9e43e596a4a81217c7329bea93031d934b8bdaa8868
GCA	GCA_900037625.1	GCA/ncbi_dataset/data/GCA_900037625.1/genomic.gbff	4907924	fbdd6bbfad3dd20a54f2b501464912edeae59b522988db25487b0a72ac9382b8
GCA	GCA_900037625.1	GCA/ncbi_dataset/data/GCA_900037625.1/genomic.gff	885022	8711f814d925ca2550fe43b476e5a2345115158cbd45d1a799b895134e533fc0
GCA	GCA_900037625.1	GCA/ncbi_dataset/data/GCA_900037625.1/sequence_report.jsonl	15893	0dd36a1ede7e4573ec87603b6613d1ef9e8987908a5eeb0e209b39df424ad9e0
GCA	GCA_900038105.1	GCA/ncbi_dataset/data/GCA_900038105.1/GCA_900038105.1_11657_4_19_genomic.fna	2276361	dbca774a586e1b319316079fb6148d55f278dd527a82487cfe9299a5c30110a2
GCA	GCA_900038105.1	GCA/ncbi_dataset/data/GCA_900038105.1/genomic.gbff	5219391	05305ef01279170e49e5f51fcf6de7c1c14c4de95a582eecef9979f2ecd02ca2
GCA	GCA_900038105.1	GCA/ncbi_dataset/data/GCA_900038105.1/genomic.gff	1077558	82d7bf598b529b65801b69550cb6d60b8e3d875d607d2ee4c1c3be471989eebb
GCA	GCA_900038105.1	GCA/ncbi_dataset/data/GCA_900038105.1/sequence_report.jsonl	66066	7702ecf7e48769f97c49baf92903d4b2d6713309e2afc2d7c2cff3123be58e17
GCA	GCA_900038115.1	GCA/ncbi_dataset/data/GCA_900038115.1/GCA_900038115.1_11658_2_90_genomic.fna	2216643	998758310c40e2c9dec6c2129340333a6608fad9bef9aa0766574f0eb8570f3a
GCA	GCA_900038115.1	GCA/ncbi_dataset/data/GCA_900038115.1/genomic.gbff	5053537	fb11b7b1976aa91ea61dbb9a50f07c12c0c147ede70cf8fb98db90e863eef537
GCA	GCA_900038115.1	GCA/ncbi_dataset/data/GCA_900038115.1/genomic.gff	1043153	607ed72d3e3cd3ecca700cc15a0cf0068158e281ceaadbef68b583008ee37f0e
GCA	GCA_900038115.1	GCA/ncbi_dataset/data/GCA_900038115.1/sequence_report.jsonl	54794	9df56b678ef73b22688a0601ac08dfebe9c4cf718516853b5019dc2a8c554b43
GCA	GCA_900038125.1	GCA/ncbi_dataset/data/GCA_900038125.1/GCA_900038125.1_11679_1_28_genomic.fna	2060675	e5d41ba81f193f139648b0ca9517fa3a0adf5709d3931224143bdf2c301dc337
GCA	GCA_900038125.1	GCA/ncbi_dataset/data/GCA_900038125.1/genomic.gbff	4629344	7f16d7c701e80b3ad32ac9d261909b32fc6c5521cf6846d16fb77e5f0b424cca
GCA	GCA_900038125.1	GCA/ncbi_dataset/data/GCA_900038125.1/genomic.gff	829867	734078a65c42ad38f5be1ae4d0fb5cf320c80e439573ab726eeb2784d00d85f8
GCA	GCA_900038125.1	GCA/ncbi_dataset/data/GCA_900038125.1/sequence_report.jsonl	13446	f0c016899027672149dda573fa1926b15e08b7c230802865c942e71e05cc4478
GCA	GCA_900038135.1	GCA/ncbi_dataset/data/GCA_900038135.1/GCA_900038135.1_11657_4_29_genomic.fna	2089912	028912c0e70a07630afa67ce28805fbe1947c35739cccc5354dc41353131a09c
GCA	GCA_900038135.1	GCA/ncbi_dataset/data/GCA_900038135.1/genomic.gbff	4683683	fdd56fb60c86e960398879bc217ee806a226e959f6650ebd55c3a904a0420d82
GCA	GCA_900038135.1	GCA/ncbi_dataset/data/GCA_900038135.1/genomic.gff	968634	5d7bb82fb6d588ba3b4bc907ffab2956c45c46fccc3da1d86c2686a8d5009628
GCA	GCA_900038135.1	GCA/ncbi_dataset/data/GCA_900038135.1/sequence_report.jsonl	6073	62cd09b402f702c884a72f44b3b472729335cdb846502bec13d87027c83a744a
GCA	GCA_900038145.1	GCA/ncbi_dataset/data/GCA_900038145.1/GCA_900038145.1_11657_4_30_genomic.fna	2108065	ab88eab07e0f88eb64049db3c4dd97f5082ec319f3d5dd6e9f84fd5d64550c73
GCA	GCA_900038145.1	GCA/ncbi_dataset/data/GCA_900038145.1/genomic.gbff	4746819	41984c64774d69d5e77e1dbfad43e89ee2c934ad397571eaead337da0ef7bf33
GCA	GCA_900038145.1	GCA/ncbi_dataset/data/GCA_900038145.1/genomic.gff	857396	6674b1b9f21de011c8a5a6d2ab75132cbbf2cb5c084b339da53417beb80ee44e
GCA	GCA_900038145.1	GCA/ncbi_dataset/data/GCA_900038145.1/sequence_report.jsonl	11011	8819f3eb56115f8647c35e060efd088741b6c0c9187dd3b56533eac791ba2e8c
GCA	GCA_900038155.1	GCA/ncbi_dataset/data/GCA_900038155.1/GCA_900038155.1_11893_8_15_genomic.fna	2061887	b25e8906ece2711539cfb069888ef7d5b0535c4da8c41e55d36cfe4bbca24db7
GCA	GCA_900038155.1	GCA/ncbi_dataset/data/GCA_900038155.1/genomic.gbff	4635742	24b4564f69388ab6fb11d109e0200baeebaa81cb482d95202c637cd254723479
GCA	GCA_900038155.1	GCA/ncbi_dataset/data/GCA_900038155.1/genomic.gff	829132	3670f33ec8d7670876efd85cc5653c16fb9143547db1c169b485007b259ba969
GCA	GCA_900038155.1	GCA/ncbi_dataset/data/GCA_900038155.1/sequence_report.jsonl	12229	773960e113fa2c1759bca891c9aa1aeebe70eb234349c80683fe2505603ba824
GCA	GCA_900038165.1	GCA/ncbi_dataset/data/GCA_900038165.1/GCA_900038165.1_11679_1_32_genomic.fna	2199980	86e0ee8949d5af1fefbb965fee41821fcadb33b08388533ff7dd5684abff1cc3
GCA	GCA_900038165.1	GCA/ncbi_dataset/data/GCA_900038165.1/genomic.gbff	5028384	92ba1ff95d86d1232986212df2486062b7d0f80c9fef8c0cfdbe99398a44b416
GCA	GCA_900038165.1	GCA/ncbi_dataset/data/GCA_900038165.1/genomic.gff	1038537	f9c3b7604db1453648235d29a32c10615c985880017232fd27af3298ec633bc2
GCA	GCA_900038165.1	GCA/ncbi_dataset/data/GCA_900038165.1/sequence_report.jsonl	54476	29457e046c774c8ac7e66d4ee86724e466ff12b79a10a66a219f506aed569cb8
GCA	GCA_900038175.1	GCA/ncbi_dataset/data/GCA_900038175.1/GCA_900038175.1_11511_8_32_genomic.fna	2105953	6033352771239742280082ef642bc9d15a34ed184db63cf502fef5c74dfd1813
GCA	GCA_900038175.1	GCA/ncbi_dataset/data/GCA_900038175.1/genomic.gbff	4751833	c5cb4705280f5402168f9ab2f1c8d5537e06537dfad2838d070c1b55ca18f37c
GCA	GCA_900038175.1	GCA/ncbi_dataset/data/GCA_900038175.1/genomic.gff	855691	155fe2027715db476059827bfd1abef8deb1cce0d890d602c948932686dbccdf
GCA	GCA_900038175.1	GCA/ncbi_dataset/data/GCA_900038175.1/sequence_report.jsonl	18310	1877f7f87eaa77bc5f1cfede63eccef86c29318f395ab155ddec77952c1d3eef
GCA	GCA_900038185.1	GCA/ncbi_dataset/data/GCA_900038185.1/GCA_900038185.1_11511_8_34_genomic.fna	2077705	164638374e244bf14c2a4dc5a0d24ae5ff3596b1045c7ab8abecc32d284bc20b
GCA	GCA_900038185.1	GCA/ncbi_dataset/data/GCA_900038185.1/genomic.gbff	4652381	ad8aa82ceeb960ebbae14abcbdd89ca540715b141a35326819b54d15f91b72ce
GCA	GCA_900038185.1	GCA/ncbi_dataset/data/GCA_900038185.1/genomic.gff	834074	68db43638a686fb49c54c7eb9436d69db806ef4d7226668ff17b7ee2f6f1dc23
GCA	GCA_900038185.1	GCA/ncbi_dataset/data/GCA_900038185.1/sequence_report.jsonl	4587	4cd1f5203757046af0ca9efcafcad6ec8f2a62420a8f480194e9badf0eed70ca
GCA	GCA_900038685.1	GCA/ncbi_dataset/data/GCA_900038685.1/GCA_900038685.1_11511_8_26_genomic.fna	2113674	b38d1faed954c3562271816ccd5a5d288f4e2de8093a9606f4faa01e43ca939b
GCA	GCA_900038685.1	GCA/ncbi_dataset/data/GCA_900038685.1/genomic.gbff	4752189	2918053e62079028044258dfc520b4ca61a04d2a647b2c5352c9e8fbba8ba6cb
GCA	GCA_900038685.1	GCA/ncbi_dataset/data/GCA_900038685.1/genomic.gff	859769	192e9e5ba1f77625cefa919db38c4a1781bba087853271adb78140a5e78a580f
GCA	GCA_900038685.1	GCA/ncbi_dataset/data/GCA_900038685.1/sequence_report.jsonl	10389	bbf9a643e137d2e4e78e1ab72de06aca8f2b4e414f07fbc41f3a2d946d949004
GCA	GCA_900038695.1	GCA/ncbi_dataset/data/GCA_900038695.1/GCA_900038695.1_11511_8_28_genomic.fna	2157664	7355e3af70e7639f389da4a5513a931a10df625e966ab78cc9e0187b0120d3c8
GCA	GCA_900038695.1	GCA/ncbi_dataset/data/GCA_900038695.1/genomic.gbff	4905949	30db3cc23ccb2f1eb72ef6ad5689af4c199ca5545ac15871930d58e43c729a7e
GCA	GCA_900038695.1	GCA/ncbi_dataset/data/GCA_900038695.1/genomic.gff	1020460	d5e39f7327c8ca46a9f0fd72e708fb120e301bff07a1b3e5ee6599a70da9badf
GCA	GCA_900038695.1	GCA/ncbi_dataset/data/GCA_900038695.1/sequence_report.jsonl	28642	bd8c857dc589aa2cbf25afaed2ba490d2d142ce6e482d97a666fc13779c33bd1
GCA	GCA_900038705.1	GCA/ncbi_dataset/data/GCA_900038705.1/GCA_900038705.1_11511_8_35_genomic.fna	2157832	ac254260fee76474a92f0c06f6cea7f27a908c597569b07a27d029a1bbc46b3c
GCA	GCA_900038705.1	GCA/ncbi_dataset/data/GCA_900038705.1/genomic.gbff	4867800	7b08abb47339e40dc8c951a94a3d8174038b40dae92401185a97af621c99e893
GCA	GCA_900038705.1	GCA/ncbi_dataset/data/GCA_900038705.1/genomic.gff	1006162	e672e21e962b25045455b7e5095e18ac3ec814d6dbc8b332dfe8dbe65b6ac54c
GCA	GCA_900038705.1	GCA/ncbi_dataset/data/GCA_900038705.1/sequence_report.jsonl	19860	da5b83e43ea971acb8361d04d6a7c67777ac43f25d2a66768258f66040fb7e11
GCA	GCA_900039635.1	GCA/ncbi_dataset/data/GCA_900039635.1/GCA_900039635.1_11657_4_9_genomic.fna	2117558	15615bacdb7f6ae30dead34597c958821aa08057a30779d1a743fe4e5322b697
GCA	GCA_900039635.1	GCA/ncbi_dataset/data/GCA_900039635.1/genomic.gbff	4771232	f6881dda615ca47df1cfd714e57b14e11e9d4fc51863a241a6891afff47e858b
GCA	GCA_900039635.1	GCA/ncbi_dataset/data/GCA_900039635.1/genomic.gff	861840	802e18e0cd8c3040f5f680ff76aeec31005b6aa53bfdd6b9bd12aa078fef7014
GCA	GCA_900039635.1	GCA/ncbi_dataset/data/GCA_900039635.1/sequence_report.jsonl	10188	c82e7342730d21cca800b98612320e5a5cbe8a0ca8b4fc2142d5c4512a4b91f9
GCA	GCA_900039645.1	GCA/ncbi_dataset/data/GCA_900039645.1/GCA_900039645.1_11679_1_12_genomic.fna	2115319	ae9e21a852d9ff62dfb9b1a166e1da6ae74825b05f061967a0db052aca0e5ce7
GCA	GCA_900039645.1	GCA/ncbi_dataset/data/GCA_900039645.1/genomic.gbff	4754976	cc1451283b7dfc9cb62d54b48b469acaa450eb6ea73002c7f7c47a25e37d9047
GCA	GCA_900039645.1	GCA/ncbi_dataset/data/GCA_900039645.1/genomic.gff	856826	784ba4862ac342199263c2f392ca607bd38908fd167939790066bc19427f3643
GCA	GCA_900039645.1	GCA/ncbi_dataset/data/GCA_900039645.1/sequence_report.jsonl	8874	87856e59126c591aaeceafe46fc4bd930ebe11e973b4d7f5c179dd33158c96c1
GCA	GCA_900039655.1	GCA/ncbi_dataset/data/GCA_900039655.1/GCA_900039655.1_11679_1_27_genomic.fna	2114264	7719832f54843e4c991122f78e5efccedc62ce4819d9183dcbd973b1ec235668
GCA	GCA_900039655.1	GCA/ncbi_dataset/data/GCA_900039655.1/genomic.gbff	4758548	cb25d6d038d47d0061ae4596bf4f75e3977f8e1d1c7c5385115395c136b53b98
GCA	GCA_900039655.1	GCA/ncbi_dataset/data/GCA_900039655.1/genomic.gff	859103	5bbdc0103915ea8f0b7a9f9b15f8a8e426e84a9462fcc35d9a936480b14eb1f8
GCA	GCA_900039655.1	GCA/ncbi_dataset/data/GCA_900039655.1/sequence_report.jsonl	11313	7cb1b9c06d7af8ee6314264ec0ee9026c913f88bd1678154ca93b4873a53b148
GCA	GCA_900040065.1	GCA/ncbi_dataset/data/GCA_900040065.1/GCA_900040065.1_11657_4_22_genomic.fna	2140556	69bb5d1033e2e17429eba75d68016398b6321cfeef31cc7262984cff67f72c7b
GCA	GCA_900040065.1	GCA/ncbi_dataset/data/GCA_900040065.1/genomic.gbff	4877891	027ac4baffd1c2e76e012934ba43bfb2eeda788a8a8f3ddb7d0ffcd7f92e8604
GCA	GCA_900040065.1	GCA/ncbi_dataset/data/GCA_900040065.1/genomic.gff	1011272	12ab365ffd5798071bca27c5eaaf3a11d934533f92c360a7c94dc34ff831e3f9
GCA	GCA_900040065.1	GCA/ncbi_dataset/data/GCA_900040065.1/sequence_report.jsonl	37826	a7a20f7dc99d4c134ca1c2b2ebdae42b6d604145263995c98b0d13662c32f0ee
GCA	GCA_900040705.1	GCA/ncbi_dataset/data/GCA_900040705.1/GCA_900040705.1_11657_8_5_genomic.fna	2023126	86d3d30f9a1c21dcc932d0c196c944ed78bce7c2e37595b33e42c8e7a1e44743
GCA	GCA_900040705.1	GCA/ncbi_dataset/data/GCA_900040705.1/genomic.gbff	4561185	e3cd88303427b8b6e06cb50ba31d988775e2762cd960a08e7e83d1b4bbf8073f
GCA	GCA_900040705.1	GCA/ncbi_dataset/data/GCA_900040705.1/genomic.gff	815337	c9085942da45f378f74f853bb5800c8c520e249c29042b6e9141da82c86b3f0b
GCA	GCA_900040705.1	GCA/ncbi_dataset/data/GCA_900040705.1/sequence_report.jsonl	14065	4b98de0ad4f2b84b5d1351fe3cbb5ce831aaef75294d52ab88fefea9e18ca357
GCA	GCA_900040715.1	GCA/ncbi_dataset/data/GCA_900040715.1/GCA_900040715.1_11511_8_2_genomic.fna	2141459	7828270bcac7d63955c865bf36ee660125a98300d5cd2059c0579e3e27b3ca59
GCA	GCA_900040715.1	GCA/ncbi_dataset/data/GCA_900040715.1/genomic.gbff	4850637	073e88becc3f37dc4c2498ac33398a0a6236a26a632e43788af523850478739f
GCA	GCA_900040715.1	GCA/ncbi_dataset/data/GCA_900040715.1/genomic.gff	1002266	68a19b231daf45d12a89642b9c7972dc1fb38eeeaba53763c7c45499dea204dd
GCA	GCA_900040715.1	GCA/ncbi_dataset/data/GCA_900040715.1/sequence_report.jsonl	29226	03bd14dbced31350615b709f2a22d453ad27f62d12d6a3d435e58005e062b841
GCA	GCA_900041765.1	GCA/ncbi_dataset/data/GCA_900041765.1/GCA_900041765.1_11679_1_4_genomic.fna	2001738	1571f1ea6400d0e38c500e1076bda46a9f4a9e19af33725164d81bc16ad15e69
GCA	GCA_900041765.1	GCA/ncbi_dataset/data/GCA_900041765.1/genomic.gbff	4507895	ebc85db07d5d6f3cfbf7ff456183c67cac977edccddf5ca6d34ff51e432b8b5c
GCA	GCA_900041765.1	GCA/ncbi_dataset/data/GCA_900041765.1/genomic.gff	806121	6c3163264c891142478127b90033edf5c0fee4b4b8f063b513238a3c485b660b
GCA	GCA_900041765.1	GCA/ncbi_dataset/data/GCA_900041765.1/sequence_report.jsonl	9797	951f6d86038663a0470c7f05b1185e24d3d86c6c592e52e1545f093e60b44134
GCA	GCA_900042465.1	GCA/ncbi_dataset/data/GCA_900042465.1/GCA_900042465.1_11679_1_22_genomic.fna	2091223	d3262d7c6af0580fa32821d47a5a01ce36b813943a60f68aa953a5c89cb2db2d
GCA	GCA_900042465.1	GCA/ncbi_dataset/data/GCA_900042465.1/genomic.gbff	4719948	99820d3862420857ba0545eeb376869cf1ea7014ceff23676cda678d4cf4fde9
GCA	GCA_900042465.1	GCA/ncbi_dataset/data/GCA_900042465.1/genomic.gff	853672	1854013280993493db8bc66f4ebebe6c1c6a84d101ec598402c483d67800c2c8
GCA	GCA_900042465.1	GCA/ncbi_dataset/data/GCA_900042465.1/sequence_report.jsonl	11011	571b3490e901bbc6a228ce24ce6a2187cefa8cec292983b720473ef0c033730c
GCA	GCA_900043665.1	GCA/ncbi_dataset/data/GCA_900043665.1/GCA_900043665.1_11511_8_5_genomic.fna	2057892	6ac8b34e0aea80870bce4d075f49f714eefd3052312eebb7ee97a63c15bdb48c
GCA	GCA_900043665.1	GCA/ncbi_dataset/data/GCA_900043665.1/genomic.gbff	4658904	c5c63a98aef501886170c7e53b371ed57c7b10108e38d84f033645883fe50aa1
GCA	GCA_900043665.1	GCA/ncbi_dataset/data/GCA_900043665.1/genomic.gff	836898	cbe9a523fcd849da1bfdbb9fd05e74903ea536087663d35d361cbb7e403f540c
GCA	GCA_900043665.1	GCA/ncbi_dataset/data/GCA_900043665.1/sequence_report.jsonl	30173	350d79a40c1c93376fc85c0775142361feefafed09f3c36528605b7f4286ba2e
GCA	GCA_900043675.1	GCA/ncbi_dataset/data/GCA_900043675.1/GCA_900043675.1_11657_8_7_genomic.fna	2302483	7e9117cba7db3bb803a3b5d69bb1f6366f46e04064020dbe744d4dd078ac60b9
GCA	GCA_900043675.1	GCA/ncbi_dataset/data/GCA_900043675.1/genomic.gbff	5336166	d2c99d5410e4f892774858c0975a4b000ae1f768f8e438d1cf16a5f567c3c8f5
GCA	GCA_900043675.1	GCA/ncbi_dataset/data/GCA_900043675.1/genomic.gff	1116922	b57c3067efa8a2301ac464fbd273d2ce4f8302576946af1bf5df5abf6803c8b8
GCA	GCA_900043675.1	GCA/ncbi_dataset/data/GCA_900043675.1/sequence_report.jsonl	87042	5e0d764dda263742b9ee64c6329ca63eafa6726554a6e465665c8583df8b2452
GCA	GCA_900043685.1	GCA/ncbi_dataset/data/GCA_900043685.1/GCA_900043685.1_11679_1_5_genomic.fna	2162182	05a31558ab3f9adb7e328694d64090e6328a89d25c01057bcd49483a14d6e627
GCA	GCA_900043685.1	GCA/ncbi_dataset/data/GCA_900043685.1/genomic.gbff	4860773	c8db8ccf7845cdbe81af80f2cda619b60f39a910fbed89c519b75bfff6393460
GCA	GCA_900043685.1	GCA/ncbi_dataset/data/GCA_900043685.1/genomic.gff	868236	84d3b008b879c74d6d15b7ccc731e3fc7a645301a716d2b28a660db1cba8e744
GCA	GCA_900043685.1	GCA/ncbi_dataset/data/GCA_900043685.1/sequence_report.jsonl	12532	a7f624f74ba3b53d133adced17b07ba6e4a265b9d6e85170f753a54dc570be78
GCA	GCA_900043695.1	GCA/ncbi_dataset/data/GCA_900043695.1/GCA_900043695.1_11511_8_10_genomic.fna	2022060	54809328ee6729ebc8210f2a1e40155a6cf9eeee79b84fe86ec0ed4a04931cab
GCA	GCA_900043695.1	GCA/ncbi_dataset/data/GCA_900043695.1/genomic.gbff	4685637	1052d401b5d963c2181819d2baca7890d290b2b6ba3703dac863379f85d0b4e4
GCA	GCA_900043695.1	GCA/ncbi_dataset/data/GCA_900043695.1/genomic.gff	867737	c9edc9edaad3bd70a806203adabd017338c24389909dfca5a3f703f22ea87784
GCA	GCA_900043695.1	GCA/ncbi_dataset/data/GCA_900043695.1/sequence_report.jsonl	12283	fceabf25f611d79e11ae8cda777cab51518f7e98354e4cc048f865b2becbc613
GCA	GCA_900043705.1	GCA/ncbi_dataset/data/GCA_900043705.1/GCA_900043705.1_11658_2_94_genomic.fna	2217155	cbfa043fd35e72eb2ab0845f8aeda654354723bee84ff4adf36e0bcf263ee62c
GCA	GCA_900043705.1	GCA/ncbi_dataset/data/GCA_900043705.1/genomic.gbff	5002716	1a70f88f855cbba51dca54329189e693218f26a543878a604789a301d6bbb765
GCA	GCA_900043705.1	GCA/ncbi_dataset/data/GCA_900043705.1/genomic.gff	909590	08245227604db169a909cf23568775d7f1081b3bf4c4ad2a5d64f14f4265a79f
GCA	GCA_900043705.1	GCA/ncbi_dataset/data/GCA_900043705.1/sequence_report.jsonl	20171	64a0d4e10e3fc345fb2d6681d7a1e7f89c1059a8f9637fe6db9b4060482172be
GCA	GCA_900043715.1	GCA/ncbi_dataset/data/GCA_900043715.1/GCA_900043715.1_11657_4_13_genomic.fna	2024703	59dfad6ea15aa5e68d2825007521460f62fd1f0e59273985943f680626f68800
GCA	GCA_900043715.1	GCA/ncbi_dataset/data/GCA_900043715.1/genomic.gbff	4564540	c3ad7a581d446c95c5aa0a4ee44b3386926c0afa2e93b8a0cd650ca67eca2a9e
GCA	GCA_900043715.1	GCA/ncbi_dataset/data/GCA_900043715.1/genomic.gff	936618	db21de9c183a8da92b68e2669912071239814fb8a318cebf113cf67f6aba785a
GCA	GCA_900043715.1	GCA/ncbi_dataset/data/GCA_900043715.1/sequence_report.jsonl	16200	ef08f92c21fcbf178b8bd269e0628e95aa2cfe69e035c5c29e1e8320e4e1be7c
GCA	GCA_900043725.1	GCA/ncbi_dataset/data/GCA_900043725.1/GCA_900043725.1_11679_1_14_genomic.fna	2133376	e74b317c46018f6a44358b87bab7ee0f69f7c29af87fd823c4b71fe85013e101
GCA	GCA_900043725.1	GCA/ncbi_dataset/data/GCA_900043725.1/genomic.gbff	4781562	c404845264d4a48f4d336169da8a6ca8159d15d7cdc124b31776167fb30cef31
GCA	GCA_900043725.1	GCA/ncbi_dataset/data/GCA_900043725.1/genomic.gff	854495	4661d3bb6f5f7c782f41089534888eb06162caf3f27319aa070dd8006a7bba53
GCA	GCA_900043725.1	GCA/ncbi_dataset/data/GCA_900043725.1/sequence_report.jsonl	12225	73575eb8942f643b8b535c8f177ee85b035e974b04a030a19fe35ccaeca1266e
GCA	GCA_900043735.1	GCA/ncbi_dataset/data/GCA_900043735.1/GCA_900043735.1_11657_4_14_genomic.fna	2129527	fb621421311ce419b090f74401ec8300324d6586cf095f97a49df8864476eb7c
GCA	GCA_900043735.1	GCA/ncbi_dataset/data/GCA_900043735.1/genomic.gbff	4800311	8e27e8051b3dca1986c6aecf639f848d3228bf99ad0828b1591df46e7660c409
GCA	GCA_900043735.1	GCA/ncbi_dataset/data/GCA_900043735.1/genomic.gff	864969	6bb7239328998ec9ed9a1f6dfaa536cc97514c7bc81d257ade4068b9c5fbc99b
GCA	GCA_900043735.1	GCA/ncbi_dataset/data/GCA_900043735.1/sequence_report.jsonl	16811	ff0914c7e7b264e657f816712f3eda75e9a79de3b529cafa5439b64dddcc99ab
GCA	GCA_900043745.1	GCA/ncbi_dataset/data/GCA_900043745.1/GCA_900043745.1_11511_8_14_genomic.fna	2124483	fe06355c5a2c2b09f1fc5b81df92282cbdc5d40575708ede300cce8a0f7ea9f5
GCA	GCA_900043745.1	GCA/ncbi_dataset/data/GCA_900043745.1/genomic.gbff	4773571	4b6357ead29c45770a594e2f7ffedd8893047da9b78c10cd45970348528c5e82
GCA	GCA_900043745.1	GCA/ncbi_dataset/data/GCA_900043745.1/genomic.gff	864287	b04adf6e892a346f1ddb074bbc410f26c9edd1488103fd1c39ac394bf08520fa
GCA	GCA_900043745.1	GCA/ncbi_dataset/data/GCA_900043745.1/sequence_report.jsonl	8254	9fe3895975185d0fdf3d379bf87b7fd828d7f825f0b228d761e86424fb443887
GCA	GCA_900043755.1	GCA/ncbi_dataset/data/GCA_900043755.1/GCA_900043755.1_11511_8_16_genomic.fna	2132186	1ae5c7d21dab0c7224438195a5c739fc280dd970a52e844e7a75ebf381fc84c1
GCA	GCA_900043755.1	GCA/ncbi_dataset/data/GCA_900043755.1/genomic.gbff	4806462	0ecc1c6211edad2be9fd5c1eb46b600e0b1de83ef21dbd135c915eb2c09bda52
GCA	GCA_900043755.1	GCA/ncbi_dataset/data/GCA_900043755.1/genomic.gff	872135	153f3603a8c5add2e7717c1c9540f3501cd42c9a98b031a67ddfdcfc6da3492a
GCA	GCA_900043755.1	GCA/ncbi_dataset/data/GCA_900043755.1/sequence_report.jsonl	7340	b2fd288092306e368cdd6b6d53efb667899bfdeb6e58be11ed2cd3e13464ff0e
GCA	GCA_900043765.1	GCA/ncbi_dataset/data/GCA_900043765.1/GCA_900043765.1_11679_1_19_genomic.fna	2143417	ca91978b043a2eb1963094c6f17c95568a674a736b3c0a231f349103edb53113
GCA	GCA_900043765.1	GCA/ncbi_dataset/data/GCA_900043765.1/genomic.gbff	4840142	b81da47ffec8fcca7fbd35dd5513922330f105e658716b46b2140a6ae646b661
GCA	GCA_900043765.1	GCA/ncbi_dataset/data/GCA_900043765.1/genomic.gff	867761	73abc2fec9065f259d92cd54b016e17990c1cfe946574d555336b2b3b45cd56a
GCA	GCA_900043765.1	GCA/ncbi_dataset/data/GCA_900043765.1/sequence_report.jsonl	18342	97522af42a902e9982491f6edab189e187877eb5d08662e58302a1a1eca1116e
GCA	GCA_900043775.1	GCA/ncbi_dataset/data/GCA_900043775.1/GCA_900043775.1_11679_1_16_genomic.fna	2017718	5acc0211ff9d2af4b36a2f6794f20861925fa713fe137f131aa971816a000f43
GCA	GCA_900043775.1	GCA/ncbi_dataset/data/GCA_900043775.1/genomic.gbff	4538625	c73a9781d05a517810ec4de90470ba5a56427a5af8bed5d0c44803e000cd1bbd
GCA	GCA_900043775.1	GCA/ncbi_dataset/data/GCA_900043775.1/genomic.gff	811433	6d67a5da1780dc76318b8d022734c76849252b7ddaff954ad318096026c68ce1
GCA	GCA_900043775.1	GCA/ncbi_dataset/data/GCA_900043775.1/sequence_report.jsonl	15186	f78caaec4343b3192af645824ba3d38bb8f5e53381ced3d1d0aa363f9f1bd1d1
GCA	GCA_900043785.1	GCA/ncbi_dataset/data/GCA_900043785.1/GCA_900043785.1_11658_2_91_genomic.fna	2201288	c50b74a59bc76ec8bc0537578e33eff11aa8ff7e4fa57ebaa3f2c6e36ca1fab4
GCA	GCA_900043785.1	GCA/ncbi_dataset/data/GCA_900043785.1/genomic.gbff	5060302	74967f2f0cefa2f18c1756aea183fba43a667c425c768cac491c1f9350f25352
GCA	GCA_900043785.1	GCA/ncbi_dataset/data/GCA_900043785.1/genomic.gff	1048378	decf064b4f75570306a5d663d30a37114906d27be053244f806974ff616bfdb8
GCA	GCA_900043785.1	GCA/ncbi_dataset/data/GCA_900043785.1/sequence_report.jsonl	60292	138302444aa9fef9e9eb884847f4869b8d7d984e620762a98c2b3d1cb485578b
GCA	GCA_900043795.1	GCA/ncbi_dataset/data/GCA_900043795.1/GCA_900043795.1_11658_2_89_genomic.fna	2202349	e0cb601ea8f875b980dbcfc03e618d9d126fcffd05827ec2fd98348070b4a8a2
GCA	GCA_900043795.1	GCA/ncbi_dataset/data/GCA_900043795.1/genomic.gbff	4974433	7fa7282dff815bfb3b8c3f93cf50f9e4513d14b59bbe879e63f116e28c403bba
GCA	GCA_900043795.1	GCA/ncbi_dataset/data/GCA_900043795.1/genomic.gff	899524	326e4a3bcce190ce1f9102325968a45de5adcbd475278af88dbba6f0e973a1cf
GCA	GCA_900043795.1	GCA/ncbi_dataset/data/GCA_900043795.1/sequence_report.jsonl	20138	fc2e896e16ca63f9f344a227ae816bf8f2fd53be94cb0ff00bce26a4b48db5be
GCA	GCA_900043805.1	GCA/ncbi_dataset/data/GCA_900043805.1/GCA_900043805.1_11657_4_23_genomic.fna	2098865	a0079d1154e8c2cd06484d11ffaa1208bb766e477c3a1e25cc2ebc10d36f87a7
GCA	GCA_900043805.1	GCA/ncbi_dataset/data/GCA_900043805.1/genomic.gbff	4710852	73a7ddbba0d5faafbc59e01d83115d06e21e6e4c30f2644ed5b854361af5bbc1
GCA	GCA_900043805.1	GCA/ncbi_dataset/data/GCA_900043805.1/genomic.gff	845343	460cffa0e962e40d628170e42af071fe87712ad22d4fce1aa70c2cb2a4c0c785
GCA	GCA_900043805.1	GCA/ncbi_dataset/data/GCA_900043805.1/sequence_report.jsonl	11919	221a4948974e11bd499ca64bf19c04d725cddf0e36f38310b1d61be4e1c1d99e
GCA	GCA_900043815.1	GCA/ncbi_dataset/data/GCA_900043815.1/GCA_900043815.1_11658_2_88_genomic.fna	2016458	89b855d8b3c7be92e03ba63580ca91b4568dc60413b273d9154b1b4c89463575
GCA	GCA_900043815.1	GCA/ncbi_dataset/data/GCA_900043815.1/genomic.gbff	4547963	147de340b487d816c1f2368ff56a3e675990c473381b6382cba25604221859f7
GCA	GCA_900043815.1	GCA/ncbi_dataset/data/GCA_900043815.1/genomic.gff	814589	085e941dfebe813cc600661dd65b9f9d3f4539f22723f98f213256b4decb497b
GCA	GCA_900043815.1	GCA/ncbi_dataset/data/GCA_900043815.1/sequence_report.jsonl	13757	4449528b43fd2c3cce556415a3dfb0710f672f5c25a08208d190dcd005066c89
GCA	GCA_900043825.1	GCA/ncbi_dataset/data/GCA_900043825.1/GCA_900043825.1_11511_8_21_genomic.fna	2099577	f252ebb73d294f3cdbbafedb77d3e1a26844b4b75c1835d989f1d991d4a92a2e
GCA	GCA_900043825.1	GCA/ncbi_dataset/data/GCA_900043825.1/genomic.gbff	4735237	b2e8712a0130f05e4ce99e97e4678bfbbbbccd5ad3c128db694c41efb2641599
GCA	GCA_900043825.1	GCA/ncbi_dataset/data/GCA_900043825.1/genomic.gff	854234	f33ae9082af073db38e0751614d8f297c39fb61947156150b53cc21cf9d4a384
GCA	GCA_900043825.1	GCA/ncbi_dataset/data/GCA_900043825.1/sequence_report.jsonl	8873	fdf0d7f9c80e214236aff7b8fa76c891c94e2abdd230928c6a220c0ba94316da
GCA	GCA_900043835.1	GCA/ncbi_dataset/data/GCA_900043835.1/GCA_900043835.1_11657_4_28_genomic.fna	2130958	a17c94ca49ee3686f39b14f8100ea7dbce241140cb094431f36b8bb13c23d992
GCA	GCA_900043835.1	GCA/ncbi_dataset/data/GCA_900043835.1/genomic.gbff	4790244	49656decb8c56a41c9dbba301fa1ad254281e988aa41f04b19bd13c862942e1d
GCA	GCA_900043835.1	GCA/ncbi_dataset/data/GCA_900043835.1/genomic.gff	984652	ae16e5856eb7f8a8caeba5f18fc4741bc911bf706d15edb814050adc2772dfa6
GCA	GCA_900043835.1	GCA/ncbi_dataset/data/GCA_900043835.1/sequence_report.jsonl	12531	98d14f4c55fc8d236f16b9e0f46e0464ef0991c5bef4ac5ff09b917d697f0c26
GCA	GCA_900043845.1	GCA/ncbi_dataset/data/GCA_900043845.1/GCA_900043845.1_11679_1_31_genomic.fna	2275666	95bd3d3771a8693c3da73dc1f27d6f69401ba1e190ef55abe6b818c73f90242b
GCA	GCA_900043845.1	GCA/ncbi_dataset/data/GCA_900043845.1/genomic.gbff	5293035	c100b39f0914a586998c9631b6e1124b97384893979d7c2355417d23c26e7ceb
GCA	GCA_900043845.1	GCA/ncbi_dataset/data/GCA_900043845.1/genomic.gff	1099045	dc4406ddd12598eb6b7945c20b07b6246b48e52037664d841a2d4cb44ab6e5f2
GCA	GCA_900043845.1	GCA/ncbi_dataset/data/GCA_900043845.1/sequence_report.jsonl	90980	93073268da0372f3a27f251e38c08edb419982758cb369da74a0daa7a8649360
GCA	GCA_900043855.1	GCA/ncbi_dataset/data/GCA_900043855.1/GCA_900043855.1_11511_8_27_genomic.fna	2092806	269adc50e8165ecdea3f0d6b6bb31bd064006e45fc67183c3bb145a000b7e61f
GCA	GCA_900043855.1	GCA/ncbi_dataset/data/GCA_900043855.1/genomic.gbff	4714945	9e1684cb52ac1e10e50e9c63da1b942c661a81364f0fdc16d220097f83643892
GCA	GCA_900043855.1	GCA/ncbi_dataset/data/GCA_900043855.1/genomic.gff	849561	79acab39312a775c48289a4a11d6a3d6989890362474534cf6719f326ce457ae
GCA	GCA_900043855.1	GCA/ncbi_dataset/data/GCA_900043855.1/sequence_report.jsonl	10398	25865762369e431eb079a0bcc5ce319b76f7bc504b4bb15d4d255a57ad18ef83
GCA	GCA_900043865.1	GCA/ncbi_dataset/data/GCA_900043865.1/GCA_900043865.1_11658_2_85_genomic.fna	2123735	bf92976ab2a920f948f176be9157e6e94497e57255bd50810f7c22f1822a2aba
GCA	GCA_900043865.1	GCA/ncbi_dataset/data/GCA_900043865.1/genomic.gbff	4754097	9ea81c17246cd465206833ca115e6e57383d46a880dd67c960e727dd251f58a9
GCA	GCA_900043865.1	GCA/ncbi_dataset/data/GCA_900043865.1/genomic.gff	846257	ab12c05046804af373d5f1f1d37bd8dea0892e60c9c2021a088e3cd3b2380de3
GCA	GCA_900043865.1	GCA/ncbi_dataset/data/GCA_900043865.1/sequence_report.jsonl	13361	4197f83f31aa648146ec74ec983a7c24fa870080b78aa2b0789e35ffc5b17695
GCA	GCA_900043875.1	GCA/ncbi_dataset/data/GCA_900043875.1/GCA_900043875.1_11893_8_14_genomic.fna	2154434	39a9759834d30de86bd7304d43e018c551e62131f2475c5b112f9a926ae94e44
GCA	GCA_900043875.1	GCA/ncbi_dataset/data/GCA_900043875.1/genomic.gbff	4853611	c1671adce48430baf8869da97c4dafdce2eb32dc4673fa105429ff7f5ff210d6
GCA	GCA_900043875.1	GCA/ncbi_dataset/data/GCA_900043875.1/genomic.gff	871374	3bde7578ef2d9efdd6989e463ed57aa5ded2b3bd8f7cc5c3ade2f0a996c7e086
GCA	GCA_900043875.1	GCA/ncbi_dataset/data/GCA_900043875.1/sequence_report.jsonl	14983	af3f8751485afde95b520583d192ec60c4360bb97596cc231f1256d48d04e4a2
GCA	GCA_900044115.1	GCA/ncbi_dataset/data/GCA_900044115.1/GCA_900044115.1_11657_8_11_genomic.fna	2250198	2107787ab22a2a73e3ba5ab2129780fe950c8105fab0b6bb69331eb7b94ceb3e
GCA	GCA_900044115.1	GCA/ncbi_dataset/data/GCA_900044115.1/genomic.gbff	5105289	a467dc4e96d75c665cf6f678ee38e26388e09d2ca53cb6b59e30eb7645e8e5bf
GCA	GCA_900044115.1	GCA/ncbi_dataset/data/GCA_900044115.1/genomic.gff	1064724	cf9bddfd5b9395dc88638cd3b85a5b15e6127f77084bd13b154f243e64de0fdb
GCA	GCA_900044115.1	GCA/ncbi_dataset/data/GCA_900044115.1/sequence_report.jsonl	32914	a5ebfec6ac1c5564f68706418c12f65837f176e17dc2358febd02a40e33fc56f
GCA	GCA_900044125.1	GCA/ncbi_dataset/data/GCA_900044125.1/GCA_900044125.1_11657_8_13_genomic.fna	2108797	cfddfc3d5766027acf43a69f32b0b84731f0226e8943839e585ee93295bf95e4
GCA	GCA_900044125.1	GCA/ncbi_dataset/data/GCA_900044125.1/genomic.gbff	4737591	906320e2b07579385991a811500a9ea04a6a7ad3fd434a43858a102a694e9119
GCA	GCA_900044125.1	GCA/ncbi_dataset/data/GCA_900044125.1/genomic.gff	853177	521c772e753562130c04aaeab0c7b0b33d2665cb83680c058bdf4bcaf364dc50
GCA	GCA_900044125.1	GCA/ncbi_dataset/data/GCA_900044125.1/sequence_report.jsonl	10701	5cdc617aa6fd4ba91ca115888b00048364877d4a4b43526c6a5f454fcfe069f6
GCA	GCA_900044805.1	GCA/ncbi_dataset/data/GCA_900044805.1/GCA_900044805.1_11679_1_3_genomic.fna	2067142	55a7965acfae89c02cb7d6cf41af0142d9f4a3714577274abbebb23a83737529
GCA	GCA_900044805.1	GCA/ncbi_dataset/data/GCA_900044805.1/genomic.gbff	4648618	5b962600eaa2218ba2b060388308ede4cbffee0ad714965738505720e9c1d54b
GCA	GCA_900044805.1	GCA/ncbi_dataset/data/GCA_900044805.1/genomic.gff	830692	24fe450584b4f83f9aee82e8688fe08bb5fc3fa866550ff6d1f35e5b6f36c4e1
GCA	GCA_900044805.1	GCA/ncbi_dataset/data/GCA_900044805.1/sequence_report.jsonl	14052	cf04fc177c261bf9254d8a9bdafa7cd3835432386212c8c600ef83ce3fb01bdd
GCA	GCA_900044815.1	GCA/ncbi_dataset/data/GCA_900044815.1/GCA_900044815.1_11657_4_2_genomic.fna	2023041	6e6bea7edb6ee45b491349f2cfb7c9885ac4cec43497240383fa06b7b3cf90d6
GCA	GCA_900044815.1	GCA/ncbi_dataset/data/GCA_900044815.1/genomic.gbff	4554653	4e11d638b5b60075d730eb65c7165719db6c2b8f6584c2d41587a7239d1278be
GCA	GCA_900044815.1	GCA/ncbi_dataset/data/GCA_900044815.1/genomic.gff	813363	ab22832037fb8e082657b726aa602585a2059f9a292860f97248864ed3aed80f
GCA	GCA_900044815.1	GCA/ncbi_dataset/data/GCA_900044815.1/sequence_report.jsonl	12841	73392b8e5121b7bc7a2a0f5af5554918a40e81ea3a29c00a30b122ca3be26672
GCA	GCA_900044825.1	GCA/ncbi_dataset/data/GCA_900044825.1/GCA_900044825.1_11511_8_12_genomic.fna	2447077	f0f7004501049daab7a189038ec9c0c139eec957c47330fb18b0c1551a7b33a2
GCA	GCA_900044825.1	GCA/ncbi_dataset/data/GCA_900044825.1/genomic.gbff	5861483	ecab28d1e597e5e52e3749c029218370712a250fc9b7614bfa578d255d6225f7
GCA	GCA_900044825.1	GCA/ncbi_dataset/data/GCA_900044825.1/genomic.gff	1244152	4e607ba2af57cf18e9bfb9da8f6935fe0e3e3cc774bdc00deb6e5847ecc60f99
GCA	GCA_900044825.1	GCA/ncbi_dataset/data/GCA_900044825.1/sequence_report.jsonl	117230	1e8b24fcdb3b7d959f0ed63c4422ce0d4290d6bcc4f5efe33c9af59b85b76fb8
GCA	GCA_900044835.1	GCA/ncbi_dataset/data/GCA_900044835.1/GCA_900044835.1_11511_8_13_genomic.fna	2186764	b23adf8e5caf56018746e40101160867d052731c86a82e159ab223fa9794ce89
GCA	GCA_900044835.1	GCA/ncbi_dataset/data/GCA_900044835.1/genomic.gbff	5053322	c803dcea366651706065aaff8d63072d17df6223e9b0d261daf9f4a9f3c45b63
GCA	GCA_900044835.1	GCA/ncbi_dataset/data/GCA_900044835.1/genomic.gff	1057320	786f10fb82b35f13d37e5f8cfd87dfd885bd6325f4b22df3bf50cbfe5f7dfde1
GCA	GCA_900044835.1	GCA/ncbi_dataset/data/GCA_900044835.1/sequence_report.jsonl	53501	6819d242e04739c87e881f7f4a6bce6d855c167de839762051b1408e875a0ca5
GCA	GCA_900044845.1	GCA/ncbi_dataset/data/GCA_900044845.1/GCA_900044845.1_11658_2_93_genomic.fna	2168632	e6610149089e2a43ac61bcefcfd7429039365cd1b774c36b375fe1bde6689fff
GCA	GCA_900044845.1	GCA/ncbi_dataset/data/GCA_900044845.1/genomic.gbff	4880288	a71beebf868e36c25b23e0b5c3d651ac768e4f2a22cc921763372756cb2d6d7e
GCA	GCA_900044845.1	GCA/ncbi_dataset/data/GCA_900044845.1/genomic.gff	887505	d3fc3a7b843cb19914e98661c4856ee584aeabd5fa29787ad0ac86517827f59f
GCA	GCA_900044845.1	GCA/ncbi_dataset/data/GCA_900044845.1/sequence_report.jsonl	8558	019045e9ddbe4ea02718afa7db17f83a624aa890a5d1f54234f8379766d031ae
GCA	GCA_900044855.1	GCA/ncbi_dataset/data/GCA_900044855.1/GCA_900044855.1_11679_1_29_genomic.fna	2221771	c3b7475dd3deb7c886902b0c8b0f1641a37317ea5b0f55d19ecf749f675d18af
GCA	GCA_900044855.1	GCA/ncbi_dataset/data/GCA_900044855.1/genomic.gbff	5023897	bcd4998e9343ba016fbcfe0e4451942e109d3ba3483c8a730884f448e32a8db8
GCA	GCA_900044855.1	GCA/ncbi_dataset/data/GCA_900044855.1/genomic.gff	913605	0681364fb0c00666a61bba17cf1be59fdc326d3e703c3e7ea67081f8e3de42ef
GCA	GCA_900044855.1	GCA/ncbi_dataset/data/GCA_900044855.1/sequence_report.jsonl	24100	909a627a7024dc7f5d527acd216788249998feb2d0abd79c37948b9a394b9515
GCA	GCA_900044865.1	GCA/ncbi_dataset/data/GCA_900044865.1/GCA_900044865.1_11511_8_24_genomic.fna	2022118	2bff09f3c7d4bef44a969cadaf619d025ee8e01a66fc52cbb9e493d6fa32e02e
GCA	GCA_900044865.1	GCA/ncbi_dataset/data/GCA_900044865.1/genomic.gbff	4553406	4b3992c793b0cb01535f0f5434fbe687c486149ff2e91a8d37f47c754386fd49
GCA	GCA_900044865.1	GCA/ncbi_dataset/data/GCA_900044865.1/genomic.gff	814122	7357478a9f4aa359f42d8987d7473edb7652bfd697bc9b1109ebf4b3efdf6339
GCA	GCA_900044865.1	GCA/ncbi_dataset/data/GCA_900044865.1/sequence_report.jsonl	13451	2a5d9701391107cd83fd6363d9c2366ea119af68579b3bfaa6cb652d5d6ddbb2
GCA	GCA_900044875.1	GCA/ncbi_dataset/data/GCA_900044875.1/GCA_900044875.1_11511_8_25_genomic.fna	2023886	b4673e9b1a854d9116e21a934c0c5da25fdb01a8dc1554b7811a55541a891bdd
GCA	GCA_900044875.1	GCA/ncbi_dataset/data/GCA_900044875.1/genomic.gbff	4550471	7e4302b9cda9a3bd00ddb0d9ca2696a72d43f1dfae1fc51cbb28de79ffe8fc9a
GCA	GCA_900044875.1	GCA/ncbi_dataset/data/GCA_900044875.1/genomic.gff	814628	53481539df0e22a1a144a03ddc58cfa41435f7aa60fcea6f5697e3ef1fedc376
GCA	GCA_900044875.1	GCA/ncbi_dataset/data/GCA_900044875.1/sequence_report.jsonl	12235	7016f307d8990cf4ed852abc8e79c21291a5de66f997b3c22c4bbcbcc54fe873
GCA	GCA_900045485.1	GCA/ncbi_dataset/data/GCA_900045485.1/GCA_900045485.1_11657_8_3_genomic.fna	1997139	5d5d3376003571c6a51c79c40423335bf0ec2e4f8bc5f98a433263be987adb64
GCA	GCA_900045485.1	GCA/ncbi_dataset/data/GCA_900045485.1/genomic.gbff	4504671	9a147477327e2ab0397b08897913b10fc70c6d7a90fe6deb3b6a0a41558941f8
GCA	GCA_900045485.1	GCA/ncbi_dataset/data/GCA_900045485.1/genomic.gff	805992	764206f60ab62082bf208928f4a75cff179e801f1cadf33f5af874fbf33ebc38
GCA	GCA_900045485.1	GCA/ncbi_dataset/data/GCA_900045485.1/sequence_report.jsonl	13763	d891a21d52856e53bbf855428ab45bcd4899ffc616c2fc9af26f40509ef2c648
GCA	GCA_900046815.1	GCA/ncbi_dataset/data/GCA_900046815.1/GCA_900046815.1_11658_8_2_genomic.fna	2019804	89f70a4998a3794cc73f74f0011598da3d7b4bc00bbfab1c51bbc328054e7c5e
GCA	GCA_900046815.1	GCA/ncbi_dataset/data/GCA_900046815.1/genomic.gbff	4552104	8b0efaf2437ab73c3e2d155db75c92d4266b5340d8cabd40c4d2b1b36c729e6d
GCA	GCA_900046815.1	GCA/ncbi_dataset/data/GCA_900046815.1/genomic.gff	815224	e17e7945958f0465dbb502fb74856e64902931a34284b01a30e2895a8bec2c39
GCA	GCA_900046815.1	GCA/ncbi_dataset/data/GCA_900046815.1/sequence_report.jsonl	14981	c82de8b4b415449d469fe8f92fee41caa40fa6f08a7baf9b92470f5f563f8bba
GCA	GCA_900046825.1	GCA/ncbi_dataset/data/GCA_900046825.1/GCA_900046825.1_11511_8_29_genomic.fna	2060061	43af308ed3867eb7b6e1be2ae276ca906e444c3af0d61ad55f8bd4aa360ffea2
GCA	GCA_900046825.1	GCA/ncbi_dataset/data/GCA_900046825.1/genomic.gbff	4624573	b966fab59d4dca77ca2ed8c35152083cbfb859ee5cfbf91cb8840674938cace2
GCA	GCA_900046825.1	GCA/ncbi_dataset/data/GCA_900046825.1/genomic.gff	827428	5a0cefebc2cee7e565b6a0099de6bf59478ad3604b0d665db4564d27d2f0edce
GCA	GCA_900046825.1	GCA/ncbi_dataset/data/GCA_900046825.1/sequence_report.jsonl	8263	b9b7ee166c91d39d97abc9c58e743c752cf7138fe92b3b773459f1b6d9d93ef1
GCA	GCA_900047145.1	GCA/ncbi_dataset/data/GCA_900047145.1/GCA_900047145.1_11657_4_11_genomic.fna	2088606	5fc5502fe7665b866bef55a7944d0a73cba8831156f8b62c28d040c7e1e07931
GCA	GCA_900047145.1	GCA/ncbi_dataset/data/GCA_900047145.1/genomic.gbff	4692139	91551130c031cfba9ca71a0ff112e812dc92af45df55a8ec5a2a31e6d5a8881f
GCA	GCA_900047145.1	GCA/ncbi_dataset/data/GCA_900047145.1/genomic.gff	844225	71712864f2d2eca3897b59b27d9b20c0d5f9876444b951dc7621f46922aad677
GCA	GCA_900047145.1	GCA/ncbi_dataset/data/GCA_900047145.1/sequence_report.jsonl	12846	08b74d1516012bf1e9802c043e1c8cdafec4b30ab72e4b7ba2d2983463810011
GCA	GCA_900048105.1	GCA/ncbi_dataset/data/GCA_900048105.1/GCA_900048105.1_11679_1_8_genomic.fna	2332751	caffc640b47411d583ba77c5e927f27bc345a35d5eb7001a03638a12e589e303
GCA	GCA_900048105.1	GCA/ncbi_dataset/data/GCA_900048105.1/genomic.gbff	5545425	11e3cd133fa9d6d64b1354ea444a7a3c88e98b6b7b305660bb7950756cb07607
GCA	GCA_900048105.1	GCA/ncbi_dataset/data/GCA_900048105.1/genomic.gff	1176242	d99f486442fc1d0b6b4573710533dd28447f768c8a8568a1c7e9789c8b673cfd
GCA	GCA_900048105.1	GCA/ncbi_dataset/data/GCA_900048105.1/sequence_report.jsonl	95400	fc1056db6b12ace9476bb501c5d5718b2dc3efb3ef765f581ebc6d5ec54f2094
GCA	GCA_900048115.1	GCA/ncbi_dataset/data/GCA_900048115.1/GCA_900048115.1_11657_8_14_genomic.fna	2046851	e188f90ee40e7bae9c5b24f32acbaf3f0cba643b4135b7be3d1c9dae0565a6ed
GCA	GCA_900048115.1	GCA/ncbi_dataset/data/GCA_900048115.1/genomic.gbff	4600873	77c03fa05b7e8de6c4e7badad4bea6d5ba558091a84b53d00d2d8879c2dfe770
GCA	GCA_900048115.1	GCA/ncbi_dataset/data/GCA_900048115.1/genomic.gff	825864	7dca9be2900610ddeeee9f700e06564ad785f3d5f5ff1da8b32bb54fa8f65509
GCA	GCA_900048115.1	GCA/ncbi_dataset/data/GCA_900048115.1/sequence_report.jsonl	10935	01d84697bc2c8f3321c17a92d8701451f76af84680c813f2123cdc63c78ac348
GCA	GCA_900048125.1	GCA/ncbi_dataset/data/GCA_900048125.1/GCA_900048125.1_11657_8_15_genomic.fna	2072356	027ba8215529eaa162efa582d79a256955efbebd7323c460a89fcc72a7e4db60
GCA	GCA_900048125.1	GCA/ncbi_dataset/data/GCA_900048125.1/genomic.gbff	4652205	34f508ef476ae51e4b6cbf6a0b20ec1b9658865c3750a2d6004280cb99587745
GCA	GCA_900048125.1	GCA/ncbi_dataset/data/GCA_900048125.1/genomic.gff	834215	0864c35f2257058b53741b9246c3fba4beeb6accaba2400c8829e9717f823b3f
GCA	GCA_900048125.1	GCA/ncbi_dataset/data/GCA_900048125.1/sequence_report.jsonl	6119	2a928e5bb4d62ed46b1a2e2c9f3a50fbbd301e80b7e5cd1219079984bebaabaa
GCA	GCA_900048795.1	GCA/ncbi_dataset/data/GCA_900048795.1/GCA_900048795.1_13154_3_40_genomic.fna	2072909	207f1d444542ac98e11a7649dc0ca6b85cc1c5431053bfed98a589f0ad2cff54
GCA	GCA_900048795.1	GCA/ncbi_dataset/data/GCA_900048795.1/genomic.gbff	4658741	cb94afeb7a40be1e93f3a92f6f4933d942f67f03794bccf871878df7e8a65a1b
GCA	GCA_900048795.1	GCA/ncbi_dataset/data/GCA_900048795.1/genomic.gff	835519	fc84c6305d539dde76904eeb1becf82f9e90df5a618207849ffdc0dfefc8ecb5
GCA	GCA_900048795.1	GCA/ncbi_dataset/data/GCA_900048795.1/sequence_report.jsonl	10094	669db61526e93947a4b80f4f887fd0d45baaf8e1da5b7f3f36e55514626e3198
GCA	GCA_900048805.1	GCA/ncbi_dataset/data/GCA_900048805.1/GCA_900048805.1_13414_1_80_genomic.fna	2123697	4cec7ec2c292904f49f0922dd103a88ad7af61d7ccd1f62d2e05eb650f3ecc29
GCA	GCA_900048805.1	GCA/ncbi_dataset/data/GCA_900048805.1/genomic.gbff	4763882	6edee8e26858012ec51a364ba7b6d811568db7ae68eed219ac3bc99f9307b784
GCA	GCA_900048805.1	GCA/ncbi_dataset/data/GCA_900048805.1/genomic.gff	853213	4e74123fb51f39759eee4b1e3b7896cd3205c11300846cdeed6877259edc8fe1
GCA	GCA_900048805.1	GCA/ncbi_dataset/data/GCA_900048805.1/sequence_report.jsonl	12220	dab84442f21ba38c20f4b900802a06188f5860b4848c62e4114577358d4a99ea
GCA	GCA_900048985.1	GCA/ncbi_dataset/data/GCA_900048985.1/GCA_900048985.1_11657_4_34_genomic.fna	2121073	2036cba1032a2a86145300e510ad58a8e9539039262b83cda076e2425854298c
GCA	GCA_900048985.1	GCA/ncbi_dataset/data/GCA_900048985.1/genomic.gbff	4835607	5cea7ed68ece8e584ed0cca8c86b46e268d33b861d4d052525b3832824cf0503
GCA	GCA_900048985.1	GCA/ncbi_dataset/data/GCA_900048985.1/genomic.gff	989562	da368e0b5b77f3a3415b3df20a40f8d4aabf0b629600a879314b760c2c53163a
GCA	GCA_900048985.1	GCA/ncbi_dataset/data/GCA_900048985.1/sequence_report.jsonl	46585	8c88e9b7a6b084815bad89039bfbb9180e13b097b466986ad4afdbd22468a814
GCA	GCA_900048995.1	GCA/ncbi_dataset/data/GCA_900048995.1/GCA_900048995.1_12291_4_52_genomic.fna	2019468	cc80401e85a88cf64c82805fb694cb83d83736dc0dbc0ccbd310711079daef13
GCA	GCA_900048995.1	GCA/ncbi_dataset/data/GCA_900048995.1/genomic.gbff	4550993	2453d5f7b53b8d57c7ff388a3d4895c1ce20c986945de41f6cc879cc2eb1280d
GCA	GCA_900048995.1	GCA/ncbi_dataset/data/GCA_900048995.1/genomic.gff	812675	1fdeffddf1bef24d398fb5579c4b59c430d8e2afdc1c94d5efac4c75554f397d
GCA	GCA_900048995.1	GCA/ncbi_dataset/data/GCA_900048995.1/sequence_report.jsonl	14978	159ce7d9958c5c8cbbeb941b620661a0c3e8448442280ff30a6682dc6d8ed5c7
GCA	GCA_900049005.1	GCA/ncbi_dataset/data/GCA_900049005.1/GCA_900049005.1_12291_4_59_genomic.fna	2121964	b17b4bb941f99761bc18a47d1ad62d15cd2ac055f0d068e979b6ef5b95d2567c
GCA	GCA_900049005.1	GCA/ncbi_dataset/data/GCA_900049005.1/genomic.gbff	4759824	346b86252dac2b1fbf726535a569da6d34c52b3960a9d659d26ac957ecd5b6d8
GCA	GCA_900049005.1	GCA/ncbi_dataset/data/GCA_900049005.1/genomic.gff	851821	f85a5111ff661b5abdb700d1dd73c4e47d4cfa4eb4ff5bd4614683795d3a1f61
GCA	GCA_900049005.1	GCA/ncbi_dataset/data/GCA_900049005.1/sequence_report.jsonl	12453	5cf9974db74ea0ade989685b8b16e745e5ff849488c1524acccd11a9955bed52
GCA	GCA_900049015.1	GCA/ncbi_dataset/data/GCA_900049015.1/GCA_900049015.1_12291_4_60_genomic.fna	2170864	74ca5f25d42e7e9ad0198702933b201f9437203e86d7f9e6988fdfdbc3ad5acf
GCA	GCA_900049015.1	GCA/ncbi_dataset/data/GCA_900049015.1/genomic.gbff	4900512	8a91c7c778b50f29849b14f4c24f77dcfc75c235e835c4f6aa9411f356a63fa5
GCA	GCA_900049015.1	GCA/ncbi_dataset/data/GCA_900049015.1/genomic.gff	885181	9aa887434829dee6a2b348f0e3017dc743aaa53c815743e8bff11d7db1a9d59a
GCA	GCA_900049015.1	GCA/ncbi_dataset/data/GCA_900049015.1/sequence_report.jsonl	19556	70b07b0ee80c34c70ce23fcfa1e0c88f0163411d1925c2e4d9db8d3b94f89273
GCA	GCA_900049025.1	GCA/ncbi_dataset/data/GCA_900049025.1/GCA_900049025.1_13154_3_73_genomic.fna	2101205	08e43cc54ba3936e1b06a7ae3b308a37f793624b297a956a9a97d8d2004d7512
GCA	GCA_900049025.1	GCA/ncbi_dataset/data/GCA_900049025.1/genomic.gbff	4717497	e674086218b23d436d9ef232d1d5b77d3c4905da10a045a75f817c793cfddbdc
GCA	GCA_900049025.1	GCA/ncbi_dataset/data/GCA_900049025.1/genomic.gff	837270	0d280d74ce35b3a4326c00578f0234369c1ac65f5cf74b0ac5469206638c37f4
GCA	GCA_900049025.1	GCA/ncbi_dataset/data/GCA_900049025.1/sequence_report.jsonl	14982	f5398436beca8cc1194bc8f206fc5b67713e9dd8f800c9678c7367ba75751f30
GCA	GCA_900049035.1	GCA/ncbi_dataset/data/GCA_900049035.1/GCA_900049035.1_13414_1_84_genomic.fna	2084390	59d94ad209a4f7586e02765c869b17062528b108fcdcd3f437777a440018c8f7
GCA	GCA_900049035.1	GCA/ncbi_dataset/data/GCA_900049035.1/genomic.gbff	4661587	d4f498318f8499330d8e72f5dc5cba752d1e426e5aacd44dc363a7057be87617
GCA	GCA_900049035.1	GCA/ncbi_dataset/data/GCA_900049035.1/genomic.gff	832040	57b1bb5f123f0d369024041b4cff1abe538927c43c59a43b2615be2c1e600f5c
GCA	GCA_900049035.1	GCA/ncbi_dataset/data/GCA_900049035.1/sequence_report.jsonl	7341	67a9331e71d8464bc0cf691988a77e510ccd8eb738884a76d6d701a08c9b03f7
GCA	GCA_900049045.1	GCA/ncbi_dataset/data/GCA_900049045.1/GCA_900049045.1_13414_1_85_genomic.fna	2114262	3d6630d4c89b18a3ef2b89e55b1114a62992847ef01fa0eb255740c864b78187
GCA	GCA_900049045.1	GCA/ncbi_dataset/data/GCA_900049045.1/genomic.gbff	4732426	26b2821b58b302f9aa2346a1500d0d4aa8e75cdbf548fa024de2e3d576da0571
GCA	GCA_900049045.1	GCA/ncbi_dataset/data/GCA_900049045.1/genomic.gff	840308	e470674b2e4f66c48661aef4139a3056e75e4b6f5dd5e7c169ab0ed3ec7ee457
GCA	GCA_900049045.1	GCA/ncbi_dataset/data/GCA_900049045.1/sequence_report.jsonl	8868	9a9ad1e3cb5ff0d5c24dba670e8871a1e7a313d4500ccdf0411a3642e7956415
GCA	GCA_900049055.1	GCA/ncbi_dataset/data/GCA_900049055.1/GCA_900049055.1_13414_1_86_genomic.fna	2147030	4f641c30d9b24a9949581507db41b0f1473292fe058ec8edaf4dd693ff9f0510
GCA	GCA_900049055.1	GCA/ncbi_dataset/data/GCA_900049055.1/genomic.gbff	4843106	caf89c9ce3bcb3bdaee36600abb394249d4fcfcbf4e2522b6ee0a9e93bb36acc
GCA	GCA_900049055.1	GCA/ncbi_dataset/data/GCA_900049055.1/genomic.gff	870279	2047049a0b1e8aab43a6d4a3a5dd6444fe7e5b68c5b99851a2c90e2144692732
GCA	GCA_900049055.1	GCA/ncbi_dataset/data/GCA_900049055.1/sequence_report.jsonl	18943	7dd480643152c3680ebff4178981f4d5f704471b7088dd1f5dea51f3be93510b
GCA	GCA_900049065.1	GCA/ncbi_dataset/data/GCA_900049065.1/GCA_900049065.1_13414_1_87_genomic.fna	2092658	9514b66eea3c65f43a3c1434a7643ee73cfaeaa8ad04b7ebbe5cd7cbb6148a34
GCA	GCA_900049065.1	GCA/ncbi_dataset/data/GCA_900049065.1/genomic.gbff	4682247	5b4833a1eee0a97b9965fa289124f59ae8224a5b1ff25f263e50138090935bb7
GCA	GCA_900049065.1	GCA/ncbi_dataset/data/GCA_900049065.1/genomic.gff	843186	dfe815a00cdb9f40ffb198c90aa3d562f527d84875cabff402752c3e4c8894b0
GCA	GCA_900049065.1	GCA/ncbi_dataset/data/GCA_900049065.1/sequence_report.jsonl	4895	c597a6d2c2cb03114fe01aef98aa318e1846e90ec7d116ef5aeb088a5964d252
GCA	GCA_900049075.1	GCA/ncbi_dataset/data/GCA_900049075.1/GCA_900049075.1_13414_2_31_genomic.fna	2090205	2dcc169fe443558a1934c668f453f646e050898d30a0a13a31198c31cd1284f4
GCA	GCA_900049075.1	GCA/ncbi_dataset/data/GCA_900049075.1/genomic.gbff	4676863	c8b5902f8e81ad883f19f90f4541a059ee309fe8ea3b7c98662fee9bcd05d7a7
GCA	GCA_900049075.1	GCA/ncbi_dataset/data/GCA_900049075.1/genomic.gff	831141	097ba04fb08720fb55ff034cd83164bd88e2239a65440bc01815a4a72b527e8a
GCA	GCA_900049075.1	GCA/ncbi_dataset/data/GCA_900049075.1/sequence_report.jsonl	10700	91b32bc640afaf010e335f897fe9c6eac07e959a10036973637010fe11b1ba48
GCA	GCA_900049085.1	GCA/ncbi_dataset/data/GCA_900049085.1/GCA_900049085.1_13414_2_54_genomic.fna	2143166	dea255d0f86656daf1befe46b6aaa2f1ba612c859837a819c78ca1fae6a72222
GCA	GCA_900049085.1	GCA/ncbi_dataset/data/GCA_900049085.1/genomic.gbff	4819733	c10959f774e9dd8727d7eb30f52334c34e0ebcc3e4176d2f0ccfa3f0eeea3554
GCA	GCA_900049085.1	GCA/ncbi_dataset/data/GCA_900049085.1/genomic.gff	869415	1b62c2e508e5e4a977209acdab0c53e3e18d1c10d2810a5d61352f4f3a5ddfc8
GCA	GCA_900049085.1	GCA/ncbi_dataset/data/GCA_900049085.1/sequence_report.jsonl	9418	484a75fad9b6edb43cb77bee97c3d02ba5098c479cd8eb161ab5895e3c769e6c
GCA	GCA_900049335.1	GCA/ncbi_dataset/data/GCA_900049335.1/GCA_900049335.1_13414_3_8_genomic.fna	2095612	1cc9887ea213c68f9c3c0adf309aa188be8f0bfb161239ece2607dc634859d01
GCA	GCA_900049335.1	GCA/ncbi_dataset/data/GCA_900049335.1/genomic.gbff	4720163	f22977fb897d4b7a16d325dd713b056e1beba62fc89840f0221a1351f86598e3
GCA	GCA_900049335.1	GCA/ncbi_dataset/data/GCA_900049335.1/genomic.gff	850731	5d05ddef3597546964dc8f2036182ca1f7433c88e9529a57146165300267b9e9
GCA	GCA_900049335.1	GCA/ncbi_dataset/data/GCA_900049335.1/sequence_report.jsonl	10095	c229b3338f13563a28df8e69efa82c1bc88a4a3419d77409a1a8c72d83d6ae0d
GCA	GCA_900049475.1	GCA/ncbi_dataset/data/GCA_900049475.1/GCA_900049475.1_11657_8_30_genomic.fna	2091237	a8befe3734eab4270a40209f8758a5cb3f27f52b2139316cea3c5c261c4634dc
GCA	GCA_900049475.1	GCA/ncbi_dataset/data/GCA_900049475.1/genomic.gbff	4699826	2b210b43647683e828c8aef5e30db3fce43430ac95c869926cee7d301530ec31
GCA	GCA_900049475.1	GCA/ncbi_dataset/data/GCA_900049475.1/genomic.gff	841585	72048b7a6b346a67db29cb0ab95930d386b5cba1111b06a9223a71702e126db8
GCA	GCA_900049475.1	GCA/ncbi_dataset/data/GCA_900049475.1/sequence_report.jsonl	10700	b977c57734cab41b3cb5720c6b5e3459c40a342e506c4369a159c91ec18f4f99
GCA	GCA_900049485.1	GCA/ncbi_dataset/data/GCA_900049485.1/GCA_900049485.1_12291_4_34_genomic.fna	2115073	2b8e2993f984f9299a8b73ff07eab5173ee0fab446191e708efdda0b42c82b17
GCA	GCA_900049485.1	GCA/ncbi_dataset/data/GCA_900049485.1/genomic.gbff	4753457	accc8424d6ec2c4b06f9699c9b6b0650e9e097dbaba6d3b2f2d7979848191990
GCA	GCA_900049485.1	GCA/ncbi_dataset/data/GCA_900049485.1/genomic.gff	854692	b9d853bd4762ce28030d60e5f0d2a3f0fa59fe8cbdbb1a241a3c48a1cedf7e5e
GCA	GCA_900049485.1	GCA/ncbi_dataset/data/GCA_900049485.1/sequence_report.jsonl	11312	d3dc978cd9b1824b1132385ec07c40dc0d5ec2fa4e866b8f08c983a8774d217e
GCA	GCA_900049495.1	GCA/ncbi_dataset/data/GCA_900049495.1/GCA_900049495.1_12291_4_65_genomic.fna	2079680	f539ffd9dc5f4d01b37bd1ca9beca30da2083a7a7356c4e515b3e01ec0b5bc7c
GCA	GCA_900049495.1	GCA/ncbi_dataset/data/GCA_900049495.1/genomic.gbff	4676195	298a833dacdd6fed8a69c08cec22b79b685a60086533a5b8bbd00025bf434c18
GCA	GCA_900049495.1	GCA/ncbi_dataset/data/GCA_900049495.1/genomic.gff	840739	b35a7fae4214384fdd919fa8e6167eacafad3b066aaa4db1c7623d67096931f4
GCA	GCA_900049495.1	GCA/ncbi_dataset/data/GCA_900049495.1/sequence_report.jsonl	11614	72590da8d9dd062ce85ad81e69ffe6ee597984332c3f3690e2ab5d56d715ca9c
GCA	GCA_900049505.1	GCA/ncbi_dataset/data/GCA_900049505.1/GCA_900049505.1_12291_5_2_genomic.fna	2077219	985470e03a7fc90135c9e88e683e8701fc5dc414573715d0189bc44d805558a5
GCA	GCA_900049505.1	GCA/ncbi_dataset/data/GCA_900049505.1/genomic.gbff	4674203	a607a06151af0548fe600649287813a46674acdfbff6ca1b92b26cc534dfe654
GCA	GCA_900049505.1	GCA/ncbi_dataset/data/GCA_900049505.1/genomic.gff	835931	dc8a9e0f01e5498a8e42b872db4596c11e0c26b61f6e9f9e911a1df1b1f86374
GCA	GCA_900049505.1	GCA/ncbi_dataset/data/GCA_900049505.1/sequence_report.jsonl	13756	082bb19d6c857976d04d5020b51194a116fe706cca7b1a3869a24e1b6bde3612
GCA	GCA_900049515.1	GCA/ncbi_dataset/data/GCA_900049515.1/GCA_900049515.1_13154_3_91_genomic.fna	2155565	06932059f3716357c4c0c88dda2b73bcc09c33b2a87a3661deba5110a277057f
GCA	GCA_900049515.1	GCA/ncbi_dataset/data/GCA_900049515.1/genomic.gbff	4864600	8062a0a85d34e0fc1397280f21e20c01027fe30913ec1d48afbc81a880e551ad
GCA	GCA_900049515.1	GCA/ncbi_dataset/data/GCA_900049515.1/genomic.gff	876018	bc4cbfcd42e95c024465554958170272c98dded12d3cb3c766669544d1bd8a5b
GCA	GCA_900049515.1	GCA/ncbi_dataset/data/GCA_900049515.1/sequence_report.jsonl	18949	0c453596e44308aa271773b6b1e8755d68c8f9bf2831d9bd72681f05c5b08def
GCA	GCA_900049525.1	GCA/ncbi_dataset/data/GCA_900049525.1/GCA_900049525.1_13414_1_15_genomic.fna	2094960	c00d1606423e920fb4bfe98b6fc71e100954b6b94473500f4b69ac2eb0e71227
GCA	GCA_900049525.1	GCA/ncbi_dataset/data/GCA_900049525.1/genomic.gbff	4694034	0fcae088432c7e612246df02e78ccbfcdcab4b053386816c3a93d3d521ddad2d
GCA	GCA_900049525.1	GCA/ncbi_dataset/data/GCA_900049525.1/genomic.gff	836713	20948c198b5cca50aec62b9f0aefd177371186add7ef5fbaf3a5c5b739e70517
GCA	GCA_900049525.1	GCA/ncbi_dataset/data/GCA_900049525.1/sequence_report.jsonl	9482	97619a267a8f4b5053d2dfb784f273226533619cb3ed88226dae9454d5c36a25
GCA	GCA_900049535.1	GCA/ncbi_dataset/data/GCA_900049535.1/GCA_900049535.1_13414_1_62_genomic.fna	2090976	3f06cfcfa37d9d96f84d433a5ca7470238e9dbd1a580a4caa7d14baac2d0e11c
GCA	GCA_900049535.1	GCA/ncbi_dataset/data/GCA_900049535.1/genomic.gbff	4703903	86d8092e9eb571d9f60b7a4692da3d8d1663f3de79c50d957d4827bd42c4b90c
GCA	GCA_900049535.1	GCA/ncbi_dataset/data/GCA_900049535.1/genomic.gff	845591	f9467bf66d9f06061c929cb710df75020651065427457e0db30f03b7ec0d797f
GCA	GCA_900049535.1	GCA/ncbi_dataset/data/GCA_900049535.1/sequence_report.jsonl	10706	1a1dd5f47a413139ec39c5fd096f0d5f10ac8ae4b201c44178afae9a67be9cea
GCA	GCA_900049545.1	GCA/ncbi_dataset/data/GCA_900049545.1/GCA_900049545.1_13414_1_93_genomic.fna	2098007	b5cee6df9e20441febd772c95b17035780a31e8edc6fd73a9dea9be8a3e49482
GCA	GCA_900049545.1	GCA/ncbi_dataset/data/GCA_900049545.1/genomic.gbff	4726789	3955409bb67fbec3cdd522f3264e46ab117accfa19ecbcca8bbde8ca3d6abd15
GCA	GCA_900049545.1	GCA/ncbi_dataset/data/GCA_900049545.1/genomic.gff	850935	88c51fdfcc181bb0943d4162b23aac270e67cbcada7a532e35da2fd36d3410e9
GCA	GCA_900049545.1	GCA/ncbi_dataset/data/GCA_900049545.1/sequence_report.jsonl	14063	bd6f9f2a8aaee7636fe9182807e6a77df8550407f6f998c78713aec4d50e32e9
GCA	GCA_900049555.1	GCA/ncbi_dataset/data/GCA_900049555.1/GCA_900049555.1_13414_2_67_genomic.fna	2059785	b23191dbbe1ec973b25b436e4abd148ba92b7a7da8d597ff7f6f4a32e931bbe5
GCA	GCA_900049555.1	GCA/ncbi_dataset/data/GCA_900049555.1/genomic.gbff	4633663	8d0b6303271ac2881d9b15f9b92e56cc33d88c4a8b4252aafcdb0cdaedf256c9
GCA	GCA_900049555.1	GCA/ncbi_dataset/data/GCA_900049555.1/genomic.gff	831657	f4c8830a835afc3041cda64114e8fd5f248cd4139f4efe1b46abe471c9bbb239
GCA	GCA_900049555.1	GCA/ncbi_dataset/data/GCA_900049555.1/sequence_report.jsonl	11618	1b36056781a16d426b66be5d17f75c22c9aaa21bc3c71fce2959616fd6b2a426
GCA	GCA_900049565.1	GCA/ncbi_dataset/data/GCA_900049565.1/GCA_900049565.1_14673_4_17_genomic.fna	2043008	aab965a41a9d91ad0718279d87ed822ec7223021dc9eaac3c7bc37808d56661d
GCA	GCA_900049565.1	GCA/ncbi_dataset/data/GCA_900049565.1/genomic.gbff	4602979	aa8945b416635fd5abe9550e9d4198a483427af3afb45a68e4a54ddd630353eb
GCA	GCA_900049565.1	GCA/ncbi_dataset/data/GCA_900049565.1/genomic.gff	834901	c065735cadbe92327957ebbf06def9426b4b14dbc06af782699222c14b1eba7a
GCA	GCA_900049565.1	GCA/ncbi_dataset/data/GCA_900049565.1/sequence_report.jsonl	7341	488fb8dc4c2fc4b35a7325c63a4c8e9fbde01ce8169ed62602732341bb61ccc7
GCA	GCA_900049825.1	GCA/ncbi_dataset/data/GCA_900049825.1/GCA_900049825.1_11511_8_54_genomic.fna	2061282	3bcb8b47b1b854ec7d1e9a06f3be7db175d1664690a8876687d6fcc893c2c947
GCA	GCA_900049825.1	GCA/ncbi_dataset/data/GCA_900049825.1/genomic.gbff	4630216	0c1eedc21817140e10d1dc8c02968294a4945ebb570aac2c7e1b1f502e6562e1
GCA	GCA_900049825.1	GCA/ncbi_dataset/data/GCA_900049825.1/genomic.gff	827320	276b554b61133b81f725ab30669a69ca870f6ac0e9818a0f4f945d8612564de4
GCA	GCA_900049825.1	GCA/ncbi_dataset/data/GCA_900049825.1/sequence_report.jsonl	9480	9cd6ede989928e1475c4cfddbf6a8f6f4be9975ef758d47e2d5c9fc32aad89c2
GCA	GCA_900049835.1	GCA/ncbi_dataset/data/GCA_900049835.1/GCA_900049835.1_12291_4_24_genomic.fna	2124211	25d54da01d2d3dc91d81d627cea36fec8bdb0cffc195de8d9183d2d1a444bc25
GCA	GCA_900049835.1	GCA/ncbi_dataset/data/GCA_900049835.1/genomic.gbff	4773887	ddc138b3b2539774916e5a74fdb4f74a8133d32607ed328212996ca58f3a1ae6
GCA	GCA_900049835.1	GCA/ncbi_dataset/data/GCA_900049835.1/genomic.gff	858200	527549b558a56e8bab3d8264d9f82a14d9df1476766205339f1b5e4209c0f0a0
GCA	GCA_900049835.1	GCA/ncbi_dataset/data/GCA_900049835.1/sequence_report.jsonl	6116	8d8ee4b5955da5f6371bfa4757814eafbfb663fceaca09e7e0c3ffd0bc13c0dd
GCA	GCA_900049845.1	GCA/ncbi_dataset/data/GCA_900049845.1/GCA_900049845.1_12291_4_31_genomic.fna	2205858	a69f080e2908ef01e441043dd7ee38d66d7ed94eff01a6548e2526d2d2374f4e
GCA	GCA_900049845.1	GCA/ncbi_dataset/data/GCA_900049845.1/genomic.gbff	4991549	b9eab55471bba8bd97f535791fddc5a47db3a169ad06cd86022456c13de638ef
GCA	GCA_900049845.1	GCA/ncbi_dataset/data/GCA_900049845.1/genomic.gff	908055	0f114d85b936ed5eb02003c56182ad2523584c6f18459ad3fc16294ccf5ba439
GCA	GCA_900049845.1	GCA/ncbi_dataset/data/GCA_900049845.1/sequence_report.jsonl	20031	1c85cc56a676353fed6aa25c26ad3056fc4d2353588ae38192c54c4d4ac6cc00
GCA	GCA_900049855.1	GCA/ncbi_dataset/data/GCA_900049855.1/GCA_900049855.1_13091_6_85_genomic.fna	2231381	9f2f8092969dedf7bdc370a5e3b11d5a1fd8f022767b6ab1468c2915746842b5
GCA	GCA_900049855.1	GCA/ncbi_dataset/data/GCA_900049855.1/genomic.gbff	5123528	26a2b62696fa1ffb343cb9fc0fc3a7a2387717f4ba48fb2f5dd3963fa045d573
GCA	GCA_900049855.1	GCA/ncbi_dataset/data/GCA_900049855.1/genomic.gff	1060131	ae4d2c22f792695c4cdb56ada0f7b68dcd51d6e464e01eaf43baf42c8c58d3a4
GCA	GCA_900049855.1	GCA/ncbi_dataset/data/GCA_900049855.1/sequence_report.jsonl	65142	0e264fc7c43df99ded2e9bfc340e5802b9dd985df456b403ed4f4b2af43f8cc7
GCA	GCA_900049865.1	GCA/ncbi_dataset/data/GCA_900049865.1/GCA_900049865.1_13414_2_28_genomic.fna	2038021	cdb6c655c499dc1ad17618cb75224e4829cdf321d694f9acea9e75da3a2934d5
GCA	GCA_900049865.1	GCA/ncbi_dataset/data/GCA_900049865.1/genomic.gbff	4583386	95e44e699a3a050d51500cbc26ec04ce55d5b989a0c143493188f563869db22b
GCA	GCA_900049865.1	GCA/ncbi_dataset/data/GCA_900049865.1/genomic.gff	819071	df9e81ebeb398e60d7b2edc03ac8fdf8f96dec92de862d5700d625ef07d17476
GCA	GCA_900049865.1	GCA/ncbi_dataset/data/GCA_900049865.1/sequence_report.jsonl	11927	065c33a57a9842b5705fa14998a36ab60867fd9d8a8ad2d3f73278bffef4635f
GCA	GCA_900049875.1	GCA/ncbi_dataset/data/GCA_900049875.1/GCA_900049875.1_13414_2_78_genomic.fna	2036104	2a3e685011bbf3989932697e862e12184f2ffe3eb818cfc0b92915a55cf31471
GCA	GCA_900049875.1	GCA/ncbi_dataset/data/GCA_900049875.1/genomic.gbff	4548176	d29ca61b8f542a744bd566f3aa7bede728148231dcf47a6fc8a751fc289d0e09
GCA	GCA_900049875.1	GCA/ncbi_dataset/data/GCA_900049875.1/genomic.gff	807713	eb455a391e635566bc8830632323e62a808701a0e4db5710a696e9b464041cd5
GCA	GCA_900049875.1	GCA/ncbi_dataset/data/GCA_900049875.1/sequence_report.jsonl	6387	f2614d40c5dd4b8bd69b5be0969141379161985735609cc613e53d3c0cdb1b1a
GCA	GCA_900049885.1	GCA/ncbi_dataset/data/GCA_900049885.1/GCA_900049885.1_13414_2_81_genomic.fna	2059028	7767bef31ed807e43234c4b477829b4d70891042598114c6714d1d4a4e70642b
GCA	GCA_900049885.1	GCA/ncbi_dataset/data/GCA_900049885.1/genomic.gbff	4618784	250b73e958f302d116e8291487e8986aa7549bb8c82ddeeb5ede58e092bc517b
GCA	GCA_900049885.1	GCA/ncbi_dataset/data/GCA_900049885.1/genomic.gff	825997	e6d90d8be8d68fa647210b660e187a92001c942f83e7092d9473d3b0e31586a7
GCA	GCA_900049885.1	GCA/ncbi_dataset/data/GCA_900049885.1/sequence_report.jsonl	9490	38775d85228910e184f54418877b8b0d047b4da3860c966e042e6b8c17990f14
GCA	GCA_900049895.1	GCA/ncbi_dataset/data/GCA_900049895.1/GCA_900049895.1_14673_4_26_genomic.fna	2209173	0e3783feb839db9f4a34c994ef5077cce4e33920432b340d85407413242e2f3d
GCA	GCA_900049895.1	GCA/ncbi_dataset/data/GCA_900049895.1/genomic.gbff	4997467	0fe57738bf5978e5b1a9b44f853e292af2a998a5ef43043cdfc1094caa924685
GCA	GCA_900049895.1	GCA/ncbi_dataset/data/GCA_900049895.1/genomic.gff	906129	df719b6e9a5967b1e97def6fcb725ee65b54249f4cc853d6ee2a5149a9fc5751
GCA	GCA_900049895.1	GCA/ncbi_dataset/data/GCA_900049895.1/sequence_report.jsonl	19255	4cc02e2d87eca1823d2b83c7f864e4a26e40b113b97fa83d0087ee245b9ead15
GCA	GCA_900050295.1	GCA/ncbi_dataset/data/GCA_900050295.1/GCA_900050295.1_11679_1_45_genomic.fna	2150701	5597c54c5cf30dc20fa3a4356952a78754a7119793dc2e5d5f777ac5c702cb1f
GCA	GCA_900050295.1	GCA/ncbi_dataset/data/GCA_900050295.1/genomic.gbff	4859178	e745094a8014a917cd1acface55494b220e07de28ae98f36506d543a1e6fcf50
GCA	GCA_900050295.1	GCA/ncbi_dataset/data/GCA_900050295.1/genomic.gff	884373	8fb4524d0df03a2bf3f549394ca1214fd9ea911729f54790549b2c7123541ac0
GCA	GCA_900050295.1	GCA/ncbi_dataset/data/GCA_900050295.1/sequence_report.jsonl	17108	ad66fc3919ea41707114695b46e5148cc4bb7c4907ebe847b3c984776aaac16b
GCA	GCA_900050305.1	GCA/ncbi_dataset/data/GCA_900050305.1/GCA_900050305.1_11511_8_62_genomic.fna	2024076	8a5bdf1b0d298ef679c3a059aca5933bb490104dd31edb524ae9f5d169111c56
GCA	GCA_900050305.1	GCA/ncbi_dataset/data/GCA_900050305.1/genomic.gbff	4551998	6a44288019e7adb355f484e09b03a14112a08dcad11d97e5c096e364b28da3e9
GCA	GCA_900050305.1	GCA/ncbi_dataset/data/GCA_900050305.1/genomic.gff	813552	71880b9160206072fd9c081e05f34be1cd869863475362e5085b86ce118c62ad
GCA	GCA_900050305.1	GCA/ncbi_dataset/data/GCA_900050305.1/sequence_report.jsonl	14978	32004efe6c3511cb45cf36066f513d65e1a31960d1c596ce1253c503ff714c39
GCA	GCA_900050315.1	GCA/ncbi_dataset/data/GCA_900050315.1/GCA_900050315.1_12291_4_76_genomic.fna	2151366	a26db1f58f876e8fb4be277b4281a6b0d4ae8bcb59479cf99ec3b7b7cabae92a
GCA	GCA_900050315.1	GCA/ncbi_dataset/data/GCA_900050315.1/genomic.gbff	4844059	3ce77556083f8debdf70a74cdc312e40e8bb5769207abee993ceab4673a1e85f
GCA	GCA_900050315.1	GCA/ncbi_dataset/data/GCA_900050315.1/genomic.gff	863387	41829fd690a2135dda2e3ccba87c934ac517f4ac27fbef38d1edc77eb2f57a79
GCA	GCA_900050315.1	GCA/ncbi_dataset/data/GCA_900050315.1/sequence_report.jsonl	21086	2deb1182044dbf074253157ad0c47db351866c767e03fd2297d742fc2d54ec8e
GCA	GCA_900050325.1	GCA/ncbi_dataset/data/GCA_900050325.1/GCA_900050325.1_13091_6_81_genomic.fna	2133857	d5dfa282b90b8183a17454c72bd06607fca199044d3316d372623120c7fa9483
GCA	GCA_900050325.1	GCA/ncbi_dataset/data/GCA_900050325.1/genomic.gbff	4850763	30677ffa292f5446139ce153ddd6badc73fb2cd5596c447f408116095561c47d
GCA	GCA_900050325.1	GCA/ncbi_dataset/data/GCA_900050325.1/genomic.gff	877221	05bf88cd6754f3a2e2a5942b5e798ef564b5e306e566c8bbe6a822100fc174ee
GCA	GCA_900050325.1	GCA/ncbi_dataset/data/GCA_900050325.1/sequence_report.jsonl	37157	73f36a47a4dd8f2c9f2e6b33b25b5bae1a97c147e44355259670af45ad4f3618
GCA	GCA_900050335.1	GCA/ncbi_dataset/data/GCA_900050335.1/GCA_900050335.1_13414_1_74_genomic.fna	2075250	8a149530ff66d5da1f68fd1d257632258c25a82d8ffa8807fb9c02467a4734a7
GCA	GCA_900050335.1	GCA/ncbi_dataset/data/GCA_900050335.1/genomic.gbff	4657982	a6ec3f280c4135c54cf90458e88849e3bacb8b7b45c4c76b5007449b51a90a88
GCA	GCA_900050335.1	GCA/ncbi_dataset/data/GCA_900050335.1/genomic.gff	832849	7315686d1a4e0386d18637d461e678e536f24ea5f46b0335ad1f7f61d89a2f12
GCA	GCA_900050335.1	GCA/ncbi_dataset/data/GCA_900050335.1/sequence_report.jsonl	8259	cc68db84f2f7c97b8303761cd75bb4f5d75a3f5acb383c0e75b3121af42a64b8
GCA	GCA_900050345.1	GCA/ncbi_dataset/data/GCA_900050345.1/GCA_900050345.1_13414_2_88_genomic.fna	2123247	1273661022733c10b17dc7a07391dc9349fdebd8fbdaa689de00b8dd7d0004a2
GCA	GCA_900050345.1	GCA/ncbi_dataset/data/GCA_900050345.1/genomic.gbff	4760709	c2a1999bab0f16a020bec0a489310591674feee1cfe2c87cc405fa921e037cb5
GCA	GCA_900050345.1	GCA/ncbi_dataset/data/GCA_900050345.1/genomic.gff	856399	9310efe12c606b454031e582a7de8f01f21a909cb3c2647307041613ad0069fc
GCA	GCA_900050345.1	GCA/ncbi_dataset/data/GCA_900050345.1/sequence_report.jsonl	7345	307dbc16c00e364bd7056e7954c8df3f9d4975d7d0023aa4a4877616627de929
GCA	GCA_900050665.1	GCA/ncbi_dataset/data/GCA_900050665.1/GCA_900050665.1_11658_2_82_genomic.fna	2018759	0e8e3f13f8781888589e9a064f86a19d1ad984c31ce54961a898cc0d50b663f3
GCA	GCA_900050665.1	GCA/ncbi_dataset/data/GCA_900050665.1/genomic.gbff	4551855	41810eb829bbe78bf60a372da812a56578f62522d8630724aee7a81aec8a76ff
GCA	GCA_900050665.1	GCA/ncbi_dataset/data/GCA_900050665.1/genomic.gff	814801	a2f02a7052bc48a773369b8bdbc8006d78f4f4e2ff12c749fe1303eced64d1b1
GCA	GCA_900050665.1	GCA/ncbi_dataset/data/GCA_900050665.1/sequence_report.jsonl	17122	5f0fcf4a17e5f2461c4e012138b401a838d65c4f37aeea39a71f29bbd13b7749
GCA	GCA_900050675.1	GCA/ncbi_dataset/data/GCA_900050675.1/GCA_900050675.1_11657_8_21_genomic.fna	2154609	34477a2dd985b456be30745417f2dbcf09fefc89e9761962dd850afd92ac8bb9
GCA	GCA_900050675.1	GCA/ncbi_dataset/data/GCA_900050675.1/genomic.gbff	4859244	a48e829f99806637f9ae1afb0026fd752a316eb24355d2545c44108fae10f299
GCA	GCA_900050675.1	GCA/ncbi_dataset/data/GCA_900050675.1/genomic.gff	880469	8be417e19c36499d69baedf576f39dfe5e642be6c56dabb24a474c47e03ae6dd
GCA	GCA_900050675.1	GCA/ncbi_dataset/data/GCA_900050675.1/sequence_report.jsonl	12225	bd838f7d6620f1a1c87875dd9808e605623a33463194d86422b25b73375d4de8
GCA	GCA_900050685.1	GCA/ncbi_dataset/data/GCA_900050685.1/GCA_900050685.1_11658_2_67_genomic.fna	2094470	82a6a8a6e78cf5f2e80e2ddfc0d70ddbc19e4d51b03c49a8f252ab19dc36677c
GCA	GCA_900050685.1	GCA/ncbi_dataset/data/GCA_900050685.1/genomic.gbff	4692973	864613821c4302c46bf8f62b7beb5096ff40cb0a7045d9e088dce6f23a8d97f2
GCA	GCA_900050685.1	GCA/ncbi_dataset/data/GCA_900050685.1/genomic.gff	836470	f28c2f3b4402a4802e89958adfe0f2972286e60677d07d56406c81135f7fb9e0
GCA	GCA_900050685.1	GCA/ncbi_dataset/data/GCA_900050685.1/sequence_report.jsonl	11915	3500131a9f636f7d7614517195e1537b7362855586f852b029966249d668e85d
GCA	GCA_900050695.1	GCA/ncbi_dataset/data/GCA_900050695.1/GCA_900050695.1_11657_8_24_genomic.fna	2140552	8dfffca7f247c9864d878c1889ba431322fc6c736d845b36457822674f54ac67
GCA	GCA_900050695.1	GCA/ncbi_dataset/data/GCA_900050695.1/genomic.gbff	4814145	28de754c5a0ad8b7900ce5be42a2446b76e6d8aa170fdff027109ffbb6d845dd
GCA	GCA_900050695.1	GCA/ncbi_dataset/data/GCA_900050695.1/genomic.gff	988932	123dce1b43e0f08a8095804d1bc6b660841321223c23cea88fc186c7368fea3d
GCA	GCA_900050695.1	GCA/ncbi_dataset/data/GCA_900050695.1/sequence_report.jsonl	15283	14ba6ff7c0d5ad575d9edcf856769275416c0d9c38bfd2463b7ad38c2d69d941
GCA	GCA_900050705.1	GCA/ncbi_dataset/data/GCA_900050705.1/GCA_900050705.1_11657_8_25_genomic.fna	2078090	693672b356d89c60e419e8bbcd70db40e8b58af3336c30e6e394aff540c4441b
GCA	GCA_900050705.1	GCA/ncbi_dataset/data/GCA_900050705.1/genomic.gbff	4664912	398d3bccb2313d4d59a7c9d40cdbbb157e5b2be919b865bafa542a4f52c709f3
GCA	GCA_900050705.1	GCA/ncbi_dataset/data/GCA_900050705.1/genomic.gff	836926	b6861228857178eff6804fbd9e6eb4a35d83ba3c1fd059a95a579571dbb6535f
GCA	GCA_900050705.1	GCA/ncbi_dataset/data/GCA_900050705.1/sequence_report.jsonl	11923	a6d3f8b7b810f045064a0166a2d90b61f727abb1d6f965df751b01e9e47e0e5c
GCA	GCA_900050715.1	GCA/ncbi_dataset/data/GCA_900050715.1/GCA_900050715.1_11511_8_61_genomic.fna	2127338	0b34ed1796e28be071d7467fa4226851e840df9104fd9fb755b44c46c0f679b1
GCA	GCA_900050715.1	GCA/ncbi_dataset/data/GCA_900050715.1/genomic.gbff	4778211	978dd55e79b0510731fa04bc11d8ae027bfd6bf24cb53cba82c7e8ffa1194651
GCA	GCA_900050715.1	GCA/ncbi_dataset/data/GCA_900050715.1/genomic.gff	867407	861d6f8cde0ee4bac0fc05a4a5f9f71018f12bb324cb2bbe1f302ad37b175d44
GCA	GCA_900050715.1	GCA/ncbi_dataset/data/GCA_900050715.1/sequence_report.jsonl	8864	2c48017afc44c33fd8f1a697da30b850c86d963cddefed74e5aba2d7e75ba142
GCA	GCA_900050725.1	GCA/ncbi_dataset/data/GCA_900050725.1/GCA_900050725.1_13154_3_48_genomic.fna	2091943	d0b0b0baf51261620b644c347980c5635742431aa8a9f18d99a695a22c41e222
GCA	GCA_900050725.1	GCA/ncbi_dataset/data/GCA_900050725.1/genomic.gbff	4697898	1db9569cdc8f7ac6a58d53091802d5cf609c0b08dc6351056bceb1cb5534bed3
GCA	GCA_900050725.1	GCA/ncbi_dataset/data/GCA_900050725.1/genomic.gff	969484	81c0ea0db37567e150e702213bca1601f2d3d71fe4b8947e120a20ede9c99370
GCA	GCA_900050725.1	GCA/ncbi_dataset/data/GCA_900050725.1/sequence_report.jsonl	8559	c0fdebb0e2f1ea25ede1c8780da9e8d02bab660e630486436914e2d5e97ee530
GCA	GCA_900050735.1	GCA/ncbi_dataset/data/GCA_900050735.1/GCA_900050735.1_13414_3_37_genomic.fna	2096137	f2aade6b4510ee6bae14e15406fa4e5b19c9b723292d6c56afd2747753d95e30
GCA	GCA_900050735.1	GCA/ncbi_dataset/data/GCA_900050735.1/genomic.gbff	4700676	c79790f6bbd3c826c50733ab504b5ba3af9ea5b00018c617265a18478afe4fac
GCA	GCA_900050735.1	GCA/ncbi_dataset/data/GCA_900050735.1/genomic.gff	835817	faf1e012625e89265128462e4827daf413dbe38304d4474931ef87bd13464d57
GCA	GCA_900050735.1	GCA/ncbi_dataset/data/GCA_900050735.1/sequence_report.jsonl	12538	77ed760ab2721838c8c94acc4df5af5ab0de83b0757576103f5c233e4c23746f
GCA	GCA_900050745.1	GCA/ncbi_dataset/data/GCA_900050745.1/GCA_900050745.1_14673_3_4_genomic.fna	2130374	3b2d6e618839bd6d1420951163339e1546a82320929d4a03b22ab95523bb4235
GCA	GCA_900050745.1	GCA/ncbi_dataset/data/GCA_900050745.1/genomic.gbff	4783573	c70fb40045b9d7f4d0509df4323abd0bb202e95bc04d1c360d0023eee61155f7
GCA	GCA_900050745.1	GCA/ncbi_dataset/data/GCA_900050745.1/genomic.gff	857224	6d0fa90c36c4a4eb3d1a1b0102cb47184616a9057dd0bacd8af9b5490284935e
GCA	GCA_900050745.1	GCA/ncbi_dataset/data/GCA_900050745.1/sequence_report.jsonl	11624	99ec331889b80af1c57abff9cb290f4bc199d8bf0d3383ec195fa29f16401234
GCA	GCA_900051105.1	GCA/ncbi_dataset/data/GCA_900051105.1/GCA_900051105.1_11511_8_42_genomic.fna	2109190	0770e9ded71632ea2a1de9e8e0186ce8d8994d8671172248a349198f595e675e
GCA	GCA_900051105.1	GCA/ncbi_dataset/data/GCA_900051105.1/genomic.gbff	4728365	f3aa41afc26b4ea7531b3c7c573bac6ed4928bc3eb073652e8ba99e072fd6897
GCA	GCA_900051105.1	GCA/ncbi_dataset/data/GCA_900051105.1/genomic.gff	972148	d43be376e0fabf7ee7062ca810eeffbb03507bc280f866992df1dce44fc9bab3
GCA	GCA_900051105.1	GCA/ncbi_dataset/data/GCA_900051105.1/sequence_report.jsonl	10400	688a4e4d6a90414148b04edbe56231dd4c52b88a7fa1b0ce3bf05e11d86fd5b2
GCA	GCA_900051115.1	GCA/ncbi_dataset/data/GCA_900051115.1/GCA_900051115.1_11658_2_78_genomic.fna	2223043	3c392b03336df7b17ed9972014258ffac5b5203c0d251f820514c5c0681f103c
GCA	GCA_900051115.1	GCA/ncbi_dataset/data/GCA_900051115.1/genomic.gbff	5095972	13f4cfa647d31dee7bc9ba8aabebd0e4b481d5ef38540187075f7a64de463a0d
GCA	GCA_900051115.1	GCA/ncbi_dataset/data/GCA_900051115.1/genomic.gff	1054389	924885e1a6647a9f8fe22f96ac717deb8c2c200ead74fb9587ab58129dc217f4
GCA	GCA_900051115.1	GCA/ncbi_dataset/data/GCA_900051115.1/sequence_report.jsonl	57529	4d8d434e41ae895696b350968a5fc7814061e72d4159ae3b71aba83c99fcdf66
GCA	GCA_900051125.1	GCA/ncbi_dataset/data/GCA_900051125.1/GCA_900051125.1_11658_2_76_genomic.fna	2021565	2d1dbbd7c0e91bf3f17bfbaed2fa3a9bf5114f21ae88b39a4fb63359ba79195d
GCA	GCA_900051125.1	GCA/ncbi_dataset/data/GCA_900051125.1/genomic.gbff	4548094	f4ec466bf6f1f26bea9f708cd903d22d38b2d2b0a818a9ac2fea03817c4bc761
GCA	GCA_900051125.1	GCA/ncbi_dataset/data/GCA_900051125.1/genomic.gff	813520	83a5fe619a1918b17d26a3353c216df0aa15aabdc7cf4e7a63714aacd981b314
GCA	GCA_900051125.1	GCA/ncbi_dataset/data/GCA_900051125.1/sequence_report.jsonl	13454	0857868f6d74228d732c559120f195264e1d547bab238e9bdc81bf524f830429
GCA	GCA_900051135.1	GCA/ncbi_dataset/data/GCA_900051135.1/GCA_900051135.1_11658_2_75_genomic.fna	2096452	e8303dfa011951f149397af5938ad79648d406b9f2f76b383a6abe7a70b39be2
GCA	GCA_900051135.1	GCA/ncbi_dataset/data/GCA_900051135.1/genomic.gbff	4714689	a7386d8c6bdf0af82212f1fcdd821de04b77df6c0fe1a5acb88af0fd162713c5
GCA	GCA_900051135.1	GCA/ncbi_dataset/data/GCA_900051135.1/genomic.gff	848611	1452ccd6dabe27e81cb6317c651502717b3a2339c6149169c71505fac77fe2ae
GCA	GCA_900051135.1	GCA/ncbi_dataset/data/GCA_900051135.1/sequence_report.jsonl	11008	b2e2565fb9d122804db7c6582c57149a58707cdac4ebf2a3bffd039a0e0363aa
GCA	GCA_900051145.1	GCA/ncbi_dataset/data/GCA_900051145.1/GCA_900051145.1_11658_2_71_genomic.fna	2023975	72990beeb44c5929a84ce632ed50330d51c074801141df9823ac4e41fdca4c04
GCA	GCA_900051145.1	GCA/ncbi_dataset/data/GCA_900051145.1/genomic.gbff	4553923	03d288e6a7ed9da735f0921073407db12bfae24445fd8f1c0bb99d402699fc9f
GCA	GCA_900051145.1	GCA/ncbi_dataset/data/GCA_900051145.1/genomic.gff	813767	197eb9b81a4d747ed6ea265d598779619ed12688ce09e1d66177ff05f766f90f
GCA	GCA_900051145.1	GCA/ncbi_dataset/data/GCA_900051145.1/sequence_report.jsonl	14984	55125e3f7f0ff9c6b8bf93e5a78a34386cb52fd8f6563b0ece425e736749efab
GCA	GCA_900051155.1	GCA/ncbi_dataset/data/GCA_900051155.1/GCA_900051155.1_11658_2_68_genomic.fna	2023924	d2289347e496c27a8e137bb235fd93ebf9d5e48809d34da9768f24db86362ee2
GCA	GCA_900051155.1	GCA/ncbi_dataset/data/GCA_900051155.1/genomic.gbff	4556494	d74705c4cd4fabe86753cc5d68ac0cabb731dc1f8abab00b653b990c1f09a7c1
GCA	GCA_900051155.1	GCA/ncbi_dataset/data/GCA_900051155.1/genomic.gff	814778	b66f2b74ae787e1dfa15efd821f4de8aa29fbdf958f319bd5aea39542c651a5f
GCA	GCA_900051155.1	GCA/ncbi_dataset/data/GCA_900051155.1/sequence_report.jsonl	14370	7c058353f3265eb905a71f64f02571af2aac3299fb6cdc3808c0d18e8617d5b7
GCA	GCA_900051165.1	GCA/ncbi_dataset/data/GCA_900051165.1/GCA_900051165.1_11657_8_20_genomic.fna	2173871	dc7fd7a9cec8f3ea11c64f2299254ed74513535fa6dd952043415b206c5e126b
GCA	GCA_900051165.1	GCA/ncbi_dataset/data/GCA_900051165.1/genomic.gbff	4880422	404b4376237fdb1ce0a103f2a735616037ebf1e1c38ed26405116528b4bc77f8
GCA	GCA_900051165.1	GCA/ncbi_dataset/data/GCA_900051165.1/genomic.gff	876391	0499a98a84e86ca749cbe3b64b8bbba5b909f4255df93cb90cb45c81e4fa2bce
GCA	GCA_900051165.1	GCA/ncbi_dataset/data/GCA_900051165.1/sequence_report.jsonl	8262	00bec53d6f84d3dd95262234ad827574f334bbc5ced3a4c17fe319c1aded69f9
GCA	GCA_900051175.1	GCA/ncbi_dataset/data/GCA_900051175.1/GCA_900051175.1_13414_1_75_genomic.fna	2148587	ed549465543d4f7e50ef6fc82d42c675aca49300e522573e280dc06e77819b5d
GCA	GCA_900051175.1	GCA/ncbi_dataset/data/GCA_900051175.1/genomic.gbff	4851344	32086d8061b64e1c76c137305acda42090583c8f07dd43fdb8c9be0996dced76
GCA	GCA_900051175.1	GCA/ncbi_dataset/data/GCA_900051175.1/genomic.gff	878377	edb12a42a39543efc4501a538d4fd8d21cd346acd38964bd9b8e9d33aed443ce
GCA	GCA_900051175.1	GCA/ncbi_dataset/data/GCA_900051175.1/sequence_report.jsonl	14976	be60d884bb5080489eca87238fa0b72eaad45e46cc1fcba6de5828e02653ffad
GCA	GCA_900051185.1	GCA/ncbi_dataset/data/GCA_900051185.1/GCA_900051185.1_13414_1_88_genomic.fna	2165105	303324f59c01be8e09e2c45e698a989db92ef0d037a71778366d821f6ac6f634
GCA	GCA_900051185.1	GCA/ncbi_dataset/data/GCA_900051185.1/genomic.gbff	4851303	572d7833a215d077ed2079ba705f3119d5bf7eb6d8974d29faa3502a4bf63330
GCA	GCA_900051185.1	GCA/ncbi_dataset/data/GCA_900051185.1/genomic.gff	865525	f27fcfd3ccd7b62bf368e0498a5fdd1d8cc733bef4255d3c63bba15efe9b5460
GCA	GCA_900051185.1	GCA/ncbi_dataset/data/GCA_900051185.1/sequence_report.jsonl	12531	91eae6627d35d45e40792227095756e920f4f6f9b343cea0bab3d6d30d200420
GCA	GCA_900051195.1	GCA/ncbi_dataset/data/GCA_900051195.1/GCA_900051195.1_13414_2_91_genomic.fna	2075358	9f2803450b146e66fb00f25cf253462078a6f81a0e1a7dd7ed7f7428387af43f
GCA	GCA_900051195.1	GCA/ncbi_dataset/data/GCA_900051195.1/genomic.gbff	4675291	d5142f3f4b08b01a8347f76b53fdba34b358785bec1637e912c08f79ff27e882
GCA	GCA_900051195.1	GCA/ncbi_dataset/data/GCA_900051195.1/genomic.gff	842339	342a667700dcc7a2f4b6a0aecb3dbc655ad05b227a6231429b84a1b5bb3a5ab9
GCA	GCA_900051195.1	GCA/ncbi_dataset/data/GCA_900051195.1/sequence_report.jsonl	11623	26d71e6cfb6c028e73711c7461600bafe5dcd78624c53a884d2279ac8f3a1697
GCA	GCA_900051205.1	GCA/ncbi_dataset/data/GCA_900051205.1/GCA_900051205.1_13414_3_44_genomic.fna	2122659	270f9a479ce082b4350d9d1ed7a2b335e80e66c2b1a5c325a07566a90e6624b5
GCA	GCA_900051205.1	GCA/ncbi_dataset/data/GCA_900051205.1/genomic.gbff	4789404	224a63639e31930d7b4681879f61103a6dcbd484c89775e3cbbca5052a9ba010
GCA	GCA_900051205.1	GCA/ncbi_dataset/data/GCA_900051205.1/genomic.gff	866774	08964444a0dcd20996a04c74d5ff6d32faeaebabd41415890083d97fa55728eb
GCA	GCA_900051205.1	GCA/ncbi_dataset/data/GCA_900051205.1/sequence_report.jsonl	13368	ba12975338847417c69968c640602210e8f0e71109e46ead9a244ca13d366a96
GCA	GCA_900051215.1	GCA/ncbi_dataset/data/GCA_900051215.1/GCA_900051215.1_14673_4_20_genomic.fna	2077820	ab33e3bb38d888f94419aa4f009bdc1d4c1998d00959944a19d6be9d4a29b6c0
GCA	GCA_900051215.1	GCA/ncbi_dataset/data/GCA_900051215.1/genomic.gbff	4678536	ab3364f49b87c3824808f33f62da6f4227fa8870b1365ebf6cea29c6cacfe52f
GCA	GCA_900051215.1	GCA/ncbi_dataset/data/GCA_900051215.1/genomic.gff	841987	6b89d94a80fd1a5c032478fad597f8fc846d951626b94f98504ecaf916646f15
GCA	GCA_900051215.1	GCA/ncbi_dataset/data/GCA_900051215.1/sequence_report.jsonl	14060	85a99c743fbc2dd071346308be2b6beffaf21e81e124502605850bc831d97ce5
GCA	GCA_900051225.1	GCA/ncbi_dataset/data/GCA_900051225.1/GCA_900051225.1_14673_4_24_genomic.fna	2298422	2424879f548ff1baea9d9bccd003cfec42852ee963e21a51e454ae637e73c0f8
GCA	GCA_900051225.1	GCA/ncbi_dataset/data/GCA_900051225.1/genomic.gbff	5190482	c67730ce25e344541dd3e17f1384f0859c73d8fd810004070f4cfbc734d712c6
GCA	GCA_900051225.1	GCA/ncbi_dataset/data/GCA_900051225.1/genomic.gff	949481	9e8d81bef1b17975f4c9183c7140f6afbbe70c8fd01a1887680937a6069b5a85
GCA	GCA_900051225.1	GCA/ncbi_dataset/data/GCA_900051225.1/sequence_report.jsonl	19552	6c2281e5184c44269cca29f1f58ee9b633b39623eb37123bfa49fb55f6831d65
GCA	GCA_900051395.1	GCA/ncbi_dataset/data/GCA_900051395.1/GCA_900051395.1_11658_2_56_genomic.fna	2129543	eb17071f56ea8024094d9fe8847fa56279f66e3dbc661629e800dd8d8bfa3290
GCA	GCA_900051395.1	GCA/ncbi_dataset/data/GCA_900051395.1/genomic.gbff	4797409	b229d42a39ea81fb0d8877b1514bcb5dc98276a67dbacf362c73561f81f139b4
GCA	GCA_900051395.1	GCA/ncbi_dataset/data/GCA_900051395.1/genomic.gff	865226	5f30bff7a5a0fe07f01b3f9ae4c62d72a21684cd82d025c7bff1cdfc843fae92
GCA	GCA_900051395.1	GCA/ncbi_dataset/data/GCA_900051395.1/sequence_report.jsonl	11927	2e32c1875e09ce490c8c52414c7cf8c8bf6c705fc8692a15b6d3c58c9f0e76d3
GCA	GCA_900051405.1	GCA/ncbi_dataset/data/GCA_900051405.1/GCA_900051405.1_11658_2_49_genomic.fna	2091353	c28395ca6a9ef311de8d851876cd93f0a6ec8bdee0f0eab761516479dfe795d2
GCA	GCA_900051405.1	GCA/ncbi_dataset/data/GCA_900051405.1/genomic.gbff	4680378	f7b113980c5a7f7d4f78b07e626e7737eea34d41a6eef0b669b6914f6453466c
GCA	GCA_900051405.1	GCA/ncbi_dataset/data/GCA_900051405.1/genomic.gff	831326	1afe17713be77c606667eff0fa0885cffe274c7c177567d0d5d28a981e7071f9
GCA	GCA_900051405.1	GCA/ncbi_dataset/data/GCA_900051405.1/sequence_report.jsonl	9788	1f1964746817bb9ca8f222667529014eadc574532cef91538c1d252605902fe9
GCA	GCA_900051415.1	GCA/ncbi_dataset/data/GCA_900051415.1/GCA_900051415.1_12291_4_83_genomic.fna	2159193	b3c172f2d84a321fe73c53cd99c46d107d11024bc4c1c506f027c837d9815108
GCA	GCA_900051415.1	GCA/ncbi_dataset/data/GCA_900051415.1/genomic.gbff	4862469	dee24b22f3c07e9cb64843065759e07dc15bcc21463a4e58649f57213b71d33d
GCA	GCA_900051415.1	GCA/ncbi_dataset/data/GCA_900051415.1/genomic.gff	866473	f67d65e8e735b67f81c1ede0d0b14b7ce66d025eeccc172929f40164af402092
GCA	GCA_900051415.1	GCA/ncbi_dataset/data/GCA_900051415.1/sequence_report.jsonl	19562	c7941ecfda5f90fd115329c25f7a94d466969389d70f913f6297fa06fa0435ad
GCA	GCA_900051425.1	GCA/ncbi_dataset/data/GCA_900051425.1/GCA_900051425.1_13154_3_18_genomic.fna	2128622	620516ffb3f76bdf49f51c0040cff6a2141899a1e73cb1fc9d0a616afc98857e
GCA	GCA_900051425.1	GCA/ncbi_dataset/data/GCA_900051425.1/genomic.gbff	4802216	156caf4d6402a628d9ccf0b4e22d464580c4c90ae8890a7b6ef08d0a29090736
GCA	GCA_900051425.1	GCA/ncbi_dataset/data/GCA_900051425.1/genomic.gff	997142	75b2eae819b592fbc46862fc139ae1b015b87aeff6d680750799aa75ebfa0e37
GCA	GCA_900051425.1	GCA/ncbi_dataset/data/GCA_900051425.1/sequence_report.jsonl	9180	bf84883c7d1cff5f432faa5092cf39c28ac6c276761a0513c65e042be0b96208
GCA	GCA_900051435.1	GCA/ncbi_dataset/data/GCA_900051435.1/GCA_900051435.1_13154_3_35_genomic.fna	2045911	26deef781178961928b31deee34667c3d7a917410926d1e34bf4de4cb13c2fda
GCA	GCA_900051435.1	GCA/ncbi_dataset/data/GCA_900051435.1/genomic.gbff	4598753	deedb505e3b83f281cd055661a5999a7f2bd609ddcdaf1d76219562e9a47bdad
GCA	GCA_900051435.1	GCA/ncbi_dataset/data/GCA_900051435.1/genomic.gff	820527	8a3994d75272706f53ddc11655d5b6603dd9ae975da7ea61a5ade8435c6b316f
GCA	GCA_900051435.1	GCA/ncbi_dataset/data/GCA_900051435.1/sequence_report.jsonl	17425	6793825a2454066fd058686cc49ed243baed12b8fbdcc4c8d5454124b0798ba6
GCA	GCA_900051445.1	GCA/ncbi_dataset/data/GCA_900051445.1/GCA_900051445.1_13154_2_17_genomic.fna	2078187	1adeb5a90b900440af4e4823cfe8ff138fafd0bd7843db84faaa8b3a13ca6443
GCA	GCA_900051445.1	GCA/ncbi_dataset/data/GCA_900051445.1/genomic.gbff	4673516	1ab29374cf159107e2dcc0192ca03fedc3bea0e7ca59e1cf7045424fcec74122
GCA	GCA_900051445.1	GCA/ncbi_dataset/data/GCA_900051445.1/genomic.gff	840740	3cb5a22c59d446115224c240e26dadc80f89fa282a2f3f8771d05cdda7813590
GCA	GCA_900051445.1	GCA/ncbi_dataset/data/GCA_900051445.1/sequence_report.jsonl	10397	f9681bd8906c9e56e723059727f4dc638293b2a21c7fff1b887e798ee1278aa7
GCA	GCA_900051455.1	GCA/ncbi_dataset/data/GCA_900051455.1/GCA_900051455.1_13414_2_53_genomic.fna	2000579	6e16ba385b8110e3475f03f3e6ee685f6ecf393892e224ae9927236ecac2ca3f
GCA	GCA_900051455.1	GCA/ncbi_dataset/data/GCA_900051455.1/genomic.gbff	4502746	fa63d3e229584495842afdf2b1780a467a462c88511edc6b5377625568fd2345
GCA	GCA_900051455.1	GCA/ncbi_dataset/data/GCA_900051455.1/genomic.gff	925917	2f0ee95ad71d0f99804fbb6eb500271f14d2cf644146c68433248929ba8365f2
GCA	GCA_900051455.1	GCA/ncbi_dataset/data/GCA_900051455.1/sequence_report.jsonl	8564	5aa036ec14884825157d2aa6db0ffdfa391db6d8b6b224acea3c1453409fd5b9
GCA	GCA_900051465.1	GCA/ncbi_dataset/data/GCA_900051465.1/GCA_900051465.1_14673_1_86_genomic.fna	2047471	2224cbafb3a29d7237cbfe3cef22cd88cc067330b8ee07ac34dfd3bdf404e8fb
GCA	GCA_900051465.1	GCA/ncbi_dataset/data/GCA_900051465.1/genomic.gbff	4599224	e715f5ff5c8499f6f337cb750cfe0ca7bc461d7ad51f5693ddd7d83e804a3b28
GCA	GCA_900051465.1	GCA/ncbi_dataset/data/GCA_900051465.1/genomic.gff	825930	a9c7b7145e0423c27b4a6b8bd472a2810b59ce8c2e74ce5de723db58f0d4fd23
GCA	GCA_900051465.1	GCA/ncbi_dataset/data/GCA_900051465.1/sequence_report.jsonl	10400	eeb60c603b1c4f39d0addd03f63741f3a410c71c39b826f04c0a013f02e7af75
GCA	GCA_900051475.1	GCA/ncbi_dataset/data/GCA_900051475.1/GCA_900051475.1_14673_4_44_genomic.fna	2145465	9f8de0707f6a3f014c15dcb4e203074ab32ea74462460078c6a1dbdbe3544224
GCA	GCA_900051475.1	GCA/ncbi_dataset/data/GCA_900051475.1/genomic.gbff	4836272	4d4a40312466dd05b9f4fc28cdc2565da708a8dfce810b546272f588298b9ff0
GCA	GCA_900051475.1	GCA/ncbi_dataset/data/GCA_900051475.1/genomic.gff	873466	78fc73e2d873998a2ef33085852d684f843b16ca8ea33cf636d945965d53d2ff
GCA	GCA_900051475.1	GCA/ncbi_dataset/data/GCA_900051475.1/sequence_report.jsonl	11007	b97859dcef95af885557222060ffb496aaed26479c0afc537dbfbb8a0cc94531
GCA	GCA_900051825.1	GCA/ncbi_dataset/data/GCA_900051825.1/GCA_900051825.1_12291_4_26_genomic.fna	2022650	6a99bf88622b7ded2747a0250331957f285750971a3cb6389cb6de3391e1f2de
GCA	GCA_900051825.1	GCA/ncbi_dataset/data/GCA_900051825.1/genomic.gbff	4554212	081760e477580ca0dba383fe2c4ecb13cf2fa63ae42f837e807da5018138a41b
GCA	GCA_900051825.1	GCA/ncbi_dataset/data/GCA_900051825.1/genomic.gff	811692	2087b2ef780b140223c17c75fbc9b95b626d7f8e9d78943799ed366d5aeb230e
GCA	GCA_900051825.1	GCA/ncbi_dataset/data/GCA_900051825.1/sequence_report.jsonl	15892	59c9c95b60868e134c38983785cc5c9a357b4491582058b7528bd1211253017c
GCA	GCA_900051835.1	GCA/ncbi_dataset/data/GCA_900051835.1/GCA_900051835.1_13414_1_69_genomic.fna	2131491	d03dc4a9004ebffa1ae1eca6dafe16b6c449f3574ac87cb2a08279232ecf74b8
GCA	GCA_900051835.1	GCA/ncbi_dataset/data/GCA_900051835.1/genomic.gbff	4807519	fb8b6e8e26c1f1970e71d1597a6fdb99bbabcbb52025c10cb32b2b7053425d18
GCA	GCA_900051835.1	GCA/ncbi_dataset/data/GCA_900051835.1/genomic.gff	872967	783d8ffde0932edd962e5c86fab600403d22c5c647c4fdd7694f374a92762bc1
GCA	GCA_900051835.1	GCA/ncbi_dataset/data/GCA_900051835.1/sequence_report.jsonl	10706	832409228ce576938b4a4fad8fb004917278aab5be3a2b20d53bebf050c920ef
GCA	GCA_900051845.1	GCA/ncbi_dataset/data/GCA_900051845.1/GCA_900051845.1_13414_3_10_genomic.fna	2103361	0116b1d7f5f4bc0247b094f7a2153dfaebdf46d467f9d6123cc69f37f7f6f07e
GCA	GCA_900051845.1	GCA/ncbi_dataset/data/GCA_900051845.1/genomic.gbff	4732005	33d8317edf4fd2fd8935bff9819ad8ce40d39b58af0b672dfe3760e3d78d13d9
GCA	GCA_900051845.1	GCA/ncbi_dataset/data/GCA_900051845.1/genomic.gff	854434	0112c12262416b5237d075d86898e47aeb905f940e757b66e781361a47655739
GCA	GCA_900051845.1	GCA/ncbi_dataset/data/GCA_900051845.1/sequence_report.jsonl	7647	cddba82de0a7df66c492e75c918c89706ea161c4e0c954bdfb1fa6cac379c971
GCA	GCA_900052135.1	GCA/ncbi_dataset/data/GCA_900052135.1/GCA_900052135.1_12291_4_84_genomic.fna	2024983	62019769eee31f23eeaab6adf2858dd1b5a4f1b792be00354ff473837c66db9c
GCA	GCA_900052135.1	GCA/ncbi_dataset/data/GCA_900052135.1/genomic.gbff	4559565	8827a4b13f79bc103f9cb65ab13fee79ec646a33a09bdb74834236e75c5f2a74
GCA	GCA_900052135.1	GCA/ncbi_dataset/data/GCA_900052135.1/genomic.gff	814151	68b3ec8b4fcea9049dc34a8397b9299d7d1933a921451a3f80fb094a0d439245
GCA	GCA_900052135.1	GCA/ncbi_dataset/data/GCA_900052135.1/sequence_report.jsonl	13148	fc18b7fc2e12e9580530583258370a0622c6d2c2063e86de3bf2aead98f0404d
GCA	GCA_900052145.1	GCA/ncbi_dataset/data/GCA_900052145.1/GCA_900052145.1_13091_6_91_genomic.fna	2208834	0f07f870b7f354e0caa622c749c282788fb18a5f029bd5f5904ff3595a3a613b
GCA	GCA_900052145.1	GCA/ncbi_dataset/data/GCA_900052145.1/genomic.gbff	5063327	3de3bee6f1976070508d97c2b029c6d62c4c2abc640757020b6390abeefffd52
GCA	GCA_900052145.1	GCA/ncbi_dataset/data/GCA_900052145.1/genomic.gff	1048530	4a3f06b6908a08ecf448f8561fb0d06af2bb3d2ebbf850999e046998255780e4
GCA	GCA_900052145.1	GCA/ncbi_dataset/data/GCA_900052145.1/sequence_report.jsonl	62415	865152d8c7c05fa5977b1f110ea03f9da0ff5f5b024e5db92b464c76fe0c6894
GCA	GCA_900052165.1	GCA/ncbi_dataset/data/GCA_900052165.1/GCA_900052165.1_13414_2_1_genomic.fna	2087830	468f4fd09037ea4ff1c259e5b405d02a446cf1ff9fabc0dc7a37a53b83a01b68
GCA	GCA_900052165.1	GCA/ncbi_dataset/data/GCA_900052165.1/genomic.gbff	4701353	170cdf326f52329535942c083646fe7aacf6df8f9b28fe0dc046598e075b7259
GCA	GCA_900052165.1	GCA/ncbi_dataset/data/GCA_900052165.1/genomic.gff	844128	e372a114aa7bcbdc1c6593ceb58b5ba58bfec32a5ca4823d79ace651d7dc2b3b
GCA	GCA_900052165.1	GCA/ncbi_dataset/data/GCA_900052165.1/sequence_report.jsonl	11933	c3e322b7d1424151f80f0f7f45e978b4e69132e577495a27c6065679b5641c71
GCA	GCA_900052175.1	GCA/ncbi_dataset/data/GCA_900052175.1/GCA_900052175.1_13414_3_18_genomic.fna	2211168	6dfe8377f4bf4191712ba643247572b792614c72615bbf06308e64602fc34aff
GCA	GCA_900052175.1	GCA/ncbi_dataset/data/GCA_900052175.1/genomic.gbff	5009592	be665efd9fe0bb565831e820a73f531830c8ff03dbeff7163f8d0e55b86e9a2a
GCA	GCA_900052175.1	GCA/ncbi_dataset/data/GCA_900052175.1/genomic.gff	916030	7b4504066ab133f39ff47a7ee479cac38cfd64599d31acd713154b98ae60ef09
GCA	GCA_900052175.1	GCA/ncbi_dataset/data/GCA_900052175.1/sequence_report.jsonl	14971	894393a97b8f031bacd593189865f5250cea754c426bb7e7d5298a87cad45657
GCA	GCA_900052385.1	GCA/ncbi_dataset/data/GCA_900052385.1/GCA_900052385.1_11658_2_72_genomic.fna	2119781	015b087dcd8fe6cb15c0b5487b94127286b5419add172873cb6cd1c09b55f0de
GCA	GCA_900052385.1	GCA/ncbi_dataset/data/GCA_900052385.1/genomic.gbff	4772680	c6d21f4abe4055c55006515a8b181013d201cfc083505a5ab30278439800af5f
GCA	GCA_900052385.1	GCA/ncbi_dataset/data/GCA_900052385.1/genomic.gff	864285	dd24f436f48389659725d1ebd83f531e9c8e218a5a4f6a624763f6ee232a91a9
GCA	GCA_900052385.1	GCA/ncbi_dataset/data/GCA_900052385.1/sequence_report.jsonl	13145	6416215bd7128815b1e87b9d20b9afabea1d6a24a73986999f4347245ce25aa0
GCA	GCA_900052395.1	GCA/ncbi_dataset/data/GCA_900052395.1/GCA_900052395.1_11511_8_45_genomic.fna	2332074	adbfc698a7328cf22c031c5b5bb5b0031b09784fb132f666c31cb4f75aa192c5
GCA	GCA_900052395.1	GCA/ncbi_dataset/data/GCA_900052395.1/genomic.gbff	5427951	16fa634e2e53f189cd403008e5ce687251227e916ada70e0aec758cf05797f43
GCA	GCA_900052395.1	GCA/ncbi_dataset/data/GCA_900052395.1/genomic.gff	1123795	5fe44304ac05e11c780f10d707642de98954c97de48b9c87cf9d391798c37cd1
GCA	GCA_900052395.1	GCA/ncbi_dataset/data/GCA_900052395.1/sequence_report.jsonl	104996	758f676f6c00e9e71acda8265ec5614e95adbb68cb7a8dd18b1a80e77bfeab86
GCA	GCA_900052405.1	GCA/ncbi_dataset/data/GCA_900052405.1/GCA_900052405.1_12291_4_18_genomic.fna	2166949	5ea9184f2d24b69cb8f9e97c417535b547dbb985686e0e0b19d046e150c20ad3
GCA	GCA_900052405.1	GCA/ncbi_dataset/data/GCA_900052405.1/genomic.gbff	4885155	315a47d806cf847c633ceecfeff367d96d66524ef1760184e00a61f9b38b8ab0
GCA	GCA_900052405.1	GCA/ncbi_dataset/data/GCA_900052405.1/genomic.gff	884838	8bf1a055f424a3c3b4118b534c33d8a9396573c813c09bf9070b98fae2fbfec1
GCA	GCA_900052405.1	GCA/ncbi_dataset/data/GCA_900052405.1/sequence_report.jsonl	10394	647ca5a52a667cf34eea6fb2ed255692ead4f5a3debf4657dab3cbbe39f86cf9
GCA	GCA_900052415.1	GCA/ncbi_dataset/data/GCA_900052415.1/GCA_900052415.1_13154_3_51_genomic.fna	2021806	9c471f948b6ceb6f3f0bed0276ff8a4e68e27e0413ce8ee3df77029b7bc053eb
GCA	GCA_900052415.1	GCA/ncbi_dataset/data/GCA_900052415.1/genomic.gbff	4554406	dc2aeed29896b6227813959704fa9865eb68367e9580a3f67279e783fcaf3bc4
GCA	GCA_900052415.1	GCA/ncbi_dataset/data/GCA_900052415.1/genomic.gff	815679	dfa5fe5e1b6490a7c8c9fa5ee869b524e411fa8897f2c06e6cdf300b83f32296
GCA	GCA_900052415.1	GCA/ncbi_dataset/data/GCA_900052415.1/sequence_report.jsonl	14369	239fa5b7b82e5da1e20fab8f3b7fabec04f0ca060c52f240239faa0e0f93d121
GCA	GCA_900052425.1	GCA/ncbi_dataset/data/GCA_900052425.1/GCA_900052425.1_13154_3_89_genomic.fna	2258550	cb037ba2e92c64cb12ef1ab2b5471b72d6c550e582725f8232a735b30846899b
GCA	GCA_900052425.1	GCA/ncbi_dataset/data/GCA_900052425.1/genomic.gbff	5192870	45f817efef849a618471f6704ea9c413df84cec159b7ec4c0395ae8fa0424ec6
GCA	GCA_900052425.1	GCA/ncbi_dataset/data/GCA_900052425.1/genomic.gff	1070976	1178634e55a0c31befad7e9fc27afa5149fc947a450565e9adbd62d37b6ddcea
GCA	GCA_900052425.1	GCA/ncbi_dataset/data/GCA_900052425.1/sequence_report.jsonl	76716	2c46f300148bc0a3e903e7de92025a43173c855da2ae76798eedc85bfa7d342f
GCA	GCA_900052435.1	GCA/ncbi_dataset/data/GCA_900052435.1/GCA_900052435.1_13414_1_65_genomic.fna	2145681	016093f0f47893254a7ff99240711356e49e74fd804a16303cfaf50b304d1eda
GCA	GCA_900052435.1	GCA/ncbi_dataset/data/GCA_900052435.1/genomic.gbff	4851850	7f007a2d35cae24608569ab631ff18d71cf978f53ab310408c22f82d9b3e086f
GCA	GCA_900052435.1	GCA/ncbi_dataset/data/GCA_900052435.1/genomic.gff	870288	608c2277565c7fad4b55e995a65280ff67b0a64b70d51f792582ecdc95fbfc3c
GCA	GCA_900052435.1	GCA/ncbi_dataset/data/GCA_900052435.1/sequence_report.jsonl	21083	351dab1aed4c4d07bb2899a67c30853b2c5f948f01b6703f6b801de9de0483e6
GCA	GCA_900052445.1	GCA/ncbi_dataset/data/GCA_900052445.1/GCA_900052445.1_13414_1_78_genomic.fna	2091282	2d0caf69c67b6e94918f06e3d6da599c00ea8284f3533b9436af922cd2adb959
GCA	GCA_900052445.1	GCA/ncbi_dataset/data/GCA_900052445.1/genomic.gbff	4700871	464d43ffc7c39610efccc5437973fa0c28ff56f2e59e5b0cb0882922a614b3d1
GCA	GCA_900052445.1	GCA/ncbi_dataset/data/GCA_900052445.1/genomic.gff	845805	64d42c454b12de63b434e8790707e9d826da07e3e8ca9886a248aca6855766f3
GCA	GCA_900052445.1	GCA/ncbi_dataset/data/GCA_900052445.1/sequence_report.jsonl	10707	5d9c210f8234fe807a671275e48b2c5663f77e3eeaa6d3c5196a62a7824e9594
GCA	GCA_900052455.1	GCA/ncbi_dataset/data/GCA_900052455.1/GCA_900052455.1_13414_2_83_genomic.fna	2111541	50c7ec6a9ad46575112ba8d22fd56e28ee316f95b69e41b264d9f64304f5dc50
GCA	GCA_900052455.1	GCA/ncbi_dataset/data/GCA_900052455.1/genomic.gbff	4749481	67dd8c2aa6844ba24f179c22b497b462f87b2f8cd59dad687505f682b64cdc2b
GCA	GCA_900052455.1	GCA/ncbi_dataset/data/GCA_900052455.1/genomic.gff	855962	a576e25754b00bb4a61d2750f373f45168d73bb904249240a7e7dc6355d5f5f3
GCA	GCA_900052455.1	GCA/ncbi_dataset/data/GCA_900052455.1/sequence_report.jsonl	10401	4c929b13b8904e9fe0be41a446efd711c206bec4435489677e88026f305eb3a9
GCA	GCA_900052465.1	GCA/ncbi_dataset/data/GCA_900052465.1/GCA_900052465.1_13414_2_90_genomic.fna	2023094	4f00d6266bad728f9a6c96db833b6581b8ba75274d518137c3b5e827a01f7b52
GCA	GCA_900052465.1	GCA/ncbi_dataset/data/GCA_900052465.1/genomic.gbff	4551809	930a383b28f04e529f61226c58d6c6de2bf6cd66b534a93c3a0734088f69299f
GCA	GCA_900052465.1	GCA/ncbi_dataset/data/GCA_900052465.1/genomic.gff	814621	3c3544faec2b89a3e80f88717c47ba71b18730d7ed9bcfe6cb35865180685426
GCA	GCA_900052465.1	GCA/ncbi_dataset/data/GCA_900052465.1/sequence_report.jsonl	12839	72a96845cc1b0dc98c3f7848315b4e6ebcd3d1c42210dee700ba7296a4b229ed
GCA	GCA_900052475.1	GCA/ncbi_dataset/data/GCA_900052475.1/GCA_900052475.1_14673_4_19_genomic.fna	2077648	3aecb86ff2b3e6c8a2c17a09e4100f07b3235f9f40b1bfc2c58c9ac5e462f0f4
GCA	GCA_900052475.1	GCA/ncbi_dataset/data/GCA_900052475.1/genomic.gbff	4667749	138be2710b178ddf8c2d2c379651c6249936f0bdcbc1eb9311876476c07ea393
GCA	GCA_900052475.1	GCA/ncbi_dataset/data/GCA_900052475.1/genomic.gff	840476	6a29668c9828989a913ff8e4ab1d29941f3e5a8652752041332942e96c6d8d9e
GCA	GCA_900052475.1	GCA/ncbi_dataset/data/GCA_900052475.1/sequence_report.jsonl	12456	72eecc6db4422ccd563bd71d98c9546d336a9819da3806faa16712a63fc8237b
GCA	GCA_900052485.1	GCA/ncbi_dataset/data/GCA_900052485.1/GCA_900052485.1_14673_4_21_genomic.fna	2073444	f44e262391627c2a283dc8417d9c1162c212aac43f58948ad56c450d693349d4
GCA	GCA_900052485.1	GCA/ncbi_dataset/data/GCA_900052485.1/genomic.gbff	4646397	b7d9d5065b2e300c876cb88c86532c15d9530e63b7f6b8598a55eb21d2cdc8df
GCA	GCA_900052485.1	GCA/ncbi_dataset/data/GCA_900052485.1/genomic.gff	822906	d0dde0092dbfbe48a11705f28fba1ced10793ab0110de79e1deb094f07b1f9e4
GCA	GCA_900052485.1	GCA/ncbi_dataset/data/GCA_900052485.1/sequence_report.jsonl	13142	413450a003465f143a5783768a2c4df24e858ba63122f33a22304be457f313b2
GCA	GCA_900052685.1	GCA/ncbi_dataset/data/GCA_900052685.1/GCA_900052685.1_11511_8_48_genomic.fna	2050992	a748f27e4844b249abf081446ab0b1f95e617fffc8134ebe9e2c71b6d631a419
GCA	GCA_900052685.1	GCA/ncbi_dataset/data/GCA_900052685.1/genomic.gbff	4613282	40355eaba0c06804fb19bc9979d5f7605d88f14ca0ebdd911aec4b65ba18f9af
GCA	GCA_900052685.1	GCA/ncbi_dataset/data/GCA_900052685.1/genomic.gff	827723	9caa8e9794213d342c2af70669f7135ed8fd4a556021e5193ce911932482e3ab
GCA	GCA_900052685.1	GCA/ncbi_dataset/data/GCA_900052685.1/sequence_report.jsonl	10020	889741cc448a569ab046a173cd00e5d2089cf3286aad1b0414ae0aa8b85baea0
GCA	GCA_900052695.1	GCA/ncbi_dataset/data/GCA_900052695.1/GCA_900052695.1_11657_4_50_genomic.fna	2023484	4fc1057574a93e04d00baa8f50a1561a1b2173520169b0b2c03f75dbabc7d134
GCA	GCA_900052695.1	GCA/ncbi_dataset/data/GCA_900052695.1/genomic.gbff	4547583	2c946f4c190f1a79c59f3477e5a50f6b96d81c3ab3ff5927ad43719efc8cc430
GCA	GCA_900052695.1	GCA/ncbi_dataset/data/GCA_900052695.1/genomic.gff	932467	8cc48edb9972493600dea9f0e05bc3e85af5c740a609bbfc80ef4bfabd42d1b8
GCA	GCA_900052695.1	GCA/ncbi_dataset/data/GCA_900052695.1/sequence_report.jsonl	13754	dd3716d11ae3d0ff9c63e9392c460dbc4171f06b25589d418218dbd5d805b7dd
GCA	GCA_900052705.1	GCA/ncbi_dataset/data/GCA_900052705.1/GCA_900052705.1_11511_8_53_genomic.fna	2172749	c5b23c2c97a8e02a806b35595b7e52fcb742bf39e69d673d64cf559ed5d5ff27
GCA	GCA_900052705.1	GCA/ncbi_dataset/data/GCA_900052705.1/genomic.gbff	4870234	9cb26af5ce3925e9eff920110405c58ba535c2031ed23d13051ab12b8adfd6e1
GCA	GCA_900052705.1	GCA/ncbi_dataset/data/GCA_900052705.1/genomic.gff	873784	50bf81ebb6207f2c5d6c5b80cb059afeb79582973354c32575bc2f5e3de8988d
GCA	GCA_900052705.1	GCA/ncbi_dataset/data/GCA_900052705.1/sequence_report.jsonl	11619	2f6d4ec44f3a770a97d9c995b7aaac775ba8bd3c846ffb1383b5a7244b287ee4
GCA	GCA_900052715.1	GCA/ncbi_dataset/data/GCA_900052715.1/GCA_900052715.1_11657_4_51_genomic.fna	2014498	4fa9a29b013d8f9a854fd6fa8190f328b4bdf0ee0b2200a534fc45dec13635bb
GCA	GCA_900052715.1	GCA/ncbi_dataset/data/GCA_900052715.1/genomic.gbff	4524955	3fd57d990f8b06e1c07f3b62195e0e1f9b35c654f624aaebda19e3533985827b
GCA	GCA_900052715.1	GCA/ncbi_dataset/data/GCA_900052715.1/genomic.gff	928559	58972d012a4142d20acbc254de077ac0ae0e04ce6f4bc922675782662a113ed6
GCA	GCA_900052715.1	GCA/ncbi_dataset/data/GCA_900052715.1/sequence_report.jsonl	8252	1f91d07c76799b753a25099da3cbe988a8b0429f70b2c8fcba8862a97873159d
GCA	GCA_900052725.1	GCA/ncbi_dataset/data/GCA_900052725.1/GCA_900052725.1_11679_1_52_genomic.fna	2213178	5277ddb9b4d768b3334e5c7ccb2d12f0a4d149a5cc2d687ae54c7c833a40b06f
GCA	GCA_900052725.1	GCA/ncbi_dataset/data/GCA_900052725.1/genomic.gbff	4987102	fee70452138f2c2fb6e5ac8a2724bd57cf87e19ffd03955c2d5e8a7edf7917fe
GCA	GCA_900052725.1	GCA/ncbi_dataset/data/GCA_900052725.1/genomic.gff	902543	66ae3627ff4f625ba63f09749e4f71ed8b305fffe60e02fd9aada37d0e0a67f9
GCA	GCA_900052725.1	GCA/ncbi_dataset/data/GCA_900052725.1/sequence_report.jsonl	16493	64e8aa19102e5922bb3123e9c06c3798a6a9eeb26d0881ba838aa270e02faa9f
GCA	GCA_900052735.1	GCA/ncbi_dataset/data/GCA_900052735.1/GCA_900052735.1_11658_2_54_genomic.fna	2075208	81c08344e1e4a517ef98442713b56cbbad791cf736246f22daee1e8b003482eb
GCA	GCA_900052735.1	GCA/ncbi_dataset/data/GCA_900052735.1/genomic.gbff	4661696	d15683f009d6171a4902cb3678bb9aa58e73f4a9ef3ed3a9c4c29624dad04028
GCA	GCA_900052735.1	GCA/ncbi_dataset/data/GCA_900052735.1/genomic.gff	835518	b775dac0eeb9137c7da535e908ddc9bb0dee0d359e3bfcd07f8ba93baa236d57
GCA	GCA_900052735.1	GCA/ncbi_dataset/data/GCA_900052735.1/sequence_report.jsonl	11010	4c9cceddbfad13be0e69589499433aa1bed195db455736b81889900a332bcd49
GCA	GCA_900052745.1	GCA/ncbi_dataset/data/GCA_900052745.1/GCA_900052745.1_13154_3_7_genomic.fna	2083820	ab6e336005a224d2fda26e1ddfc9892cfa978996957a68c8cfaa2c7d1caab077
GCA	GCA_900052745.1	GCA/ncbi_dataset/data/GCA_900052745.1/genomic.gbff	4671602	874b63df464b2ae74d31b65df76e641f83ce959a33f5a526d52640b32f7801d3
GCA	GCA_900052745.1	GCA/ncbi_dataset/data/GCA_900052745.1/genomic.gff	954868	77f17abdb24291d0f73243d7ba683847bec29d97828fcad593cd4e8eb1795824
GCA	GCA_900052745.1	GCA/ncbi_dataset/data/GCA_900052745.1/sequence_report.jsonl	10092	ace7a1ac40e4f17b84c59e5918769daf3d551e682e644684c3e500fef25f506a
GCA	GCA_900052755.1	GCA/ncbi_dataset/data/GCA_900052755.1/GCA_900052755.1_13414_2_2_genomic.fna	2076962	8fe504fffdfb75d4254af4872ba1ec950ca5267dc2256bc77feb6e5eb63f8ecc
GCA	GCA_900052755.1	GCA/ncbi_dataset/data/GCA_900052755.1/genomic.gbff	4661629	a6516bf5ce2fbc66c5fdf5b54a421d2e91f22702a9e625e1a2ea2cce29d22ef1
GCA	GCA_900052755.1	GCA/ncbi_dataset/data/GCA_900052755.1/genomic.gff	840234	c153213a61f3bc558b9e3d4d62f9b5aa77dbbacad164b3938e863a45ed0b3e47
GCA	GCA_900052755.1	GCA/ncbi_dataset/data/GCA_900052755.1/sequence_report.jsonl	4860	2c6595e1a989ddfe7f1bd25ff0b1292d905de66471fdc5cf49cb549fd2edf54e
GCA	GCA_900052765.1	GCA/ncbi_dataset/data/GCA_900052765.1/GCA_900052765.1_14673_1_10_genomic.fna	2131225	ed18b8491436fcd040219a6a3975b9057998dce29ac95599ed0571b010a8e814
GCA	GCA_900052765.1	GCA/ncbi_dataset/data/GCA_900052765.1/genomic.gbff	4801249	0c5fe032ad0f099e5d563c88f3075bebe2848432b47e37d5619d46cbb5eb2c43
GCA	GCA_900052765.1	GCA/ncbi_dataset/data/GCA_900052765.1/genomic.gff	867837	9d8f0d84cef94acb82142aa725a591d075a161d15b4a202bf8883641c70d40a4
GCA	GCA_900052765.1	GCA/ncbi_dataset/data/GCA_900052765.1/sequence_report.jsonl	12235	df9ccaf3c2a6144b7a75ca2e9b053309e8be81ac7a971ccf1771485b4b97d71f
GCA	GCA_900052775.1	GCA/ncbi_dataset/data/GCA_900052775.1/GCA_900052775.1_14673_4_43_genomic.fna	2021339	859ac6185178022dbf8d56efa415d207b1798e53106507a21517cfe686b562bd
GCA	GCA_900052775.1	GCA/ncbi_dataset/data/GCA_900052775.1/genomic.gbff	4548759	fb3d78925d4e6d0f2f28c68945f0a31572ba7eddc8d1286c27170ca3ad11ca84
GCA	GCA_900052775.1	GCA/ncbi_dataset/data/GCA_900052775.1/genomic.gff	812549	09621f0573dd05c8902cd2adcb26ae339b21e54f425a5545ea39c67979fa6750
GCA	GCA_900052775.1	GCA/ncbi_dataset/data/GCA_900052775.1/sequence_report.jsonl	15592	e58f948ec0513a29425411e518eed679512ac3fc089de01f09bdb04622e904f2
GCA	GCA_900052965.1	GCA/ncbi_dataset/data/GCA_900052965.1/GCA_900052965.1_12291_4_57_genomic.fna	2170818	723c49bd6d2e0a3152970a6e3060622e8db67eb541dfa1e75d28d99c70e8a73b
GCA	GCA_900052965.1	GCA/ncbi_dataset/data/GCA_900052965.1/genomic.gbff	4904217	e031b08e1b5e05e2260ba7881ac7370669869349ea32c01df6177578fe829c77
GCA	GCA_900052965.1	GCA/ncbi_dataset/data/GCA_900052965.1/genomic.gff	885639	d3922ba02c2741a7d946704cb3ceceae77568fbc41a2cbc332b5afdd2078c14d
GCA	GCA_900052965.1	GCA/ncbi_dataset/data/GCA_900052965.1/sequence_report.jsonl	17413	f25ab0189845857426226f176d33ec0aa386b6565667f153ad9ca72d003d8e0f
GCA	GCA_900052975.1	GCA/ncbi_dataset/data/GCA_900052975.1/GCA_900052975.1_12291_4_58_genomic.fna	2082102	5c47f3cb5cf78be8e5250c7a01c655d4487178d7ed82c5106f40bb99000ddf8e
GCA	GCA_900052975.1	GCA/ncbi_dataset/data/GCA_900052975.1/genomic.gbff	4682533	3c43085394cc1d1628d51b6681b77d04a1f902ffc2942aa7c9fcac9066a8195f
GCA	GCA_900052975.1	GCA/ncbi_dataset/data/GCA_900052975.1/genomic.gff	841710	bf35093dbf574b0cd207ce0c7ba144a03f2c8d23f0cb12ce3c8260262b1e0db2
GCA	GCA_900052975.1	GCA/ncbi_dataset/data/GCA_900052975.1/sequence_report.jsonl	11923	b4c656329acda731bafb26fbabdb0449258118efdc81bb568d06e2001164a770
GCA	GCA_900052985.1	GCA/ncbi_dataset/data/GCA_900052985.1/GCA_900052985.1_12291_5_53_genomic.fna	2022232	3fa5c91bb380212a7b318e0cdaa4a84ebcb039f64995282c324119958de548d4
GCA	GCA_900052985.1	GCA/ncbi_dataset/data/GCA_900052985.1/genomic.gbff	4546983	faea44f2aa06b55c7ad65adc755d971eb19715a04705619dfc3ef5b0282bea6e
GCA	GCA_900052985.1	GCA/ncbi_dataset/data/GCA_900052985.1/genomic.gff	812137	928fd657694302ea94a266f5008cb21a5a53159d971653f54ef211ecb7ee48ab
GCA	GCA_900052985.1	GCA/ncbi_dataset/data/GCA_900052985.1/sequence_report.jsonl	13454	1cfefb149f7f9bb3dde14591aab933e125aff281a0252d1f9a6ac2c3ba87022b
GCA	GCA_900052995.1	GCA/ncbi_dataset/data/GCA_900052995.1/GCA_900052995.1_13154_3_36_genomic.fna	2097506	03e793a033ba5c968244b396c049d8fff89a70c90646b69d6811b4f9f3edbd40
GCA	GCA_900052995.1	GCA/ncbi_dataset/data/GCA_900052995.1/genomic.gbff	4735659	e44cbc3643a666142cacb321fe9fb5501c8d6141ffe06d624fdbdfcf48f83731
GCA	GCA_900052995.1	GCA/ncbi_dataset/data/GCA_900052995.1/genomic.gff	980720	47b3a11a24bdf0c973127d61dc9d7b161ed21e2cbc07cab56d04b0c747ba68e9
GCA	GCA_900052995.1	GCA/ncbi_dataset/data/GCA_900052995.1/sequence_report.jsonl	20435	b2fce0b06677d811da6023b261976743516d6269872626f77fb96ba970c70a3e
GCA	GCA_900053005.1	GCA/ncbi_dataset/data/GCA_900053005.1/GCA_900053005.1_13154_3_43_genomic.fna	2119914	b87521a7b873eefe004745ce50175031ed10a7b7980beadfff43f39ae332aeb3
GCA	GCA_900053005.1	GCA/ncbi_dataset/data/GCA_900053005.1/genomic.gbff	4782410	07673f1f8b18ed29f466cc90410beaf66f410286676636778e4fbfb07e966d8b
GCA	GCA_900053005.1	GCA/ncbi_dataset/data/GCA_900053005.1/genomic.gff	865830	ca3e87bae1b32b1ccecd1134d1d2e570f15af696f3fcc85c5c1b837591795350
GCA	GCA_900053005.1	GCA/ncbi_dataset/data/GCA_900053005.1/sequence_report.jsonl	12533	5b2fdb72b57de7418f4342f6f1cbeeefd4b0a48f861ea40f6d9973b79df4762b
GCA	GCA_900053015.1	GCA/ncbi_dataset/data/GCA_900053015.1/GCA_900053015.1_13154_3_44_genomic.fna	2077585	e2e473e88560176004905e40a79d2a90bfb86fb60e9f7de02856e839f9bdc6e5
GCA	GCA_900053015.1	GCA/ncbi_dataset/data/GCA_900053015.1/genomic.gbff	4668267	4316a787835743baaea45039ab0982af4354209c4d936cf67c8d04643b63064c
GCA	GCA_900053015.1	GCA/ncbi_dataset/data/GCA_900053015.1/genomic.gff	838993	ac10d403215b77e081a2bb0373d08e67748ca5a84943954cf53cda87e77ce6bb
GCA	GCA_900053015.1	GCA/ncbi_dataset/data/GCA_900053015.1/sequence_report.jsonl	12529	935e20514545f3c4f14be052c14e3695fa36e104cfd3aeaff9672e0bf81b1f92
GCA	GCA_900053025.1	GCA/ncbi_dataset/data/GCA_900053025.1/GCA_900053025.1_13154_3_84_genomic.fna	2094715	c3796eb3107ec25a39093c4df5a60c8b50e41200175527872e8c9da2372ed84f
GCA	GCA_900053025.1	GCA/ncbi_dataset/data/GCA_900053025.1/genomic.gbff	4697596	c38da9dd863d47ef508e29f58328641c18b9d4cfdf4d1581b09dafda78864d6d
GCA	GCA_900053025.1	GCA/ncbi_dataset/data/GCA_900053025.1/genomic.gff	969304	1503eeb625f078da10fe19e234ad69f9a9b0eed3c7a072b5a0c56ad0eb654848
GCA	GCA_900053025.1	GCA/ncbi_dataset/data/GCA_900053025.1/sequence_report.jsonl	6730	ce31eb71c1c1b1df9fc692b07635d8137362a5e5ba92d9457eba3a35b05924c4
GCA	GCA_900053035.1	GCA/ncbi_dataset/data/GCA_900053035.1/GCA_900053035.1_13414_2_44_genomic.fna	2123752	e0e9d578b0fe873088bac2419d9520c05673e8643bd565e5fa95aa6b449c6674
GCA	GCA_900053035.1	GCA/ncbi_dataset/data/GCA_900053035.1/genomic.gbff	4760967	b0f9f14046b2b7143b1f86ecabe01a5dc5c7e97b151409ff2b863dea20a0dd47
GCA	GCA_900053035.1	GCA/ncbi_dataset/data/GCA_900053035.1/genomic.gff	858714	fb8076805296d65494b2a0b68aecd88369915ba7e2f06c3275264bdea1545f76
GCA	GCA_900053035.1	GCA/ncbi_dataset/data/GCA_900053035.1/sequence_report.jsonl	7039	8f919dff2e9c018b10a7f784ab0d06d64047011ddf799d2bc755a84551e532fa
GCA	GCA_900053045.1	GCA/ncbi_dataset/data/GCA_900053045.1/GCA_900053045.1_13414_2_46_genomic.fna	2148222	4d31603914e44a04fcb8f45321156299f60fcb26a472cf1f8aa63765d91128de
GCA	GCA_900053045.1	GCA/ncbi_dataset/data/GCA_900053045.1/genomic.gbff	4829773	8ef4cd4ec941865d785625690abe207282c479def2056dfb7662bf65e773de1a
GCA	GCA_900053045.1	GCA/ncbi_dataset/data/GCA_900053045.1/genomic.gff	866164	4ab7d7806acb81687cde351f45bd1527ae9d884a8ebb3870490ef51d4df51558
GCA	GCA_900053045.1	GCA/ncbi_dataset/data/GCA_900053045.1/sequence_report.jsonl	11320	88173e0fe2a04736e87273126386ed892354a0b42d14d72f911c131cd61b5501
GCA	GCA_900053055.1	GCA/ncbi_dataset/data/GCA_900053055.1/GCA_900053055.1_13414_2_51_genomic.fna	2074768	cfc6ff5fcd75b175c34127c4d176018ca633b07463c86c1b05fb7c907af12325
GCA	GCA_900053055.1	GCA/ncbi_dataset/data/GCA_900053055.1/genomic.gbff	4662929	c79a55febfad7cb15f08d3dfaefd760ca85f4fee3e0050ca1bf4e6754a739325
GCA	GCA_900053055.1	GCA/ncbi_dataset/data/GCA_900053055.1/genomic.gff	838163	acda7d214967a65a122dfa64deea898226b93ef22d6c1c8a7fa777111b3fcb10
GCA	GCA_900053055.1	GCA/ncbi_dataset/data/GCA_900053055.1/sequence_report.jsonl	10098	1ba4f5dbeb346bef3ab840a1e524da6e0ca164b930bb7978dbfbfa7b11ae4334
GCA	GCA_900053065.1	GCA/ncbi_dataset/data/GCA_900053065.1/GCA_900053065.1_13414_2_56_genomic.fna	2037191	0526cb3c586fd81dacc3e13ba32d1742e959731453839da1f7ae78143888b4f0
GCA	GCA_900053065.1	GCA/ncbi_dataset/data/GCA_900053065.1/genomic.gbff	4555930	e0b65d10842439f83dfd93202a58351e45424a201dc7a7ca7d8b00da7eab3253
GCA	GCA_900053065.1	GCA/ncbi_dataset/data/GCA_900053065.1/genomic.gff	811286	825cc9310826c523aec9bf6a98e131f2f17d6d1fda954042aa4074dae7408292
GCA	GCA_900053065.1	GCA/ncbi_dataset/data/GCA_900053065.1/sequence_report.jsonl	7651	a7875c95b19bd35985a4deff4181aa75f464223fb06e104a62796b293380ef8e
GCA	GCA_900053075.1	GCA/ncbi_dataset/data/GCA_900053075.1/GCA_900053075.1_13414_2_73_genomic.fna	2106405	94ec8c59a8f89e171f2297d50dc9413799032c646a65bf1d8d633ac747d5c79a
GCA	GCA_900053075.1	GCA/ncbi_dataset/data/GCA_900053075.1/genomic.gbff	4719372	9677463650127cdfb7afb209a1634bb987e98a7fb4728aa5684278c049237149
GCA	GCA_900053075.1	GCA/ncbi_dataset/data/GCA_900053075.1/genomic.gff	835353	563d72354487f5dbcc213e9dd89dae6fe94b13aa93dd3c354a29b17425411a20
GCA	GCA_900053075.1	GCA/ncbi_dataset/data/GCA_900053075.1/sequence_report.jsonl	8873	abf88cc50ceb9904bd3c6acca2366b2c5d9a0cf3ee82f018e753ef2ddb2fd930
GCA	GCA_900053085.1	GCA/ncbi_dataset/data/GCA_900053085.1/GCA_900053085.1_13414_2_84_genomic.fna	2019583	a175ba2fe07dea90503b60a94705976f429bb4507d0746b5a45598d624c15c09
GCA	GCA_900053085.1	GCA/ncbi_dataset/data/GCA_900053085.1/genomic.gbff	4545604	eb5063bff992c4167dfd487af5d8b98fb0cde33e857e9e4a59f6193abc6a8e36
GCA	GCA_900053085.1	GCA/ncbi_dataset/data/GCA_900053085.1/genomic.gff	812247	1c460d35f74836b8941f92e4889d9d903b5746e7966d2f63e224951b770c5e8e
GCA	GCA_900053085.1	GCA/ncbi_dataset/data/GCA_900053085.1/sequence_report.jsonl	15895	a1c9ef0c2b381c2ac30ddd15680922a43c41577f9a1a7afffe6939808620d642
GCA	GCA_900053095.1	GCA/ncbi_dataset/data/GCA_900053095.1/GCA_900053095.1_13414_3_29_genomic.fna	2047825	1c083c5a4762636e5d5b233c7345ae87df30ed037922ad3ba337007d4b8c2ecb
GCA	GCA_900053095.1	GCA/ncbi_dataset/data/GCA_900053095.1/genomic.gbff	4590347	7ae6b06b8fbfd73ba92ee47229daf80ddcfb93e96214db174a46892ea039f9d7
GCA	GCA_900053095.1	GCA/ncbi_dataset/data/GCA_900053095.1/genomic.gff	815508	84fa2cad2316540f1d63ad32de4b9c15c87bbf8e009a1dbba5f4aaefa5161938
GCA	GCA_900053095.1	GCA/ncbi_dataset/data/GCA_900053095.1/sequence_report.jsonl	11924	37b9444a9e8fd6fc0e605c45d0604544dd54c302a5573a05534b845cd262a3f3
GCA	GCA_900053495.1	GCA/ncbi_dataset/data/GCA_900053495.1/GCA_900053495.1_11658_8_4_genomic.fna	2039791	83dee0edf6e5d3f30375988b31cc73f2558fc5078d779b5d73aad7bab7a7e4b8
GCA	GCA_900053495.1	GCA/ncbi_dataset/data/GCA_900053495.1/genomic.gbff	4580168	b253f7f12f942e9ef5984cdaf8853df46dc52cb354d6af3a82e8f6b158333fc5
GCA	GCA_900053495.1	GCA/ncbi_dataset/data/GCA_900053495.1/genomic.gff	818354	297c5d340c335bd830dc5a390ece78eb58182e38f38fd0b350ff530197808c77
GCA	GCA_900053495.1	GCA/ncbi_dataset/data/GCA_900053495.1/sequence_report.jsonl	9478	4401cbc9e53884c77d9e8437bde6b6ce6f788061b32e6cef7ffc5b3e9cc53188
GCA	GCA_900053505.1	GCA/ncbi_dataset/data/GCA_900053505.1/GCA_900053505.1_11679_1_43_genomic.fna	2147182	e0518c1c110b402e59868948a5e599b8000da97446fefd4bb1cef40cca4c29bc
GCA	GCA_900053505.1	GCA/ncbi_dataset/data/GCA_900053505.1/genomic.gbff	4804222	abc853c75d11fa93b2cf9ae5d4d6fd0b6ac64a844517dbc34df63c26730f82ad
GCA	GCA_900053505.1	GCA/ncbi_dataset/data/GCA_900053505.1/genomic.gff	854682	ea0321bd79c26884ecdeb07c9560578915f617e9db31aa6c85a986fab6f33d6c
GCA	GCA_900053505.1	GCA/ncbi_dataset/data/GCA_900053505.1/sequence_report.jsonl	9790	273c3e4223fd1b05f0a8bf21b66d4dd1adee361b99c99c6268a4a8c6d5bee2e0
GCA	GCA_900053515.1	GCA/ncbi_dataset/data/GCA_900053515.1/GCA_900053515.1_11679_1_54_genomic.fna	2114373	691fd627faad9bdd7bd3d746cd89de88531832b8571b8432ada40ec4d188c9e8
GCA	GCA_900053515.1	GCA/ncbi_dataset/data/GCA_900053515.1/genomic.gbff	4740541	7e97631b5c19d220c4418fbe84b6db24ce951bd5ef0b036c621f89c78f5a5454
GCA	GCA_900053515.1	GCA/ncbi_dataset/data/GCA_900053515.1/genomic.gff	841292	f607c0168acc1af2a0b595b1b2b193d712e977083748cef8d2acb38513bb3665
GCA	GCA_900053515.1	GCA/ncbi_dataset/data/GCA_900053515.1/sequence_report.jsonl	9477	53d04c3cc5085ee0f3a51b5064488aeb7f521671dc982496dcb24e4f81779b8b
GCA	GCA_900053525.1	GCA/ncbi_dataset/data/GCA_900053525.1/GCA_900053525.1_11658_2_51_genomic.fna	2130208	0f19497cb1eb3071cccaabbd9c16103a081c55f68226306394ae77e6ef1a3ae2
GCA	GCA_900053525.1	GCA/ncbi_dataset/data/GCA_900053525.1/genomic.gbff	4809109	5c22c155c70700abe2c3077b38efb6ee9668e415e489d9d219bfc4f789f871aa
GCA	GCA_900053525.1	GCA/ncbi_dataset/data/GCA_900053525.1/genomic.gff	867510	7538d53098b4956b077acd6ead8c693c65e2d715f7ffee8e602de61602393b39
GCA	GCA_900053525.1	GCA/ncbi_dataset/data/GCA_900053525.1/sequence_report.jsonl	17115	083abdbfcd7ef94c674601f6234ec09df1c959af147be85553418ba6ea3a4f88
GCA	GCA_900053535.1	GCA/ncbi_dataset/data/GCA_900053535.1/GCA_900053535.1_12291_4_36_genomic.fna	2153931	8306c22febfe4729ae9456b46fb5b41fa42f5c7256ae0e4cfcf2a8ee843608bb
GCA	GCA_900053535.1	GCA/ncbi_dataset/data/GCA_900053535.1/genomic.gbff	4865345	b421bc7b0e6c1ccbad58149d8ae0ff6c7a7a41889946699f98ac906aacc5008c
GCA	GCA_900053535.1	GCA/ncbi_dataset/data/GCA_900053535.1/genomic.gff	887112	09d47000c76dd37099ceca1c8269f8b8cbc37a788be827b7579df83212d196d4
GCA	GCA_900053535.1	GCA/ncbi_dataset/data/GCA_900053535.1/sequence_report.jsonl	7644	b20667a439f2482a22af5d0c063048cfb45b0d2a409281392cd97f329057959f
GCA	GCA_900053545.1	GCA/ncbi_dataset/data/GCA_900053545.1/GCA_900053545.1_12291_4_64_genomic.fna	2134178	cf55305d203acbf0b7eb1a2c67ea7b51754a961eecabbe8a994f914991fe094d
GCA	GCA_900053545.1	GCA/ncbi_dataset/data/GCA_900053545.1/genomic.gbff	4806542	d4558a7e80781d97be63742a01030672b7a42d16dd31c0d385ddaac37479e3f2
GCA	GCA_900053545.1	GCA/ncbi_dataset/data/GCA_900053545.1/genomic.gff	860551	631e76010f7864f36470535436bfa6648d7817eef90c89481aadbf315e4554cd
GCA	GCA_900053545.1	GCA/ncbi_dataset/data/GCA_900053545.1/sequence_report.jsonl	16199	f72f610b0a0f7e39a79313366aef26591d8e19226896aaaa484855251a1e9041
GCA	GCA_900053555.1	GCA/ncbi_dataset/data/GCA_900053555.1/GCA_900053555.1_13154_3_12_genomic.fna	2157548	ea804eebb4d47fedc23594e96f209e9e5bccd4f0e8a65563286cdb346922e914
GCA	GCA_900053555.1	GCA/ncbi_dataset/data/GCA_900053555.1/genomic.gbff	4877331	ddb052c94f7aac5a8900467e0bcb1d35fc78fcfa2c80521e21d7a631e4645a18
GCA	GCA_900053555.1	GCA/ncbi_dataset/data/GCA_900053555.1/genomic.gff	1010575	9550e08ed316c37fb6860f0ec2b503253ea7176e80ad630a840c4171091aad5e
GCA	GCA_900053555.1	GCA/ncbi_dataset/data/GCA_900053555.1/sequence_report.jsonl	19855	fde39b44728eb625da2e130f000f6e38355fc3525722420f0688c44d4c7ea96d
GCA	GCA_900053565.1	GCA/ncbi_dataset/data/GCA_900053565.1/GCA_900053565.1_13414_2_71_genomic.fna	2016869	1a6454454a6d9cfa9378689c2837f31c227a559b3013741f7fd31390e8cd3b2b
GCA	GCA_900053565.1	GCA/ncbi_dataset/data/GCA_900053565.1/genomic.gbff	4534921	7472c646ca71ef244833b2312280588994df4b9974316e1e06a043b2873b359e
GCA	GCA_900053565.1	GCA/ncbi_dataset/data/GCA_900053565.1/genomic.gff	810554	491dd8fb75409da8097eec77ece53647862f8276bd6900fe0868714c6df97392
GCA	GCA_900053565.1	GCA/ncbi_dataset/data/GCA_900053565.1/sequence_report.jsonl	7947	517076e3d8d095a46c703283cfdcaa835cd8c2f3cc20e495b5b5d7109c2d0f73
GCA	GCA_900053575.1	GCA/ncbi_dataset/data/GCA_900053575.1/GCA_900053575.1_14673_4_25_genomic.fna	2122653	d8d5d79aac30a1b0d6dbdf5ac6d63ae7f1834e9204c41df1fb05843bd089dbe3
GCA	GCA_900053575.1	GCA/ncbi_dataset/data/GCA_900053575.1/genomic.gbff	4767799	77a66ea66e7743ca4c5577bff7d2f3b6758c5bc8aebf198f14b8c471c59abced
GCA	GCA_900053575.1	GCA/ncbi_dataset/data/GCA_900053575.1/genomic.gff	857510	4f96d49969d9634b84551c23ad5995541e2daa9acf757a4c8ff6cb449e942565
GCA	GCA_900053575.1	GCA/ncbi_dataset/data/GCA_900053575.1/sequence_report.jsonl	10392	1cb17af44f6a9c33c8ebb4c87d8a8d9150913b5d76d13a5265b710fb9e9df5a0
GCA	GCA_900053755.1	GCA/ncbi_dataset/data/GCA_900053755.1/GCA_900053755.1_11657_4_59_genomic.fna	2021636	5131d293c764852945643c933af226361ec141e9124d7c991f4d4e78f5c7aa3c
GCA	GCA_900053755.1	GCA/ncbi_dataset/data/GCA_900053755.1/genomic.gbff	4550446	44349abf1dd8ee910d530f32263c692bf88e248460a5eaddaa39aa948e1c64fe
GCA	GCA_900053755.1	GCA/ncbi_dataset/data/GCA_900053755.1/genomic.gff	811180	96b6561e885ce7b35d69599b9d865bba48b5616325edcf84b06fa71f3d642207
GCA	GCA_900053755.1	GCA/ncbi_dataset/data/GCA_900053755.1/sequence_report.jsonl	14370	807d050d08ddc96ff9a159f12188e88b036ba3836278fe72c0711a7fa8131ad2
GCA	GCA_900053765.1	GCA/ncbi_dataset/data/GCA_900053765.1/GCA_900053765.1_14673_3_6_genomic.fna	2008716	f5bb12f4dfce970ccfee1aa7589ddde5aa60deecfb38a65dc3a7224a3c3cdb76
GCA	GCA_900053765.1	GCA/ncbi_dataset/data/GCA_900053765.1/genomic.gbff	4506098	f80c5843d001d9ed4e6e00dbe21615150b787a7ddcfc34caa33b9fb040ab0e81
GCA	GCA_900053765.1	GCA/ncbi_dataset/data/GCA_900053765.1/genomic.gff	813754	492823cf9e36606152150b69ba7781cb2619cac04b7a25fe8fc900bc1311d67d
GCA	GCA_900053765.1	GCA/ncbi_dataset/data/GCA_900053765.1/sequence_report.jsonl	5814	cad8f22a5ed7a5855e60f0e15864d552cd5d57a43cac3d63e99dfd2583b2bdf6
GCA	GCA_900053945.1	GCA/ncbi_dataset/data/GCA_900053945.1/GCA_900053945.1_11679_1_36_genomic.fna	2092943	6ccec69685484dfc1586d216b7d6745523f0676aaa352a566fc8b5f4b7b38d58
GCA	GCA_900053945.1	GCA/ncbi_dataset/data/GCA_900053945.1/genomic.gbff	4707684	d60cd97418b219626e8b20a93e2858ad4e47a7dcc52cf23985523c75f7b01be0
GCA	GCA_900053945.1	GCA/ncbi_dataset/data/GCA_900053945.1/genomic.gff	842701	0c157da08be63db18e8097f707e563600483c901b9a00309f4b49837c055a230
GCA	GCA_900053945.1	GCA/ncbi_dataset/data/GCA_900053945.1/sequence_report.jsonl	10332	e2b4cbe4a7e5e3d61a89dfb63baba2b2e707464b73d1bfc2743563ab8bd1d550
GCA	GCA_900053955.1	GCA/ncbi_dataset/data/GCA_900053955.1/GCA_900053955.1_11658_2_74_genomic.fna	2108704	0f285adbe10fcb02d62f4112271ac8168de28d3a3fd1bde5476b773859f41254
GCA	GCA_900053955.1	GCA/ncbi_dataset/data/GCA_900053955.1/genomic.gbff	4736795	02705186eac464785c2f0e108622f2af36fe0787a2152fdd6c44e6c774927842
GCA	GCA_900053955.1	GCA/ncbi_dataset/data/GCA_900053955.1/genomic.gff	853713	f18c5d9e90033c74843f63f0cf889b4d76b57e91567c7184788010300d0cb1ff
GCA	GCA_900053955.1	GCA/ncbi_dataset/data/GCA_900053955.1/sequence_report.jsonl	9787	eff6f113a9f7a153ca08ad607e74ad015ae9c9746d10cecd47cb3779274e69a1
GCA	GCA_900053965.1	GCA/ncbi_dataset/data/GCA_900053965.1/GCA_900053965.1_11657_4_40_genomic.fna	2059979	ebcfb2a4842ee227da36a9649ea5e9101d516c0f59186f35f3fd9d837ae9e7fd
GCA	GCA_900053965.1	GCA/ncbi_dataset/data/GCA_900053965.1/genomic.gbff	4633363	4726232ddfa239faecb5db97bf5cfde6cb956dbe7b050b8dec0a6bf6cd2fdcae
GCA	GCA_900053965.1	GCA/ncbi_dataset/data/GCA_900053965.1/genomic.gff	830017	e711b557b4646fb9257a0678d3f32d5377dc044e1e063d8118090e6169c1ab2e
GCA	GCA_900053965.1	GCA/ncbi_dataset/data/GCA_900053965.1/sequence_report.jsonl	11005	ae72f0f20b4032516eae7c7da033e2cc917f6e6b3ff32d90e4c43aa738a79290
GCA	GCA_900053975.1	GCA/ncbi_dataset/data/GCA_900053975.1/GCA_900053975.1_11657_8_23_genomic.fna	2137791	b51fe5afc9fff0738b5b35ba704e63353a86109caea7672cdf14b1bbe7078510
GCA	GCA_900053975.1	GCA/ncbi_dataset/data/GCA_900053975.1/genomic.gbff	4928599	c97bb1c7fc7cb7a15d80df21d9aa00c77b3dc146e7d022089042e042c93df05a
GCA	GCA_900053975.1	GCA/ncbi_dataset/data/GCA_900053975.1/genomic.gff	896392	1fd8b69ff22c1ce272236d5a2e9c7a1781a8dbe002e13d8e48e3a8572b614fae
GCA	GCA_900053975.1	GCA/ncbi_dataset/data/GCA_900053975.1/sequence_report.jsonl	66533	20125641c4babd8a44660c1f884490543dd93d09e9fb04da082b6de4fd1f9de7
GCA	GCA_900053985.1	GCA/ncbi_dataset/data/GCA_900053985.1/GCA_900053985.1_12291_4_14_genomic.fna	2108843	612e26769fa928d7670d4589f4afd76ca365cacca5eb41b7a8e08ae9bfebc98c
GCA	GCA_900053985.1	GCA/ncbi_dataset/data/GCA_900053985.1/genomic.gbff	4734930	9aea88e80804dabd4803e409e7ce81482a877f65695eba0791edb1c462ba09bb
GCA	GCA_900053985.1	GCA/ncbi_dataset/data/GCA_900053985.1/genomic.gff	849875	3abb1906cb787d752d5e51bcc22a96ad1ab74a6836078d958c04f2cd39c22f6d
GCA	GCA_900053985.1	GCA/ncbi_dataset/data/GCA_900053985.1/sequence_report.jsonl	13147	79e837ef9290b2c012161afbc28727202b929984b731c3f92fd679eb630585c5
GCA	GCA_900053995.1	GCA/ncbi_dataset/data/GCA_900053995.1/GCA_900053995.1_12291_4_39_genomic.fna	2131952	3400fae57a42b2824c89ca352d6a14396b3458a60b72d813102c0d9a69ca48cf
GCA	GCA_900053995.1	GCA/ncbi_dataset/data/GCA_900053995.1/genomic.gbff	4793173	a7b2f3e1d450a2326f12bbb980eff1cce32dc6a63150c71b67993cb9852aaa30
GCA	GCA_900053995.1	GCA/ncbi_dataset/data/GCA_900053995.1/genomic.gff	999593	f1f80cb460fe54fb07a65d98f46b72a67f65c9638a7f876e4a43691e65775eb5
GCA	GCA_900053995.1	GCA/ncbi_dataset/data/GCA_900053995.1/sequence_report.jsonl	9163	0f68183153db1ed5e0a1eecad8656e67e9bd5ec893c0f09a06b7d96cf2710710
GCA	GCA_900054005.1	GCA/ncbi_dataset/data/GCA_900054005.1/GCA_900054005.1_12291_4_40_genomic.fna	2115225	4999c665710415e4acc5646ab580f21d38bd72f40e4c45d045e3ad6daf05540d
GCA	GCA_900054005.1	GCA/ncbi_dataset/data/GCA_900054005.1/genomic.gbff	4730852	3bc4b2538f68dbf778a49ffa5f73bf129bd9ca7eab175832d419cdb7e957d876
GCA	GCA_900054005.1	GCA/ncbi_dataset/data/GCA_900054005.1/genomic.gff	837452	23d6995cd4704d6d216b8108244d4cef615c8b73bca17cfdac3219d4ca448af7
GCA	GCA_900054005.1	GCA/ncbi_dataset/data/GCA_900054005.1/sequence_report.jsonl	9785	a81cb5c330c2d507f89c85960d9687085ab7d42a6bb6f28824d28ddb39c010d4
GCA	GCA_900054015.1	GCA/ncbi_dataset/data/GCA_900054015.1/GCA_900054015.1_12291_4_41_genomic.fna	2126338	65a4796227588e4d45fd39a960d50d61cd509f5119e9f9d1269bf51fabeb09ae
GCA	GCA_900054015.1	GCA/ncbi_dataset/data/GCA_900054015.1/genomic.gbff	4790431	aeb33b01be04785019da455a088f43834fe24b4b0d25851c144c0b8f82ac5726
GCA	GCA_900054015.1	GCA/ncbi_dataset/data/GCA_900054015.1/genomic.gff	857851	351b3256dcd63e5c60d0f28358e5bc1b54ea867195b253e2ad321f517e46a197
GCA	GCA_900054015.1	GCA/ncbi_dataset/data/GCA_900054015.1/sequence_report.jsonl	17114	e937dcd0a79e0f517d4d486832d7e57b189a7cb5aa69121526396d3f49672bd9
GCA	GCA_900054025.1	GCA/ncbi_dataset/data/GCA_900054025.1/GCA_900054025.1_13154_3_42_genomic.fna	2325133	c630d80c36e2083f50b7ee54483842c5ea5e1d23e82da7c84a5065d2bc8cb707
GCA	GCA_900054025.1	GCA/ncbi_dataset/data/GCA_900054025.1/genomic.gbff	5402964	5f7a8bd5e961da35bc50ee85ad58762f6546a909a66ca5967f4ff3d8267a2fe5
GCA	GCA_900054025.1	GCA/ncbi_dataset/data/GCA_900054025.1/genomic.gff	988357	4a9a35333a1d7ea1aca7d62d44d8c2b506636eb67539c51a6bce2ea42166ee26
GCA	GCA_900054025.1	GCA/ncbi_dataset/data/GCA_900054025.1/sequence_report.jsonl	97998	4847ba770dd1686b8f5502eaa9b80db9f4144cbdd8b7b6d5f2ebd50c9f8243bf
GCA	GCA_900054035.1	GCA/ncbi_dataset/data/GCA_900054035.1/GCA_900054035.1_13154_3_82_genomic.fna	2026122	955248563ba135e56b2ee10dbffca1b5e67e22be1805df2d84ad2e3802b6dbbc
GCA	GCA_900054035.1	GCA/ncbi_dataset/data/GCA_900054035.1/genomic.gbff	4558627	bf1a79dd266a71b7612170c3e3ed173f846f67298ed9871567567f2bc94b6ae8
GCA	GCA_900054035.1	GCA/ncbi_dataset/data/GCA_900054035.1/genomic.gff	814590	754c08287ff91e8b71fc8ebf26ecb75a95cadba431a62f16f2c4547c4e85c893
GCA	GCA_900054035.1	GCA/ncbi_dataset/data/GCA_900054035.1/sequence_report.jsonl	15256	3fea6bcd1292c76ae5e211cd0dc8927ed618d5a9318413a8f4434b03a1288a5e
GCA	GCA_900054045.1	GCA/ncbi_dataset/data/GCA_900054045.1/GCA_900054045.1_13414_2_34_genomic.fna	2123824	1d8af3139b6dcc88a5c4909e6cfd0386a998a2fa05c72fc1b5a94ec6ba0205c8
GCA	GCA_900054045.1	GCA/ncbi_dataset/data/GCA_900054045.1/genomic.gbff	4763385	97f7cfac52a223a811db591390604f36066f0e4999a090f8dec4b9de4734ca5a
GCA	GCA_900054045.1	GCA/ncbi_dataset/data/GCA_900054045.1/genomic.gff	857228	9ab98b15d4000e6ed3cca7666de5e159b1a7e33695eb7af3158e849d88e90abb
GCA	GCA_900054045.1	GCA/ncbi_dataset/data/GCA_900054045.1/sequence_report.jsonl	8867	cfa940cad76cba4dfe651ad61d182c1fd9ccb89ce51dda7840312886d7f78f30
GCA	GCA_900054055.1	GCA/ncbi_dataset/data/GCA_900054055.1/GCA_900054055.1_13414_3_13_genomic.fna	2091458	214d1c4b8a1a4f7c69bf1b67ebeca72631dd7a3758ef6c53d3bfe30d06b19506
GCA	GCA_900054055.1	GCA/ncbi_dataset/data/GCA_900054055.1/genomic.gbff	4704509	165c7c0102a06ce148bacdc7b66b40178e96079d5c0cd3f3c85d6608e3fb87dc
GCA	GCA_900054055.1	GCA/ncbi_dataset/data/GCA_900054055.1/genomic.gff	847461	447311041783d46b7452d2016b907a7277c34d55db91afa0d0ec58fd36365b4d
GCA	GCA_900054055.1	GCA/ncbi_dataset/data/GCA_900054055.1/sequence_report.jsonl	11006	ebae6fb2401804a2e60cbaff89f96c5803f577143edcbeae30bb7b23ed1ae14a
GCA	GCA_900054185.1	GCA/ncbi_dataset/data/GCA_900054185.1/GCA_900054185.1_13414_2_47_genomic.fna	2150681	6c7176568e96cea1a78694f5ec71cd22b509695e5a7941852ddc196f96340c70
GCA	GCA_900054185.1	GCA/ncbi_dataset/data/GCA_900054185.1/genomic.gbff	4829929	d190faf015f38ed7407fd02d73d41b1a1f4899f6b876ffdc277f7c27c7c97d37
GCA	GCA_900054185.1	GCA/ncbi_dataset/data/GCA_900054185.1/genomic.gff	870640	e43a97d09ab7d371faec2add42fb0281d9465360daf02a2eead7eb2c92298438
GCA	GCA_900054185.1	GCA/ncbi_dataset/data/GCA_900054185.1/sequence_report.jsonl	10702	7ec39d23930c08d4dec7e339fda70473551096950e8e4887eec57dd7d4a255de
GCA	GCA_900054195.1	GCA/ncbi_dataset/data/GCA_900054195.1/GCA_900054195.1_13414_2_60_genomic.fna	2068423	de6a4a2c03047fbf80a9521c3540a16fe177eb7641390294d6aa618fffe1a6bc
GCA	GCA_900054195.1	GCA/ncbi_dataset/data/GCA_900054195.1/genomic.gbff	4643970	29fb97b56c5d8e9c1dd0110c2e0467a8e22f6f4691b5d3ee69f93845672d25e4
GCA	GCA_900054195.1	GCA/ncbi_dataset/data/GCA_900054195.1/genomic.gff	828767	50e7b9d34c08885524a04f81c6df0688e1cb9ec9e3fdd8f9d198feb80c449c7c
GCA	GCA_900054195.1	GCA/ncbi_dataset/data/GCA_900054195.1/sequence_report.jsonl	7653	bcdbbaec4be7e462ddb964b1d1e506e6464764b5163676369c83565505368202
GCA	GCA_900054205.1	GCA/ncbi_dataset/data/GCA_900054205.1/GCA_900054205.1_13414_2_65_genomic.fna	2143875	4b883d3ad3988ff55217313d9a3a6079c50ba11f356a4b2748b07479d0b3dd5f
GCA	GCA_900054205.1	GCA/ncbi_dataset/data/GCA_900054205.1/genomic.gbff	4831002	8890cfe5a679da0d07e5416ccc21f23249df5fad418e1926d8fa7f893b138970
GCA	GCA_900054205.1	GCA/ncbi_dataset/data/GCA_900054205.1/genomic.gff	877314	d9ea9a3843dc4865b5fb6377649b8a21d6cda0f035f819c5fdd7a8aadcadd91e
GCA	GCA_900054205.1	GCA/ncbi_dataset/data/GCA_900054205.1/sequence_report.jsonl	10401	f31a5c850c6fccd78aad6cb688a91cfd6ed606152d664b269bb7054f7513fb01
GCA	GCA_900054215.1	GCA/ncbi_dataset/data/GCA_900054215.1/GCA_900054215.1_13414_3_23_genomic.fna	2045922	ac0770e40f36408b91bd29517a2db98ea20f57dcabf5322a66dbc2017f45dc82
GCA	GCA_900054215.1	GCA/ncbi_dataset/data/GCA_900054215.1/genomic.gbff	4603531	9d3aa8e74c09b2ee74207edae32163259cf8a74eb82aa0b1a8b24079b1c76d08
GCA	GCA_900054215.1	GCA/ncbi_dataset/data/GCA_900054215.1/genomic.gff	834022	e730c6cae36d1c263d15f525890645bde9567dda964675a60c932564286cee70
GCA	GCA_900054215.1	GCA/ncbi_dataset/data/GCA_900054215.1/sequence_report.jsonl	7341	c107cd7ad08da9f5f1f3b013b448b316e6c79519c61c3510371d38d8e8373eb3
GCA	GCA_900054225.1	GCA/ncbi_dataset/data/GCA_900054225.1/GCA_900054225.1_14673_4_22_genomic.fna	2158152	3cfd54d06a7e053ab64ac63103641613b14118cc8f848108050899e2915538ad
GCA	GCA_900054225.1	GCA/ncbi_dataset/data/GCA_900054225.1/genomic.gbff	4867327	9e8aaa57a7c2763c0ca9d7a7d24837e99283a95251a942102a4b876242276a68
GCA	GCA_900054225.1	GCA/ncbi_dataset/data/GCA_900054225.1/genomic.gff	883072	599be96feca8e8e16841206cc437fa89d2361a78ed1dacd0c4d748f9c6ed6b9e
GCA	GCA_900054225.1	GCA/ncbi_dataset/data/GCA_900054225.1/sequence_report.jsonl	12531	ed44210f49a903cbe7de031e1d5e6fb477741cd41a8e3f665f5d720bd604f400
GCA	GCA_900054235.1	GCA/ncbi_dataset/data/GCA_900054235.1/GCA_900054235.1_14673_4_46_genomic.fna	2156504	b97183c9d36771a6f6336f75e8fda080af1aa20c4fb1c76884b6dabd5d0c2053
GCA	GCA_900054235.1	GCA/ncbi_dataset/data/GCA_900054235.1/genomic.gbff	4859242	ebabb4ecb1a8bf1963bfcd7ebd14f9cff05b55a70468bc300593833befcdca76
GCA	GCA_900054235.1	GCA/ncbi_dataset/data/GCA_900054235.1/genomic.gff	871362	e9ed24bba9f44fd55fbae053e8485079cdbd3044f0384060e87c8eac6cd617de
GCA	GCA_900054235.1	GCA/ncbi_dataset/data/GCA_900054235.1/sequence_report.jsonl	19869	cf829880b3f40e091c5d218137c81830b7dbc6966a78687711e0921711a0cf6d
GCA	GCA_900054505.1	GCA/ncbi_dataset/data/GCA_900054505.1/GCA_900054505.1_12291_4_15_genomic.fna	2106358	3b369cfb26391be2d3b374c1ebc323d46958b6e2612ab263d6ca422c1a004490
GCA	GCA_900054505.1	GCA/ncbi_dataset/data/GCA_900054505.1/genomic.gbff	4765115	553055f807797ec215e6ae4cc42a63887f305b739c5637d30c4fbc084b5fc62b
GCA	GCA_900054505.1	GCA/ncbi_dataset/data/GCA_900054505.1/genomic.gff	860791	f5334ca346331d04e0ea770ccbb9d2e4236f2fc06031c6b19f9727aa52810cf0
GCA	GCA_900054505.1	GCA/ncbi_dataset/data/GCA_900054505.1/sequence_report.jsonl	28648	9ab7e441c6b02a9b82e4c498dabc31ee0b6e3e33b370169ff8c28e4c736e1e42
GCA	GCA_900054515.1	GCA/ncbi_dataset/data/GCA_900054515.1/GCA_900054515.1_13414_1_92_genomic.fna	2185207	1e917e2f743f88fb46113788734eb310b16835874c4bf2cb9a7bb418c8fd8f2f
GCA	GCA_900054515.1	GCA/ncbi_dataset/data/GCA_900054515.1/genomic.gbff	4922000	3112e169252646b7783d8f1b13c0da9ab6b5cba0cdd506b4c6abb6fc68a5c6b1
GCA	GCA_900054515.1	GCA/ncbi_dataset/data/GCA_900054515.1/genomic.gff	880999	8b917b0da29ffb0d8d8de58d37d7e8aca6be603b30897114a6b38030a6b8f974
GCA	GCA_900054515.1	GCA/ncbi_dataset/data/GCA_900054515.1/sequence_report.jsonl	19732	4384fba07fd159f3b77270fe4cdd439c135e0439793c15cc643023c395a1508e
GCA	GCA_900054725.1	GCA/ncbi_dataset/data/GCA_900054725.1/GCA_900054725.1_12291_4_33_genomic.fna	2079661	f9211e5e71deeaa20118333d4b4afb869d4e4f0c287827787f8fa0052fe1b1ad
GCA	GCA_900054725.1	GCA/ncbi_dataset/data/GCA_900054725.1/genomic.gbff	4681092	824a76d54869f5fa55b2d0b59073240a7589995727a54b2eb3f70a1f2fc83163
GCA	GCA_900054725.1	GCA/ncbi_dataset/data/GCA_900054725.1/genomic.gff	842472	f1f713ba95fe02540df620e8c96aa7596d8398bd274da7a6ca1e01b5b8c17a88
GCA	GCA_900054725.1	GCA/ncbi_dataset/data/GCA_900054725.1/sequence_report.jsonl	11618	38b3122c96128ade18fcfbe2157235a4a97fb5b26870f4d2712fc07bb03b2627
GCA	GCA_900054735.1	GCA/ncbi_dataset/data/GCA_900054735.1/GCA_900054735.1_12291_4_53_genomic.fna	2079489	0ef9fb44e17ae2de5820cb6626a37ac0984245f92dd9638c26dd3bc7f54ad951
GCA	GCA_900054735.1	GCA/ncbi_dataset/data/GCA_900054735.1/genomic.gbff	4676532	c080f8ee1a93c16816613b93ff2a2412c800693b1b07503c3da51fe016efbf69
GCA	GCA_900054735.1	GCA/ncbi_dataset/data/GCA_900054735.1/genomic.gff	840332	b5e29077a7852dd2d0ff91fe07056b409f713caece05e15d14a13e1624479d7e
GCA	GCA_900054735.1	GCA/ncbi_dataset/data/GCA_900054735.1/sequence_report.jsonl	11008	243a4c67100bbd9293054330bfe5ffab1cb0ad1ff3132bad5a9873d8fad24852
GCA	GCA_900054745.1	GCA/ncbi_dataset/data/GCA_900054745.1/GCA_900054745.1_13154_3_58_genomic.fna	2273896	d360e8ef3a4ae7a7d391581f1fef998f01e51f6be4443e2c3fe80c4fd05357dc
GCA	GCA_900054745.1	GCA/ncbi_dataset/data/GCA_900054745.1/genomic.gbff	5295394	55adc7fe1552714531d911832b42576a2433f6e388efc549ce00451bd2168c7d
GCA	GCA_900054745.1	GCA/ncbi_dataset/data/GCA_900054745.1/genomic.gff	1095506	c013dd07823bd670a80509fde7090c928a124efacd57df49dcb9f6bafe2030f3
GCA	GCA_900054745.1	GCA/ncbi_dataset/data/GCA_900054745.1/sequence_report.jsonl	102475	0f0bc5fd567cc855a11429dae0e529d214a8593595379a1b5fcdd750338c3959
GCA	GCA_900054755.1	GCA/ncbi_dataset/data/GCA_900054755.1/GCA_900054755.1_13414_2_14_genomic.fna	2088908	247ec40a58934567741257ed6d6ad2397410d010bb2d4d12081198820284c9ed
GCA	GCA_900054755.1	GCA/ncbi_dataset/data/GCA_900054755.1/genomic.gbff	4685749	2a7458d21bc56327b424e34d1966dafc287ac3080fb46d3abf7fa0379ec82d9b
GCA	GCA_900054755.1	GCA/ncbi_dataset/data/GCA_900054755.1/genomic.gff	840891	aa8f40595afb7abbdef47fba3b5cc7fbc0ff4d9f1d5873100c9a2ed30dc60487
GCA	GCA_900054755.1	GCA/ncbi_dataset/data/GCA_900054755.1/sequence_report.jsonl	5819	6387be9cf1124c0538be7e942bd10e0525a7cc19f1ec6babdd86ae6a7b8a4a1b
GCA	GCA_900054765.1	GCA/ncbi_dataset/data/GCA_900054765.1/GCA_900054765.1_14673_1_74_genomic.fna	2011595	e4ac9f29ccc56834fbac2a4825cf6ab2948fe7b4914f13de4f5beef4203e5b2f
GCA	GCA_900054765.1	GCA/ncbi_dataset/data/GCA_900054765.1/genomic.gbff	4514187	b6fd1e271c05c72ff890d43dd12d876cf838190cda126fee3712131aacd6927d
GCA	GCA_900054765.1	GCA/ncbi_dataset/data/GCA_900054765.1/genomic.gff	805568	9ed184572689ff1b5881855b39f903aa84f3eed6cd7ce50c3856754540eb8f7e
GCA	GCA_900054765.1	GCA/ncbi_dataset/data/GCA_900054765.1/sequence_report.jsonl	5815	f4e935dfe7c996ff6acd398e6d09cfd1922a921b3c85b546e3ade73d131c8d92
GCA	GCA_900054775.1	GCA/ncbi_dataset/data/GCA_900054775.1/GCA_900054775.1_14673_1_76_genomic.fna	2147025	41098276edf6e99dda7b6b16c419ae3f25d5748ad8016efe83b7a72239e481f6
GCA	GCA_900054775.1	GCA/ncbi_dataset/data/GCA_900054775.1/genomic.gbff	4813525	3d44e0f135dc2a6e1b5e30af7eaf4ffbf2bf6b80bf46578b6411a4433196db61
GCA	GCA_900054775.1	GCA/ncbi_dataset/data/GCA_900054775.1/genomic.gff	856517	2ee2498b282949efe96744164b6fa1595d43f2ca92b7e2afb684c3752ac97144
GCA	GCA_900054775.1	GCA/ncbi_dataset/data/GCA_900054775.1/sequence_report.jsonl	11622	44ba01e9aef9d06c113c6afc6d5fbb1de643ef09d9ada72e0206f5fbb6a4363c
GCA	GCA_900054955.1	GCA/ncbi_dataset/data/GCA_900054955.1/GCA_900054955.1_11679_1_53_genomic.fna	2058824	978429aecc214d7276de1dfb25aebe220395696392ec9eb79480714193efb0bd
GCA	GCA_900054955.1	GCA/ncbi_dataset/data/GCA_900054955.1/genomic.gbff	4629136	29a52218ec30dff73b9d42008eccde92334ed526f4a6ea7c426c6fe2b9afef3a
GCA	GCA_900054955.1	GCA/ncbi_dataset/data/GCA_900054955.1/genomic.gff	830143	54c3cc623d7cceb5549b94a1cc2346cd1ff3f8072ba1d7a14018270f449edc41
GCA	GCA_900054955.1	GCA/ncbi_dataset/data/GCA_900054955.1/sequence_report.jsonl	11920	cc9fa613517a002c7d83045847540d2d7902598ba582cf787cf08303b9bee703
GCA	GCA_900054965.1	GCA/ncbi_dataset/data/GCA_900054965.1/GCA_900054965.1_12291_4_79_genomic.fna	2076967	8ab44e883b526d24f2291a1e16a098a72feb02b2e1ceb196df5e27d0f0401c7e
GCA	GCA_900054965.1	GCA/ncbi_dataset/data/GCA_900054965.1/genomic.gbff	4672459	9d0d44ccbecc9558537d8cd7dda5fed3e98c30e4eee3d50e00a611764cb8c572
GCA	GCA_900054965.1	GCA/ncbi_dataset/data/GCA_900054965.1/genomic.gff	838352	611103e6346c46a2db6e6238ce1444e9e5bc0c4ae65b759b2ec4f02e86dc53c0
GCA	GCA_900054965.1	GCA/ncbi_dataset/data/GCA_900054965.1/sequence_report.jsonl	11620	892bcfa8395ba5ccdf607ed4b04434c6b11c78b4e785b43f5111ec884f845e9d
GCA	GCA_900054975.1	GCA/ncbi_dataset/data/GCA_900054975.1/GCA_900054975.1_12291_4_80_genomic.fna	2042834	97bed780ec61b3bbbef6f4d78d7f09b22f1ecd68bea641e037a12d369b2cecf5
GCA	GCA_900054975.1	GCA/ncbi_dataset/data/GCA_900054975.1/genomic.gbff	4595109	0dd16d65de242a0bfb012ecdb91a867a7d06214aae1ba20badcd411b14671df5
GCA	GCA_900054975.1	GCA/ncbi_dataset/data/GCA_900054975.1/genomic.gff	832214	a3bbe168c289ae34048b1fad717055307e1914d813e68e07fd913432cc6f8e41
GCA	GCA_900054975.1	GCA/ncbi_dataset/data/GCA_900054975.1/sequence_report.jsonl	4591	a1b125c4f703d60b53d26f0e9ca1a43bfc7c5da8ebeaa434e714c5c76c9f9836
GCA	GCA_900054985.1	GCA/ncbi_dataset/data/GCA_900054985.1/GCA_900054985.1_13414_1_46_genomic.fna	2091113	34587f03e2beb60e0f7952f283d852fe9bb9bb4d4695efa6397970ca3a518dbc
GCA	GCA_900054985.1	GCA/ncbi_dataset/data/GCA_900054985.1/genomic.gbff	4708652	37685669805f962729126f94d6a0dae37c814d5b130a72d0b7709b6cec7e9f91
GCA	GCA_900054985.1	GCA/ncbi_dataset/data/GCA_900054985.1/genomic.gff	845492	46d780b1a86ff578c47f3e00f3c21ed9a77419572b3569531f3eb4260ff1fb57
GCA	GCA_900054985.1	GCA/ncbi_dataset/data/GCA_900054985.1/sequence_report.jsonl	11927	2146bc0af6086c80d54a496a6af9cdf14be24ac6fe048cf3f0d4ca8118c77629
GCA	GCA_900054995.1	GCA/ncbi_dataset/data/GCA_900054995.1/GCA_900054995.1_13414_1_68_genomic.fna	2096226	970ef73025d7e80641bd30d6bc6d181ea6c408159b93296b1b053d728bca2a93
GCA	GCA_900054995.1	GCA/ncbi_dataset/data/GCA_900054995.1/genomic.gbff	4716561	ffc943c83c33bde73772e1080bc9ec6b5c7d30de66e386b9edd2c986c106bba1
GCA	GCA_900054995.1	GCA/ncbi_dataset/data/GCA_900054995.1/genomic.gff	851227	6166d35d714b5570433d38b507d280f75bfac4970492a66e1893fbabd7fa81d0
GCA	GCA_900054995.1	GCA/ncbi_dataset/data/GCA_900054995.1/sequence_report.jsonl	10398	fc9ecc3475d7cf0d26fa61acee33f6ae97a0d1baba9ef1d8195b6b78dafa628b
GCA	GCA_900055005.1	GCA/ncbi_dataset/data/GCA_900055005.1/GCA_900055005.1_13414_2_55_genomic.fna	2178484	2502ae9e831ac0a3444edb698613cea33c59c1ae0568ee3f36087e0373b743b6
GCA	GCA_900055005.1	GCA/ncbi_dataset/data/GCA_900055005.1/genomic.gbff	4917149	15f21885e6b292333f2a4e5d85c278a306d0b38f5b1876da7eaa9914a148db21
GCA	GCA_900055005.1	GCA/ncbi_dataset/data/GCA_900055005.1/genomic.gff	885943	0b466fa1d9e488653d04a19482cd23f82aafcb03e11baa901459a020d9c3bdbd
GCA	GCA_900055005.1	GCA/ncbi_dataset/data/GCA_900055005.1/sequence_report.jsonl	17113	2b0d3fa2b40d8389bbef210acdf777984018b7b8a6e67047eea647b5c14bb21c
GCA	GCA_900055015.1	GCA/ncbi_dataset/data/GCA_900055015.1/GCA_900055015.1_14673_3_9_genomic.fna	2023962	dc3f9e4c75fd1006db26d6a170ce530b026a21d2dfdf133f613b0a1c69aefa1e
GCA	GCA_900055015.1	GCA/ncbi_dataset/data/GCA_900055015.1/genomic.gbff	4556022	aa2164eef3290e25bcc8f6aa79528086f2b2cf1a060009b6ef020394a35f3f7c
GCA	GCA_900055015.1	GCA/ncbi_dataset/data/GCA_900055015.1/genomic.gff	812767	039e06c8f6bd9d38eba142b20b5756688e8635afe35c479a66076990abe5202e
GCA	GCA_900055015.1	GCA/ncbi_dataset/data/GCA_900055015.1/sequence_report.jsonl	15588	9483eebe9dc76be10c9f7fcc0054ebfdd2c69a73a1c9a36d64c05c762d58b743
GCA	GCA_900055025.1	GCA/ncbi_dataset/data/GCA_900055025.1/GCA_900055025.1_14673_4_23_genomic.fna	2040572	5bd7872e5916fafbadb4254f66bbb81ed41b43f5b82c185a73ee8eac26c5f6dc
GCA	GCA_900055025.1	GCA/ncbi_dataset/data/GCA_900055025.1/genomic.gbff	4568863	981b677dec7b8bfdf0c1ed29b4c942b11cac9b5b57286d313da98703b10c7615
GCA	GCA_900055025.1	GCA/ncbi_dataset/data/GCA_900055025.1/genomic.gff	811032	84711d86da457352e0db1d3480c7dfcd8638e55dd250e89a87acf3a44b5025c3
GCA	GCA_900055025.1	GCA/ncbi_dataset/data/GCA_900055025.1/sequence_report.jsonl	9785	f50925c0c9a3a479b5bb2ab757f689d13fd9cd017cb406b8d8d579edf5a1e201
GCA	GCA_900055225.1	GCA/ncbi_dataset/data/GCA_900055225.1/GCA_900055225.1_11657_4_33_genomic.fna	2223006	ce33e8825142c79d103f68b3effa19608f9f94af903eb3ee20a244b08947dd4a
GCA	GCA_900055225.1	GCA/ncbi_dataset/data/GCA_900055225.1/genomic.gbff	5066603	736235fb34f402b00eab08afa574861e1c1b960f752526ee17a098aa02943a6a
GCA	GCA_900055225.1	GCA/ncbi_dataset/data/GCA_900055225.1/genomic.gff	1041298	47bb817286bcf21e6ccaf229cbec343a0dcd9d23268744eeb069eb5edb6e79c1
GCA	GCA_900055225.1	GCA/ncbi_dataset/data/GCA_900055225.1/sequence_report.jsonl	50552	a07d734e1812430d81c556ef1ea72eb2b9b41ab2460f7f7036e41080176ac402
GCA	GCA_900055235.1	GCA/ncbi_dataset/data/GCA_900055235.1/GCA_900055235.1_14673_1_89_genomic.fna	2090536	32e1d4071663b8a4eb41f3cdb491d1736121d141dce254a6c103beb87ae92b3d
GCA	GCA_900055235.1	GCA/ncbi_dataset/data/GCA_900055235.1/genomic.gbff	4708276	07c3dba24bfe3d3eb435e4f27c6663f17539f2d0e7452a69a205ba9a86d85f7f
GCA	GCA_900055235.1	GCA/ncbi_dataset/data/GCA_900055235.1/genomic.gff	845538	2468e4e311bdc3417a7d7ffdfe7d7b962d4055461368845f90bfb6d2615d8d98
GCA	GCA_900055235.1	GCA/ncbi_dataset/data/GCA_900055235.1/sequence_report.jsonl	10714	5e327db38885937ebabbc9b03d86fe9e76414dc92f123b52df109805e2ac52de
GCA	GCA_900055315.1	GCA/ncbi_dataset/data/GCA_900055315.1/GCA_900055315.1_11657_4_36_genomic.fna	2179661	7f91ecdc27affc99205d2757a2b13f72fb7531e7f28b587c45ffb786de6c3fed
GCA	GCA_900055315.1	GCA/ncbi_dataset/data/GCA_900055315.1/genomic.gbff	4922798	0c70d8c16ec3b898f44db03dfd6ececd2e13d060c722f32c5e8431c8e375ca2f
GCA	GCA_900055315.1	GCA/ncbi_dataset/data/GCA_900055315.1/genomic.gff	890024	c55c71729ac6a4f7ec8d002db45d027d4e0f44d4b4e79210005bf6b1c5f671a5
GCA	GCA_900055315.1	GCA/ncbi_dataset/data/GCA_900055315.1/sequence_report.jsonl	17418	ddde530f6a7ffd6205a786ac22dabfb0adaf1795842995503e01b5ed9b3d8322
GCA	GCA_900055325.1	GCA/ncbi_dataset/data/GCA_900055325.1/GCA_900055325.1_12291_4_87_genomic.fna	2023917	1ac407c82ed5caad50b07acb2ffc50209a6bb93d7b0f4b9bcb2caf464981a997
GCA	GCA_900055325.1	GCA/ncbi_dataset/data/GCA_900055325.1/genomic.gbff	4551797	2b884c7ccf023e28a499a3d7dbaacf19ec14e080037cd717b585daa7dd7fc752
GCA	GCA_900055325.1	GCA/ncbi_dataset/data/GCA_900055325.1/genomic.gff	810930	c4be7acba242b05276e01108f11c01a781f3432b061cdc10eea83a2e0b0a8529
GCA	GCA_900055325.1	GCA/ncbi_dataset/data/GCA_900055325.1/sequence_report.jsonl	15587	2d686dac0b2de96f5794d5c61a93d501929328b70545fb230f8fd642f2828244
GCA	GCA_900055345.1	GCA/ncbi_dataset/data/GCA_900055345.1/GCA_900055345.1_13091_6_90_genomic.fna	2022741	e6f660e92f97a455f0de7cc8119c11c5acbecf5cf07d897c8ebd808d26f52f77
GCA	GCA_900055345.1	GCA/ncbi_dataset/data/GCA_900055345.1/genomic.gbff	4552752	016f0860c0a06799f6c1598cc35ce6f124b2bbd3308197082ea274d4e92c171e
GCA	GCA_900055345.1	GCA/ncbi_dataset/data/GCA_900055345.1/genomic.gff	813584	0b45648940e429d014b92efa318047921268dec6955572f96fd4afd456752387
GCA	GCA_900055345.1	GCA/ncbi_dataset/data/GCA_900055345.1/sequence_report.jsonl	15284	d4107a8d2f1a70d409ae4672a8549258f284e40a48bf86636f364ffa06919fb7
GCA	GCA_900055355.1	GCA/ncbi_dataset/data/GCA_900055355.1/GCA_900055355.1_13154_3_22_genomic.fna	2170395	990894ac88a8cdc9bc767a44e560442606960fb7cb1f28497ab773e757330539
GCA	GCA_900055355.1	GCA/ncbi_dataset/data/GCA_900055355.1/genomic.gbff	4895757	a9f0450a664b51c43e9cf35e52bcd83487fbb2f7a793aa3f95ea06e11bd2a66d
GCA	GCA_900055355.1	GCA/ncbi_dataset/data/GCA_900055355.1/genomic.gff	882716	69e2805f17291bdc3a980adb39e309ec49bed7cf6a3a72e3893031fa0a00ba3c
GCA	GCA_900055355.1	GCA/ncbi_dataset/data/GCA_900055355.1/sequence_report.jsonl	17116	dcfa4c25ebdbba47124de3b77e8e7d1342d7f2d051ab3c444cf56c5d28345c82
GCA	GCA_900055365.1	GCA/ncbi_dataset/data/GCA_900055365.1/GCA_900055365.1_13154_3_27_genomic.fna	2078930	5076271d7fa82201f0e6b3795819b8425cd627463f7a6532398f06d157d94eb8
GCA	GCA_900055365.1	GCA/ncbi_dataset/data/GCA_900055365.1/genomic.gbff	4674520	8fd5c9c552de4f5446da8e1d8d4b796cbc8c8d5747cf17c1131d504041325ee6
GCA	GCA_900055365.1	GCA/ncbi_dataset/data/GCA_900055365.1/genomic.gff	964564	3d518c01bddb58faf57900b01494fb0aca3b78312d1926cea8d3bff9f82d33a0
GCA	GCA_900055365.1	GCA/ncbi_dataset/data/GCA_900055365.1/sequence_report.jsonl	12222	40796a86c8326f327bad5a39b5b96d613c7ea76deb4aafc64c881c48086174a6
GCA	GCA_900055375.1	GCA/ncbi_dataset/data/GCA_900055375.1/GCA_900055375.1_13154_3_28_genomic.fna	2317573	2afbc3611a97d4160d860d4d9680aeebfbd8a52902d503dc2633f5362b3ee02a
GCA	GCA_900055375.1	GCA/ncbi_dataset/data/GCA_900055375.1/genomic.gbff	5354703	53d6520fc4d5f3b6c878f02c101f4005ec930db4bc9111ba956154e1756be9a9
GCA	GCA_900055375.1	GCA/ncbi_dataset/data/GCA_900055375.1/genomic.gff	1110744	ed96f6fd562c986a89f4bb9468469b05d080c6f7ea2f5de6ea7a373ac3ef7f3b
GCA	GCA_900055375.1	GCA/ncbi_dataset/data/GCA_900055375.1/sequence_report.jsonl	80638	de7997b65b005721d18dc4e10ac0ec2506c93dd488131d5946f131a0d40dcdcb
GCA	GCA_900055385.1	GCA/ncbi_dataset/data/GCA_900055385.1/GCA_900055385.1_13414_2_15_genomic.fna	2078151	64a555129cfc14e4f87d2fee689b5f2cfe7b2ee697d313a04d10b81f4c1a5036
GCA	GCA_900055385.1	GCA/ncbi_dataset/data/GCA_900055385.1/genomic.gbff	4668557	3ce6dc8882013aa0a9467abe678303439a1568173ca315a393bea1a9fec26f6f
GCA	GCA_900055385.1	GCA/ncbi_dataset/data/GCA_900055385.1/genomic.gff	838737	1174b295768f05c67d371f9d8908514c0bba3f83e49be0aa871affaf7c93cdd5
GCA	GCA_900055385.1	GCA/ncbi_dataset/data/GCA_900055385.1/sequence_report.jsonl	12228	d309e171e7233bf6862bd2bfdd747c99a62572acdb8dd60095f5c3045755a9b4
GCA	GCA_900055395.1	GCA/ncbi_dataset/data/GCA_900055395.1/GCA_900055395.1_13414_2_64_genomic.fna	2110011	ebaadb0d2d43aae994c422bfd7a697bc5a0aa545d2f86f2a0d79610a38c40ee5
GCA	GCA_900055395.1	GCA/ncbi_dataset/data/GCA_900055395.1/genomic.gbff	4751490	7cf0ae0d0d4bf3caebee9f03a8765d2861e01193625f17f330fa847208c6bf27
GCA	GCA_900055395.1	GCA/ncbi_dataset/data/GCA_900055395.1/genomic.gff	857161	7f9649e8dca5b64b3aee96e676b21cd7e7c2dfeeac1a569d09b01d0f67f38bed
GCA	GCA_900055395.1	GCA/ncbi_dataset/data/GCA_900055395.1/sequence_report.jsonl	11926	90a74b487ec5ea6540dab3af10b0c09c804352d8404df880277d8ec6c5b0de96
GCA	GCA_900055405.1	GCA/ncbi_dataset/data/GCA_900055405.1/GCA_900055405.1_13414_3_24_genomic.fna	2084119	12036723b51277665237d1063b09364cc4995960b1447e9fdc20f7a56e327724
GCA	GCA_900055405.1	GCA/ncbi_dataset/data/GCA_900055405.1/genomic.gbff	4684037	cde652d3a667636724cce0b67a6a946637558931aa95bb2bdb0751cd46d20313
GCA	GCA_900055405.1	GCA/ncbi_dataset/data/GCA_900055405.1/genomic.gff	841730	26397dc2a4dcd04a20162e874014c71312f3ac31c6d3910446b73aae792ceca4
GCA	GCA_900055405.1	GCA/ncbi_dataset/data/GCA_900055405.1/sequence_report.jsonl	10096	a19a7ccba1afdacd0f9ac8538b45b684e9ddbdb0209aeed26562c9451bc89af7
GCA	GCA_900055415.1	GCA/ncbi_dataset/data/GCA_900055415.1/GCA_900055415.1_13414_3_31_genomic.fna	2091191	9b220c9442b7af7962b72cd6eb2c7ea609a1678acd402af465e98c379797fd17
GCA	GCA_900055415.1	GCA/ncbi_dataset/data/GCA_900055415.1/genomic.gbff	4689486	4ef527570478b3d2db8f1578ad1e1eaf97f8f04d4f800e02a9245020f5844e62
GCA	GCA_900055415.1	GCA/ncbi_dataset/data/GCA_900055415.1/genomic.gff	845310	f91bb38d7d1e5a60ba268938ba530589ca29b8ef7cf3609741a0ce1e04f3a6cd
GCA	GCA_900055415.1	GCA/ncbi_dataset/data/GCA_900055415.1/sequence_report.jsonl	5814	0f4926e845d7d287bed3bc3b208deafc2a0d9aca0cf02d3694c7c56c4dcaf065
GCA	GCA_900055425.1	GCA/ncbi_dataset/data/GCA_900055425.1/GCA_900055425.1_13414_3_35_genomic.fna	2120649	9a3052550b344b0a60ea8e0664df3010763413adba988efb788a5a2728c1282e
GCA	GCA_900055425.1	GCA/ncbi_dataset/data/GCA_900055425.1/genomic.gbff	4789730	173dd4ad8e4a9df35822ed7bbd6a644f545abba5933dc110d2e9130d723b72e3
GCA	GCA_900055425.1	GCA/ncbi_dataset/data/GCA_900055425.1/genomic.gff	877450	97d318915fdef2679c9dc881583e92a915778becd5ed3676c9ccd0ad9f982b82
GCA	GCA_900055425.1	GCA/ncbi_dataset/data/GCA_900055425.1/sequence_report.jsonl	6730	79b169e588b7deec0217889095b834184c48c52538938ff5f023793b736dabb2
GCA	GCA_900055435.1	GCA/ncbi_dataset/data/GCA_900055435.1/GCA_900055435.1_14673_4_15_genomic.fna	2013172	42bb3562edf2608729e6e0041ec259bda452b88999462bb3f41c2783674c8760
GCA	GCA_900055435.1	GCA/ncbi_dataset/data/GCA_900055435.1/genomic.gbff	4516998	4155d3609f9c04c632e484272047c89be626c4f5859386e1931b75881bca4e18
GCA	GCA_900055435.1	GCA/ncbi_dataset/data/GCA_900055435.1/genomic.gff	805008	e3076ea33457d07cc3719565cc162581be630220eef149f671d08ae4cc7fa475
GCA	GCA_900055435.1	GCA/ncbi_dataset/data/GCA_900055435.1/sequence_report.jsonl	10395	73098bf490b9be1b88e1f6920ba72c24f1f4ca77b1fe1e7d818ebce57c3e6081
GCA	GCA_900055655.1	GCA/ncbi_dataset/data/GCA_900055655.1/GCA_900055655.1_11658_2_66_genomic.fna	2076537	4bfc5000b992dafbd13b8f61249a63246ed76f1b6ec23321fdf180399bceea03
GCA	GCA_900055655.1	GCA/ncbi_dataset/data/GCA_900055655.1/genomic.gbff	4672897	3a6893251511743fae5515caca38f548bffa1740a914c03114bd82c0734dd6fd
GCA	GCA_900055655.1	GCA/ncbi_dataset/data/GCA_900055655.1/genomic.gff	841248	cc560fb2c5f5fdd374ec75a896232c5f6271314bcdb862fdae6f5a141a63ba16
GCA	GCA_900055655.1	GCA/ncbi_dataset/data/GCA_900055655.1/sequence_report.jsonl	11617	4011498a52747291b76549c2d728de02647b184f1d7a8920adb0c169fb6c486a
GCA	GCA_900055665.1	GCA/ncbi_dataset/data/GCA_900055665.1/GCA_900055665.1_11657_4_49_genomic.fna	2131276	13e9606bc7c46c883e829f3cfc6749b13b6f6e2e31f663b1a61cf8e0943062cc
GCA	GCA_900055665.1	GCA/ncbi_dataset/data/GCA_900055665.1/genomic.gbff	4785636	92b948e4cbf98028da23065ab03fd282b551ff63fb7a8097159dd61ec1e0ebde
GCA	GCA_900055665.1	GCA/ncbi_dataset/data/GCA_900055665.1/genomic.gff	993153	0172ec38abd7aebb5f6f4ee9693b765e0e658a2c7d22c05fdd4cc9e9b04f4244
GCA	GCA_900055665.1	GCA/ncbi_dataset/data/GCA_900055665.1/sequence_report.jsonl	9175	92615a0efd7d300b2100384366a578f6dc40d0dd028a107264b4e5bf46e6b99b
GCA	GCA_900055675.1	GCA/ncbi_dataset/data/GCA_900055675.1/GCA_900055675.1_12291_4_89_genomic.fna	2059330	f765af72b889d5cad569e3156ce2fdeb249dd08f5ab61ccaf6f64ef6f15b86f6
GCA	GCA_900055675.1	GCA/ncbi_dataset/data/GCA_900055675.1/genomic.gbff	4620252	fcb661731450723e39e9192c9fa571ff2b206b85ca6309c9a2cf18c5400956bd
GCA	GCA_900055675.1	GCA/ncbi_dataset/data/GCA_900055675.1/genomic.gff	827794	d2f1fc4ff2ccaa6e5c75df50b6c9795e5cf1bba3e5c898c1c095b1894b2b7ff1
GCA	GCA_900055675.1	GCA/ncbi_dataset/data/GCA_900055675.1/sequence_report.jsonl	11314	a3aba9f457be651585215d05fbc969628260099cddc8d2e7cbc5b19f86459938
GCA	GCA_900055685.1	GCA/ncbi_dataset/data/GCA_900055685.1/GCA_900055685.1_13414_2_50_genomic.fna	2090507	71c43ff6344fbe575a85bce4b972451d4c3ba8ce31757d40dfb4340983b98565
GCA	GCA_900055685.1	GCA/ncbi_dataset/data/GCA_900055685.1/genomic.gbff	4704658	1b422c953c8222472bc2d07a6e82fd50e20b49cadb89db1706576b24e3837199
GCA	GCA_900055685.1	GCA/ncbi_dataset/data/GCA_900055685.1/genomic.gff	844845	fec9a57d72c44cc017189af2d1f6649ef444f9d9de873b57e32d7a274159f9cd
GCA	GCA_900055685.1	GCA/ncbi_dataset/data/GCA_900055685.1/sequence_report.jsonl	10712	a0304999dc0b3587c922e31082edf061846f4b31cba7798b5d66b46f811e0c46
GCA	GCA_900055695.1	GCA/ncbi_dataset/data/GCA_900055695.1/GCA_900055695.1_13414_2_52_genomic.fna	2172519	fe058df7b7057bf663daf34a88b8eff89511002fff9cdf920064061e0d7c4ee2
GCA	GCA_900055695.1	GCA/ncbi_dataset/data/GCA_900055695.1/genomic.gbff	4900639	230d1ec5b9d6ecaf6259fa183b09a270984d28dff4d45976f3ef7d31568f5af3
GCA	GCA_900055695.1	GCA/ncbi_dataset/data/GCA_900055695.1/genomic.gff	883313	f8ef289103df7df2f668ece5dd62a6573e0c7ab906b8b5fbd8432d8d77f1107c
GCA	GCA_900055695.1	GCA/ncbi_dataset/data/GCA_900055695.1/sequence_report.jsonl	16805	2bce86a5ae4287fa4cf49fc85b714e51a20a1757ce2fb5e8044552ca77d87bfe
GCA	GCA_900055705.1	GCA/ncbi_dataset/data/GCA_900055705.1/GCA_900055705.1_13414_3_28_genomic.fna	2112706	fb739dffa35d841b46e0eebef5478eeb484eb4325cdbf1941d786968ff440707
GCA	GCA_900055705.1	GCA/ncbi_dataset/data/GCA_900055705.1/genomic.gbff	4754216	661e7a4bc2c969294f7ad70cffe8fd80e6c949c9b9bf66fbcaa5d344cd47034e
GCA	GCA_900055705.1	GCA/ncbi_dataset/data/GCA_900055705.1/genomic.gff	855765	7cd6471e1d7a4c3ee8a224f5c6db06748ef505a85ef16a5e591ee2415539be6b
GCA	GCA_900055705.1	GCA/ncbi_dataset/data/GCA_900055705.1/sequence_report.jsonl	11315	3ab457dd706b050f4c7cd6224f330ab335539a77ed603cee526a00903d5f4a95
GCA	GCA_900055715.1	GCA/ncbi_dataset/data/GCA_900055715.1/GCA_900055715.1_13414_3_38_genomic.fna	2199303	b9d052b477f6c5984ea1f0072c7fb5e1ff5581ff41ef680cc441bed846be2f65
GCA	GCA_900055715.1	GCA/ncbi_dataset/data/GCA_900055715.1/genomic.gbff	4973496	8ed024558bd476afa22d50157d5dc8802e5e9f74862f78cc4ad8ae3fa37c797a
GCA	GCA_900055715.1	GCA/ncbi_dataset/data/GCA_900055715.1/genomic.gff	904341	6cf486078eb7058b79c1a9077e02638066f1ea1e8e5ff24321dbb517fa4aee7f
GCA	GCA_900055715.1	GCA/ncbi_dataset/data/GCA_900055715.1/sequence_report.jsonl	18646	a9e3d26bb3ee238bd37c0f651ec874cf58059f7eba44fbb32f69dea4298fbcc9
GCA	GCA_900055725.1	GCA/ncbi_dataset/data/GCA_900055725.1/GCA_900055725.1_14673_4_40_genomic.fna	2087494	231061bf44b7f707dc1a21adf7d52f972d3b86cbc425781b156a29258368f576
GCA	GCA_900055725.1	GCA/ncbi_dataset/data/GCA_900055725.1/genomic.gbff	4679143	86fe4a96bb1de0f4919efb1048085d2f1e8a692976185142e568ab1ce4de67db
GCA	GCA_900055725.1	GCA/ncbi_dataset/data/GCA_900055725.1/genomic.gff	831698	9cf851b1285ae6d7e3b425f7618ecfc9fd69f476bbf3bf158cade45765cda5ee
GCA	GCA_900055725.1	GCA/ncbi_dataset/data/GCA_900055725.1/sequence_report.jsonl	10096	2d886c8deb9484a32005e665114eabbe40275675fc92cba6cb0a942553d4f223
GCA	GCA_900055735.1	GCA/ncbi_dataset/data/GCA_900055735.1/GCA_900055735.1_14673_4_42_genomic.fna	2128411	7960bea003b8f4b956160b6dfe65b0b29d19f6769c88eb3afd9a3240eb7a511d
GCA	GCA_900055735.1	GCA/ncbi_dataset/data/GCA_900055735.1/genomic.gbff	4793221	401b3036f6a7ab7467f8e3e4959dce60903d6c1a5f56b3eb9aa6e020e11b83f2
GCA	GCA_900055735.1	GCA/ncbi_dataset/data/GCA_900055735.1/genomic.gff	858606	0018805496085f71b156162cf2fd051e2c3e702870786c71a93add81eda554e2
GCA	GCA_900055735.1	GCA/ncbi_dataset/data/GCA_900055735.1/sequence_report.jsonl	18952	9c9ee2af851885583fda07ca22fff2243dc45807fe40aaa7aaf685f54dcb7918
GCA	GCA_900055965.1	GCA/ncbi_dataset/data/GCA_900055965.1/GCA_900055965.1_11679_1_39_genomic.fna	2010956	9ffb9afd1454f469072654f7a97bfd016bb955776feb7d005923bcf361625447
GCA	GCA_900055965.1	GCA/ncbi_dataset/data/GCA_900055965.1/genomic.gbff	4526691	713065b40773290a7ebb1387be54077e9aa17b7de09d520d523604a1b8ee2fe6
GCA	GCA_900055965.1	GCA/ncbi_dataset/data/GCA_900055965.1/genomic.gff	811734	4c5694addc4bc3564e9e90b248d62a265d1752b72e49984e156421575b380299
GCA	GCA_900055965.1	GCA/ncbi_dataset/data/GCA_900055965.1/sequence_report.jsonl	8810	2ccc564f2d192a8cef78e8ea3d88f3a1431483e1c7bbf456f6a91b29ac7f5a4f
GCA	GCA_900055975.1	GCA/ncbi_dataset/data/GCA_900055975.1/GCA_900055975.1_11822_8_79_genomic.fna	2123593	663f78b7a9d8172edb8e05e3616c2a41c9b4bcd2048bdb9f9ac6b29b1a83e38f
GCA	GCA_900055975.1	GCA/ncbi_dataset/data/GCA_900055975.1/genomic.gbff	4769721	d2a0a4fca44d433725a963c3b7a32d725e80706fff4f631bf18c8472b6f90d62
GCA	GCA_900055975.1	GCA/ncbi_dataset/data/GCA_900055975.1/genomic.gff	859057	7e86c5198ec2c6dc752bae612820cbe5e820c9a9d942fb8d86a289946408dece
GCA	GCA_900055975.1	GCA/ncbi_dataset/data/GCA_900055975.1/sequence_report.jsonl	6428	ed7c92f2ad8c026ea1a8331b0b8d7e6a5860d5230b3785c5a4da03b7128284c6
GCA	GCA_900055985.1	GCA/ncbi_dataset/data/GCA_900055985.1/GCA_900055985.1_13154_3_26_genomic.fna	2086014	fc26cf3a6abf05e9326dd9224ae88dfdf7e0afab0e382eae9a8a24c8b8c39a11
GCA	GCA_900055985.1	GCA/ncbi_dataset/data/GCA_900055985.1/genomic.gbff	4692765	259812ded507da5a869a7e089329d62567a57589f3ca731b44b0da2c1212d082
GCA	GCA_900055985.1	GCA/ncbi_dataset/data/GCA_900055985.1/genomic.gff	841119	cf9eb2dea544dd8fb40c6e7acb8969b4e10c81a4de3151a91c8fdee402847d99
GCA	GCA_900055985.1	GCA/ncbi_dataset/data/GCA_900055985.1/sequence_report.jsonl	8261	79a498fb179ad6d9d6c68558af93d8a80ac52955c8a94cf7e67dd72b30edf3e5
GCA	GCA_900055995.1	GCA/ncbi_dataset/data/GCA_900055995.1/GCA_900055995.1_13154_3_57_genomic.fna	2116878	b957a10da3c291643c44765b97a00f2b2938c317e15606116f198e10e93bb8fc
GCA	GCA_900055995.1	GCA/ncbi_dataset/data/GCA_900055995.1/genomic.gbff	4749444	51edd142c686758f9a9114caff724ce3d166bfc3bd4e3d4071833f307f0b87ab
GCA	GCA_900055995.1	GCA/ncbi_dataset/data/GCA_900055995.1/genomic.gff	852314	3386a7174bb9c2501c86f3b5ab5105766989a75df70f3aa2040cb1c1c52af8b3
GCA	GCA_900055995.1	GCA/ncbi_dataset/data/GCA_900055995.1/sequence_report.jsonl	11617	8bf5f4eb80a95e6d2be050e53a2fe761683f6924c047990b12a196bb5d7bfc12
GCA	GCA_900056005.1	GCA/ncbi_dataset/data/GCA_900056005.1/GCA_900056005.1_13154_3_61_genomic.fna	2144687	021271b19ef1eb22404e707a408669d675cd782947e926c6fa97c8e82955b8c3
GCA	GCA_900056005.1	GCA/ncbi_dataset/data/GCA_900056005.1/genomic.gbff	4851445	08ac23e4e03dfb68062803bae83b40f56aa531a9693a8b03c7c4d7b641c37c78
GCA	GCA_900056005.1	GCA/ncbi_dataset/data/GCA_900056005.1/genomic.gff	1003119	e7678dda8e5a0af95d3e5ad01a174824163363595c193c7bde67b4afc46c9226
GCA	GCA_900056005.1	GCA/ncbi_dataset/data/GCA_900056005.1/sequence_report.jsonl	18645	79cf052d550936538cea2f7559bd734d180ccb5a59de64b01d53c1f019c206e9
GCA	GCA_900056015.1	GCA/ncbi_dataset/data/GCA_900056015.1/GCA_900056015.1_13154_3_62_genomic.fna	2061589	d2a73d2ff4e8acb7fb970bd1edf745d5dfee7c720659ed556403f5576630178e
GCA	GCA_900056015.1	GCA/ncbi_dataset/data/GCA_900056015.1/genomic.gbff	4641249	2bb64927816576d709c4ba2477701b338a3d81ed606e961c05918289ef688b56
GCA	GCA_900056015.1	GCA/ncbi_dataset/data/GCA_900056015.1/genomic.gff	953737	a4b5de4c4946869a43a359f6b2a22248189899eb9f440b68ba89d7d27d25ffcb
GCA	GCA_900056015.1	GCA/ncbi_dataset/data/GCA_900056015.1/sequence_report.jsonl	12835	c44a208966bcac18109a533057734aa6e60d6ed7eb1cbcb00c2a11835fc11a6a
GCA	GCA_900056025.1	GCA/ncbi_dataset/data/GCA_900056025.1/GCA_900056025.1_13414_3_42_genomic.fna	2027348	b4928b12626ccd8740e178b2361f7d3ed7bdf5a48b45ed39e2da21d401240415
GCA	GCA_900056025.1	GCA/ncbi_dataset/data/GCA_900056025.1/genomic.gbff	4549679	a73672a965f60d81497997bd74b11e31eb2c977eca4ef885e1605442a636ce3a
GCA	GCA_900056025.1	GCA/ncbi_dataset/data/GCA_900056025.1/genomic.gff	807370	f2ba0b641778823d88678b0c65ab875c96f83d819d2a70b0f07532f6d4c75961
GCA	GCA_900056025.1	GCA/ncbi_dataset/data/GCA_900056025.1/sequence_report.jsonl	10095	dfc1c034912fa9e367cc8f5e0c4131950a783805652345c504d91b587bebbd12
GCA	GCA_900056035.1	GCA/ncbi_dataset/data/GCA_900056035.1/GCA_900056035.1_14673_4_67_genomic.fna	2001044	5ed92abd76c2ca2ba2cee648cff4288891d4fed9321256aa96171ac008a7f1ea
GCA	GCA_900056035.1	GCA/ncbi_dataset/data/GCA_900056035.1/genomic.gbff	4468891	0e8a2161e5ce0e2182008b46e8c6c29984b06433a386834ec364484acf5c6ad9
GCA	GCA_900056035.1	GCA/ncbi_dataset/data/GCA_900056035.1/genomic.gff	792738	eeb66e0a6d2d7f8b7b6a4d0687b46444dcee10fe5dca3058290426bb0eea4a20
GCA	GCA_900056035.1	GCA/ncbi_dataset/data/GCA_900056035.1/sequence_report.jsonl	7037	0f3993140ad5c70d171e169f12d31bfca5300459b492f0925ba43e30982bbada
GCA	GCA_900056325.1	GCA/ncbi_dataset/data/GCA_900056325.1/GCA_900056325.1_11679_1_51_genomic.fna	2024003	3278bcf78136c16beaebc21c04e07c9696d6550bd73888e069abf659aec10a74
GCA	GCA_900056325.1	GCA/ncbi_dataset/data/GCA_900056325.1/genomic.gbff	4542860	4d8894d866f7752d3d487174111ce13c56cdaed7604e1fd3d8cf05eb564fba8c
GCA	GCA_900056325.1	GCA/ncbi_dataset/data/GCA_900056325.1/genomic.gff	812946	bae2b291261c55d5236df8bbc53ce6098d2205b3022b7d1b25dc078e2691a22c
GCA	GCA_900056325.1	GCA/ncbi_dataset/data/GCA_900056325.1/sequence_report.jsonl	8566	33c55abd7da07a9e3533e02f9fd821bd88effe1eb6f27b1ad73f2a2131256a5b
GCA	GCA_900056335.1	GCA/ncbi_dataset/data/GCA_900056335.1/GCA_900056335.1_13091_6_82_genomic.fna	2127159	ed515dc228facc7eb0ae259a6c3fdd475df7c921b5d3592f1670f278aa9c1091
GCA	GCA_900056335.1	GCA/ncbi_dataset/data/GCA_900056335.1/genomic.gbff	4796909	5000d89dfa798e6dcc0cdc4c12b50446a5ecc0b612c2f555e2096c26b1dd90cd
GCA	GCA_900056335.1	GCA/ncbi_dataset/data/GCA_900056335.1/genomic.gff	865850	4e7a13a5bd385645b3e62da58c6b6f10198218a34551574cc67fe81775fe5458
GCA	GCA_900056335.1	GCA/ncbi_dataset/data/GCA_900056335.1/sequence_report.jsonl	20430	dfe72b862c75a0fc327ebfd36639d085710190aca5843fbb6ad3e3442b5328c4
GCA	GCA_900056345.1	GCA/ncbi_dataset/data/GCA_900056345.1/GCA_900056345.1_13154_3_25_genomic.fna	2143930	e742cfdb39d51112044aa8584fbe88d1ad6fa914941352ce360606d26ac466cc
GCA	GCA_900056345.1	GCA/ncbi_dataset/data/GCA_900056345.1/genomic.gbff	4817329	a3d4397d2be3c9565926ed80143f3be6498f536d06022a6ccd0f4ed379d9ef64
GCA	GCA_900056345.1	GCA/ncbi_dataset/data/GCA_900056345.1/genomic.gff	1000695	9acc4c1d53f65bda3e86df699b1b0c937297a32346d24009ab8bbaacf5992c4e
GCA	GCA_900056345.1	GCA/ncbi_dataset/data/GCA_900056345.1/sequence_report.jsonl	9483	626b7fb39aa68e17b6175fa34c29de39c917e840aead80d67fc3d2f57b78acb1
GCA	GCA_900056355.1	GCA/ncbi_dataset/data/GCA_900056355.1/GCA_900056355.1_13154_3_29_genomic.fna	2116872	4aebe1f71bbf65442fa00f3e5842b608e0812f756ecc9f22ce6ce46d9592e69c
GCA	GCA_900056355.1	GCA/ncbi_dataset/data/GCA_900056355.1/genomic.gbff	4756910	2c0711f3c6928441d5e47b53ad1f29cf624498bd89384ed4a77f85b26be7c279
GCA	GCA_900056355.1	GCA/ncbi_dataset/data/GCA_900056355.1/genomic.gff	855280	9d15b701c6dd83188203482a393ef68354273f9ffada2209bfde9210288762de
GCA	GCA_900056355.1	GCA/ncbi_dataset/data/GCA_900056355.1/sequence_report.jsonl	11308	403d6f4a4f40da5ef77349ec4f99ec004522741ad89c4f13b90507a8fbc38eda
GCA	GCA_900056365.1	GCA/ncbi_dataset/data/GCA_900056365.1/GCA_900056365.1_13154_3_86_genomic.fna	2124077	9134777752e14d4e50caf1d4a79b90ac02248ea12d988b692a440926505d23cf
GCA	GCA_900056365.1	GCA/ncbi_dataset/data/GCA_900056365.1/genomic.gbff	4773214	2deaf18b164267a53706bc4f498565f3461b7f475aba29c7d36e7e4a880cb1df
GCA	GCA_900056365.1	GCA/ncbi_dataset/data/GCA_900056365.1/genomic.gff	854271	a8440e7e388d88550d8d6416b6f65e1ef0764004c465b3dec63042b5db1180b0
GCA	GCA_900056365.1	GCA/ncbi_dataset/data/GCA_900056365.1/sequence_report.jsonl	12837	7a5626655db576f867afeec2bf23788050206daeb3febea33b634dc18db88e56
GCA	GCA_900056375.1	GCA/ncbi_dataset/data/GCA_900056375.1/GCA_900056375.1_13414_2_36_genomic.fna	2089227	ad3233974745ae744c57e55549018698d70ca243128314cb6432fc135fb00220
GCA	GCA_900056375.1	GCA/ncbi_dataset/data/GCA_900056375.1/genomic.gbff	4684806	cbf51dfd86d0e4d2b442814c5042b246c4249e2303fa8b4fd05991ba4af08db1
GCA	GCA_900056375.1	GCA/ncbi_dataset/data/GCA_900056375.1/genomic.gff	830719	88f866016eee38adf166aafc8395027563b0ed17501ae382de18f0ec6b5d4e01
GCA	GCA_900056375.1	GCA/ncbi_dataset/data/GCA_900056375.1/sequence_report.jsonl	13450	206ce8fc02b4c5e229f51eaa106ecbf3da0013b722202c0a35c5d4a3ab73fd8f
GCA	GCA_900056385.1	GCA/ncbi_dataset/data/GCA_900056385.1/GCA_900056385.1_13414_2_37_genomic.fna	2135707	ab70e9f336f028396a12e537826ad371dae238ffa3b1ff2cac1ee495ea35b3eb
GCA	GCA_900056385.1	GCA/ncbi_dataset/data/GCA_900056385.1/genomic.gbff	4796020	5f88e8b62e9cd623a5f01664b4466f96957df31f2324190ceb1a42dd43ad2c6e
GCA	GCA_900056385.1	GCA/ncbi_dataset/data/GCA_900056385.1/genomic.gff	860603	38bd81c2d5671ff235c9c0656de257b82dad3fd46685e91ca616b190c10857a5
GCA	GCA_900056385.1	GCA/ncbi_dataset/data/GCA_900056385.1/sequence_report.jsonl	11012	137bde436e16ee7d1d06afe3f8d224dd6a2b9d4a179fcd77a5e42b88a1a1505e
GCA	GCA_900056395.1	GCA/ncbi_dataset/data/GCA_900056395.1/GCA_900056395.1_13414_2_59_genomic.fna	2116165	2be3dab42e4b42e2895befa016e18987328c9bb3d4ff36917386b7811bae25e8
GCA	GCA_900056395.1	GCA/ncbi_dataset/data/GCA_900056395.1/genomic.gbff	4745986	f81054218668697cfa6ac63099c7941631e41e8e7cb50f58a8ffd447d191e219
GCA	GCA_900056395.1	GCA/ncbi_dataset/data/GCA_900056395.1/genomic.gff	849609	2c0cf3266731403ba64f3769614c387bbb4b794df872f6e516edddebe831787a
GCA	GCA_900056395.1	GCA/ncbi_dataset/data/GCA_900056395.1/sequence_report.jsonl	10090	7adf9af9818fdf1b8f0ad430a75a0c82ec55fa160e249e3c9e84403a174a8f3c
GCA	GCA_900056405.1	GCA/ncbi_dataset/data/GCA_900056405.1/GCA_900056405.1_13414_2_61_genomic.fna	2193903	055a4becfcfaede1cc686b0c64f74445b22eea5c131a5497564a77cc5d5dc8c1
GCA	GCA_900056405.1	GCA/ncbi_dataset/data/GCA_900056405.1/genomic.gbff	4944450	6cb4d666df7212026baaf526e4add9203be8abdc88fc307f29a16d3de74c98e6
GCA	GCA_900056405.1	GCA/ncbi_dataset/data/GCA_900056405.1/genomic.gff	900036	9ab94e2c9291b38580c20af670604be1dada2e6589658f349c035be85b2d65a9
GCA	GCA_900056405.1	GCA/ncbi_dataset/data/GCA_900056405.1/sequence_report.jsonl	10696	8a85b666ab84bd41dfb0deaf95fbe831a3420c1cf5042ab468114c91245e2ea0
GCA	GCA_900056415.1	GCA/ncbi_dataset/data/GCA_900056415.1/GCA_900056415.1_13414_2_92_genomic.fna	2120229	3e2d329d8a7937f9b90008ee3bfcfa53d962611919585beca21cd5ef77ea2a32
GCA	GCA_900056415.1	GCA/ncbi_dataset/data/GCA_900056415.1/genomic.gbff	4771531	cd06807ce738e84c8dea220a40f8829e0f04d8f293a3a0840c20c28e193a1aa7
GCA	GCA_900056415.1	GCA/ncbi_dataset/data/GCA_900056415.1/genomic.gff	865422	c228d9e325df2bb3a01bd39a6f64ecb9714ffae7184c72598ef5bd0ec486f894
GCA	GCA_900056415.1	GCA/ncbi_dataset/data/GCA_900056415.1/sequence_report.jsonl	6422	d83fa2a66cef3832f67e41d19c849782120011db9c0527b20a15bfd204156e02
GCA	GCA_900056425.1	GCA/ncbi_dataset/data/GCA_900056425.1/GCA_900056425.1_13414_3_17_genomic.fna	2169738	671b2b54faa4c007c4dfbf6933803c4cb61516b2d72664e167be702d7ba2c83a
GCA	GCA_900056425.1	GCA/ncbi_dataset/data/GCA_900056425.1/genomic.gbff	4893259	4c175d13bc1fcc994d0a24b3c8b57810f7035632bd3f619a17f5a232307dab35
GCA	GCA_900056425.1	GCA/ncbi_dataset/data/GCA_900056425.1/genomic.gff	881907	2885e0ec4aeb2478b8c5bb5b44eec2b6274471dd7a318220ce7adc01929b4d8f
GCA	GCA_900056425.1	GCA/ncbi_dataset/data/GCA_900056425.1/sequence_report.jsonl	17726	190f01c82d87edfa1c5fe2e2f3247b87af3f12622cf6e24c8a736bf1eaef14d3
GCA	GCA_900056435.1	GCA/ncbi_dataset/data/GCA_900056435.1/GCA_900056435.1_13414_3_14_genomic.fna	2123120	0bd475e35fbddbbd31f8aff8bbd283a924fbcc261e536f1cb41983622c205b80
GCA	GCA_900056435.1	GCA/ncbi_dataset/data/GCA_900056435.1/genomic.gbff	4755065	c97245df436f4b1c8b13428fce65f6efaa96041e383876c01762367bbf906e0b
GCA	GCA_900056435.1	GCA/ncbi_dataset/data/GCA_900056435.1/genomic.gff	844888	3b91d9807f9048a3726828e308e9b2092dc83c225b24722502d94e2f5b35c57f
GCA	GCA_900056435.1	GCA/ncbi_dataset/data/GCA_900056435.1/sequence_report.jsonl	12840	1510c897232d74288bbe22ce1fe21aadc84e9e5b3040e6834cf13d4434176221
GCA	GCA_900056695.1	GCA/ncbi_dataset/data/GCA_900056695.1/GCA_900056695.1_11657_8_27_genomic.fna	2132639	3f8d92e86a51eef73d7f80669cf01b7181c11372ed08ed240a739b249f751176
GCA	GCA_900056695.1	GCA/ncbi_dataset/data/GCA_900056695.1/genomic.gbff	4783231	649632632c505451725caec6b74580eaaf17b154425382aa9b3a81f4d364af9a
GCA	GCA_900056695.1	GCA/ncbi_dataset/data/GCA_900056695.1/genomic.gff	853323	dd206abc25e9507c60be448ddac1c6cc181106de2afa6cb9fd825ad7384ceb1f
GCA	GCA_900056695.1	GCA/ncbi_dataset/data/GCA_900056695.1/sequence_report.jsonl	13059	bf63e30b7b4b2789e6ba1eb21e28b48c22148d7cf4fe1e219dfbce815e492fe7
GCA	GCA_900056705.1	GCA/ncbi_dataset/data/GCA_900056705.1/GCA_900056705.1_11511_8_59_genomic.fna	2096934	09dd8102d00b0dd6b6b543d90c894c47c8514b3d46319bd3150ec77e6b3d8311
GCA	GCA_900056705.1	GCA/ncbi_dataset/data/GCA_900056705.1/genomic.gbff	4726781	235fb7c14c44b171943d5625df039892bd0728796452e8b471941f050e7979d9
GCA	GCA_900056705.1	GCA/ncbi_dataset/data/GCA_900056705.1/genomic.gff	849995	b6e415eea9c69be48da48bb30641b5d68a3b65d71465ea328cd09cae383ba47b
GCA	GCA_900056705.1	GCA/ncbi_dataset/data/GCA_900056705.1/sequence_report.jsonl	18609	25824258238f592ac820bea77e23bd446714e47ee14a6796d094a44e57c7bf05
GCA	GCA_900056715.1	GCA/ncbi_dataset/data/GCA_900056715.1/GCA_900056715.1_13414_1_45_genomic.fna	2100429	418cfd998caa6963c5cdbfcbc127d0d8ae898c2955a2f035d039bd1476e4f02c
GCA	GCA_900056715.1	GCA/ncbi_dataset/data/GCA_900056715.1/genomic.gbff	4731716	297732ba5161c4d3b2d48b6f8b35c1d6ec012cd920df4dab234d18741f7adb3a
GCA	GCA_900056715.1	GCA/ncbi_dataset/data/GCA_900056715.1/genomic.gff	852651	7f14a69c72a2cd3f617693a632005bda33398754ba2453c371b48cd46d7d4724
GCA	GCA_900056715.1	GCA/ncbi_dataset/data/GCA_900056715.1/sequence_report.jsonl	11010	b59128f19198703faa8cf2427a6107e84d65cffcdb52b526dc5b6f586bd51438
GCA	GCA_900056725.1	GCA/ncbi_dataset/data/GCA_900056725.1/GCA_900056725.1_13414_2_16_genomic.fna	2095549	5d2131e890b402ed1d400955efa8529e35478790414f29ec93eb21814e0f2a17
GCA	GCA_900056725.1	GCA/ncbi_dataset/data/GCA_900056725.1/genomic.gbff	4697129	a6b8e63d1e22e683e40ade20745d5264746aa667ec70beb50fa6010c258bf5e0
GCA	GCA_900056725.1	GCA/ncbi_dataset/data/GCA_900056725.1/genomic.gff	834641	a69d240f24c9b079a14d9fee4058917704ffb7395891122997a12e7c81f2b873
GCA	GCA_900056725.1	GCA/ncbi_dataset/data/GCA_900056725.1/sequence_report.jsonl	13144	7d7f16bcfb9d645882bee7fce5b30bb89333c64e98d8b0b3ceea8fd69df48761
GCA	GCA_900056735.1	GCA/ncbi_dataset/data/GCA_900056735.1/GCA_900056735.1_14673_4_27_genomic.fna	2022034	49cb086b650a1ae97eb9fa6884bcbfcbe49f70ee926411078bd6d712260b3511
GCA	GCA_900056735.1	GCA/ncbi_dataset/data/GCA_900056735.1/genomic.gbff	4554100	56c3cc75235f37d8da0b5109ee5d344c28f8307a93c0a5534bce15a3e83fb366
GCA	GCA_900056735.1	GCA/ncbi_dataset/data/GCA_900056735.1/genomic.gff	813804	df2509b22e8aac3040683d41c8db4cb324f8500d70585defbccff815c713876b
GCA	GCA_900056735.1	GCA/ncbi_dataset/data/GCA_900056735.1/sequence_report.jsonl	13452	7b51628e96ac5601cd588eafc22f5a56c4bc5c3cb3a425f094027075edf71fe0
GCA	GCA_900056985.1	GCA/ncbi_dataset/data/GCA_900056985.1/GCA_900056985.1_12291_5_3_genomic.fna	2138879	9be611b6f5dd755bbcff4313da2b831ff20123cf7398997f61c9f08aa779fb0b
GCA	GCA_900056985.1	GCA/ncbi_dataset/data/GCA_900056985.1/genomic.gbff	4848617	fc29342f16c0a7d34f3c8125c6106a40878a8e7fca0abd19249b3614922586d7
GCA	GCA_900056985.1	GCA/ncbi_dataset/data/GCA_900056985.1/genomic.gff	873399	d530f42a12293bce777afdfefd80f06dba434a595ff8a9d6b1999902d07c87cd
GCA	GCA_900056985.1	GCA/ncbi_dataset/data/GCA_900056985.1/sequence_report.jsonl	29559	854fc3a559dd79ab1ca5d49c0c436fb3eacd405ab89e5d44a9b48e12b1f2e2e2
GCA	GCA_900056995.1	GCA/ncbi_dataset/data/GCA_900056995.1/GCA_900056995.1_13154_3_30_genomic.fna	2185903	8fd7ead3cbf9943089cf14c0b4f89194efc102f2ca04f5ee2732ed44152af461
GCA	GCA_900056995.1	GCA/ncbi_dataset/data/GCA_900056995.1/genomic.gbff	5067863	8f8e613650ffe181be8d76a1aae3d84bcccbc37b30f0b0223f82869498791a3c
GCA	GCA_900056995.1	GCA/ncbi_dataset/data/GCA_900056995.1/genomic.gff	1045844	5cbdabd82227735534064dc44ee22a936c2c9dd2d2eef1587b5ca3a7eade236a
GCA	GCA_900056995.1	GCA/ncbi_dataset/data/GCA_900056995.1/sequence_report.jsonl	82778	100df84b93d33368a82f7cf0edc3c092df2f4902751fd8542436e31dcece5dac
GCA	GCA_900057005.1	GCA/ncbi_dataset/data/GCA_900057005.1/GCA_900057005.1_13414_1_90_genomic.fna	2184104	bcd362f6bb4668d36e14e5e9dc4acac484140e0840a05751f318eb9a71b58a89
GCA	GCA_900057005.1	GCA/ncbi_dataset/data/GCA_900057005.1/genomic.gbff	4923388	e7165f6b0246973c57eaf41dbf2ad8b8e8f5f7c5b8fe8cc9c6cf2d213df9b096
GCA	GCA_900057005.1	GCA/ncbi_dataset/data/GCA_900057005.1/genomic.gff	881717	852fb097669713d9bb8698392fa518f1a6141549bd07ad156dfbb53d673eaa21
GCA	GCA_900057005.1	GCA/ncbi_dataset/data/GCA_900057005.1/sequence_report.jsonl	22907	2046d22c70705b6382240aceb643b94c292dce50f141e251a4c85e04f7233282
GCA	GCA_900057015.1	GCA/ncbi_dataset/data/GCA_900057015.1/GCA_900057015.1_14673_4_11_genomic.fna	2154800	637d04c211900cfcfcbe339eed6e70d9b19362c70ba6b845c9e2e1afd6389279
GCA	GCA_900057015.1	GCA/ncbi_dataset/data/GCA_900057015.1/genomic.gbff	4857004	5078d91d1d6e0d28cc77b0da2b09dde512ab0257e480dd0f52a2eaaf128d79c1
GCA	GCA_900057015.1	GCA/ncbi_dataset/data/GCA_900057015.1/genomic.gff	873134	5f3cfaed7124e1eeb2164b02104eef250d9bd3bcf6821b64820ad734d77d6720
GCA	GCA_900057015.1	GCA/ncbi_dataset/data/GCA_900057015.1/sequence_report.jsonl	19251	b20984ae0cbcc0449d31688b9144a365dc16ac4ea98061eaaea152fdb4d803c1
GCA	GCA_900057025.1	GCA/ncbi_dataset/data/GCA_900057025.1/GCA_900057025.1_14673_4_45_genomic.fna	2084678	e1cf9ecbb9c22d212d7bf130ec380d6cd799ac76a1b3f95c1c2b32b4c65bd1d3
GCA	GCA_900057025.1	GCA/ncbi_dataset/data/GCA_900057025.1/genomic.gbff	4686576	1c280fc65d62146a3781cfdad5592b3771bc0f329a336f8b578a6675ad327c42
GCA	GCA_900057025.1	GCA/ncbi_dataset/data/GCA_900057025.1/genomic.gff	835224	e8abb05ca2d5a5ba8e143485d9af374413fbd5f67e420692e651fd0b0dba3f67
GCA	GCA_900057025.1	GCA/ncbi_dataset/data/GCA_900057025.1/sequence_report.jsonl	10097	15b01ce5894b3926860b2f84b3e4b1b6546f01f7eb2c3a3860837aa36432bf1e
GCA	GCA_900057115.1	GCA/ncbi_dataset/data/GCA_900057115.1/GCA_900057115.1_12291_4_82_genomic.fna	2079374	a65f4b3b6073ffcc75de5e8b769e14a7a28b65a3e476518196e6758bdd400739
GCA	GCA_900057115.1	GCA/ncbi_dataset/data/GCA_900057115.1/genomic.gbff	4677474	c423d118797f2212eb201cf61fe92c954626b9f6513eab54913357f8c5f30eb8
GCA	GCA_900057115.1	GCA/ncbi_dataset/data/GCA_900057115.1/genomic.gff	840921	a5e0c5377570234aa5dcd8b9162a459dcb002ed1cf74beae27de83dca3faea78
GCA	GCA_900057115.1	GCA/ncbi_dataset/data/GCA_900057115.1/sequence_report.jsonl	12221	1e44f2e502407bd06d05b75f97acbed2ae702c6c1989394073e326dfe93604f6
GCA	GCA_900057125.1	GCA/ncbi_dataset/data/GCA_900057125.1/GCA_900057125.1_12291_4_85_genomic.fna	2147990	72417adf6be97c2d14ac5c5a6141dfa551f9a4cce705f23f8f22a265f4c61ae4
GCA	GCA_900057125.1	GCA/ncbi_dataset/data/GCA_900057125.1/genomic.gbff	4834466	cc02ac7668f82562ceedc1215083c847e201c8c07613ced8897992fe6cc1704a
GCA	GCA_900057125.1	GCA/ncbi_dataset/data/GCA_900057125.1/genomic.gff	878251	02cca6b4cd17fed3412f22df7bdc4ae9628e0d5447722a6dbfe2e05425f7f92a
GCA	GCA_900057125.1	GCA/ncbi_dataset/data/GCA_900057125.1/sequence_report.jsonl	9480	ee5023e095cb1547777813ac5c7b26a8ba5696b9464f5996b0066527b5a52408
GCA	GCA_900057135.1	GCA/ncbi_dataset/data/GCA_900057135.1/GCA_900057135.1_13154_3_46_genomic.fna	2157213	fa5f86b73c70f3901fd5737bfa4c597c0f5d96f41c4a057a4786203af001c77b
GCA	GCA_900057135.1	GCA/ncbi_dataset/data/GCA_900057135.1/genomic.gbff	4877684	3b116451a9d2d2c89f08de3bde1c90b74a02da97cea1906485e863be5c6a5598
GCA	GCA_900057135.1	GCA/ncbi_dataset/data/GCA_900057135.1/genomic.gff	880566	1c5072218eb31f3f7b51ff67fc17c468b6a2c564fb208dcd7236ce989049601e
GCA	GCA_900057135.1	GCA/ncbi_dataset/data/GCA_900057135.1/sequence_report.jsonl	19867	d0d6f2acba9c6c50c761fbf72f567de044b2495f721b03c0f86fb1baf44a3fc9
GCA	GCA_900057145.1	GCA/ncbi_dataset/data/GCA_900057145.1/GCA_900057145.1_13414_1_40_genomic.fna	2105100	d058f9a4dc6cb60aab076c2f2394a59e879905d1f11cd30d10a3bf804132688d
GCA	GCA_900057145.1	GCA/ncbi_dataset/data/GCA_900057145.1/genomic.gbff	4735293	d7f3e2f94ccdfa026932431a3b536f2c0aa7aeb8e40f418c554eacb6d8bf4c43
GCA	GCA_900057145.1	GCA/ncbi_dataset/data/GCA_900057145.1/genomic.gff	851499	b56df21e5803b524d994e4231bd79261cc1272e19f6961f19d87b8a1de421c4c
GCA	GCA_900057145.1	GCA/ncbi_dataset/data/GCA_900057145.1/sequence_report.jsonl	9791	a9d33934b979e9a0345502912cddce6caec9bb73aaedd2e6c9f4a56c7879b8d7
GCA	GCA_900057155.1	GCA/ncbi_dataset/data/GCA_900057155.1/GCA_900057155.1_13414_2_38_genomic.fna	2087219	3937e583909d6cf751c4834f67030d69e8aaabbffb45754be78ef8ccf41b9e86
GCA	GCA_900057155.1	GCA/ncbi_dataset/data/GCA_900057155.1/genomic.gbff	4685742	b242eb48fe78bd04eeab4a204181ffecadcb593dca226d65db8cd3bdc9a5dfbe
GCA	GCA_900057155.1	GCA/ncbi_dataset/data/GCA_900057155.1/genomic.gff	840412	cf9faf2729761fdbb21e64ca0fa67e564c97dede9fd5c2fb668f00715753425c
GCA	GCA_900057155.1	GCA/ncbi_dataset/data/GCA_900057155.1/sequence_report.jsonl	5503	12627c89be0f421b3ec3d77326477d61111c2638f1e92e011d369a34018dadcf
GCA	GCA_900057165.1	GCA/ncbi_dataset/data/GCA_900057165.1/GCA_900057165.1_13414_3_40_genomic.fna	2122158	bddab5b2a6cec4c2ba3d2fcabb6a47dcf43c9a678d5e08a823ac4b5b2a8874d5
GCA	GCA_900057165.1	GCA/ncbi_dataset/data/GCA_900057165.1/genomic.gbff	4776079	3a4311a92ccae52819dca8dc64404cfbdd888bad6bc12d1c91844c63115f3961
GCA	GCA_900057165.1	GCA/ncbi_dataset/data/GCA_900057165.1/genomic.gff	855263	fb0f94b866a34f03ba764f0fc08b2b2c89fb28940f01af818e995cb6ebd5f7b9
GCA	GCA_900057165.1	GCA/ncbi_dataset/data/GCA_900057165.1/sequence_report.jsonl	13456	f358a2f6308b10dd0e4d3e69d2839db44b1e319101cdf87d6d26349b12df613a
GCA	GCA_900057175.1	GCA/ncbi_dataset/data/GCA_900057175.1/GCA_900057175.1_14673_4_12_genomic.fna	2008202	407c89baed615ccda8dbdaa02400aaf9211002e80eb5712e9aac2c9ed3875e4e
GCA	GCA_900057175.1	GCA/ncbi_dataset/data/GCA_900057175.1/genomic.gbff	4517095	9dcf2e6b29777feb749404fb27d9b57434351f0bb7ba04c1eaf45ffae9c01571
GCA	GCA_900057175.1	GCA/ncbi_dataset/data/GCA_900057175.1/genomic.gff	813681	c90387666ed18ab89830966a978449457b91de050cd6fcbe317521d9dfbca8be
GCA	GCA_900057175.1	GCA/ncbi_dataset/data/GCA_900057175.1/sequence_report.jsonl	5476	715641f59fa09ad250c1fc3275b53735f92b4042f21e57a704a3b333750e249f
GCA	GCA_900057355.1	GCA/ncbi_dataset/data/GCA_900057355.1/GCA_900057355.1_11657_4_52_genomic.fna	2168510	9d69645259e45b7cf3ccb3b2b3e473b7e0fe3a8786c334cb0d2605ffd4196f54
GCA	GCA_900057355.1	GCA/ncbi_dataset/data/GCA_900057355.1/genomic.gbff	4860144	8fa69e768cabbed381524a8e60a528a93037ad93e6c83cb08f066b516e699aee
GCA	GCA_900057355.1	GCA/ncbi_dataset/data/GCA_900057355.1/genomic.gff	995498	d1cac96b5e7b08727977c060bc0371b853db2216820ddeaf65bcbd470e1ab2d6
GCA	GCA_900057355.1	GCA/ncbi_dataset/data/GCA_900057355.1/sequence_report.jsonl	12835	adbe8b8cdcd62ebb4226a681d8808ec77bf0226d2598acf750c4f48a2e77a8fc
GCA	GCA_900057365.1	GCA/ncbi_dataset/data/GCA_900057365.1/GCA_900057365.1_13414_1_57_genomic.fna	2126155	f8723a172e9a6e310581a4879d1b0ed03ab48e0ce6a55b5c9ef8da626beb1dde
GCA	GCA_900057365.1	GCA/ncbi_dataset/data/GCA_900057365.1/genomic.gbff	4762416	82b52da3301378002f179341ef0e204c8933d5418a197a438f843bc920978592
GCA	GCA_900057365.1	GCA/ncbi_dataset/data/GCA_900057365.1/genomic.gff	850403	94925ba045bd527331f9505829fc992bec532553513a0c310e922ec65aab8766
GCA	GCA_900057365.1	GCA/ncbi_dataset/data/GCA_900057365.1/sequence_report.jsonl	11317	9bf73caee86044bd8ca3816c0f1c9fc35d4f5249c79ff4d259b01c60dea2ec9a
GCA	GCA_900057375.1	GCA/ncbi_dataset/data/GCA_900057375.1/GCA_900057375.1_13414_2_66_genomic.fna	2092834	5d0959ceb068eb12091943ca02471421dacd9a3adbd680d9b5ed92c565a98b6c
GCA	GCA_900057375.1	GCA/ncbi_dataset/data/GCA_900057375.1/genomic.gbff	4693441	60a1f9956d7d9d79deba9571cbec034b7564977c08e2f34552f497056f156b58
GCA	GCA_900057375.1	GCA/ncbi_dataset/data/GCA_900057375.1/genomic.gff	835380	1a257c57a2ecc20fdd4f728b76b9dbe8aead74b2087d5dd18fee6a2ebcc56c72
GCA	GCA_900057375.1	GCA/ncbi_dataset/data/GCA_900057375.1/sequence_report.jsonl	11005	1f2deeb45d77a7c1bc068be07f5fb8478555a443850c5bca7f89c9b308d282cf
GCA	GCA_900057385.1	GCA/ncbi_dataset/data/GCA_900057385.1/GCA_900057385.1_14673_1_78_genomic.fna	2023937	a4cd17d702f5a1b3949388792b61fc95e2c5976d8c49ddf5c196e9311b8fb5c1
GCA	GCA_900057385.1	GCA/ncbi_dataset/data/GCA_900057385.1/genomic.gbff	4550804	5a57ac8080378aa18aa429657eb7cdeeab2016637ed19fedf560824345b3cebe
GCA	GCA_900057385.1	GCA/ncbi_dataset/data/GCA_900057385.1/genomic.gff	810726	0153fadd852621f8d0924f4d31e52527994df0876d487716256c233d2595d07b
GCA	GCA_900057385.1	GCA/ncbi_dataset/data/GCA_900057385.1/sequence_report.jsonl	15288	c09abf55198223436b5a43707fa70db700f98b91dcb7692e6d4121300eeac6ee
GCA	GCA_900057395.1	GCA/ncbi_dataset/data/GCA_900057395.1/GCA_900057395.1_14673_1_79_genomic.fna	2137604	798a5314096e837889ed6ad2f894e282496ce8cb563ce9fba8239d1262477b90
GCA	GCA_900057395.1	GCA/ncbi_dataset/data/GCA_900057395.1/genomic.gbff	4807512	7bad85f43d672e82fa1d5fb0aad64bb85210b1a2e43a7eee889bf7cceda3bd8c
GCA	GCA_900057395.1	GCA/ncbi_dataset/data/GCA_900057395.1/genomic.gff	862607	7a948aef42c35f5c2927ef0ea427044942e049fcb5f360e7952e4991ba801d02
GCA	GCA_900057395.1	GCA/ncbi_dataset/data/GCA_900057395.1/sequence_report.jsonl	11011	29faa73d61af609b187887cd314eb85a5107d4a850c3dab54d8cb17838a2feb8
GCA	GCA_900057405.1	GCA/ncbi_dataset/data/GCA_900057405.1/GCA_900057405.1_14673_1_81_genomic.fna	2058644	49204b46e93c897024759a3500e9f617f17aff74cf59dc34326d2f967e1a1213
GCA	GCA_900057405.1	GCA/ncbi_dataset/data/GCA_900057405.1/genomic.gbff	4637718	0986cca289772e3a4d882ef7f093cc8a83b31eca66267f5abe6e4fc44d48d20c
GCA	GCA_900057405.1	GCA/ncbi_dataset/data/GCA_900057405.1/genomic.gff	830702	240b2d8d35072f12ee7051ae9c67e835f0255b04346d3945e797db0553cf4613
GCA	GCA_900057405.1	GCA/ncbi_dataset/data/GCA_900057405.1/sequence_report.jsonl	13660	62254b52cf2d0f5267c444f244b8f75fabd70cda16b887d4f32241e31c2a018b
GCA	GCA_900057415.1	GCA/ncbi_dataset/data/GCA_900057415.1/GCA_900057415.1_14673_4_29_genomic.fna	2190589	5c6e2e77786df0546d3887a534f87c85e91d97703d7b58c139c42ddde62d982f
GCA	GCA_900057415.1	GCA/ncbi_dataset/data/GCA_900057415.1/genomic.gbff	4940019	6dd899a845c5369e20ec10c2bd0d0935f3471cf3768c36e22188910875fe8a1c
GCA	GCA_900057415.1	GCA/ncbi_dataset/data/GCA_900057415.1/genomic.gff	898193	1362e8df1b6523589d5481f7a39271581831a8123f2fd756a5540fdf1f1045f1
GCA	GCA_900057415.1	GCA/ncbi_dataset/data/GCA_900057415.1/sequence_report.jsonl	9176	2c69c4702cf27964f317c98f464dac30bcaa86ad079560d3be918e37537a0c03
GCA	GCA_900057425.1	GCA/ncbi_dataset/data/GCA_900057425.1/GCA_900057425.1_14673_4_30_genomic.fna	2076239	624d8d2db9de2ce6b29cf999517e1b3a222af3670cf1439854d3c85ba1026927
GCA	GCA_900057425.1	GCA/ncbi_dataset/data/GCA_900057425.1/genomic.gbff	4661353	9c5b3cfb7028f5db445f819ebab2fcc8c887ab63f297a68374762ee8a812c178
GCA	GCA_900057425.1	GCA/ncbi_dataset/data/GCA_900057425.1/genomic.gff	839279	6d7ef32ffa557d8cb0e9c035939c295e0fdb54387ee67ec492cb742faa4d9ec5
GCA	GCA_900057425.1	GCA/ncbi_dataset/data/GCA_900057425.1/sequence_report.jsonl	10401	d34b067cbbf25e4ac3223d7ddb76957a94e11178d955c840d7a4e4292812dfe2
GCA	GCA_900057655.1	GCA/ncbi_dataset/data/GCA_900057655.1/GCA_900057655.1_13414_2_57_genomic.fna	2075530	20a9ce91730c27b8d0325fef218dce3c1c9dac51e5f7422b0ab058f413223dbd
GCA	GCA_900057655.1	GCA/ncbi_dataset/data/GCA_900057655.1/genomic.gbff	4665194	71e4cca468b48a51699609dfaac43bec607f30190b61562ddda43eac6d4e707f
GCA	GCA_900057655.1	GCA/ncbi_dataset/data/GCA_900057655.1/genomic.gff	836519	e44a4c7fd80732caba058199dd86dc04e7197c80119ad63d9a9e077683e69114
GCA	GCA_900057655.1	GCA/ncbi_dataset/data/GCA_900057655.1/sequence_report.jsonl	4283	c8f9a2cb6977eae143a2ac8fa78dd26086a6f5373c41433e585f6e74be7de095
GCA	GCA_900057825.1	GCA/ncbi_dataset/data/GCA_900057825.1/GCA_900057825.1_11511_8_47_genomic.fna	2013043	0c973e3c7a3afcf0c4e14a3948305f29de608e6cee4d34581f56d0f3b351307c
GCA	GCA_900057825.1	GCA/ncbi_dataset/data/GCA_900057825.1/genomic.gbff	4515305	c44d93bfd9143b44c70294ac6f45940d12449466452c7d41adfc8e0263c3b983
GCA	GCA_900057825.1	GCA/ncbi_dataset/data/GCA_900057825.1/genomic.gff	805095	e591299387e82cb1251ea820258056320f741316a9643d1a4ec9b6af891c9d9e
GCA	GCA_900057825.1	GCA/ncbi_dataset/data/GCA_900057825.1/sequence_report.jsonl	7949	471bca0e4739c34f2c5812644e3a57c3688db55d36e07cc745267922831cd9e0
GCA	GCA_900057835.1	GCA/ncbi_dataset/data/GCA_900057835.1/GCA_900057835.1_11679_1_40_genomic.fna	2021856	12b33b39fb6828aa66396b1816ca1461f00069e9695f4421468d38fb9746204e
GCA	GCA_900057835.1	GCA/ncbi_dataset/data/GCA_900057835.1/genomic.gbff	4553991	738810d79b6cc7fe312207af6bee785938aa5f6c6741dad6d4afd36421de0621
GCA	GCA_900057835.1	GCA/ncbi_dataset/data/GCA_900057835.1/genomic.gff	812917	c3c23e3b7415019fcfa1fce2b472555cac7db7e4f7d2f4437c531b3a857f5afc
GCA	GCA_900057835.1	GCA/ncbi_dataset/data/GCA_900057835.1/sequence_report.jsonl	16199	7e08f40371d710d916bf476af25354d61241033dd6ece15ece3fdf97184f5434
GCA	GCA_900057845.1	GCA/ncbi_dataset/data/GCA_900057845.1/GCA_900057845.1_13154_3_76_genomic.fna	2126514	59c915ebb7d8dbca8c33bf8aef65910740d4cf84cd79369d524fe5218a8ed87b
GCA	GCA_900057845.1	GCA/ncbi_dataset/data/GCA_900057845.1/genomic.gbff	4801132	f7a1f9f2938657a3d2de3bfabe6e15422fb1f93107358e4541136f80bbe8de45
GCA	GCA_900057845.1	GCA/ncbi_dataset/data/GCA_900057845.1/genomic.gff	988386	0de8df6e10fb3be83c6e374c4c442a31b199b6a53da00e99e02d28dd824428f3
GCA	GCA_900057845.1	GCA/ncbi_dataset/data/GCA_900057845.1/sequence_report.jsonl	22299	d0dda7f3887158e159055f9c7476776b6f42ea969e746172d06b8fc4f07e820c
GCA	GCA_900057855.1	GCA/ncbi_dataset/data/GCA_900057855.1/GCA_900057855.1_13154_3_78_genomic.fna	2077029	0f5e274cc89abcce7f760322d5b69965f6f6603fe670b236b8fb92651a358a5d
GCA	GCA_900057855.1	GCA/ncbi_dataset/data/GCA_900057855.1/genomic.gbff	4676417	b1bb4153e548dbb3094a261e6a14a41f7667f6c1e60f323665b93eb042158009
GCA	GCA_900057855.1	GCA/ncbi_dataset/data/GCA_900057855.1/genomic.gff	842481	5e8213b043858401737409162c5413f478258f24f6dba940cda1a9486a8f9715
GCA	GCA_900057855.1	GCA/ncbi_dataset/data/GCA_900057855.1/sequence_report.jsonl	12534	925fce7de7fad5bb85343a1ef4cd80ea33537b4c48b18c4fea7e4b4c2fdea2ec
GCA	GCA_900057865.1	GCA/ncbi_dataset/data/GCA_900057865.1/GCA_900057865.1_13154_3_87_genomic.fna	2095037	ff40220341471d111123b78a124e789adc4d087a01e08b35307bc8608189e319
GCA	GCA_900057865.1	GCA/ncbi_dataset/data/GCA_900057865.1/genomic.gbff	4718369	6c8ffb74fd05f694da4807fa347ba6504bee54b41d966e84823d444f491227e0
GCA	GCA_900057865.1	GCA/ncbi_dataset/data/GCA_900057865.1/genomic.gff	850179	6fb9329e7bac94a9f45872548b5e85a5dad48ba062abb21adc1597724748523d
GCA	GCA_900057865.1	GCA/ncbi_dataset/data/GCA_900057865.1/sequence_report.jsonl	11622	807280e598e641a7b4147b0a44c97e5f636991ef0026d8fd53b7d4bfc24cc12e
GCA	GCA_900057875.1	GCA/ncbi_dataset/data/GCA_900057875.1/GCA_900057875.1_13414_2_3_genomic.fna	2089101	b61210e3aef133de4af97cb311c18ed0ddfd73a99326e6b6ac9d8684e26ea7dd
GCA	GCA_900057875.1	GCA/ncbi_dataset/data/GCA_900057875.1/genomic.gbff	4697053	367b4b29fb7afbf6ee608cee77bc6aef64db35fe8b003f719430a9fad3c903e3
GCA	GCA_900057875.1	GCA/ncbi_dataset/data/GCA_900057875.1/genomic.gff	845257	a1bbb001cde4ac358a9543c092a88b8f6850b53fead67f8e2ddee105e107dd14
GCA	GCA_900057875.1	GCA/ncbi_dataset/data/GCA_900057875.1/sequence_report.jsonl	8875	0b562e9e4cf3cf419fcac848b782184e304335aa167089533f5ae0c1dbbcd07c
GCA	GCA_900057885.1	GCA/ncbi_dataset/data/GCA_900057885.1/GCA_900057885.1_13414_2_9_genomic.fna	2118278	1f18e79b29573c71860c68572358f9ccbac8eb0b33e77283dba251aae50b0bea
GCA	GCA_900057885.1	GCA/ncbi_dataset/data/GCA_900057885.1/genomic.gbff	4771481	1a4437226073721cf921a2a6f94ba2034b7760ee31a2233d6365089852f7bc1f
GCA	GCA_900057885.1	GCA/ncbi_dataset/data/GCA_900057885.1/genomic.gff	863265	6917dd0b37d8d7fd48993d895a208054c2fa510e01a37c0c376f0ce06968f671
GCA	GCA_900057885.1	GCA/ncbi_dataset/data/GCA_900057885.1/sequence_report.jsonl	7952	6e1199647b8f1ab71131308ebf995b13b36f8630dbddd3d0353ab439bec35db4
GCA	GCA_900057895.1	GCA/ncbi_dataset/data/GCA_900057895.1/GCA_900057895.1_13414_2_94_genomic.fna	2166828	bde6de79bfe1729884960ac17627116f761b3edbcb0426ffcb8c0279cabdcb92
GCA	GCA_900057895.1	GCA/ncbi_dataset/data/GCA_900057895.1/genomic.gbff	4888824	6098c7e79331b075e222e9246eabf3718d77dd262b72d2dcf3074698a7d0055c
GCA	GCA_900057895.1	GCA/ncbi_dataset/data/GCA_900057895.1/genomic.gff	880367	dbb041a841b68db6b6cd3a3684d1c268139ee4d141dfa742d0076b4a1eda1461
GCA	GCA_900057895.1	GCA/ncbi_dataset/data/GCA_900057895.1/sequence_report.jsonl	18027	b3a5a6a1f9511007665ccef21e210e4ef7b55f2a76fe88ebbcbfa21bbd20c4ba
GCA	GCA_900058125.1	GCA/ncbi_dataset/data/GCA_900058125.1/GCA_900058125.1_11657_4_41_genomic.fna	2119965	879dbe4b31d6d03ab766f3191081b257b4bb5a5f1532d45f88479e3fc4e38707
GCA	GCA_900058125.1	GCA/ncbi_dataset/data/GCA_900058125.1/genomic.gbff	4849504	9468138272c381a1b151993a2959a8874e38723c22e5ad5685d9aa217163cb0e
GCA	GCA_900058125.1	GCA/ncbi_dataset/data/GCA_900058125.1/genomic.gff	873868	aa8029071dd47d586638f3756c976d6b5fc8d4e44c433ec8a60bf18674e0ddeb
GCA	GCA_900058125.1	GCA/ncbi_dataset/data/GCA_900058125.1/sequence_report.jsonl	56028	e04db9a72f3be6e37356fb8a4f04b6865b3c7dd37542efc7f0ec13231297ca5f
GCA	GCA_900058135.1	GCA/ncbi_dataset/data/GCA_900058135.1/GCA_900058135.1_11657_4_55_genomic.fna	2112483	6a715efd74d790e6e6f83df2dbaa180cd624fe45227b0d2af857982c91f44050
GCA	GCA_900058135.1	GCA/ncbi_dataset/data/GCA_900058135.1/genomic.gbff	4744453	70a70345e894b02a9a411c6f7701dab816f3d36d76d71557fdc7b204efe15786
GCA	GCA_900058135.1	GCA/ncbi_dataset/data/GCA_900058135.1/genomic.gff	982250	f5734e2c155fdf4fb9c22b2a02b8f2091487a81f0721d9a5e1a77e9479ea0540
GCA	GCA_900058135.1	GCA/ncbi_dataset/data/GCA_900058135.1/sequence_report.jsonl	10705	2ff890bbbcadb877b6d40c1a3d04e196ba975e3a0910d5d007cf67e183545b81
GCA	GCA_900058145.1	GCA/ncbi_dataset/data/GCA_900058145.1/GCA_900058145.1_11511_8_57_genomic.fna	2069488	08cc9eca2d67d5c38abcd1cf306073b3ef1fe9370b44f4b49d0347e6f1b07b57
GCA	GCA_900058145.1	GCA/ncbi_dataset/data/GCA_900058145.1/genomic.gbff	4658909	17194ff2c78f3f5e032467ce5bcf5cfeaef538369b4dcb40bad7a21ebd3c5305
GCA	GCA_900058145.1	GCA/ncbi_dataset/data/GCA_900058145.1/genomic.gff	833467	e0e828e8448289e55b6511bd02cb692a9742e06385f02c5eda5f60d92f173bab
GCA	GCA_900058145.1	GCA/ncbi_dataset/data/GCA_900058145.1/sequence_report.jsonl	14258	a7fdb532bd223a8cef0f957b5221115f08223b10e0060fc0bc61db0a8e561ebb
GCA	GCA_900058155.1	GCA/ncbi_dataset/data/GCA_900058155.1/GCA_900058155.1_11657_8_33_genomic.fna	2186402	6df53b5510a39f6782212ccf8b02e300a47d45e6bbb37185fb6e541968509b2f
GCA	GCA_900058155.1	GCA/ncbi_dataset/data/GCA_900058155.1/genomic.gbff	4922060	ba0d0157e54b999b566551cf85d7afd900fb5c0c8a157a453ebb0aa8e1f16abf
GCA	GCA_900058155.1	GCA/ncbi_dataset/data/GCA_900058155.1/genomic.gff	885995	0b051aac9f91ccfa455e9ecfc33eedec582109bf111b54b99aad3dc6e9acdedd
GCA	GCA_900058155.1	GCA/ncbi_dataset/data/GCA_900058155.1/sequence_report.jsonl	13453	1556eac3b5fc68c59e22e871d5347982faf73bf738786664dc163db72953b37e
GCA	GCA_900058165.1	GCA/ncbi_dataset/data/GCA_900058165.1/GCA_900058165.1_13154_3_77_genomic.fna	2145305	c6984bce7cc12acfe18821bb30d9afdcd98d0681f8f66898f635bf8dba42dc93
GCA	GCA_900058165.1	GCA/ncbi_dataset/data/GCA_900058165.1/genomic.gbff	4841229	f74703d587c1ee0c6261115d3ea13a404ab27967da3cd0303890e53277bba8f4
GCA	GCA_900058165.1	GCA/ncbi_dataset/data/GCA_900058165.1/genomic.gff	871500	3d5f2beac75acc5bea91526bf4b003b6c169c3f58fd5d32f608fea839390a239
GCA	GCA_900058165.1	GCA/ncbi_dataset/data/GCA_900058165.1/sequence_report.jsonl	19128	67d4730e7f44a959c2707431e82962e852c92c81f6162667859425832d499bd1
GCA	GCA_900058175.1	GCA/ncbi_dataset/data/GCA_900058175.1/GCA_900058175.1_13414_1_58_genomic.fna	2130998	010604bce6c3ba5e04719fe43c49ac963da581ab98e812eca8245a370af248b0
GCA	GCA_900058175.1	GCA/ncbi_dataset/data/GCA_900058175.1/genomic.gbff	4805383	c916cd8ce432272aac6f3824c319c17753c75bf6e3394cf67b54bd6e9a7655d8
GCA	GCA_900058175.1	GCA/ncbi_dataset/data/GCA_900058175.1/genomic.gff	869470	e7a9a02800c3c326719e06fb312112ab311e9b666f188c7662143519c0e6ec8c
GCA	GCA_900058175.1	GCA/ncbi_dataset/data/GCA_900058175.1/sequence_report.jsonl	14063	6167bd3447eaf776551204b083cdbde705cf1c48e72a121a512667aa63e71aa4
GCA	GCA_900058185.1	GCA/ncbi_dataset/data/GCA_900058185.1/GCA_900058185.1_13414_2_4_genomic.fna	2078322	786809d2e083dc95005b9a0c122b7e5a6ba617c46f4714901394317915bd3492
GCA	GCA_900058185.1	GCA/ncbi_dataset/data/GCA_900058185.1/genomic.gbff	4660764	f8bfe9c4ea8d3bfd100e4fcf6c20b231e59125210bfc903ea7f071d7e06df852
GCA	GCA_900058185.1	GCA/ncbi_dataset/data/GCA_900058185.1/genomic.gff	834842	fd1e9a37ae91f6988706c6c83c006fb763bd8360268a7eb507c394f281388f59
GCA	GCA_900058185.1	GCA/ncbi_dataset/data/GCA_900058185.1/sequence_report.jsonl	6429	6344940ad92cc0ea682891711b54a294f7bd0e088b45345422167bd0d4238143
GCA	GCA_900058195.1	GCA/ncbi_dataset/data/GCA_900058195.1/GCA_900058195.1_13414_2_7_genomic.fna	2102551	1321cc1ec23631f6e78acdd440ee360ff4f4ac9e27a1be77980f16d33a470b39
GCA	GCA_900058195.1	GCA/ncbi_dataset/data/GCA_900058195.1/genomic.gbff	4716473	49413a9e0fd4ce395957b5f3dab2e43948f606b91b0abcc441ea3babff68f23a
GCA	GCA_900058195.1	GCA/ncbi_dataset/data/GCA_900058195.1/genomic.gff	841529	03b24087706e9418ee81683b01ad541ade9fa1b1085e807298785cad0043d51d
GCA	GCA_900058195.1	GCA/ncbi_dataset/data/GCA_900058195.1/sequence_report.jsonl	11314	3286feca99ac9dbea5d93210ff23378f9502e22dbf9dbb2c301708b2894d1e51
GCA	GCA_900058395.1	GCA/ncbi_dataset/data/GCA_900058395.1/GCA_900058395.1_11658_2_80_genomic.fna	2208213	003b879c05d8f7bf7ca1921cdcf4a8a2e075855eb51fabf66860a66815e5349d
GCA	GCA_900058395.1	GCA/ncbi_dataset/data/GCA_900058395.1/genomic.gbff	5087728	ee7943c79b90f09ef40913fa09503a9a288b9f91648055c74927b4084a4037b2
GCA	GCA_900058395.1	GCA/ncbi_dataset/data/GCA_900058395.1/genomic.gff	932238	5fff99fe166eb3c8c93c3f74f9c1abf12348707bf5b30dd5e259d1143e17005b
GCA	GCA_900058395.1	GCA/ncbi_dataset/data/GCA_900058395.1/sequence_report.jsonl	63013	2ac0b764d7a46dd5a40d6a3dbec8cc899a3ad132e5bd328d3870764afa4ed6c7
GCA	GCA_900058405.1	GCA/ncbi_dataset/data/GCA_900058405.1/GCA_900058405.1_12291_4_38_genomic.fna	2078785	bf124a76b032992139357472ebfc576a39f00c7a4c82c9860cbab123fc6e99ad
GCA	GCA_900058405.1	GCA/ncbi_dataset/data/GCA_900058405.1/genomic.gbff	4672868	60bec1a4016b36e6b2b58459a049b8748ce45bfb8f2a27b595a807a9137022d2
GCA	GCA_900058405.1	GCA/ncbi_dataset/data/GCA_900058405.1/genomic.gff	839504	6baf39dad56a1d4eb003be4d2b4724f5ff7c75d879ec59c5c1b52f0b744d0f1a
GCA	GCA_900058405.1	GCA/ncbi_dataset/data/GCA_900058405.1/sequence_report.jsonl	10700	b2bf58ea890b6d921bd1b9419ecdd447428f5edd367050a7884b64912e65b5e0
GCA	GCA_900058415.1	GCA/ncbi_dataset/data/GCA_900058415.1/GCA_900058415.1_12291_4_78_genomic.fna	2204211	add8c7a039d241f809d29b4ba2bb2b53f8d80ae814345dcb9555f66d4e912c2e
GCA	GCA_900058415.1	GCA/ncbi_dataset/data/GCA_900058415.1/genomic.gbff	4986571	84b2a08804325bda930f5c0fd96f501864bb3ee1cc0725908ed05fa7488bff42
GCA	GCA_900058415.1	GCA/ncbi_dataset/data/GCA_900058415.1/genomic.gff	904766	e0faa740fc610cf3a3d3472f8c4e79f7ad8c48172c56696e10d0b21a9ed49713
GCA	GCA_900058415.1	GCA/ncbi_dataset/data/GCA_900058415.1/sequence_report.jsonl	18643	d2eb4ac6eba6ec010c26b0c510b8e49cae11fffa2c76a1cdfb24cfd9e10e77a1
GCA	GCA_900058425.1	GCA/ncbi_dataset/data/GCA_900058425.1/GCA_900058425.1_13154_3_69_genomic.fna	2291866	2df27d6d0b1c29c5113eb7d0453f33ddee6a045f1048ee8762ad565a6c626a5f
GCA	GCA_900058425.1	GCA/ncbi_dataset/data/GCA_900058425.1/genomic.gbff	5252210	4a1c86dd6939fee80fda47457f80120d0b0e1444b5f0aaf4363204f2e48685ec
GCA	GCA_900058425.1	GCA/ncbi_dataset/data/GCA_900058425.1/genomic.gff	1090464	f70641e38644ee2ac51bb21bffc8b0372b829145f9a76b469b80e017f7d5510e
GCA	GCA_900058425.1	GCA/ncbi_dataset/data/GCA_900058425.1/sequence_report.jsonl	56324	dc58fc323a0ca9606db4e2f1435f2ebdab6e77bf84a74043016932ecee81b2f7
GCA	GCA_900058435.1	GCA/ncbi_dataset/data/GCA_900058435.1/GCA_900058435.1_14673_4_33_genomic.fna	2129378	393f562d118e26c890f8861fd77ed4c964adcd724756a1c1b5e73ebf4796756f
GCA	GCA_900058435.1	GCA/ncbi_dataset/data/GCA_900058435.1/genomic.gbff	4774493	c1a85d52627333a274351bb9261d0c22174a8c474b79f85840a25e7d2f19b81f
GCA	GCA_900058435.1	GCA/ncbi_dataset/data/GCA_900058435.1/genomic.gff	851006	0e97dee2a1c7e3555a8fe19c1fb2f70a869cd72405273deff641c22ad2a68564
GCA	GCA_900058435.1	GCA/ncbi_dataset/data/GCA_900058435.1/sequence_report.jsonl	12227	2c10a93b4c62e568f9c919a3ece767af81a46ca737ee609a1e79d5b2efa9f738
GCA	GCA_900058645.1	GCA/ncbi_dataset/data/GCA_900058645.1/GCA_900058645.1_11511_8_49_genomic.fna	2248625	dcbb00b00e19d9205d9dd22cd518397eb105a8a44f429a0a4260dfdd876c86b9
GCA	GCA_900058645.1	GCA/ncbi_dataset/data/GCA_900058645.1/genomic.gbff	5154845	ace59be52a79231a6b296b635a9a519fdf4c95ec9f26fc7260e2d2d4df924b86
GCA	GCA_900058645.1	GCA/ncbi_dataset/data/GCA_900058645.1/genomic.gff	1062908	830b2b3f9d2d3b7056fc1ad08ba399367a6162861c37599001f40ba14bfc278a
GCA	GCA_900058645.1	GCA/ncbi_dataset/data/GCA_900058645.1/sequence_report.jsonl	66371	7a6c2a9a7ec809bd8b4d8ba20fd8ded4f3892340f64c01ae89862dc2e66158f5
GCA	GCA_900058655.1	GCA/ncbi_dataset/data/GCA_900058655.1/GCA_900058655.1_13154_3_75_genomic.fna	2057884	71418a92d319818822e7408b5ff37f50ee4739c70cebcd3229e5113a9f9118dd
GCA	GCA_900058655.1	GCA/ncbi_dataset/data/GCA_900058655.1/genomic.gbff	4620835	0e2a030e8f2821a6f10c94ba0876a5e236cf0292a089d69a9d2a212f9871ea42
GCA	GCA_900058655.1	GCA/ncbi_dataset/data/GCA_900058655.1/genomic.gff	827408	baddf5a928e5a8f9cfb53079b3fce3a3054ca0c7195679a9734ab9c98f438113
GCA	GCA_900058655.1	GCA/ncbi_dataset/data/GCA_900058655.1/sequence_report.jsonl	9476	937b226dbaa406547f01d46071817f9b963c5990c08e9f8d2d9ea0b0b9a0cd01
GCA	GCA_900058665.1	GCA/ncbi_dataset/data/GCA_900058665.1/GCA_900058665.1_13154_3_90_genomic.fna	2023001	e6f6c1f30fb686a8cf9b7d544b38be6b3ef4281650f6af54927f1cac2d94269f
GCA	GCA_900058665.1	GCA/ncbi_dataset/data/GCA_900058665.1/genomic.gbff	4560194	b8508a8dc69ff5836b384c64fc5c5b98dd5e2348512deb63fa2fb47f2ed30092
GCA	GCA_900058665.1	GCA/ncbi_dataset/data/GCA_900058665.1/genomic.gff	814741	c95d0d8f3f34fb9957dd15c54849459d01b85988342a95facbda2faa923c2b8d
GCA	GCA_900058665.1	GCA/ncbi_dataset/data/GCA_900058665.1/sequence_report.jsonl	15592	6855d4af81adbe31e4249e147732999198ad796724e270e1bd92c1c85c5d8a38
GCA	GCA_900058925.1	GCA/ncbi_dataset/data/GCA_900058925.1/GCA_900058925.1_12291_4_21_genomic.fna	2170310	aa7eedc27f36bc42510d50b36bdf007611678a8f40f61d62447c9a1065312073
GCA	GCA_900058925.1	GCA/ncbi_dataset/data/GCA_900058925.1/genomic.gbff	4893742	17ea70bb5243dcd1d9ff08d29db089e3d08d5a448733518dcb0d9b06878df584
GCA	GCA_900058925.1	GCA/ncbi_dataset/data/GCA_900058925.1/genomic.gff	881663	0e1058ac930c39fdb3b776ba42ed24467b574365885b436638de3f3c3957f7c6
GCA	GCA_900058925.1	GCA/ncbi_dataset/data/GCA_900058925.1/sequence_report.jsonl	14062	4722edccc3ead6dc605f4205af7ac6d3b870eba1d7ec18dae20f3ddfa90a9706
GCA	GCA_900058935.1	GCA/ncbi_dataset/data/GCA_900058935.1/GCA_900058935.1_12291_4_23_genomic.fna	2021756	e58c63cfd5dc2d560b5c9ee1e47c5651c397dd83fd12761d816bae09ce20a8c2
GCA	GCA_900058935.1	GCA/ncbi_dataset/data/GCA_900058935.1/genomic.gbff	4552483	791cce043e4dbcaaec198b6ea51c8c3a18f5d9bcbc5542f36f79d312f08534f2
GCA	GCA_900058935.1	GCA/ncbi_dataset/data/GCA_900058935.1/genomic.gff	813640	9806abe11c5d76f674f3aaec9c77376d26d07cdafc30fa45ad32935858aaee5c
GCA	GCA_900058935.1	GCA/ncbi_dataset/data/GCA_900058935.1/sequence_report.jsonl	14671	b1edf898002172bf1951ddd46815505bc6e47823a0fe3c845da7c7a8a263ad11
GCA	GCA_900058945.1	GCA/ncbi_dataset/data/GCA_900058945.1/GCA_900058945.1_12291_4_29_genomic.fna	2137799	3c8aca2879ac4ad4f29d2cb04d596d17b406bdc2235f0b5fc02bcc4fe551ef9a
GCA	GCA_900058945.1	GCA/ncbi_dataset/data/GCA_900058945.1/genomic.gbff	4794794	766f9611119edcdd890b404b68b37dd9fcf8b487e032e094560bad61b13e6e74
GCA	GCA_900058945.1	GCA/ncbi_dataset/data/GCA_900058945.1/genomic.gff	857857	9b86665504b72d2c462c6c2f3c35f94a091df46996e13a375bfcfd3d3791d996
GCA	GCA_900058945.1	GCA/ncbi_dataset/data/GCA_900058945.1/sequence_report.jsonl	11922	ab4bde3e178393a530bb0069f05385fa17ded63169b61a54329d4df00b18921f
GCA	GCA_900058955.1	GCA/ncbi_dataset/data/GCA_900058955.1/GCA_900058955.1_12291_4_30_genomic.fna	2020313	2cc7968205aa182ffb5728cc196abd57070d917e249fe89728b872c98cac9f62
GCA	GCA_900058955.1	GCA/ncbi_dataset/data/GCA_900058955.1/genomic.gbff	4550634	8bf06ec023ac659ed63bb65ccd03b1ca5143aba5ab27f231b01dac2604cbb733
GCA	GCA_900058955.1	GCA/ncbi_dataset/data/GCA_900058955.1/genomic.gff	813273	f1c88c42fc914ee1933d165293761101b56fae953cf9f41b8e5ce99d47873e4e
GCA	GCA_900058955.1	GCA/ncbi_dataset/data/GCA_900058955.1/sequence_report.jsonl	14674	3c277517f3a2911c7f186bf5caa16661936e3c81bde2c982352a08b63c1afb19
GCA	GCA_900058965.1	GCA/ncbi_dataset/data/GCA_900058965.1/GCA_900058965.1_12838_1_69_genomic.fna	2083393	caec49c377ae3d1eec337d098f0ab49827ff3f5e1bdb5a7d095f8fe60dd9fe33
GCA	GCA_900058965.1	GCA/ncbi_dataset/data/GCA_900058965.1/genomic.gbff	4683761	a9a35442caf9d562a8287eca029d1803b4e0de667956b003f2049f71bf48d8e4
GCA	GCA_900058965.1	GCA/ncbi_dataset/data/GCA_900058965.1/genomic.gff	838940	5ae12c789207cfb6dad3a7285e27d9bc90f29cc16a8f18a39ef3d2684b3048e5
GCA	GCA_900058965.1	GCA/ncbi_dataset/data/GCA_900058965.1/sequence_report.jsonl	11237	2945859db081d2afdb948486ee22cef9999f17b1c09ff56c20d92f062e3d5cc5
GCA	GCA_900058975.1	GCA/ncbi_dataset/data/GCA_900058975.1/GCA_900058975.1_13414_1_59_genomic.fna	2063771	ba7ce8fb07d543a2aec7cb72ce2e18d845fa9f596b7da0aba097403b647312d5
GCA	GCA_900058975.1	GCA/ncbi_dataset/data/GCA_900058975.1/genomic.gbff	4632333	61029f978ee5eddfab05c15d1828d2d20105b12a3c8b8fe03afb857a90b87fd7
GCA	GCA_900058975.1	GCA/ncbi_dataset/data/GCA_900058975.1/genomic.gff	827182	af1a57c8dab7d894132d726651ae0322acc702b038f2b72e04ef0c8bb8998f2e
GCA	GCA_900058975.1	GCA/ncbi_dataset/data/GCA_900058975.1/sequence_report.jsonl	9791	14c94690f9e26d8cf54fcf2dde9aee67c6c482b47d70bc0a3fe2a1cfa3000d89
GCA	GCA_900058985.1	GCA/ncbi_dataset/data/GCA_900058985.1/GCA_900058985.1_13414_1_60_genomic.fna	2143864	019975918e132100befcf03410ded80df8f251c1c03b0b3badb2011fb3ab0a11
GCA	GCA_900058985.1	GCA/ncbi_dataset/data/GCA_900058985.1/genomic.gbff	4809274	e4767d85a91c0be81861bf27b393d2003e6ba4ab326474131caf182672d4fa88
GCA	GCA_900058985.1	GCA/ncbi_dataset/data/GCA_900058985.1/genomic.gff	862818	89f135c82228ffc36f58aab37b60bb8dd924a149936013f49728c0740f758080
GCA	GCA_900058985.1	GCA/ncbi_dataset/data/GCA_900058985.1/sequence_report.jsonl	7896	e7d74e25b4324350b20687b19c7fb6d50d164c095f1d0b441bfa9a6a09556035
GCA	GCA_900058995.1	GCA/ncbi_dataset/data/GCA_900058995.1/GCA_900058995.1_13414_2_18_genomic.fna	1998300	d4d77c0cd912629db23ca05bbcf7b8068497e51bd22fcf023250f29d23f437f6
GCA	GCA_900058995.1	GCA/ncbi_dataset/data/GCA_900058995.1/genomic.gbff	4489461	623dc41d2508a04e9cc5824f6d763ca9a7063cb0f4e2c2852271533e899ca381
GCA	GCA_900058995.1	GCA/ncbi_dataset/data/GCA_900058995.1/genomic.gff	802992	0b1cfaecbb5378918b7047c599141afd2994bd8633b59cea8e9d7c8b4f4d6321
GCA	GCA_900058995.1	GCA/ncbi_dataset/data/GCA_900058995.1/sequence_report.jsonl	10399	df7e98833c65809a05830c03537fef867dd74f33c049d2232d1e3a43fa1cdf61
GCA	GCA_900059005.1	GCA/ncbi_dataset/data/GCA_900059005.1/GCA_900059005.1_13414_3_19_genomic.fna	2009727	7cf0364638c5c512e3b15dbce3204d6f918ca7274e3925c12b54020dfe6696bf
GCA	GCA_900059005.1	GCA/ncbi_dataset/data/GCA_900059005.1/genomic.gbff	4508291	49e405ab4526d866f85a4c8c9fd1882588bc1b68d3ffe3d27a7df11ded291f16
GCA	GCA_900059005.1	GCA/ncbi_dataset/data/GCA_900059005.1/genomic.gff	807271	1af87d79259777b91cdbaf00e4f584e07a4f54a5e030e7bb1e20931de4d55fd2
GCA	GCA_900059005.1	GCA/ncbi_dataset/data/GCA_900059005.1/sequence_report.jsonl	7949	e0b94ea56dba53fa6882b43bcdcbbacea7d441202d79b342482e93a9a74e37e0
GCA	GCA_900059275.1	GCA/ncbi_dataset/data/GCA_900059275.1/GCA_900059275.1_11657_4_42_genomic.fna	2058740	2f18b62fefdcd9c4daf82139e59ca0bf1f5b5307ef043a721f8ae79abe4e5bf8
GCA	GCA_900059275.1	GCA/ncbi_dataset/data/GCA_900059275.1/genomic.gbff	4631375	9157345a2f4e40cb7e81cc0caba2887defc5894637293bc6ce7577cae70f04f2
GCA	GCA_900059275.1	GCA/ncbi_dataset/data/GCA_900059275.1/genomic.gff	829871	bc3de7255340f54cfa7a22688fae805914b7499a8f61c8781637c610a75de718
GCA	GCA_900059275.1	GCA/ncbi_dataset/data/GCA_900059275.1/sequence_report.jsonl	7650	8c4a231321a0d6e15b34e10a037c88868ed799f70a4b02808f9602679075b1aa
GCA	GCA_900059285.1	GCA/ncbi_dataset/data/GCA_900059285.1/GCA_900059285.1_13154_3_17_genomic.fna	2133613	240baa662591b8dd8208c801a61a8e37b5316e7ba1054f565d40112db858714f
GCA	GCA_900059285.1	GCA/ncbi_dataset/data/GCA_900059285.1/genomic.gbff	4783501	d4cf34c23319c3a49b4c8c3c560a21984338520e192245f5de493da46f4289f1
GCA	GCA_900059285.1	GCA/ncbi_dataset/data/GCA_900059285.1/genomic.gff	985039	7f4360782af7e798b98dfa4013ff209c33aadbc88d0d436365fc273fc2c8b976
GCA	GCA_900059285.1	GCA/ncbi_dataset/data/GCA_900059285.1/sequence_report.jsonl	12839	61f7ffa2b25b25a01626f66ee2bdd2b6b6ef42d6c7a2782afec8ae7148e199db
GCA	GCA_900059295.1	GCA/ncbi_dataset/data/GCA_900059295.1/GCA_900059295.1_13154_3_60_genomic.fna	2021152	aada625012f3ba26dce8ec3833d71fc5f13f50c2c5fef5d7becdb2e80ae0d0f3
GCA	GCA_900059295.1	GCA/ncbi_dataset/data/GCA_900059295.1/genomic.gbff	4546422	147bfc67c75c8eb698c29e1a065f16dc67c665086883bb8b2bbb763757641af6
GCA	GCA_900059295.1	GCA/ncbi_dataset/data/GCA_900059295.1/genomic.gff	815212	fae472f0b949baaa41db92c76d1211e78dbadafb0bdcfc350f1045ffbe9268d8
GCA	GCA_900059295.1	GCA/ncbi_dataset/data/GCA_900059295.1/sequence_report.jsonl	14980	2ba3d55ab692d4d60dac63bfff0ad843649027cd4fd387019ed6362cbd7f09c4
GCA	GCA_900059305.1	GCA/ncbi_dataset/data/GCA_900059305.1/GCA_900059305.1_13154_3_88_genomic.fna	2081695	b67f981e2006e8da1b0bcaef2aff70ce791571ec8669231e25b231ffa012425d
GCA	GCA_900059305.1	GCA/ncbi_dataset/data/GCA_900059305.1/genomic.gbff	4683869	92b5b647739ef44bc8ce8bb9421fbb2fb2c011cd4c8a3a58890dfef1c70fb98e
GCA	GCA_900059305.1	GCA/ncbi_dataset/data/GCA_900059305.1/genomic.gff	844187	53e100be50c7ed520d28fddba5a8ad1814abef9a8a0fa97aaef8efc431f80e22
GCA	GCA_900059305.1	GCA/ncbi_dataset/data/GCA_900059305.1/sequence_report.jsonl	13749	56cd267401187b4ae7938e1873f9f4a9d32b718ec04df5e417752210489c30dd
GCA	GCA_900059315.1	GCA/ncbi_dataset/data/GCA_900059315.1/GCA_900059315.1_13414_2_20_genomic.fna	2077526	2e95012c010a928474fe4f7fd41360848d0c1ea9bbc125ef7b21d0f0d08751f1
GCA	GCA_900059315.1	GCA/ncbi_dataset/data/GCA_900059315.1/genomic.gbff	4685243	7ba5cfc62280806e7f3d79e5c54719025edbfdda55c3773d3d1fbe7cd76361d8
GCA	GCA_900059315.1	GCA/ncbi_dataset/data/GCA_900059315.1/genomic.gff	844777	2952de226d9718e5f2e52fa3f746243627fbfcce160665294bc5f6d83cb8b18b
GCA	GCA_900059315.1	GCA/ncbi_dataset/data/GCA_900059315.1/sequence_report.jsonl	12225	4916ecebce36232fa5a9c1e5b9026715624e48174520de3160a6fd256f6e1860
GCA	GCA_900059325.1	GCA/ncbi_dataset/data/GCA_900059325.1/GCA_900059325.1_13414_2_21_genomic.fna	2120622	884c4d58ce8fc91a3685f4f05b72db0c109af5a13c91f36368a97d122b6ca22e
GCA	GCA_900059325.1	GCA/ncbi_dataset/data/GCA_900059325.1/genomic.gbff	4770781	9331bc7b3755c5c0095141ce8f4f97f44a7cb65c289fdfd4f75c8410bf30e7de
GCA	GCA_900059325.1	GCA/ncbi_dataset/data/GCA_900059325.1/genomic.gff	860160	c028cd7a435a760699efee083802d958c61df31be94886dca96be95436f8d64b
GCA	GCA_900059325.1	GCA/ncbi_dataset/data/GCA_900059325.1/sequence_report.jsonl	11007	2a4cf1249fc27a57012be0ff7514039fc83dce88c19217fab5e5d6523ed9df52
GCA	GCA_900059335.1	GCA/ncbi_dataset/data/GCA_900059335.1/GCA_900059335.1_13414_2_22_genomic.fna	2095399	3d50fea3126ff6e20202617d02802cedff2a418f31b1d5fc8f8c9ae8700652d7
GCA	GCA_900059335.1	GCA/ncbi_dataset/data/GCA_900059335.1/genomic.gbff	4706799	773275429450d42c2e6e31751892311932698b05c624741eabcc054f90635460
GCA	GCA_900059335.1	GCA/ncbi_dataset/data/GCA_900059335.1/genomic.gff	846641	a33ce92eb70040a045f465e925fd9eb1448cb72bd9a596a37cdc081e277ee0c4
GCA	GCA_900059335.1	GCA/ncbi_dataset/data/GCA_900059335.1/sequence_report.jsonl	10710	a0636c9792e975d8497f324dbe3aec55255ebd879e0f630a03e34b230fffb82a
GCA	GCA_900059345.1	GCA/ncbi_dataset/data/GCA_900059345.1/GCA_900059345.1_13414_2_58_genomic.fna	2215435	31df858e0afc20614428bd6c73ce47b1f1631c100939cb6549561935b85da9cf
GCA	GCA_900059345.1	GCA/ncbi_dataset/data/GCA_900059345.1/genomic.gbff	4976684	7c6d074089016a8d3794a78d95bec862146e516ae5dd147e292569a20ba8d6ac
GCA	GCA_900059345.1	GCA/ncbi_dataset/data/GCA_900059345.1/genomic.gff	900039	bf34b1dcb0fe0463040a6ca4d8c77c88612d590534c6cc6146ededab7f9b2373
GCA	GCA_900059345.1	GCA/ncbi_dataset/data/GCA_900059345.1/sequence_report.jsonl	9167	73a6221fefc2e97980622f97da695ae59c48e97f863616d927bdd461050c5459
GCA	GCA_900059355.1	GCA/ncbi_dataset/data/GCA_900059355.1/GCA_900059355.1_14673_1_77_genomic.fna	2022617	a7f82a6d2e8cb71b887c320d08d9c0fd8e81a372c16a3fb4687536de05cebdaa
GCA	GCA_900059355.1	GCA/ncbi_dataset/data/GCA_900059355.1/genomic.gbff	4551786	4aea9b5a03013bf6c6a09b6320ecc35e8217f815052e46da4b078012720c6e8f
GCA	GCA_900059355.1	GCA/ncbi_dataset/data/GCA_900059355.1/genomic.gff	815535	df1216e2835929a7ce990cb5ba7170eef5fd28ae4da76ac118bba20c40d34639
GCA	GCA_900059355.1	GCA/ncbi_dataset/data/GCA_900059355.1/sequence_report.jsonl	14065	4f203d0379f63d44fd79a9af24f3a39285d6fddc7c562a2345f8816fd5875f10
GCA	GCA_900059365.1	GCA/ncbi_dataset/data/GCA_900059365.1/GCA_900059365.1_14673_1_80_genomic.fna	2083792	cac76970e99fef77a7eafd9f8d8dab82e70e9f06dca5cf058b35afda8e50d837
GCA	GCA_900059365.1	GCA/ncbi_dataset/data/GCA_900059365.1/genomic.gbff	4675918	dbf81039d5715d2ce0a776a99704e7fbad2bf99d1f8cbec154ac122362d5cb4e
GCA	GCA_900059365.1	GCA/ncbi_dataset/data/GCA_900059365.1/genomic.gff	830901	15300b6e641b729f0b3c669a9d309a36707ed53e577baa5653b83f08bf3789da
GCA	GCA_900059365.1	GCA/ncbi_dataset/data/GCA_900059365.1/sequence_report.jsonl	11931	7459a2d7d49132e6d204046eeb4c5a8ad9ae74f43ebd361a9746ddd07cc2bc62
GCA	GCA_900059375.1	GCA/ncbi_dataset/data/GCA_900059375.1/GCA_900059375.1_14673_1_85_genomic.fna	2022075	8cc948ce54d3be0a65ddf39ec593b6fc9543a2d11ceb84d6cf9e8374a6814a1d
GCA	GCA_900059375.1	GCA/ncbi_dataset/data/GCA_900059375.1/genomic.gbff	4552562	95901a865e27bb337daca3ac38bdc53a7cead65e4c3ab01c977385a667982d6a
GCA	GCA_900059375.1	GCA/ncbi_dataset/data/GCA_900059375.1/genomic.gff	813702	9a4299b9372ca35dcafaf5e02d58e67ea4b818bda31f810136fd4bd2f5def827
GCA	GCA_900059375.1	GCA/ncbi_dataset/data/GCA_900059375.1/sequence_report.jsonl	15589	d636d24f31ccf1a68bf6c0eaca6cbc51db2178b5a45318568fd23c7fb8f90cce
GCA	GCA_900059625.1	GCA/ncbi_dataset/data/GCA_900059625.1/GCA_900059625.1_11657_8_32_genomic.fna	2042138	deced036d8747a4970faec762aeff7d57439e05f7d7d0820f9f7c90cc29f8b2e
GCA	GCA_900059625.1	GCA/ncbi_dataset/data/GCA_900059625.1/genomic.gbff	4586829	8ddd58f9bc52355ab8d2c1e1a0237533bd9d75085b2ec15e1408742ab96a6664
GCA	GCA_900059625.1	GCA/ncbi_dataset/data/GCA_900059625.1/genomic.gff	831717	2e255cd6fa5d9b8a7ddd5bb55926311e98d0fd7efb26939def8487ddf80cb762
GCA	GCA_900059625.1	GCA/ncbi_dataset/data/GCA_900059625.1/sequence_report.jsonl	6431	a414486799b0ee50a247d12c783087911514263ba16e1e4910d70481b5820c9d
GCA	GCA_900059635.1	GCA/ncbi_dataset/data/GCA_900059635.1/GCA_900059635.1_11657_4_57_genomic.fna	2092928	496d3cb05e32998acd881d80643299b946ac0b0dedcab01066c428ed5755a50f
GCA	GCA_900059635.1	GCA/ncbi_dataset/data/GCA_900059635.1/genomic.gbff	4716081	88096ddb7e5e09ee6923d21d69d68a5fa4c5f64429f2dac9dbdf06a94870a269
GCA	GCA_900059635.1	GCA/ncbi_dataset/data/GCA_900059635.1/genomic.gff	849906	c5be7a8fb3e9c2a150ffdc7fee876bedc6c4c713d5a5a5d3c3a1ab7251c10135
GCA	GCA_900059635.1	GCA/ncbi_dataset/data/GCA_900059635.1/sequence_report.jsonl	11927	58c4c49ab9ccae4ace5292a95278d075990804f5d2e3ebb784d0eeb82139a2c2
GCA	GCA_900059645.1	GCA/ncbi_dataset/data/GCA_900059645.1/GCA_900059645.1_11511_8_58_genomic.fna	2100224	eb0631260aa3589564fa57641cf555f4b2dfca153af073bd9cfe8a2cf30059cc
GCA	GCA_900059645.1	GCA/ncbi_dataset/data/GCA_900059645.1/genomic.gbff	4703329	b26855f75625fdb07febb8633099125ca4c04a394cc5bd2e7dac27d0a5ecb84b
GCA	GCA_900059645.1	GCA/ncbi_dataset/data/GCA_900059645.1/genomic.gff	836504	c5c8406c4845fedd14d330d3b65e71c3f9c7c46500cff1eb685e983bc87465ff
GCA	GCA_900059645.1	GCA/ncbi_dataset/data/GCA_900059645.1/sequence_report.jsonl	11011	3f2163998349660c0f964f0230c870deb2292844b480ea6a014652ed8644d5bb
GCA	GCA_900059655.1	GCA/ncbi_dataset/data/GCA_900059655.1/GCA_900059655.1_12291_4_51_genomic.fna	2296476	60d3952d843dd02faf4e6b74568bfa8f19adb936fcd1c28dfede892262835d72
GCA	GCA_900059655.1	GCA/ncbi_dataset/data/GCA_900059655.1/genomic.gbff	5311838	ed9a80001dc424d21bb049ff6b3fae7d18d3404913d6933a72b27b333dcf578d
GCA	GCA_900059655.1	GCA/ncbi_dataset/data/GCA_900059655.1/genomic.gff	1109376	7796264c2f6b9fca14e7de4ca545536dc5b61bb2b800a60c5027c77cb07c492f
GCA	GCA_900059655.1	GCA/ncbi_dataset/data/GCA_900059655.1/sequence_report.jsonl	80977	312f7c5b3d34a33fc8975eda1dcb900d149399fc939b06b138b9eb823b9bb9ff
GCA	GCA_900059665.1	GCA/ncbi_dataset/data/GCA_900059665.1/GCA_900059665.1_12291_4_50_genomic.fna	2017943	2303c69cb965de7457843b9a1d6d97c2715cfafa1ba8c8d668a87c5d8ec9e0f4
GCA	GCA_900059665.1	GCA/ncbi_dataset/data/GCA_900059665.1/genomic.gbff	4543626	bfaf74f68d06a310d3f26856fd621d69cbfe14b31309ab1143034415c4dfabdc
GCA	GCA_900059665.1	GCA/ncbi_dataset/data/GCA_900059665.1/genomic.gff	807526	0c0e3428a4646e06a90037ec611eb9ee0ff37d40ada0ae69264a8f22e6de24ea
GCA	GCA_900059665.1	GCA/ncbi_dataset/data/GCA_900059665.1/sequence_report.jsonl	14980	da8973afa575a9b997519b805cdcb91d046abd3cc318ffe846b9efe6f6510155
GCA	GCA_900059675.1	GCA/ncbi_dataset/data/GCA_900059675.1/GCA_900059675.1_12291_5_4_genomic.fna	2330462	6b42f5a23931841375eb09f579b7dd251c72200bffa3ffcd7db6a9670d23596c
GCA	GCA_900059675.1	GCA/ncbi_dataset/data/GCA_900059675.1/genomic.gbff	5396376	c16baf957079d11e7ce49eee646d860ea5e8a0ef157a121cb929474e42b25150
GCA	GCA_900059675.1	GCA/ncbi_dataset/data/GCA_900059675.1/genomic.gff	1110241	b160c495689bbd068a44569c1b79dd3f9e704d7804010d7e2621389661c47e7e
GCA	GCA_900059675.1	GCA/ncbi_dataset/data/GCA_900059675.1/sequence_report.jsonl	91617	385dd5cf133ad14c3dadabf43102717cfb4bae9cc5d74f0a9f773f72178836e9
GCA	GCA_900059685.1	GCA/ncbi_dataset/data/GCA_900059685.1/GCA_900059685.1_12291_5_44_genomic.fna	2038999	543fee6571205e6fb8122cfd1ef24f9f36c862562a8541872c51fb3b35682db2
GCA	GCA_900059685.1	GCA/ncbi_dataset/data/GCA_900059685.1/genomic.gbff	4566291	68d4b24b383aa9e1e5a181b84ec5cf12baae18b4dc625d32b48ec5a9381fd438
GCA	GCA_900059685.1	GCA/ncbi_dataset/data/GCA_900059685.1/genomic.gff	811189	abd7ae917120b40057f6cdd36dbf3b19ea9dab2a6c065b03bd7b43edf2bc10ca
GCA	GCA_900059685.1	GCA/ncbi_dataset/data/GCA_900059685.1/sequence_report.jsonl	5203	b57b734cf77a640b7f30c2a22e117153513b85e7a2a405ce9ae34725e74a7f18
GCA	GCA_900059695.1	GCA/ncbi_dataset/data/GCA_900059695.1/GCA_900059695.1_12291_5_6_genomic.fna	2095757	9ec2e24b7c95c65f9aa96cc7558c0599315a3055f2c95f918406437e0ed76e1d
GCA	GCA_900059695.1	GCA/ncbi_dataset/data/GCA_900059695.1/genomic.gbff	4705459	12d3fdaf3c028ebbd497e71c1506311a0481327e83b23088f69b303a86f5342b
GCA	GCA_900059695.1	GCA/ncbi_dataset/data/GCA_900059695.1/genomic.gff	845467	f2882e89827a47479e698932aadfc26ea20f8ed4821da4450395b9e84a6e3010
GCA	GCA_900059695.1	GCA/ncbi_dataset/data/GCA_900059695.1/sequence_report.jsonl	5815	d33c4c979c01c0d055667d6cd85abd7cf5b4cef870e6cbe3a79ce0b1c07a3c32
GCA	GCA_900059705.1	GCA/ncbi_dataset/data/GCA_900059705.1/GCA_900059705.1_14673_4_28_genomic.fna	2158082	2791ea4097491e80a466f4d2168411a318ee25b690a880687fa5df6c448c5b55
GCA	GCA_900059705.1	GCA/ncbi_dataset/data/GCA_900059705.1/genomic.gbff	4871785	f7dbde5984a9f1c26d2336ee0a124cbf4eaaf1c05bbfd4f8bd8dbdacf5ca4f91
GCA	GCA_900059705.1	GCA/ncbi_dataset/data/GCA_900059705.1/genomic.gff	875520	55079070f9dc444e794361cf0846a4c93f9529ba0dd2818823f9b5673d015814
GCA	GCA_900059705.1	GCA/ncbi_dataset/data/GCA_900059705.1/sequence_report.jsonl	19561	3f476bad9b255885bc50d7edfde9b4db96e93834e420413d1bd8e4ead9251c1f
GCA	GCA_900059825.1	GCA/ncbi_dataset/data/GCA_900059825.1/GCA_900059825.1_11511_8_46_genomic.fna	2169400	00de1185b560c0fdedb477d70367124014872815a2d94e7ed0c994c4fc4d8071
GCA	GCA_900059825.1	GCA/ncbi_dataset/data/GCA_900059825.1/genomic.gbff	4887371	0cbc35e1110ed7ffaada00111713198e9d6655bf3e0eee327e41d75c97248a70
GCA	GCA_900059825.1	GCA/ncbi_dataset/data/GCA_900059825.1/genomic.gff	881934	a6b82de46f5e55f259b02a34513b39df767ec2e512fcd658944e832f86b6739a
GCA	GCA_900059825.1	GCA/ncbi_dataset/data/GCA_900059825.1/sequence_report.jsonl	15285	c8845ce2c99542076920c7a70101876b34d2daac2195272e581cfb639be678db
GCA	GCA_900059835.1	GCA/ncbi_dataset/data/GCA_900059835.1/GCA_900059835.1_13154_3_31_genomic.fna	2095396	f8d14f4df85127a582ac6a4e504bc0b8efb0f419b388e86b625533af72f7fcc0
GCA	GCA_900059835.1	GCA/ncbi_dataset/data/GCA_900059835.1/genomic.gbff	4715473	1b492b1a1b70ee2bcefdeb712b3bc193a08c25d6601db2229c61916b1f0f68bf
GCA	GCA_900059835.1	GCA/ncbi_dataset/data/GCA_900059835.1/genomic.gff	971654	9ddaef77837cbe55786a2e0b2c36f663726fe77c5c860ba175f9745002e6a06c
GCA	GCA_900059835.1	GCA/ncbi_dataset/data/GCA_900059835.1/sequence_report.jsonl	11317	5260d72be7e6467892102df5895b05cecbc9515a7f5f25b8472dba72ce76609f
GCA	GCA_900059855.1	GCA/ncbi_dataset/data/GCA_900059855.1/GCA_900059855.1_13414_1_70_genomic.fna	2192137	f52e75840d2e837a122f7b16dfcc308051eadb88cc0b935d61f9392ad36215ac
GCA	GCA_900059855.1	GCA/ncbi_dataset/data/GCA_900059855.1/genomic.gbff	4957800	8403cad9af44dc6f129b406e9b28daf5c112a1dcb6a2fa70d3729d4f02f085cf
GCA	GCA_900059855.1	GCA/ncbi_dataset/data/GCA_900059855.1/genomic.gff	893100	ec8f29f63418bac20b441227439689dcf27eaacb38f11cbe01b43fb3f49284f9
GCA	GCA_900059855.1	GCA/ncbi_dataset/data/GCA_900059855.1/sequence_report.jsonl	21394	b58be21fbb726d1250f48d4ea559482db3259190c1934b28d52d9284e6003942
GCA	GCA_900059865.1	GCA/ncbi_dataset/data/GCA_900059865.1/GCA_900059865.1_13414_2_40_genomic.fna	1995709	eb185dde170a188c581b5440b24b5d64359f7f6cea820e34c9b48a15175e0edf
GCA	GCA_900059865.1	GCA/ncbi_dataset/data/GCA_900059865.1/genomic.gbff	4481066	92980e57feb72020dc7603d893827dbfc80e9d10e1b9ea12dd280dae50cd1bad
GCA	GCA_900059865.1	GCA/ncbi_dataset/data/GCA_900059865.1/genomic.gff	800324	e213b510eb5a615b3093b71fd6741fd2ee6c1e29b7025f56a0c0d8c5104c08de
GCA	GCA_900059865.1	GCA/ncbi_dataset/data/GCA_900059865.1/sequence_report.jsonl	10704	2f19f9769cb5ccbe1b827a93912da1f3d700a3ed935a751a93c95a2e591f1d08
GCA	GCA_900060055.1	GCA/ncbi_dataset/data/GCA_900060055.1/GCA_900060055.1_13414_1_76_genomic.fna	2017893	ce164334c2fd0700294afcac98d77fd945c3f693dc3f375e05faca51b528e9de
GCA	GCA_900060055.1	GCA/ncbi_dataset/data/GCA_900060055.1/genomic.gbff	4542825	6a821393c65c0ca39549a6b1a989753a1c7bc559057fad863487d1495d469819
GCA	GCA_900060055.1	GCA/ncbi_dataset/data/GCA_900060055.1/genomic.gff	815451	5ecf67caef1b890509eb4744ff4ef97634306504a04b6cfa24e7698bb39e3b36
GCA	GCA_900060055.1	GCA/ncbi_dataset/data/GCA_900060055.1/sequence_report.jsonl	6117	b6dce5c22bb8f05dbbd72c494ed95a84b80a79e5205b1b200a83e733bfa3f734
GCA	GCA_900060065.1	GCA/ncbi_dataset/data/GCA_900060065.1/GCA_900060065.1_14673_4_16_genomic.fna	2161276	005ceec7df3fef85e330daba556861d7ed11e92292c845e457785328e74c98bc
GCA	GCA_900060065.1	GCA/ncbi_dataset/data/GCA_900060065.1/genomic.gbff	4859129	2ba26c51e97d69e3b5b11c3c96e024a5dc2622be78685a82706fa7eb79f2187c
GCA	GCA_900060065.1	GCA/ncbi_dataset/data/GCA_900060065.1/genomic.gff	880379	e1b54c9c7ef1a3b42a35c615b43c3ebeb893b630a5b8715f05faf1ad069e553f
GCA	GCA_900060065.1	GCA/ncbi_dataset/data/GCA_900060065.1/sequence_report.jsonl	9787	41017746e749c19fb2b0471745ed821f91316a6f469a00edb36911bf0ff9756a
GCA	GCA_900060075.1	GCA/ncbi_dataset/data/GCA_900060075.1/GCA_900060075.1_14673_4_18_genomic.fna	2070526	8d6fe1b7a28fcbbe484ac4ba94a0421f3e972d8a80badb7bf8439115cbaa5062
GCA	GCA_900060075.1	GCA/ncbi_dataset/data/GCA_900060075.1/genomic.gbff	4655259	b066b1198ca111fe620c4feae837159937e3663a1a68471d5aa41a8c75d73bf7
GCA	GCA_900060075.1	GCA/ncbi_dataset/data/GCA_900060075.1/genomic.gff	834980	e3046447b0f7d044ebc8d8df57a4c1a169947cbae792f5db145f26946938285e
GCA	GCA_900060075.1	GCA/ncbi_dataset/data/GCA_900060075.1/sequence_report.jsonl	9784	bbd23c1bbed25663a56e094ec583be41bab77162e7c2738ec596508e4da44e59
GCA	GCA_900060245.1	GCA/ncbi_dataset/data/GCA_900060245.1/GCA_900060245.1_12291_4_77_genomic.fna	2145116	6e080491c38069cab06d0f22acc72b012b18e77262ed8b03fd35f65c53b63fee
GCA	GCA_900060245.1	GCA/ncbi_dataset/data/GCA_900060245.1/genomic.gbff	4810694	a137d2fcd06c7cfe12414bda2100cffa820786b8efa5b22e6deb9d25ec73c7dc
GCA	GCA_900060245.1	GCA/ncbi_dataset/data/GCA_900060245.1/genomic.gff	864740	0c7089894959136d8fe4c604189ddb836a1f4bdebcebaa8813e5911ae958882b
GCA	GCA_900060245.1	GCA/ncbi_dataset/data/GCA_900060245.1/sequence_report.jsonl	12229	c0a4eb203cfbde991bbac44915ccc0f1e0420361b8615ec80332430cb433d074
GCA	GCA_900060255.1	GCA/ncbi_dataset/data/GCA_900060255.1/GCA_900060255.1_13154_3_45_genomic.fna	2235955	eaeee527b274347c5d181e75376bfd1a21e358b8dd02164549b7fb5e9def4e80
GCA	GCA_900060255.1	GCA/ncbi_dataset/data/GCA_900060255.1/genomic.gbff	5169240	e9a15cd4ca63ca341ef57c134507963af8848a59a0cc57d04f25eafd4f8b638e
GCA	GCA_900060255.1	GCA/ncbi_dataset/data/GCA_900060255.1/genomic.gff	1073533	2d9f014d272d38898e0e96a642d25d3d479d0bffab0cd0e3ef26937913a7943f
GCA	GCA_900060255.1	GCA/ncbi_dataset/data/GCA_900060255.1/sequence_report.jsonl	76380	e4423618119f3deff51cd749618ef45fd9b7e94897040de70ce68debb8c40b25
GCA	GCA_900060265.1	GCA/ncbi_dataset/data/GCA_900060265.1/GCA_900060265.1_13414_2_70_genomic.fna	2050192	9820171b685886daf8fcda084903b1df1db552404d48964387e1dd3f75a82e02
GCA	GCA_900060265.1	GCA/ncbi_dataset/data/GCA_900060265.1/genomic.gbff	4587240	b8598e9b0192662f6743eff274d2351505a89128b06798e8e1a5e571c2bd157c
GCA	GCA_900060265.1	GCA/ncbi_dataset/data/GCA_900060265.1/genomic.gff	807264	0291e7fb22a7f62ec9b9bc1e2d83b4de5592e715a23159da975f0be5080d42f0
GCA	GCA_900060265.1	GCA/ncbi_dataset/data/GCA_900060265.1/sequence_report.jsonl	11623	cd05ad42f9d82e69b8b64c5eae9f54a9d8fd5809d76b24bfa2a1d1294034b2aa
GCA	GCA_900060275.1	GCA/ncbi_dataset/data/GCA_900060275.1/GCA_900060275.1_13414_2_75_genomic.fna	2164233	b16a935f524b832c69420464154c843376d281c39a07d3f7cc7bcec2e5e07a38
GCA	GCA_900060275.1	GCA/ncbi_dataset/data/GCA_900060275.1/genomic.gbff	4883665	63ef9c2ca6733eb19006b4387462e82e95981d0b86d7ca41e989c33072f14d67
GCA	GCA_900060275.1	GCA/ncbi_dataset/data/GCA_900060275.1/genomic.gff	889445	22e3285816960c4f9cdf861ff6b9e807f63027f30aca456738d19fde3eb1f482
GCA	GCA_900060275.1	GCA/ncbi_dataset/data/GCA_900060275.1/sequence_report.jsonl	11920	5a991cc736146993dee248d62459853e39aa4f0fbc01dd08b62fd5ca74b4436a
GCA	GCA_900060285.1	GCA/ncbi_dataset/data/GCA_900060285.1/GCA_900060285.1_14673_4_13_genomic.fna	2120476	59ad728e2b00bc1b3f454d54cea9d2170f47ddcc4c1a2d1deb555004f9b368ff
GCA	GCA_900060285.1	GCA/ncbi_dataset/data/GCA_900060285.1/genomic.gbff	4767533	61ced146f1320b7e1d38478d63a93cd9dafe6a49447a26de180a0108a3268caa
GCA	GCA_900060285.1	GCA/ncbi_dataset/data/GCA_900060285.1/genomic.gff	860234	e8bb6381565854bc88c581ad37035677f21259937b3e6cd7ff28d70c73146921
GCA	GCA_900060285.1	GCA/ncbi_dataset/data/GCA_900060285.1/sequence_report.jsonl	13145	bd65913d59908ce69e01f1c8f7b5bc742232d38d9e49882d9e4c74b534980a36
GCA	GCA_900060295.1	GCA/ncbi_dataset/data/GCA_900060295.1/GCA_900060295.1_14673_4_14_genomic.fna	2144463	4d4474d6da792489a8cf99a30b002eeecdf776c63905767041f17faa7dffd033
GCA	GCA_900060295.1	GCA/ncbi_dataset/data/GCA_900060295.1/genomic.gbff	4815456	18e6acc763a9cb287a39797802f7c4aeae21ffe86b58c8c9e582b6bae2c03212
GCA	GCA_900060295.1	GCA/ncbi_dataset/data/GCA_900060295.1/genomic.gff	862142	44461e427daec84fec236afc059f2d8816d1d27898de5ac0010c687f32d1a9b4
GCA	GCA_900060295.1	GCA/ncbi_dataset/data/GCA_900060295.1/sequence_report.jsonl	11848	0ae85feca96fdb3343d32861df6177637ac94cd53d093dcf1fdd83f843f7e879
GCA	GCA_900060505.1	GCA/ncbi_dataset/data/GCA_900060505.1/GCA_900060505.1_11657_4_38_genomic.fna	2093891	3538c5944cce1f396060b0b1e810a04597f6c0db2ac8d2735d23aa24490d551a
GCA	GCA_900060505.1	GCA/ncbi_dataset/data/GCA_900060505.1/genomic.gbff	4710840	b3787512ec7f09800998322426ec72612a271d2fcfad46564cfec16ffb71a927
GCA	GCA_900060505.1	GCA/ncbi_dataset/data/GCA_900060505.1/genomic.gff	845489	d046efca7b8a7e73a54193ab618f5554b006cc05e5de4ebbc778ae5a5ae4d9d7
GCA	GCA_900060505.1	GCA/ncbi_dataset/data/GCA_900060505.1/sequence_report.jsonl	10401	e4070c66c58a1ddd8b4a3f2f814658ed5c5cbdd690bc8bac29342a3c39fc98b6
GCA	GCA_900060515.1	GCA/ncbi_dataset/data/GCA_900060515.1/GCA_900060515.1_12291_5_5_genomic.fna	2021010	3f4beb60dcc80b385dc805225f27b9e8643cbd65269fd837cbc660c9a15c5dc6
GCA	GCA_900060515.1	GCA/ncbi_dataset/data/GCA_900060515.1/genomic.gbff	4546075	2fd703ddf715c3efec1711931060fae567064bebe1cdc520598f217c3557a393
GCA	GCA_900060515.1	GCA/ncbi_dataset/data/GCA_900060515.1/genomic.gff	811320	c93f0b0d12237bf55bf3d1d46f516c6631040cde6d8d5a245acf38555e0f80b8
GCA	GCA_900060515.1	GCA/ncbi_dataset/data/GCA_900060515.1/sequence_report.jsonl	14064	1d799442600d2fe0d149638c41bfdb7798aefb4d331aa418ca55b1a3fda3c12c
GCA	GCA_900060525.1	GCA/ncbi_dataset/data/GCA_900060525.1/GCA_900060525.1_12291_5_41_genomic.fna	2017381	bce67f8c14ef0f512ea17d12417aa17a2ce78f07bd444a94cb60aff814b2fd87
GCA	GCA_900060525.1	GCA/ncbi_dataset/data/GCA_900060525.1/genomic.gbff	4543427	87e103ddb83f77f5192320f952b2d26f6ac3fbe1f91a37f847b47492349e69b2
GCA	GCA_900060525.1	GCA/ncbi_dataset/data/GCA_900060525.1/genomic.gff	813159	135e39925d7c3d22a1cdb9918da5358f93bea0b3c1bc516740e00d1612c39398
GCA	GCA_900060525.1	GCA/ncbi_dataset/data/GCA_900060525.1/sequence_report.jsonl	14370	797d9d98544b151bd2be1ee23e258acdbb6c030b1c09b0485103ba14c245a129
GCA	GCA_900060535.1	GCA/ncbi_dataset/data/GCA_900060535.1/GCA_900060535.1_13414_2_23_genomic.fna	2155653	8c5d28e6615f7caa2b613b07a61c69a8289f95c0e767473b7a20ca2fd71d17e0
GCA	GCA_900060535.1	GCA/ncbi_dataset/data/GCA_900060535.1/genomic.gbff	4862159	2b104697c25fc211376b58c1ce7212280bea45b339db4308aa8bafaf6aba5132
GCA	GCA_900060535.1	GCA/ncbi_dataset/data/GCA_900060535.1/genomic.gff	885992	410f6aa96bd2a26cbe88b1ac10a5df5461a9d1e56bf9b701264248095aaa733d
GCA	GCA_900060535.1	GCA/ncbi_dataset/data/GCA_900060535.1/sequence_report.jsonl	14364	a08b55ffd0a2c305f48368d6c6b9d0374c2cbcade4bfb5bc412c054b2f4eaf63
GCA	GCA_900060545.1	GCA/ncbi_dataset/data/GCA_900060545.1/GCA_900060545.1_13414_2_26_genomic.fna	2086965	dd5a5d57a25b73f38773ebb6dec7da4392b16c6fe7ea0c205961d2066e02a9f6
GCA	GCA_900060545.1	GCA/ncbi_dataset/data/GCA_900060545.1/genomic.gbff	4691008	7a3460c5511e4ea63bfb71232aa10eb0df24c02ade7930fc8260d767d59b9e29
GCA	GCA_900060545.1	GCA/ncbi_dataset/data/GCA_900060545.1/genomic.gff	964835	5bb51a9c124a5b0c220c18ca9798b1add682b9cee9c66361d37fe926c5992441
GCA	GCA_900060545.1	GCA/ncbi_dataset/data/GCA_900060545.1/sequence_report.jsonl	6386	e4b0a34cee14fe8b5650c65f555a8bd7abe813c48592276f6d6d3de2cf7add2c
GCA	GCA_900060555.1	GCA/ncbi_dataset/data/GCA_900060555.1/GCA_900060555.1_13414_2_32_genomic.fna	2081100	14cec6ed271ec9a1afd2c77d85966dff20443505ce90c82e88aa00ba4cad8369
GCA	GCA_900060555.1	GCA/ncbi_dataset/data/GCA_900060555.1/genomic.gbff	4691741	7fc8d217f0a65d81f3ee3617db7a0990c08a2d09540afb903abff691fe326ae0
GCA	GCA_900060555.1	GCA/ncbi_dataset/data/GCA_900060555.1/genomic.gff	841918	3a3152bd78089c69d87ab7dd52f9e3e20e7a2e259687f71180133a947651a1e2
GCA	GCA_900060555.1	GCA/ncbi_dataset/data/GCA_900060555.1/sequence_report.jsonl	13452	0e6deefc24e475fe3775c39f41f8a00bb9fbcf1f3f9fded4cb4650f99ff4c2f4
GCA	GCA_900060565.1	GCA/ncbi_dataset/data/GCA_900060565.1/GCA_900060565.1_13414_2_30_genomic.fna	2093051	9ff1d6bc44e837ee02223d09ee2b46431fbc70e1d67445d6ac1a196828af2178
GCA	GCA_900060565.1	GCA/ncbi_dataset/data/GCA_900060565.1/genomic.gbff	4691064	690f46237d249ae1b1940e2272bb1099abbbc880e70442060a5cb225634a955c
GCA	GCA_900060565.1	GCA/ncbi_dataset/data/GCA_900060565.1/genomic.gff	847858	f7b06f68ca50ce1dccfe86e5d4fc789ccf598347cb10213d83aea23183d86e1b
GCA	GCA_900060565.1	GCA/ncbi_dataset/data/GCA_900060565.1/sequence_report.jsonl	7344	24d4899fcb4474af7aad99ebcac87a8c95cd02e5c484b96c937901f6c4f45530
GCA	GCA_900060575.1	GCA/ncbi_dataset/data/GCA_900060575.1/GCA_900060575.1_13414_2_33_genomic.fna	2109505	b093d8cb337b3e8f7b97c2f5aa2d9896809b9015c3609d00b70f7053808d73e7
GCA	GCA_900060575.1	GCA/ncbi_dataset/data/GCA_900060575.1/genomic.gbff	4747683	176f3ca56df2847685a4c8c7aff84004f0a842ff0559f7784d233ff34bbd6696
GCA	GCA_900060575.1	GCA/ncbi_dataset/data/GCA_900060575.1/genomic.gff	855540	286a83ecc6fdcc176965382b3205f098bc69c7707ae5499a73cc4c07ee06efb5
GCA	GCA_900060575.1	GCA/ncbi_dataset/data/GCA_900060575.1/sequence_report.jsonl	11012	f7aa16517bf0ccc036cdb61d349629fc33298d7d36a7db8bbf0931ede4c3c0d6
GCA	GCA_900060585.1	GCA/ncbi_dataset/data/GCA_900060585.1/GCA_900060585.1_13414_2_42_genomic.fna	2077681	973dae42b976d11d61e753d43b1b5a89b2c7b33aceec7245b396c66eb76ca3cb
GCA	GCA_900060585.1	GCA/ncbi_dataset/data/GCA_900060585.1/genomic.gbff	4663486	cf9883a7b5aa93a5fee9b3fb0f21306f325891c84ff034f78924771ffad8026b
GCA	GCA_900060585.1	GCA/ncbi_dataset/data/GCA_900060585.1/genomic.gff	834646	1a8af85b6502178efde3ec15b7d87db365bbe55032cfefc87f0baa7699db4da0
GCA	GCA_900060585.1	GCA/ncbi_dataset/data/GCA_900060585.1/sequence_report.jsonl	8871	e2fee77ec25e021af3cedb602f95d02b4acfdb5f52696801b5e47562d415efb9
GCA	GCA_900060815.1	GCA/ncbi_dataset/data/GCA_900060815.1/GCA_900060815.1_11657_4_53_genomic.fna	2077487	05bec6f764d4745c98f36cab24e2d849cf1d8a9e5c0eb8eae7789c6e71351cb4
GCA	GCA_900060815.1	GCA/ncbi_dataset/data/GCA_900060815.1/genomic.gbff	4669447	51c1d55d3d24a407c96fc95c6984515ee89cb2863689af0843414d66ef4a9fd0
GCA	GCA_900060815.1	GCA/ncbi_dataset/data/GCA_900060815.1/genomic.gff	964788	d1c05dc49d73f65b6b2476954c991a6b951faee7622e0f1a79091f38ab29b613
GCA	GCA_900060815.1	GCA/ncbi_dataset/data/GCA_900060815.1/sequence_report.jsonl	12150	2351e4c561ef65c7b970868fa1282c9bc61f647f02915f1891841e029451d5c0
GCA	GCA_900060825.1	GCA/ncbi_dataset/data/GCA_900060825.1/GCA_900060825.1_12291_4_17_genomic.fna	2196573	48ab6210c041f2a9089bfd696aa7d7bdec83cd82b755d0e74ee2f6daad3664f7
GCA	GCA_900060825.1	GCA/ncbi_dataset/data/GCA_900060825.1/genomic.gbff	5080457	d7fe18f6b6501f51ed58f111dc8960c01b4302b88c42f8ea721d53834a051d4d
GCA	GCA_900060825.1	GCA/ncbi_dataset/data/GCA_900060825.1/genomic.gff	1049850	bf9c822969db5998419d2f2a2deb292a6361e03aaa6a9555abcd9e5e7fbeee77
GCA	GCA_900060825.1	GCA/ncbi_dataset/data/GCA_900060825.1/sequence_report.jsonl	80354	bbe08e06988f1dd896b10e85aa9a8df71cce5f4934a8ebe73c881441247390c0
GCA	GCA_900060835.1	GCA/ncbi_dataset/data/GCA_900060835.1/GCA_900060835.1_13154_2_18_genomic.fna	2077052	73d4875a17d3268d45a4372c082071a3e2715f0b63ccbe9c5d672119447594ee
GCA	GCA_900060835.1	GCA/ncbi_dataset/data/GCA_900060835.1/genomic.gbff	4672604	db486eee578708c2fc6f1baf50e39a698b24792e4f5ca328bf0cf1b66afd55ff
GCA	GCA_900060835.1	GCA/ncbi_dataset/data/GCA_900060835.1/genomic.gff	841714	54414b626e273da7c54ca2f7b37ca738eb56facf1fa6faafc110025c409e1011
GCA	GCA_900060835.1	GCA/ncbi_dataset/data/GCA_900060835.1/sequence_report.jsonl	9784	02a078712f2480b93d8920504874cf892d78032a86ad75562d7d555947407b91
GCA	GCA_900060845.1	GCA/ncbi_dataset/data/GCA_900060845.1/GCA_900060845.1_13154_3_79_genomic.fna	2025749	c9292eb9f7ebfefa7257be18dba124425e62e18ce8b381330407df240094cd78
GCA	GCA_900060845.1	GCA/ncbi_dataset/data/GCA_900060845.1/genomic.gbff	4570458	cb77df016fbbd4e79f2914ecb4024b2cf3ecde08cea55eaf0db063681e8f965a
GCA	GCA_900060845.1	GCA/ncbi_dataset/data/GCA_900060845.1/genomic.gff	816915	1b716c711af8504715795e1c4bde78a0f58de9bcc2c94fcb31078cc7276f3187
GCA	GCA_900060845.1	GCA/ncbi_dataset/data/GCA_900060845.1/sequence_report.jsonl	15894	789838c7fc0fd117e120d5822372ade32bae5e4a60bf4f382a1a8380a71ef66d
GCA	GCA_900060855.1	GCA/ncbi_dataset/data/GCA_900060855.1/GCA_900060855.1_13154_3_81_genomic.fna	2093202	b741a2132b7a940a65c6255818da766dfe43dde3db49bc7454c0d0d7fbb215c6
GCA	GCA_900060855.1	GCA/ncbi_dataset/data/GCA_900060855.1/genomic.gbff	4792414	cc4e86bd9e1a3831aaf7227af525bebb8e7a7845a00568346af6baeca5bff2b2
GCA	GCA_900060855.1	GCA/ncbi_dataset/data/GCA_900060855.1/genomic.gff	866331	d442207ebfd894c1f3e5079929d63a897e00de10aceac61ddad6133c869e1306
GCA	GCA_900060855.1	GCA/ncbi_dataset/data/GCA_900060855.1/sequence_report.jsonl	49654	e8d870785dc4e9ece94d1f4e95562867f64590ec73a45e54f276f931b19484cf
GCA	GCA_900060865.1	GCA/ncbi_dataset/data/GCA_900060865.1/GCA_900060865.1_13414_1_79_genomic.fna	2093960	89f83b38891fe5f59792625312d19c27065fa9a59e5e5024645fe819fa49ee5b
GCA	GCA_900060865.1	GCA/ncbi_dataset/data/GCA_900060865.1/genomic.gbff	4686988	bf04cd04e4e76fa01be513d0d49f7d30c4dd429306d47ed141c092a639797885
GCA	GCA_900060865.1	GCA/ncbi_dataset/data/GCA_900060865.1/genomic.gff	833757	4e9bba45746c05d36ce87dc7e2e65b532cb4b247bb385674f3b541d5e7be205e
GCA	GCA_900060865.1	GCA/ncbi_dataset/data/GCA_900060865.1/sequence_report.jsonl	6423	f3128bab2dd9f582f65f4c077ed0ece9e19e0ccdd4c7b58e42f214a17c17aa01
GCA	GCA_900060875.1	GCA/ncbi_dataset/data/GCA_900060875.1/GCA_900060875.1_13414_2_25_genomic.fna	2130757	282cd18052cd6452bca1696a29bc9f09e0617de0377980e5ec8fa5a4d4a42ef1
GCA	GCA_900060875.1	GCA/ncbi_dataset/data/GCA_900060875.1/genomic.gbff	4779399	0af489b486b02cdca0c1fef8ab3e4376338ca03ff0719c59f2aab1ec006d5865
GCA	GCA_900060875.1	GCA/ncbi_dataset/data/GCA_900060875.1/genomic.gff	849480	0925e24927286f19bea5a58c51a64f3357c1c3d3a067552f7a4eb4f1a4792a4c
GCA	GCA_900060875.1	GCA/ncbi_dataset/data/GCA_900060875.1/sequence_report.jsonl	13151	df0702bb421c69a6af03d5ac330ba5510be0abd27a33adfdff3d0ff5503bf859
GCA	GCA_900060885.1	GCA/ncbi_dataset/data/GCA_900060885.1/GCA_900060885.1_13414_2_68_genomic.fna	2115052	d8f5515404150c1500a4632ac132dadd08cdc2c1a2925645cdbfc93da3f03d1b
GCA	GCA_900060885.1	GCA/ncbi_dataset/data/GCA_900060885.1/genomic.gbff	4749471	612edb2d76ff428f7bac266aa469dc6e0729cbf0ac6d935c5b72bd40a0851e4e
GCA	GCA_900060885.1	GCA/ncbi_dataset/data/GCA_900060885.1/genomic.gff	861306	b226989bc53bc37755990ef25118b2c5cbfd3cc3b4979f16f5bc0e1385efd451
GCA	GCA_900060885.1	GCA/ncbi_dataset/data/GCA_900060885.1/sequence_report.jsonl	6109	d7b8473645d2a38f1be47cd223c4b4e18a5cbc8f0a6adab8d4bbc75098cab6c3
GCA	GCA_900060895.1	GCA/ncbi_dataset/data/GCA_900060895.1/GCA_900060895.1_14673_1_90_genomic.fna	2031578	37bfa4b67a4166aa32364fe4a7a403c321f50a9a6533221386614dbb83fc92b5
GCA	GCA_900060895.1	GCA/ncbi_dataset/data/GCA_900060895.1/genomic.gbff	4553380	8ab6bc8277fc071c85f1d7b087283bee90d894172644a6d16dee38cb4350f4d4
GCA	GCA_900060895.1	GCA/ncbi_dataset/data/GCA_900060895.1/genomic.gff	808224	d79cab192921a81e9e075602ef22bb7d4fa7173d3df8eb41a3ce98e84bf1f6c6
GCA	GCA_900060895.1	GCA/ncbi_dataset/data/GCA_900060895.1/sequence_report.jsonl	8571	5a3a1c863784d1707b7c1c94adda81873c910631b4bfcc8cfde36aaf57172d7d
GCA	GCA_900061135.1	GCA/ncbi_dataset/data/GCA_900061135.1/GCA_900061135.1_11657_4_37_genomic.fna	2135010	7464032f43c42276472407ac6e8c7fa0489c9321dbea8a4065d66ce5e9d00faa
GCA	GCA_900061135.1	GCA/ncbi_dataset/data/GCA_900061135.1/genomic.gbff	4795303	09912c5493bed7f208487a2eb7ff44c2932a29bac0ac92ccd66ba956f1a776bd
GCA	GCA_900061135.1	GCA/ncbi_dataset/data/GCA_900061135.1/genomic.gff	857210	838915fd7eb676032ebe204f21d525bcf2aa1336e61ab5a58b87ce914a359a93
GCA	GCA_900061135.1	GCA/ncbi_dataset/data/GCA_900061135.1/sequence_report.jsonl	12231	701022bccc07edb595786d4286dbb2a644bda227de8bac184faf106cf916366d
GCA	GCA_900061145.1	GCA/ncbi_dataset/data/GCA_900061145.1/GCA_900061145.1_11679_1_37_genomic.fna	2114780	f260b545783b47f65ab6c0f0189acbe89a8eb1f991a3d0412a30b344e51641e8
GCA	GCA_900061145.1	GCA/ncbi_dataset/data/GCA_900061145.1/genomic.gbff	4737186	0908462813a13e1793a73d634584b90e898d3fcbcc0e02959e1c751889627d58
GCA	GCA_900061145.1	GCA/ncbi_dataset/data/GCA_900061145.1/genomic.gff	846082	f2e67ca86902b923d718121ff651e038773a1e82492903b112832e70b5b948bc
GCA	GCA_900061145.1	GCA/ncbi_dataset/data/GCA_900061145.1/sequence_report.jsonl	12232	baf2da7421038d83e3c7bae3bfae601bdbf3c8e87fa2019bbc983510ea5a1b00
GCA	GCA_900061155.1	GCA/ncbi_dataset/data/GCA_900061155.1/GCA_900061155.1_11657_8_28_genomic.fna	2219236	40a76bf06c0a935a3c72f53e2107b91285e95712c3bf83272485fa8031a789fb
GCA	GCA_900061155.1	GCA/ncbi_dataset/data/GCA_900061155.1/genomic.gbff	4998641	dc3cd0c82b0707c075f7439bf37b6be3716f7d2f29702b1803b191210204dae8
GCA	GCA_900061155.1	GCA/ncbi_dataset/data/GCA_900061155.1/genomic.gff	905631	c58f337c4d65f6d6dde88ce26413b150fbcedb26ea82d255f3b5212ae9a26862
GCA	GCA_900061155.1	GCA/ncbi_dataset/data/GCA_900061155.1/sequence_report.jsonl	13968	4fb5d82328bb5a5a8bcffe2f52e2d5c076a03cbbd4bb01db1717448644448294
GCA	GCA_900061165.1	GCA/ncbi_dataset/data/GCA_900061165.1/GCA_900061165.1_12291_4_67_genomic.fna	2071868	3349d9780d68870df547b28fa0010027aac8b4020874c634ca4cf6c2f6d96d77
GCA	GCA_900061165.1	GCA/ncbi_dataset/data/GCA_900061165.1/genomic.gbff	4658634	159284cb8ad288ecc357b200adcab18f664aeb2cbd1db101e04140468f4d893d
GCA	GCA_900061165.1	GCA/ncbi_dataset/data/GCA_900061165.1/genomic.gff	960881	de6d54f9de08739e73e669e42d927de9596d6a99c980b318cbb4c1d9b9cf48ec
GCA	GCA_900061165.1	GCA/ncbi_dataset/data/GCA_900061165.1/sequence_report.jsonl	3643	9359630e478901366ec96a1461c82a8e73f475bf785a1b5ee43085a258d46395
GCA	GCA_900061175.1	GCA/ncbi_dataset/data/GCA_900061175.1/GCA_900061175.1_12291_4_69_genomic.fna	2076882	8fb1f5d4c96403b15e1005191349ad504aeb84cb51fbb1517c3cadcf300f4857
GCA	GCA_900061175.1	GCA/ncbi_dataset/data/GCA_900061175.1/genomic.gbff	4679572	f9e76f7d6d8d7c72b06185a48350185a4a312498f747748083fb5a2878cde190
GCA	GCA_900061175.1	GCA/ncbi_dataset/data/GCA_900061175.1/genomic.gff	839774	ddd9d50da5f37ff9f8c8a1f5ca4bddfa0a45c021d510e62901fdf22981857641
GCA	GCA_900061175.1	GCA/ncbi_dataset/data/GCA_900061175.1/sequence_report.jsonl	11623	225fa7482aedbe7f91406648eb5d03084016d49196e68c2f3d10f3e430a78428
GCA	GCA_900061185.1	GCA/ncbi_dataset/data/GCA_900061185.1/GCA_900061185.1_12291_4_81_genomic.fna	2147344	f538f063d5aee258d662b03ae8530c62af50be5873016d191f0a4247a48554f2
GCA	GCA_900061185.1	GCA/ncbi_dataset/data/GCA_900061185.1/genomic.gbff	4812959	c7d8f9249626e8bf31001b5eb357e3b150745d691a62031ae9c9460f9c11cbcb
GCA	GCA_900061185.1	GCA/ncbi_dataset/data/GCA_900061185.1/genomic.gff	858463	9a1827947e1ed5dceffecc098055ac0e510f7659f8f90a4cd9f98ed96832b167
GCA	GCA_900061185.1	GCA/ncbi_dataset/data/GCA_900061185.1/sequence_report.jsonl	12843	7b4a933f182d2854cacc2eaca4bdfdd1b95397bf1b9920760e52d9be338af6eb
GCA	GCA_900061195.1	GCA/ncbi_dataset/data/GCA_900061195.1/GCA_900061195.1_12291_5_1_genomic.fna	2074417	4c3ab00439c683dfe476914da56e83a193d59acc8376253c7adb3310e10e3777
GCA	GCA_900061195.1	GCA/ncbi_dataset/data/GCA_900061195.1/genomic.gbff	4663301	341fba4ad48166c7782fc0e553eb5bb5cd4dca744e3530c9a7017b23afbf2ed8
GCA	GCA_900061195.1	GCA/ncbi_dataset/data/GCA_900061195.1/genomic.gff	838251	0f05f1709b5a7807bced09b1d6290d070f49a8b1c6303f5f3aeeb963fe87c23f
GCA	GCA_900061195.1	GCA/ncbi_dataset/data/GCA_900061195.1/sequence_report.jsonl	7954	3744d3db082867bb2e33513a5ac7e43ac6138ba35ba4b8e7d39a160f909eee3a
GCA	GCA_900061205.1	GCA/ncbi_dataset/data/GCA_900061205.1/GCA_900061205.1_12291_5_46_genomic.fna	2154546	bfc5e0546b2c3819899599e0ee4376d324f44bce29fb5c03ae3e48548566a429
GCA	GCA_900061205.1	GCA/ncbi_dataset/data/GCA_900061205.1/genomic.gbff	4862757	ae758250e535228b9a0a11ac02d4f3ffec2cf5c6bdd52d6da881315aaa5d15cd
GCA	GCA_900061205.1	GCA/ncbi_dataset/data/GCA_900061205.1/genomic.gff	875063	63e98966fc41d884066c7898cd30c0d8d7ecd5fb6b42f53c04d312006416675f
GCA	GCA_900061205.1	GCA/ncbi_dataset/data/GCA_900061205.1/sequence_report.jsonl	18946	222f9d41659accbca74a72aac9d72a6901f9b0f79764e48d9f910c181b3b94f7
GCA	GCA_900061215.1	GCA/ncbi_dataset/data/GCA_900061215.1/GCA_900061215.1_13154_3_20_genomic.fna	2072135	e5e4f245c29ad6ba95bdeaa282335c94f1fea347c2570a0909ba8f7332e864af
GCA	GCA_900061215.1	GCA/ncbi_dataset/data/GCA_900061215.1/genomic.gbff	4646813	2ff89b0f7d501783700084f9f7491dbffb8aa179da4411c9abbd0b0670728cd2
GCA	GCA_900061215.1	GCA/ncbi_dataset/data/GCA_900061215.1/genomic.gff	828606	f367e2143e31db1a15d53bc45914009d61864c7d8130afa025142defbccbd688
GCA	GCA_900061215.1	GCA/ncbi_dataset/data/GCA_900061215.1/sequence_report.jsonl	8568	f3296122f6537cac4be8e8627d0770ff7cf54396c04009f18bf23f56581305a6
GCA	GCA_900061225.1	GCA/ncbi_dataset/data/GCA_900061225.1/GCA_900061225.1_13154_3_53_genomic.fna	2216693	9add536a8af6c6adc8733a6c787d4bb89b5f5cb5b9c719c60440fab702f8e200
GCA	GCA_900061225.1	GCA/ncbi_dataset/data/GCA_900061225.1/genomic.gbff	5146082	d151cbff90e51b19ca928926250b7c5d03eab7ae0045806c3c44fa5a50cab57f
GCA	GCA_900061225.1	GCA/ncbi_dataset/data/GCA_900061225.1/genomic.gff	936657	ff73e9df7474227d6309c3f57d644062c283e98c1b73fb62350a52b0abb49a62
GCA	GCA_900061225.1	GCA/ncbi_dataset/data/GCA_900061225.1/sequence_report.jsonl	91913	67b7d2415d3455b6c2f231ec3d09f0e533d4773ddd3acc5a30c6a427ee97ae52
GCA	GCA_900061235.1	GCA/ncbi_dataset/data/GCA_900061235.1/GCA_900061235.1_13414_1_81_genomic.fna	2085883	98b3cf7406c2a4df92819c1380ab44afdc25d7b4d093014863086e671040df79
GCA	GCA_900061235.1	GCA/ncbi_dataset/data/GCA_900061235.1/genomic.gbff	4663026	e57e88211650e9ed5f02271db0fd7376cb8d08353f1dc9e5c0197025a321f5c5
GCA	GCA_900061235.1	GCA/ncbi_dataset/data/GCA_900061235.1/genomic.gff	834833	1fa726e9fc13fcca333e4c59569ec2634347d0dc7397dc5a7491bc7ef8a8057a
GCA	GCA_900061235.1	GCA/ncbi_dataset/data/GCA_900061235.1/sequence_report.jsonl	6421	2eeffef053f5f36c309f656e95a9df02571adad79b94b4da51d5f7e505f684ff
GCA	GCA_900061245.1	GCA/ncbi_dataset/data/GCA_900061245.1/GCA_900061245.1_14673_1_87_genomic.fna	2089108	528c7fc1757409b62ce8c8b1c736ee6ec57b9a8b11ccd117e0318a258f4deb3b
GCA	GCA_900061245.1	GCA/ncbi_dataset/data/GCA_900061245.1/genomic.gbff	4688801	05cbc75117cffe9da48639dab6532f95ba08898548b54f636d82ce941aac4990
GCA	GCA_900061245.1	GCA/ncbi_dataset/data/GCA_900061245.1/genomic.gff	840428	cd8866b025b7fc8f3b85e64b58a751d10365772cd23274331e566becec54d47c
GCA	GCA_900061245.1	GCA/ncbi_dataset/data/GCA_900061245.1/sequence_report.jsonl	6425	b8226d17c4c862448013d9ede749fef5f2e39493f4d433f17ccc70909f1dca44
GCA	GCA_900061255.1	GCA/ncbi_dataset/data/GCA_900061255.1/GCA_900061255.1_14673_1_88_genomic.fna	2167347	d0abf22e6b5b344c1806c5a3456c9aad3dd52d9d58bd7fcb5e8dc4f5feed90a2
GCA	GCA_900061255.1	GCA/ncbi_dataset/data/GCA_900061255.1/genomic.gbff	4855664	8ae81ac3324cdc9e2fd616a094b6ae3c18d7ca4ca55ef9634cbbb45a406c8eaf
GCA	GCA_900061255.1	GCA/ncbi_dataset/data/GCA_900061255.1/genomic.gff	864420	dc4105994eb8e19212c4c5f4fa2d9e9ce7d45a269ba5b6ff5f19d76e208715ca
GCA	GCA_900061255.1	GCA/ncbi_dataset/data/GCA_900061255.1/sequence_report.jsonl	11012	a53b1a69d10033eaecb40406d59b0976cb48b8c6c8686da3237c4999904b3d3b
GCA	GCA_900061745.1	GCA/ncbi_dataset/data/GCA_900061745.1/GCA_900061745.1_11658_2_64_genomic.fna	2022290	7d2a420b27aff4730b0a90c40566aa9424458fe810b4c41cfbdbf3c54d04e3e0
GCA	GCA_900061745.1	GCA/ncbi_dataset/data/GCA_900061745.1/genomic.gbff	4556522	8cc5afea362730b368801ec1ac48ade8249855918df994d5e4abf41411f0210f
GCA	GCA_900061745.1	GCA/ncbi_dataset/data/GCA_900061745.1/genomic.gff	815019	7b15a027f181c8ee4c14ea66bd9080c33f0c994a96d20ad6897dfa5c2ff5bbf3
GCA	GCA_900061745.1	GCA/ncbi_dataset/data/GCA_900061745.1/sequence_report.jsonl	15182	37bb8f6eb4893b9ea3a426493584b41dd51953debf024aa12b1256864e697708
GCA	GCA_900061755.1	GCA/ncbi_dataset/data/GCA_900061755.1/GCA_900061755.1_11679_1_42_genomic.fna	2094666	0d685b23c9ac4f60766278abc2a73e7786d93fdbb392236a512628ab0dea9a4f
GCA	GCA_900061755.1	GCA/ncbi_dataset/data/GCA_900061755.1/genomic.gbff	4780833	533789b320b04b9179e1c650d917aa2b51a6fa2a1f1d4284d8d0148d54f5dddc
GCA	GCA_900061755.1	GCA/ncbi_dataset/data/GCA_900061755.1/genomic.gff	985543	998cbafa8a962278bb3636729f9479ea2a4a93d588a0655f446781bb055baf1f
GCA	GCA_900061755.1	GCA/ncbi_dataset/data/GCA_900061755.1/sequence_report.jsonl	51473	b776b9fb07825c006d3de37b47e40d5dfe3ca72323e9f2d0301e12d0836a2d0e
GCA	GCA_900061765.1	GCA/ncbi_dataset/data/GCA_900061765.1/GCA_900061765.1_12291_4_45_genomic.fna	2206734	58fc982bdf65715418d6d72c01a068e800706c04e2391910cb3a5195b21e2c99
GCA	GCA_900061765.1	GCA/ncbi_dataset/data/GCA_900061765.1/genomic.gbff	5045106	35d22eb536ba9be03898ea2f0be5cf5788979a9fb371d9d7c806a0c6abbe59de
GCA	GCA_900061765.1	GCA/ncbi_dataset/data/GCA_900061765.1/genomic.gff	1038820	1a77a88fa184bf772c15a9601b41b6e28109c3af31a9acaf852d4bdb09885c2c
GCA	GCA_900061765.1	GCA/ncbi_dataset/data/GCA_900061765.1/sequence_report.jsonl	61479	335a48102f853182ec6879f1c24a33d9f6f3b2b09a6b86d7da9b79aaa42a94f3
GCA	GCA_900061775.1	GCA/ncbi_dataset/data/GCA_900061775.1/GCA_900061775.1_12291_4_46_genomic.fna	2119878	d5754f24ed36c74925fa2093c990913c328419562b9aaaea1d66c36f327557b4
GCA	GCA_900061775.1	GCA/ncbi_dataset/data/GCA_900061775.1/genomic.gbff	4763260	b5d69e91d432ebcefe0cc3c92c1df612ebf7c78f0f7d5f96a5412f78cac6a245
GCA	GCA_900061775.1	GCA/ncbi_dataset/data/GCA_900061775.1/genomic.gff	852858	1bbbd4e09f9064e31bc46ba3c67b6f8d6414137b582ac93793ae4bd91f1e418d
GCA	GCA_900061775.1	GCA/ncbi_dataset/data/GCA_900061775.1/sequence_report.jsonl	12834	70268920fa65f966dc40e8971ef311855e4a99ffd2bf190217c25f06b6c5db7d
GCA	GCA_900061785.1	GCA/ncbi_dataset/data/GCA_900061785.1/GCA_900061785.1_12838_1_71_genomic.fna	2114328	bbbd702cb693aa1396bf39569daaadf24c65bc0d17fe67db7d448f4ed33fa21b
GCA	GCA_900061785.1	GCA/ncbi_dataset/data/GCA_900061785.1/genomic.gbff	4748483	85ec0a4025a624e75a6f6c69187c2c6b6ea83aae2ab6df48bdc42f2362df67b1
GCA	GCA_900061785.1	GCA/ncbi_dataset/data/GCA_900061785.1/genomic.gff	850192	60328a2c4afb956d6d09adb9a3b65dd78c6a6489da68b2fa21b59c529abcd72a
GCA	GCA_900061785.1	GCA/ncbi_dataset/data/GCA_900061785.1/sequence_report.jsonl	18029	7361551c23506bc1497916f1de830b5bf2e91696eaf28cfc737d7f7d124f2af2
GCA	GCA_900061795.1	GCA/ncbi_dataset/data/GCA_900061795.1/GCA_900061795.1_12291_5_45_genomic.fna	2074228	aa1e4f6ef35fa31798874ddeac693a597fa15dd38adc1a4c7c257acb0a0395cb
GCA	GCA_900061795.1	GCA/ncbi_dataset/data/GCA_900061795.1/genomic.gbff	4673069	f9b797e78faa48aadf680c0c9cc4b414e570d8642ce1fa5deccf6d1280c65a04
GCA	GCA_900061795.1	GCA/ncbi_dataset/data/GCA_900061795.1/genomic.gff	840752	55a434f5a1f99c498ab5431f1a473341a9ad4601ad1336ea5f275bfbecdd75c4
GCA	GCA_900061795.1	GCA/ncbi_dataset/data/GCA_900061795.1/sequence_report.jsonl	14065	993b2b9e476e13c682b21fe5b04ac290e1ed21e013bde7dfb4722c4fdc4e58af
GCA	GCA_900061805.1	GCA/ncbi_dataset/data/GCA_900061805.1/GCA_900061805.1_13154_3_74_genomic.fna	2132671	0042cdb85e99968721d7352c4634bb577b7b61b8f36dc119eb965fd5a509aef2
GCA	GCA_900061805.1	GCA/ncbi_dataset/data/GCA_900061805.1/genomic.gbff	4803881	1ede9cbd3ff229df23bef455dde9e15594ddce8f0fa6312cbb840b74dbfe010d
GCA	GCA_900061805.1	GCA/ncbi_dataset/data/GCA_900061805.1/genomic.gff	866439	a569e0884096e96fda422ae52eb3fcbce7d3ffe750a1ad436cbb1769b0506c85
GCA	GCA_900061805.1	GCA/ncbi_dataset/data/GCA_900061805.1/sequence_report.jsonl	10708	d4bf8811806bdc7d4bdce40574ab9a47115cc6ce311c803faced7e98b1061c14
GCA	GCA_900061815.1	GCA/ncbi_dataset/data/GCA_900061815.1/GCA_900061815.1_13414_1_82_genomic.fna	2104773	02fac8f37c0a3b6db05f9b36e7df8e5a4af4c2e665f0820c5ad768192d5d2bc6
GCA	GCA_900061815.1	GCA/ncbi_dataset/data/GCA_900061815.1/genomic.gbff	4730820	498fe27d9d79c09557f2da4563f423551984a4eec8f8fe61bc4f700fb98afbb0
GCA	GCA_900061815.1	GCA/ncbi_dataset/data/GCA_900061815.1/genomic.gff	859731	81e576b8c3c20a84d005279e48f16c5a23d0405ec6f03874311ed9bf2773374c
GCA	GCA_900061815.1	GCA/ncbi_dataset/data/GCA_900061815.1/sequence_report.jsonl	6121	06e431e4fb0111866fc06460a86be2fe10e35ead3e3dafa2c8febfc99c407770
GCA	GCA_900061825.1	GCA/ncbi_dataset/data/GCA_900061825.1/GCA_900061825.1_13414_2_24_genomic.fna	2086531	7f8577b9844832933c4a6acdb7e5827515eae77f6b814c4266cc19fc902efe07
GCA	GCA_900061825.1	GCA/ncbi_dataset/data/GCA_900061825.1/genomic.gbff	4679256	8255419ce70374cf8d9b710f55dd26366a0f8380067722409c07e77ff8201e46
GCA	GCA_900061825.1	GCA/ncbi_dataset/data/GCA_900061825.1/genomic.gff	832888	b264cba09b4a3efd9f921c5b15d26ed7130a4c9d26d6c407b7148ad31d27a64a
GCA	GCA_900061825.1	GCA/ncbi_dataset/data/GCA_900061825.1/sequence_report.jsonl	9783	49cb8bd95e9cf804cd6fe6d12ca2b230c5ad73c53135b1b151dabe1cd3f86c6f
GCA	GCA_900061835.1	GCA/ncbi_dataset/data/GCA_900061835.1/GCA_900061835.1_13414_2_43_genomic.fna	2091390	f799629c8b138f37020447278db7289bd85cb5c1288cb7b06b55fd3031708655
GCA	GCA_900061835.1	GCA/ncbi_dataset/data/GCA_900061835.1/genomic.gbff	4697560	2d51c30c38ad667bde8470a65b23a9cffcd5e4544416c0af3c1816511558d83a
GCA	GCA_900061835.1	GCA/ncbi_dataset/data/GCA_900061835.1/genomic.gff	844560	70d30bb35e122d2e47023aadbcc2dd3eb56d42ac8224702bec947272633589c1
GCA	GCA_900061835.1	GCA/ncbi_dataset/data/GCA_900061835.1/sequence_report.jsonl	6420	d10ff291054f6ee3d0e4b980cc5370df5b982b459d3800371bd4f22b1446bc43
GCA	GCA_900061845.1	GCA/ncbi_dataset/data/GCA_900061845.1/GCA_900061845.1_13414_2_74_genomic.fna	2076919	0bb9f2c4f64c268450a44d469ac688f166c0b0b1ffcc1e3ace10d672be6a7664
GCA	GCA_900061845.1	GCA/ncbi_dataset/data/GCA_900061845.1/genomic.gbff	4652296	c1eca65c4e4ecebed617ecc228f6b7e3a7d2adce60f711cff161707bb6cd0c2a
GCA	GCA_900061845.1	GCA/ncbi_dataset/data/GCA_900061845.1/genomic.gff	836401	4d6a893e69021d1bec471584e2544c7318e99b9b444c003c2e55dc947afb4906
GCA	GCA_900061845.1	GCA/ncbi_dataset/data/GCA_900061845.1/sequence_report.jsonl	4286	8762295b1534cdf282b76a4102372bd73472f08b51a1b2f487c91d047c17f0fa
GCA	GCA_900061855.1	GCA/ncbi_dataset/data/GCA_900061855.1/GCA_900061855.1_14673_4_31_genomic.fna	2067034	34d0142883550fa8f5b583b527453ecb94de2266afbb4ddee7d233e6d37e8153
GCA	GCA_900061855.1	GCA/ncbi_dataset/data/GCA_900061855.1/genomic.gbff	4630669	4c8c7d629e5647ea16f408588bbd48f9a499177ef52f64bca0dff10e25eb014c
GCA	GCA_900061855.1	GCA/ncbi_dataset/data/GCA_900061855.1/genomic.gff	833935	50f6e0ccb0ccd5a2e92e48c62f82a342cf4410ce0011567ee943cc3fadb2cda3
GCA	GCA_900061855.1	GCA/ncbi_dataset/data/GCA_900061855.1/sequence_report.jsonl	4898	78bda8062fb369fb815286e3162e1d9a7f7a4b5cbc0c6eeac1abf16f3f551c7d
GCA	GCA_900061955.1	GCA/ncbi_dataset/data/GCA_900061955.1/GCA_900061955.1_13154_3_16_genomic.fna	2139785	c35d7f067a55adb472f89b8f52db43629a78fdd4f5741ac27364544b3265a8dc
GCA	GCA_900061955.1	GCA/ncbi_dataset/data/GCA_900061955.1/genomic.gbff	4822406	0a7969dd7ca2832820b5b52791a716dd26e6e18d3dfc6282a3dae3559bf4c463
GCA	GCA_900061955.1	GCA/ncbi_dataset/data/GCA_900061955.1/genomic.gff	993678	878a9ce3ac8a8ee330109f946db6795f3a90ab587e45b985ccd69dc5071af181
GCA	GCA_900061955.1	GCA/ncbi_dataset/data/GCA_900061955.1/sequence_report.jsonl	18337	24c31f48e959d6a867ace7001b0a995a93199337662f809fd73dd6c50b326577
GCA	GCA_900061965.1	GCA/ncbi_dataset/data/GCA_900061965.1/GCA_900061965.1_13154_3_70_genomic.fna	2109447	c59810ea341a72cfd845f13a11cdf1e054b27e709a11d244f57199c8eb37869b
GCA	GCA_900061965.1	GCA/ncbi_dataset/data/GCA_900061965.1/genomic.gbff	4767738	b7a1bb1f3002df7afbf678660b1dd9122cdf4a6411780774d52b2e095c38f44c
GCA	GCA_900061965.1	GCA/ncbi_dataset/data/GCA_900061965.1/genomic.gff	857522	1ad4ad67d45e9c2f2a14b9f7709264d800da874c7525e4ad46679ebdb4faaf8e
GCA	GCA_900061965.1	GCA/ncbi_dataset/data/GCA_900061965.1/sequence_report.jsonl	17727	b691cea4b90450121d963130f69ec9bccd6de194919608241c274fe17a2cd4e4
GCA	GCA_900061995.1	GCA/ncbi_dataset/data/GCA_900061995.1/GCA_900061995.1_11511_8_39_genomic.fna	2025059	95a4b5ba68c060a35f9ba72d6d3d520e7df394be3c1c9f52ce8daafeb634a987
GCA	GCA_900061995.1	GCA/ncbi_dataset/data/GCA_900061995.1/genomic.gbff	4552979	c43c0bbc0e93516526b9ee30027916f93b77e56bcfebc1f25e74ea717f763dca
GCA	GCA_900061995.1	GCA/ncbi_dataset/data/GCA_900061995.1/genomic.gff	815411	ef600dc515e26582340a05e341a4962b46164afc22bfc4ea4b2e960a633650ae
GCA	GCA_900061995.1	GCA/ncbi_dataset/data/GCA_900061995.1/sequence_report.jsonl	14981	6b41631ed644132c2a375995b73fbc16646a3dd9e642cb9c91ebd7beb920d190
GCA	GCA_900062005.1	GCA/ncbi_dataset/data/GCA_900062005.1/GCA_900062005.1_13154_3_55_genomic.fna	2109244	a94670f77450798862d4b2ee5c2e58d0601109d464ac6aba5453a398bc51f579
GCA	GCA_900062005.1	GCA/ncbi_dataset/data/GCA_900062005.1/genomic.gbff	4720296	e12dc2ad2ebe69b90dc81e65c46de84b62f429298bb3fcb9bfbaf1ade080719a
GCA	GCA_900062005.1	GCA/ncbi_dataset/data/GCA_900062005.1/genomic.gff	848286	caeb4f79baac3201d37f02b9ba505f051ca2079f30cd4bc83fed876f0135f06c
GCA	GCA_900062005.1	GCA/ncbi_dataset/data/GCA_900062005.1/sequence_report.jsonl	7647	af12fbecfd0759f89241ffb828b87101eb9af6c876e29d73734c527aa7092cda
GCA	GCA_900062015.1	GCA/ncbi_dataset/data/GCA_900062015.1/GCA_900062015.1_14673_1_83_genomic.fna	2145000	8dd0a3ed336cbb536e5b5bacd0bab80ec2f652c31a31e190f7b21cb6f8340159
GCA	GCA_900062015.1	GCA/ncbi_dataset/data/GCA_900062015.1/genomic.gbff	4844056	f5c1fa62c68c7dd64b35ee4c60fcbd2254f7f8eef4cacf88a7cac970a048d3d9
GCA	GCA_900062015.1	GCA/ncbi_dataset/data/GCA_900062015.1/genomic.gff	869570	c44d6621a16442de71ca532e05dee829aea01c8cb9260ca8b0ff34c4a1cb5b3f
GCA	GCA_900062015.1	GCA/ncbi_dataset/data/GCA_900062015.1/sequence_report.jsonl	19861	ef7aaba2a7631fee975a2bee6223500b35280559d826913a6bd7c657472fef38
GCA	GCA_900062025.1	GCA/ncbi_dataset/data/GCA_900062025.1/GCA_900062025.1_14673_4_34_genomic.fna	2097953	3953adffa919d164f6a6e215ca4b12ea2334dbb716b97c668710676ad2519e55
GCA	GCA_900062025.1	GCA/ncbi_dataset/data/GCA_900062025.1/genomic.gbff	4707135	957d1910dec9af9fe4e01e51cf0b8c14de8f8543890b2cbfa12eb93ccf9f0152
GCA	GCA_900062025.1	GCA/ncbi_dataset/data/GCA_900062025.1/genomic.gff	834215	fbe91400f94f3256c11a0e10b1442dc4dc2a9364562b544404ef2511a8e46b59
GCA	GCA_900062025.1	GCA/ncbi_dataset/data/GCA_900062025.1/sequence_report.jsonl	13444	f9a7f78e22abdab3f1c9c3eece67732a7b61704846d1f1acc8b7732b4c5d4f40
GCA	GCA_900062155.1	GCA/ncbi_dataset/data/GCA_900062155.1/GCA_900062155.1_12291_4_35_genomic.fna	2208840	5a76668c444a67115c1c67d568c6e5e34be7c794c88a2d698908303bc3728939
GCA	GCA_900062155.1	GCA/ncbi_dataset/data/GCA_900062155.1/genomic.gbff	4999078	b1d151abb5f954b4ef031abd8e893c605cfbab1893f1cb31db00896bcddaa3c9
GCA	GCA_900062155.1	GCA/ncbi_dataset/data/GCA_900062155.1/genomic.gff	908255	bda10b99c8c9612045116083edb6559d6e2313e4e0ae475d7dcdb2d2f86f916f
GCA	GCA_900062155.1	GCA/ncbi_dataset/data/GCA_900062155.1/sequence_report.jsonl	19856	78a7654f10168d9602cc8ed31bf4302c0e85bcd615703cf6c379c9adc7fe3bd5
GCA	GCA_900062165.1	GCA/ncbi_dataset/data/GCA_900062165.1/GCA_900062165.1_12291_5_47_genomic.fna	2115013	8f47c2b5ca7e704468f15610460e1f89e335ac236ceb6dfec322393011d481db
GCA	GCA_900062165.1	GCA/ncbi_dataset/data/GCA_900062165.1/genomic.gbff	4739279	6b5567cdfb85719800e05e7c81e1cbd242eb83244d55d8e5125693a7d45d9393
GCA	GCA_900062165.1	GCA/ncbi_dataset/data/GCA_900062165.1/genomic.gff	844104	1aad0c06028e1fd949acb0ddaac1e4cdf88ccc224c958aa977b5fc7bde09e093
GCA	GCA_900062165.1	GCA/ncbi_dataset/data/GCA_900062165.1/sequence_report.jsonl	9789	ab014eccf76385d18316c97d4037d55aac0ab45afca556cd966a0eb75858d7b0
GCA	GCA_900062175.1	GCA/ncbi_dataset/data/GCA_900062175.1/GCA_900062175.1_13414_1_48_genomic.fna	2118148	f99912dc83cc6c2ca6842b666c585beaba854e4ad564f845b9152d2ae43a6acb
GCA	GCA_900062175.1	GCA/ncbi_dataset/data/GCA_900062175.1/genomic.gbff	4762621	fe7855f03c7e30f6cf05a5baca656cf508b04396c49d9b0c11dec3a479fe6bc5
GCA	GCA_900062175.1	GCA/ncbi_dataset/data/GCA_900062175.1/genomic.gff	857149	ff61bd931642be657c840692574a403608f28b2814d55b9be8b95bfec64b2ba7
GCA	GCA_900062175.1	GCA/ncbi_dataset/data/GCA_900062175.1/sequence_report.jsonl	9788	5f81f39f7887679b06ede8a45053443bcc6653448313cd319fd2263670371743
GCA	GCA_900062915.1	GCA/ncbi_dataset/data/GCA_900062915.1/GCA_900062915.1_12838_1_70_genomic.fna	2128786	5f4fac23ccdc04575ebab9fc320cbe60306e4b9d3ed5eb437a0c39679689aa4e
GCA	GCA_900062915.1	GCA/ncbi_dataset/data/GCA_900062915.1/genomic.gbff	4820046	2b51f0f40494834e2ace5987d9d9cea08a17cca1a569b110402e045b134ef47c
GCA	GCA_900062915.1	GCA/ncbi_dataset/data/GCA_900062915.1/genomic.gff	866705	42751f60f12c32052dc2ac99c04d3ce516cf9298a999764689b846b634076155
GCA	GCA_900062915.1	GCA/ncbi_dataset/data/GCA_900062915.1/sequence_report.jsonl	28327	11adcd185e0e5307e37aba60037b065b58b4333dffed0f711d20abfb39f586ea
GCA	GCA_900062925.1	GCA/ncbi_dataset/data/GCA_900062925.1/GCA_900062925.1_12291_4_48_genomic.fna	2081632	2b7301d260c09baf2d02563e121801431f5671f30564be43b12a68777a9cd621
GCA	GCA_900062925.1	GCA/ncbi_dataset/data/GCA_900062925.1/genomic.gbff	4677869	6b23540f757bfba89a0688f17a47b7a7ca56ab4bf0cc8b8e59223d33bf432550
GCA	GCA_900062925.1	GCA/ncbi_dataset/data/GCA_900062925.1/genomic.gff	839487	7215af44d7ba2974d37b19df1e54b28a4ab141b40ea6d962fbe8467930e0347d
GCA	GCA_900062925.1	GCA/ncbi_dataset/data/GCA_900062925.1/sequence_report.jsonl	10097	671ef42f5cea85f2f18cc943a8b5090489f817088b7ec191bbe2bf5b5e32bc47
GCA	GCA_900062935.1	GCA/ncbi_dataset/data/GCA_900062935.1/GCA_900062935.1_13414_1_83_genomic.fna	2041060	eeff52301d134f6a84873017fe9dacbf9bc079ec44137de9027be579a8411840
GCA	GCA_900062935.1	GCA/ncbi_dataset/data/GCA_900062935.1/genomic.gbff	4598522	c8737bc00029ade2a463bb492df3b94116a962901ef83208c76a548b20258d5d
GCA	GCA_900062935.1	GCA/ncbi_dataset/data/GCA_900062935.1/genomic.gff	821302	b03d6663d2451ba35d1fe2aa81ce46a5ee6a96f63b761b73056d8d280f48b87a
GCA	GCA_900062935.1	GCA/ncbi_dataset/data/GCA_900062935.1/sequence_report.jsonl	13752	cb38797aa50ac017cd97e9f783522e89e25cde2bb12b7689304f48508705774c
GCA	GCA_900062945.1	GCA/ncbi_dataset/data/GCA_900062945.1/GCA_900062945.1_13414_2_95_genomic.fna	2074598	ec6e8d886e3bea4357b64c66528fca7a86a20744e609d8aeb8441dfc5c8393ef
GCA	GCA_900062945.1	GCA/ncbi_dataset/data/GCA_900062945.1/genomic.gbff	4662546	1f4b6c959e9e3891f5aa930aea2f19020df4f0dd2a5675dd944a178da314d2d4
GCA	GCA_900062945.1	GCA/ncbi_dataset/data/GCA_900062945.1/genomic.gff	835256	72086cb6204cf96f42e79715026e5ace2551273726d041a519b667745e225f32
GCA	GCA_900062945.1	GCA/ncbi_dataset/data/GCA_900062945.1/sequence_report.jsonl	11319	56df6d15303716d8c9653ec55a89e5ba9980af740a3a5e08c3aef76eec84f05e
GCA	GCA_900063155.1	GCA/ncbi_dataset/data/GCA_900063155.1/GCA_900063155.1_11657_4_39_genomic.fna	2241038	a92b4696d1efcd330a0a8543d32fa44b0caa8c6b677c4a47172d5d3de069cddc
GCA	GCA_900063155.1	GCA/ncbi_dataset/data/GCA_900063155.1/genomic.gbff	5138885	2bbb5466becbb93a2d2d4ccf03ccc215e61cc834ccd6c0fe47358989969b11c6
GCA	GCA_900063155.1	GCA/ncbi_dataset/data/GCA_900063155.1/genomic.gff	1068535	a4c369b0b593eb2c5533d9707dff9787889caeb51710d1460caca0d82bcc99dc
GCA	GCA_900063155.1	GCA/ncbi_dataset/data/GCA_900063155.1/sequence_report.jsonl	66057	81023bbb605c6b33c472ced9181bc61a67d21a6d668c4f4cc91ede291c168bb5
GCA	GCA_900063165.1	GCA/ncbi_dataset/data/GCA_900063165.1/GCA_900063165.1_13154_3_64_genomic.fna	2091827	dae84933446df676c888f7a2fcf56f544b754d10145b66bb08d6cd0dc76360e4
GCA	GCA_900063165.1	GCA/ncbi_dataset/data/GCA_900063165.1/genomic.gbff	4699431	68dc11f30a354bd8dd891d2b7a8d23cb368190180515e96a629cb28172ac91f6
GCA	GCA_900063165.1	GCA/ncbi_dataset/data/GCA_900063165.1/genomic.gff	971788	e5e1ddb79042f77a199d8cc571eee55bad0cd80ad9be7ee09cdf4aa3be9ed6a6
GCA	GCA_900063165.1	GCA/ncbi_dataset/data/GCA_900063165.1/sequence_report.jsonl	8201	a9cc470c08ec10824f655254d3b1a1b51301cfb2c66f0bb0d2dea33553e71cdc
GCA	GCA_900063175.1	GCA/ncbi_dataset/data/GCA_900063175.1/GCA_900063175.1_13414_2_76_genomic.fna	2001970	33ff07a693ec2cd551010ed7241400cd7784ace1456aec2962055da7cbbef88f
GCA	GCA_900063175.1	GCA/ncbi_dataset/data/GCA_900063175.1/genomic.gbff	4500410	2e4dbf2c0f27ffa7aeea02b94110f87666f2f5be0f1e995509881b3941ec2e90
GCA	GCA_900063175.1	GCA/ncbi_dataset/data/GCA_900063175.1/genomic.gff	806009	8408fe8ee81447c27d63e57f824e84f85e82b99c5521324ba49980f6db2445e7
GCA	GCA_900063175.1	GCA/ncbi_dataset/data/GCA_900063175.1/sequence_report.jsonl	9779	da8a3eb8fc56e20222c704e7df0656af91ad1177ded7738ca84ab84e2f4b30ca
GCA	GCA_900063185.1	GCA/ncbi_dataset/data/GCA_900063185.1/GCA_900063185.1_13414_3_21_genomic.fna	2181793	87d6e46854c6ef7d8268860e6697efdf13d19d3588084d422289d3debc02d381
GCA	GCA_900063185.1	GCA/ncbi_dataset/data/GCA_900063185.1/genomic.gbff	4936412	0021dc616774faef85bdb76f73d0fe261a736fd5d5e2491dd9dfc2ce3c2ea973
GCA	GCA_900063185.1	GCA/ncbi_dataset/data/GCA_900063185.1/genomic.gff	890304	5c2f36e943990cdb676f188966b78f0d0386b4e3cc38f9c3ef99024c342149d8
GCA	GCA_900063185.1	GCA/ncbi_dataset/data/GCA_900063185.1/sequence_report.jsonl	20172	69e23e632de71ad3294d1b5d5feb1f9219d7482aa1a6573e46ea4e3a66e170eb
GCA	GCA_900063195.1	GCA/ncbi_dataset/data/GCA_900063195.1/GCA_900063195.1_13414_3_22_genomic.fna	2069364	375b452b52391f17653bb6dddb7617924624b16590f49380abd15f6d832b632b
GCA	GCA_900063195.1	GCA/ncbi_dataset/data/GCA_900063195.1/genomic.gbff	4647924	814170b80e6027ac752e063d2fc144ec816460e43fefb6bc3de12098eb3f33f8
GCA	GCA_900063195.1	GCA/ncbi_dataset/data/GCA_900063195.1/genomic.gff	834834	fa069fe53a03693a3f3bd3a28828fc958928c143e000cb4646c4d59a98ef8cd2
GCA	GCA_900063195.1	GCA/ncbi_dataset/data/GCA_900063195.1/sequence_report.jsonl	9175	4b037de7c0a299a1ba7dd098b5687abe51f7946182901ef7b2515963618dd3b4
GCA	GCA_900063205.1	GCA/ncbi_dataset/data/GCA_900063205.1/GCA_900063205.1_14673_4_41_genomic.fna	2081799	ac6f96efe2bf892cf6aeb31a7d4fa84d1cc03bcaadb387f27a817cbd3312b876
GCA	GCA_900063205.1	GCA/ncbi_dataset/data/GCA_900063205.1/genomic.gbff	4664922	31a932262faa8255cc48b98caa0796d026ac342245fc46ba016d1346d69de3fd
GCA	GCA_900063205.1	GCA/ncbi_dataset/data/GCA_900063205.1/genomic.gff	835496	b32688de93e2bca924747653b25edfdd73d8d4c5470635c650a8ee45d6a6ffa7
GCA	GCA_900063205.1	GCA/ncbi_dataset/data/GCA_900063205.1/sequence_report.jsonl	4287	d3244687dc7ff21982ed1edcc035b7ef3ff469b0dd2a8519acd1fdebe9e6e3fd
GCA	GCA_900063355.1	GCA/ncbi_dataset/data/GCA_900063355.1/GCA_900063355.1_11657_8_18_genomic.fna	2243525	3739dd003bb86cdac076142561cb2d5daa23d20d46cecf5f1b46613a4e07e6d0
GCA	GCA_900063355.1	GCA/ncbi_dataset/data/GCA_900063355.1/genomic.gbff	5188051	48fd1d21801d67118ba2c2b60a22825747e5d7926a8448d0376f9a767b1ea2e3
GCA	GCA_900063355.1	GCA/ncbi_dataset/data/GCA_900063355.1/genomic.gff	1077469	985ea73632c84eedf5a86e597da163fd65e3184eb0c23ae9faffeb7a5d1072dd
GCA	GCA_900063355.1	GCA/ncbi_dataset/data/GCA_900063355.1/sequence_report.jsonl	75779	11483a7062e232ba8ea6baa26075f1f2a15a1942e89e21b8b5b620f69bec3e0b
GCA	GCA_900063365.1	GCA/ncbi_dataset/data/GCA_900063365.1/GCA_900063365.1_11511_8_55_genomic.fna	2022238	b958d044718ce99293096b886bbbabbe0faf3dad80d242a3a2fb5ed32be37831
GCA	GCA_900063365.1	GCA/ncbi_dataset/data/GCA_900063365.1/genomic.gbff	4547439	2fab00f4885011a79fe60b246945970b106405553cced4a9ecc63b0547eb7b82
GCA	GCA_900063365.1	GCA/ncbi_dataset/data/GCA_900063365.1/genomic.gff	810657	1508ba90eac819d7c6255ca7a9439fbd8e79b3fa8e9f2722a7686b211f21dd88
GCA	GCA_900063365.1	GCA/ncbi_dataset/data/GCA_900063365.1/sequence_report.jsonl	14977	e044f01140684a0760dc4abdb0acfe5bf26c5428d02f765ac7026d515f0cd922
GCA	GCA_900063375.1	GCA/ncbi_dataset/data/GCA_900063375.1/GCA_900063375.1_11511_8_56_genomic.fna	2133911	fc833f5ae137a048623ee8e2d656ac0ad87c02cdf0dd205b3bf1dfde8e956d96
GCA	GCA_900063375.1	GCA/ncbi_dataset/data/GCA_900063375.1/genomic.gbff	4786066	03a690176906420b91831d2b08dac9ac5802ca7ae15e714e8ee14ff33faa09c6
GCA	GCA_900063375.1	GCA/ncbi_dataset/data/GCA_900063375.1/genomic.gff	857572	14c7ce5e088e8e82d32fc4d3d041ef694f3b9386c4e14f2143b9d770ef493596
GCA	GCA_900063375.1	GCA/ncbi_dataset/data/GCA_900063375.1/sequence_report.jsonl	7951	6f0f01bcda1441f459438cdee622ff67a4897faf40b363350e1efc491ceb310e
GCA	GCA_900063385.1	GCA/ncbi_dataset/data/GCA_900063385.1/GCA_900063385.1_11657_4_56_genomic.fna	2019140	383c98c83a0125f41f18d80fd049f745fbc1320fc9958a482a991b9f8b539767
GCA	GCA_900063385.1	GCA/ncbi_dataset/data/GCA_900063385.1/genomic.gbff	4547047	3ddcf87bb5c15631fe6da0962b42f7495b1ae9d5294fe161e242dc6246124b02
GCA	GCA_900063385.1	GCA/ncbi_dataset/data/GCA_900063385.1/genomic.gff	813643	4e13af3d29245f61a1a6a0c788f0c2a65ff510726056c333501ce23af46c77a3
GCA	GCA_900063385.1	GCA/ncbi_dataset/data/GCA_900063385.1/sequence_report.jsonl	13761	eaad070c99dacc585a5fffd5836dc82768fef52bf3aacd0bda1ea99a2c956c5e
GCA	GCA_900063395.1	GCA/ncbi_dataset/data/GCA_900063395.1/GCA_900063395.1_12291_4_13_genomic.fna	2081015	d57c5dd321e837b229c200e0c7c510c2b447e16c80a105154012055f6ed6541d
GCA	GCA_900063395.1	GCA/ncbi_dataset/data/GCA_900063395.1/genomic.gbff	4678983	e2f02bc8d58bcfe9ccb11410679ae658eaddf998bad1f8cc3f1cbc69aa1da47d
GCA	GCA_900063395.1	GCA/ncbi_dataset/data/GCA_900063395.1/genomic.gff	841175	b351ddcda0d026aad16d6df829a454a7db52d966dbec00b0ca5fa774f93ec907
GCA	GCA_900063395.1	GCA/ncbi_dataset/data/GCA_900063395.1/sequence_report.jsonl	11011	7bd648debcfb08615d80b7919e7d288446d02213e7bc1ea27b39493d4f541011
GCA	GCA_900063405.1	GCA/ncbi_dataset/data/GCA_900063405.1/GCA_900063405.1_12291_4_66_genomic.fna	2076138	cc00116ddbc75328b6d393d3da2c887d0131a7d75e4bb684074f04e475ec5f52
GCA	GCA_900063405.1	GCA/ncbi_dataset/data/GCA_900063405.1/genomic.gbff	4668776	cb93685cba9c5b53abc9736e8389e053caf7170619ba54348d25bde0c05e7f09
GCA	GCA_900063405.1	GCA/ncbi_dataset/data/GCA_900063405.1/genomic.gff	840733	e3ce68e93fbd9a055b97be3f01e11a49b86ae95240723bdcdc8b01e3cdd93cf3
GCA	GCA_900063405.1	GCA/ncbi_dataset/data/GCA_900063405.1/sequence_report.jsonl	12226	408b8b0281205c95ce10aaba3d6f525aa9ee7c3cb71368619783bc2d1ad2ab60
GCA	GCA_900063415.1	GCA/ncbi_dataset/data/GCA_900063415.1/GCA_900063415.1_12291_4_68_genomic.fna	2089247	4b4013a64d768519d4ac1ef2d075d6ceef1c8f2e5a7bee2e8d969709773a6cf0
GCA	GCA_900063415.1	GCA/ncbi_dataset/data/GCA_900063415.1/genomic.gbff	4686226	925ab7b281c4a382ed58e7455b395643a2989ead330bd4131ecb994c6c497cc9
GCA	GCA_900063415.1	GCA/ncbi_dataset/data/GCA_900063415.1/genomic.gff	965630	514d082aebfb75bda17c73f59ac21697306d7d3710ae8a50be87cd5fae09b644
GCA	GCA_900063415.1	GCA/ncbi_dataset/data/GCA_900063415.1/sequence_report.jsonl	5475	bdac443fbd27f400b934fd08bee3193963e0d4d29a316dad177e2b3c32f3327b
GCA	GCA_900063425.1	GCA/ncbi_dataset/data/GCA_900063425.1/GCA_900063425.1_12291_4_74_genomic.fna	2077560	aab042c198c0c6ceb7458b8cb790d817973f83d1aee7a12176aedbc16a7ecf3b
GCA	GCA_900063425.1	GCA/ncbi_dataset/data/GCA_900063425.1/genomic.gbff	4675241	acfbbaab08c954568215499a08a96845abf8195d8ae1adfbb900a013e9cc3ad8
GCA	GCA_900063425.1	GCA/ncbi_dataset/data/GCA_900063425.1/genomic.gff	840067	0373916f3a2035ef5c0cb2902670f27c04f2c95c188698882fa2e9d2881d0dba
GCA	GCA_900063425.1	GCA/ncbi_dataset/data/GCA_900063425.1/sequence_report.jsonl	10700	52f9fd9b6f4e4ef3eaef1259d991ccd7977ea8d66a07f35d3f9a2ba7dbec8103
GCA	GCA_900063435.1	GCA/ncbi_dataset/data/GCA_900063435.1/GCA_900063435.1_13154_3_14_genomic.fna	2081566	40faa1a4e9b418f90d170e08afefb07f4d94c7cfddd5c8e50a37016e193b1c87
GCA	GCA_900063435.1	GCA/ncbi_dataset/data/GCA_900063435.1/genomic.gbff	4688001	5523fada4bf78ecc7ae5dd89751122ee1f8ea72cc031a4a2aeb7748f342a44f9
GCA	GCA_900063435.1	GCA/ncbi_dataset/data/GCA_900063435.1/genomic.gff	969553	382bc2bba1e889d01ad3f2d25d3a479dfc437bb9e7039a02332f1e9115f9a16d
GCA	GCA_900063435.1	GCA/ncbi_dataset/data/GCA_900063435.1/sequence_report.jsonl	13754	24a1c5edb622b624fb67da67ad560b980481710246cdc90eb255d71b2fefd468
GCA	GCA_900063445.1	GCA/ncbi_dataset/data/GCA_900063445.1/GCA_900063445.1_13154_3_52_genomic.fna	2112040	8f79edfb77a1a9aa7fa66fe41f36252006001e37a81c6541018b3ab7fee86326
GCA	GCA_900063445.1	GCA/ncbi_dataset/data/GCA_900063445.1/genomic.gbff	4748614	4c276d9a26bec1ecd7c168e59e5c02a2ae55fb9fe3928b0d095cd532b90ea730
GCA	GCA_900063445.1	GCA/ncbi_dataset/data/GCA_900063445.1/genomic.gff	859107	79debf47b176897bee213350eb5b656feb2a0d036ea4ff11288ea5dedc013684
GCA	GCA_900063445.1	GCA/ncbi_dataset/data/GCA_900063445.1/sequence_report.jsonl	8564	d95201708754e00d91b20c7727b8f9fac5146626f66275f800c353bd296b21e7
GCA	GCA_900063455.1	GCA/ncbi_dataset/data/GCA_900063455.1/GCA_900063455.1_13414_2_62_genomic.fna	2094006	7817eeadc10ca56d9b655d3d562e7bf4658a9b09d857b33fd088a87ca4e74ccf
GCA	GCA_900063455.1	GCA/ncbi_dataset/data/GCA_900063455.1/genomic.gbff	4712054	803777a4af7aa5bb65474f2411af9f8685a016daba9b9f07a7fac25d94c90177
GCA	GCA_900063455.1	GCA/ncbi_dataset/data/GCA_900063455.1/genomic.gff	846065	4b636b72038fe5ad714230a48babcb09f219a37adfdcd9f60a310985ec71d35d
GCA	GCA_900063455.1	GCA/ncbi_dataset/data/GCA_900063455.1/sequence_report.jsonl	14070	5ef9657dffea4de5fa617b9afe00318b5b92a2905c2b2a7a972010cafbf7f2b4
GCA	GCA_900063465.1	GCA/ncbi_dataset/data/GCA_900063465.1/GCA_900063465.1_13414_2_63_genomic.fna	2076933	36e69b1e1fdd2f89fe8e8babd2830c05f5f4ee60827a80ae89353affe4006980
GCA	GCA_900063465.1	GCA/ncbi_dataset/data/GCA_900063465.1/genomic.gbff	4662521	19f53562eb656e00518e53e9072b1fb32f5c065eaa29c6cfcc297cfc8dc64f97
GCA	GCA_900063465.1	GCA/ncbi_dataset/data/GCA_900063465.1/genomic.gff	837809	66e4f7cc4ae32e417cc235a852202907ade92544745324e65daee8ac8f9ddf47
GCA	GCA_900063465.1	GCA/ncbi_dataset/data/GCA_900063465.1/sequence_report.jsonl	10702	f68ba66e683b688464d6bc7be9e3e59d86fe0f92a5657682692f8781fccd5df8
GCA	GCA_900063475.1	GCA/ncbi_dataset/data/GCA_900063475.1/GCA_900063475.1_13414_3_4_genomic.fna	2297275	7910015ba95b88092a0f767b9f8b09dcfa083dba08fe9a8648d3b761282ed247
GCA	GCA_900063475.1	GCA/ncbi_dataset/data/GCA_900063475.1/genomic.gbff	5266204	b37d41bda1f624bcec8732c699fc7d998959b033bc960582c0294a53ce25e397
GCA	GCA_900063475.1	GCA/ncbi_dataset/data/GCA_900063475.1/genomic.gff	959457	f4869f5a9ed606d0f17b11e6bd7d9ae98d83eed06f74126040ad8790430fcc4c
GCA	GCA_900063475.1	GCA/ncbi_dataset/data/GCA_900063475.1/sequence_report.jsonl	67732	54eeef2cc51251d37bb6b7c70cb3f1bd8e7ef8d88022b331458f7245a10f3ed6
GCA	GCA_900063485.1	GCA/ncbi_dataset/data/GCA_900063485.1/GCA_900063485.1_13414_3_5_genomic.fna	2151379	713750327de3d7dde0ffed4be1a682f24dea3e1307129476294fdb06de454cce
GCA	GCA_900063485.1	GCA/ncbi_dataset/data/GCA_900063485.1/genomic.gbff	4850347	1faf2865d10e51c308053df21f06762cb26631e20dcc82e9e4ee9b8e97472e4e
GCA	GCA_900063485.1	GCA/ncbi_dataset/data/GCA_900063485.1/genomic.gff	879685	f0341b0eaba31cbd38f43bc65febed5542737c3779a336d993390250cd84c88c
GCA	GCA_900063485.1	GCA/ncbi_dataset/data/GCA_900063485.1/sequence_report.jsonl	13758	48c1c00d05e86d23e2df2190107f4ac54d9c4d2dacacf59162ad7cc502de729b
GCA	GCA_900063965.1	GCA/ncbi_dataset/data/GCA_900063965.1/GCA_900063965.1_12291_5_72_genomic.fna	2024580	a1c4d474df6c9129eb2494756f0fd8c2ed157fc6bfa3750d49da2f4c4094f954
GCA	GCA_900063965.1	GCA/ncbi_dataset/data/GCA_900063965.1/genomic.gbff	4556069	fe36f9c516ab433604d959833257a0adaa9c55ec244b48e618cafd2ede6f0025
GCA	GCA_900063965.1	GCA/ncbi_dataset/data/GCA_900063965.1/genomic.gff	813254	d17d361cd6be057a926ed69e4ba8a648d29a4b9de6d430707df3e7b3a6ca7fab
GCA	GCA_900063965.1	GCA/ncbi_dataset/data/GCA_900063965.1/sequence_report.jsonl	14366	ffe39e03f7afe6b9a472cbeed8f3832d67c3f507fe939796595e330b15a513e5
GCA	GCA_900064055.1	GCA/ncbi_dataset/data/GCA_900064055.1/GCA_900064055.1_11658_2_60_genomic.fna	2112499	bcc5869494edcc68edca897ca0283f34623b49c37f5172d746c3f1d4ded1a007
GCA	GCA_900064055.1	GCA/ncbi_dataset/data/GCA_900064055.1/genomic.gbff	4754863	fb3b7222be96d58669f24218514a2945f2577ad0fe56ab1499ea7d8632500316
GCA	GCA_900064055.1	GCA/ncbi_dataset/data/GCA_900064055.1/genomic.gff	860275	8b11ebb7fd645c3d1f87e5f579b6a13f04e2ac0b41b1e75bd2d153595c5a632e
GCA	GCA_900064055.1	GCA/ncbi_dataset/data/GCA_900064055.1/sequence_report.jsonl	11925	e8cf9f634447936396ef69a3755d42d840a423ba4cafc7eb5ce2e315530fc41f
GCA	GCA_900064065.1	GCA/ncbi_dataset/data/GCA_900064065.1/GCA_900064065.1_12291_4_44_genomic.fna	2191379	f0af7f18c8921e0d5dce378c72e679a6ee80e3323426f744f9dfe3968b543324
GCA	GCA_900064065.1	GCA/ncbi_dataset/data/GCA_900064065.1/genomic.gbff	4906548	5b2ea2e9fc1ba62d81b495ac81e75c24e6f6745af772a9a6205dc6ff0f14c143
GCA	GCA_900064065.1	GCA/ncbi_dataset/data/GCA_900064065.1/genomic.gff	874676	94c40acd3b8be5b0ab061335d07f980530c2f116f31ca23a8d87fc2299751a36
GCA	GCA_900064065.1	GCA/ncbi_dataset/data/GCA_900064065.1/sequence_report.jsonl	8559	08b333cfc26b90068860ab2ec09d5fbd64ddc8521993a67d06f47219da5fcfb0
GCA	GCA_900064075.1	GCA/ncbi_dataset/data/GCA_900064075.1/GCA_900064075.1_12291_4_47_genomic.fna	2110470	2b925e6904bd98039dc9388257371a6e777f008db2d61fa9acdb132eac4dde49
GCA	GCA_900064075.1	GCA/ncbi_dataset/data/GCA_900064075.1/genomic.gbff	4754163	c9f8057d02dd3419dc490f677070aaa64b825faeac4ff40e6af7bddddebb71f5
GCA	GCA_900064075.1	GCA/ncbi_dataset/data/GCA_900064075.1/genomic.gff	857726	6ce25339b7b02e0147cd0ad0f22858256c8324b3034fce019703f0592c4cbe49
GCA	GCA_900064075.1	GCA/ncbi_dataset/data/GCA_900064075.1/sequence_report.jsonl	12833	96a3fa9563172d4b90a1420d25d97faacb1e0128921ef15cde2e467b5c9da37b
GCA	GCA_900064085.1	GCA/ncbi_dataset/data/GCA_900064085.1/GCA_900064085.1_12291_4_54_genomic.fna	2076501	5570f57914f374d5fd2eb31831aea5a314976930be9a0535b64b127569165395
GCA	GCA_900064085.1	GCA/ncbi_dataset/data/GCA_900064085.1/genomic.gbff	4650227	efc103f1e23b8addd358b73eee15fe85b09660fc76736445a9ee46cb3ec5d245
GCA	GCA_900064085.1	GCA/ncbi_dataset/data/GCA_900064085.1/genomic.gff	834573	96c8aed5e3e76a10580d0398e627bb2cb3a6572437fea1744327f6206f2ede0f
GCA	GCA_900064085.1	GCA/ncbi_dataset/data/GCA_900064085.1/sequence_report.jsonl	5814	1ae5bd5d82254fdf7078f4cc691c74186f46b4cacc00f8ea87ecc9a8902030c4
GCA	GCA_900064095.1	GCA/ncbi_dataset/data/GCA_900064095.1/GCA_900064095.1_12299_1_57_genomic.fna	2076088	97e109b974483152c7de8c18dcaea74827e1c75ea2bdd390d6d51a06c0bda9e8
GCA	GCA_900064095.1	GCA/ncbi_dataset/data/GCA_900064095.1/genomic.gbff	4671330	b63320c9623e1ef46c4a536d57dc042f8576eef5afca930bd6092ef74cbc07d2
GCA	GCA_900064095.1	GCA/ncbi_dataset/data/GCA_900064095.1/genomic.gff	841551	28098e882c2a3970e847e288e75a942b2a9d05675ff8ba01cb58841ea9c6b172
GCA	GCA_900064095.1	GCA/ncbi_dataset/data/GCA_900064095.1/sequence_report.jsonl	11316	1ed5ca4f4727d309084b6ff5725fedd5f318f5414b120a40f55a21afb678305e
GCA	GCA_900064105.1	GCA/ncbi_dataset/data/GCA_900064105.1/GCA_900064105.1_12299_1_64_genomic.fna	2286663	7c46cc79ee98a091f559239d91c926ab45d64cfc98d30126cd569f741c58e077
GCA	GCA_900064105.1	GCA/ncbi_dataset/data/GCA_900064105.1/genomic.gbff	5240926	0c5e0b4cb7e72a2b15b057b884dd4d111aafc336ef5eec520b15547af22a5dc4
GCA	GCA_900064105.1	GCA/ncbi_dataset/data/GCA_900064105.1/genomic.gff	1088615	8f78ad3c940a5fb4626be9c98c88ead50ee72a2ed3673763bd606d452e022e2f
GCA	GCA_900064105.1	GCA/ncbi_dataset/data/GCA_900064105.1/sequence_report.jsonl	64842	cd77f6b65f974e42dddd33c84355aff4ffdc08d636336e21770e87f504122840
GCA	GCA_900064115.1	GCA/ncbi_dataset/data/GCA_900064115.1/GCA_900064115.1_13154_3_54_genomic.fna	2143609	6f0378bf5bf68a676a5274ccbb0c7355bad7b8cb12a3950a813b04c1c5550399
GCA	GCA_900064115.1	GCA/ncbi_dataset/data/GCA_900064115.1/genomic.gbff	4807142	40b5707079f5b3d4f61f341c7d62f6edde4439caf56b81bbbd4e9f70ad77ab09
GCA	GCA_900064115.1	GCA/ncbi_dataset/data/GCA_900064115.1/genomic.gff	860753	ced14dfabce057cf3a40ef7706ba97ab76cb17d87b44fdc44655694a27bf6e80
GCA	GCA_900064115.1	GCA/ncbi_dataset/data/GCA_900064115.1/sequence_report.jsonl	12839	4fe4e8535a22ac7adc062c5afd66123e860dc54a21134c54ef175e0cfc41b3ff
GCA	GCA_900064125.1	GCA/ncbi_dataset/data/GCA_900064125.1/GCA_900064125.1_13414_1_72_genomic.fna	2093203	4c2a1b44592fa2f7eed572acf84902ca8757b57108dea095f1ada188c5147578
GCA	GCA_900064125.1	GCA/ncbi_dataset/data/GCA_900064125.1/genomic.gbff	4709027	749a11b50e6de8131d0eb275507d4bea38d2ae7cd8965317f60b98cba9695426
GCA	GCA_900064125.1	GCA/ncbi_dataset/data/GCA_900064125.1/genomic.gff	846783	723af426e9df99ac3987899c5f8de0078b7ccaeedc1f15df1be707a49bb3c61a
GCA	GCA_900064125.1	GCA/ncbi_dataset/data/GCA_900064125.1/sequence_report.jsonl	13460	60e48921c4895fa7097577feae7a7c4d140fa142f3cc6222d6f55ab297c36c75
GCA	GCA_900064135.1	GCA/ncbi_dataset/data/GCA_900064135.1/GCA_900064135.1_13414_1_77_genomic.fna	2111521	e0869b291276ccbe125f48481d38a81b8b4825db006b1814a1b6c549f63c1ad3
GCA	GCA_900064135.1	GCA/ncbi_dataset/data/GCA_900064135.1/genomic.gbff	4741960	d5ff8daf6d7c8a491c6efd77a3ae25c26c12502d8ea0789601bf40a67429a913
GCA	GCA_900064135.1	GCA/ncbi_dataset/data/GCA_900064135.1/genomic.gff	855845	685483247149fb87f0009866daa7dd156c70cc252cd97f2600fb7194ff7daa8d
GCA	GCA_900064135.1	GCA/ncbi_dataset/data/GCA_900064135.1/sequence_report.jsonl	10637	3efcd483d23f32ce28beeb7b64f0b48cf48144b5a112b26b87dcee7144a84110
GCA	GCA_900064145.1	GCA/ncbi_dataset/data/GCA_900064145.1/GCA_900064145.1_14673_4_36_genomic.fna	2162950	74171e33996170c3d52b40d271dde9717469933ecf06d41f6e64f44cd2a33248
GCA	GCA_900064145.1	GCA/ncbi_dataset/data/GCA_900064145.1/genomic.gbff	4870898	c197f0e6307ca42d22d2e3b868074cf67f25a60f0147d32b8a9688d95f2b26c6
GCA	GCA_900064145.1	GCA/ncbi_dataset/data/GCA_900064145.1/genomic.gff	886915	da5f3a7d9cc439cdf24b6b4ab06d42ed0ab2dc63c6cc8bc55b3fc18482e2f832
GCA	GCA_900064145.1	GCA/ncbi_dataset/data/GCA_900064145.1/sequence_report.jsonl	8258	b473e7774f8b4a717529c4532c913d52a32383902e26da5e9ce7057dd2d584ec
GCA	GCA_900064155.1	GCA/ncbi_dataset/data/GCA_900064155.1/GCA_900064155.1_14673_4_38_genomic.fna	2023647	17535119073190ed2572025f5d470917bcc134e69a6202b9a8b43df8772aecc8
GCA	GCA_900064155.1	GCA/ncbi_dataset/data/GCA_900064155.1/genomic.gbff	4539443	0a8cb76a2289f7b2f860367fdfb62ec9374647dd3b366c43da5b99d6d32889bc
GCA	GCA_900064155.1	GCA/ncbi_dataset/data/GCA_900064155.1/genomic.gff	807465	895eb896298823cdb07a4ef4a00571ad7c7124077a93d5fd0b5ffab8b82d5b84
GCA	GCA_900064155.1	GCA/ncbi_dataset/data/GCA_900064155.1/sequence_report.jsonl	9172	ed5908b213c56660691e6f882797169c60bb705c7bacbd2b82140d99cc316583
GCA	GCA_900064255.1	GCA/ncbi_dataset/data/GCA_900064255.1/GCA_900064255.1_12291_4_55_genomic.fna	2181610	1ea0fc11fff5242c6b0a5a94168b417d93e31278c27676f7d5f0700a4a148baa
GCA	GCA_900064255.1	GCA/ncbi_dataset/data/GCA_900064255.1/genomic.gbff	4900968	8f81cf00b57e79cfa3f25a6d243a368375d18dd11976d3fe70919ef17805abd5
GCA	GCA_900064255.1	GCA/ncbi_dataset/data/GCA_900064255.1/genomic.gff	882664	67cdf254580a7bfc852d6c8d02b225799b01c27dc1d26f9db392bcbb4c3b4e51
GCA	GCA_900064255.1	GCA/ncbi_dataset/data/GCA_900064255.1/sequence_report.jsonl	12233	516c5d64e25488259fa12ec378db1a388aec22170572351a2beb64782c598df9
GCA	GCA_900064595.1	GCA/ncbi_dataset/data/GCA_900064595.1/GCA_900064595.1_11679_1_34_genomic.fna	2097457	32cd288df096119c9fb256e75be9651443419a4c3f6e913fa5ba1babc7c5721c
GCA	GCA_900064595.1	GCA/ncbi_dataset/data/GCA_900064595.1/genomic.gbff	4713792	a82510aff68b5964a3275acd7e03a6d1e5f7445a942b8d7fe1c11c7ca1ea7e1a
GCA	GCA_900064595.1	GCA/ncbi_dataset/data/GCA_900064595.1/genomic.gff	974783	678a6709f222f843bc036548f23de55a54c0d4b5e9afe9cc249c7c59e03b0c0b
GCA	GCA_900064595.1	GCA/ncbi_dataset/data/GCA_900064595.1/sequence_report.jsonl	10680	7e43d3705b5acf668e8746823d921f7a66bca9cec933be43a4377ba997a542bd
GCA	GCA_900064605.1	GCA/ncbi_dataset/data/GCA_900064605.1/GCA_900064605.1_11511_8_40_genomic.fna	2104220	5633e77974946c23d225d69dfeb55b59a321f05b8ac0b458f7e6b945a86ec2f0
GCA	GCA_900064605.1	GCA/ncbi_dataset/data/GCA_900064605.1/genomic.gbff	4725780	88d24c1c5bcb0df4be9e4ac67376cb8e26a601ab0fae5f08ac558238c7f053d8
GCA	GCA_900064605.1	GCA/ncbi_dataset/data/GCA_900064605.1/genomic.gff	848633	34ac1b1f8849ffe87d573333524c75854ba068be3af245baa777968c1f9f93b3
GCA	GCA_900064605.1	GCA/ncbi_dataset/data/GCA_900064605.1/sequence_report.jsonl	9724	c3f6cd789d85822f2276d1a157a7a9b4c440c26320ea7c7de4329f4a6655f19f
GCA	GCA_900064615.1	GCA/ncbi_dataset/data/GCA_900064615.1/GCA_900064615.1_11658_2_81_genomic.fna	2163337	13af70f587fbd66f03f5e443f466424c6b762ae33ba61065e4befff67122d67b
GCA	GCA_900064615.1	GCA/ncbi_dataset/data/GCA_900064615.1/genomic.gbff	4929623	0a7a46d382950cf3bd3ac0be619d33017aa9aaf430544458387d705b82861f92
GCA	GCA_900064615.1	GCA/ncbi_dataset/data/GCA_900064615.1/genomic.gff	1024618	db3a9787c83a590267a60325b79957ca8078ea2fe1e30b8ad4479bfe13b0fb56
GCA	GCA_900064615.1	GCA/ncbi_dataset/data/GCA_900064615.1/sequence_report.jsonl	36860	7781480851d80e99c2378b6f72938ad27bbbbe94d4c3fd51bed2274db0f6aad0
GCA	GCA_900064625.1	GCA/ncbi_dataset/data/GCA_900064625.1/GCA_900064625.1_11658_2_50_genomic.fna	2098285	2768475bfa096c466def8c2e6a66a5eb24a5f7eaecc78443aa731d362a11d442
GCA	GCA_900064625.1	GCA/ncbi_dataset/data/GCA_900064625.1/genomic.gbff	4691816	a4c9221fef24717a6900f9cecc921f02f91978efe9e7bcc0fc58655cebd19787
GCA	GCA_900064625.1	GCA/ncbi_dataset/data/GCA_900064625.1/genomic.gff	833854	5d6a069d07f5db04331fa7e4032fd16c678f1c9da3d378e23aa28318c985511c
GCA	GCA_900064625.1	GCA/ncbi_dataset/data/GCA_900064625.1/sequence_report.jsonl	8567	90528fc49c06dc4ab17fecc859b7242357087cf0c74f2b93905fafe8047a5c66
GCA	GCA_900064635.1	GCA/ncbi_dataset/data/GCA_900064635.1/GCA_900064635.1_13154_3_38_genomic.fna	2091821	dfb6e627ee174c9a1798c4195f433fcd2a17ff74c4fe7ec79c3115a04b858c16
GCA	GCA_900064635.1	GCA/ncbi_dataset/data/GCA_900064635.1/genomic.gbff	4706900	faea995ddd61f5b82a4bd2042c4bfe8f6369a1f4def03f61e1f26bd124fd15a3
GCA	GCA_900064635.1	GCA/ncbi_dataset/data/GCA_900064635.1/genomic.gff	971727	2b2ab44cf194aa4c042a8457bba8c60a6ad0d061a31644b87365d225607b9334
GCA	GCA_900064635.1	GCA/ncbi_dataset/data/GCA_900064635.1/sequence_report.jsonl	12836	9f08d1f7b4125947d344e35009f301721dcd5ebd8b5a2f3111c6afbb0283be3f
GCA	GCA_900064645.1	GCA/ncbi_dataset/data/GCA_900064645.1/GCA_900064645.1_13414_2_69_genomic.fna	2091499	c3a64a10da375b622dab21fbbae0681eb63a2f5c9a350c68d533e768c3a518d0
GCA	GCA_900064645.1	GCA/ncbi_dataset/data/GCA_900064645.1/genomic.gbff	4694622	b79cd264aa4fe30044f328202b054f28af1fe65d8cb6be0a50e254bfb1ca8e94
GCA	GCA_900064645.1	GCA/ncbi_dataset/data/GCA_900064645.1/genomic.gff	842770	29094caf5b4a84ddabca224058b426b95b6a9a2d861683d77cc17862b6d9c18c
GCA	GCA_900064645.1	GCA/ncbi_dataset/data/GCA_900064645.1/sequence_report.jsonl	4891	6177b113cfaf566c9ea691ae85df5d3ac5d98a45fc60899e520e47c9b32020ba
GCA	GCA_900064655.1	GCA/ncbi_dataset/data/GCA_900064655.1/GCA_900064655.1_14673_4_35_genomic.fna	2090576	285d797542816146c76e5b8bb076a06fef380d9ef86819f47665429fe3f08da8
GCA	GCA_900064655.1	GCA/ncbi_dataset/data/GCA_900064655.1/genomic.gbff	4690423	fc18cf0122237f84445d219786cd9834bdd8969e6779bc1fd264df36d1642331
GCA	GCA_900064655.1	GCA/ncbi_dataset/data/GCA_900064655.1/genomic.gff	843259	f020e4ed2a71417e3bf43863ed1ca985941d011afb9a3b8d64045338d7f36b5e
GCA	GCA_900064655.1	GCA/ncbi_dataset/data/GCA_900064655.1/sequence_report.jsonl	6732	8942e52e77b2d253df47d33fb3714fc27c53640579e18806f9942a71972a3ab5
GCA	GCA_900064805.1	GCA/ncbi_dataset/data/GCA_900064805.1/GCA_900064805.1_11679_1_38_genomic.fna	2083138	08f11c05aed87b81bcb752d4f8ea6a698c5736fd056a2c08697b4fa72b2ec613
GCA	GCA_900064805.1	GCA/ncbi_dataset/data/GCA_900064805.1/genomic.gbff	4700614	8a734ef48a25ca777fbff58faeed3d5366eb612a2d39399bbf72b3c64b1616aa
GCA	GCA_900064805.1	GCA/ncbi_dataset/data/GCA_900064805.1/genomic.gff	849883	2f95ec67a845f9c3a01e49859225be3922debb0fd103af93bbbcf04366de0c79
GCA	GCA_900064805.1	GCA/ncbi_dataset/data/GCA_900064805.1/sequence_report.jsonl	15897	49d3c5c803ec4713274d099e81e3cdeb5dfd62114c82394945c38b6c3fb8c181
GCA	GCA_900064815.1	GCA/ncbi_dataset/data/GCA_900064815.1/GCA_900064815.1_12291_4_61_genomic.fna	2079298	af6074f7b9d1cd3b369c3f6d251cfdc733f3addd595e9cc8ba51550ba9f2d6bf
GCA	GCA_900064815.1	GCA/ncbi_dataset/data/GCA_900064815.1/genomic.gbff	4668896	9995fb93ce60db1f6ad5ae03d4140d71205f37320839f909d69e2a7a15dfd387
GCA	GCA_900064815.1	GCA/ncbi_dataset/data/GCA_900064815.1/genomic.gff	839359	009289028c6bc60c4dc0efc7998120f0f2ca223ccce52460b7dd73766c64efda
GCA	GCA_900064815.1	GCA/ncbi_dataset/data/GCA_900064815.1/sequence_report.jsonl	12530	53123d4f205e767d92e8ab476c2e06f6e28f8ab65924c518e2bafbb2babafecb
GCA	GCA_900064825.1	GCA/ncbi_dataset/data/GCA_900064825.1/GCA_900064825.1_12291_4_63_genomic.fna	2117494	87d4d9b0964b6139fd7f6bce0f4d5a380bd5d3c63a37761b57745c69c8a21c8d
GCA	GCA_900064825.1	GCA/ncbi_dataset/data/GCA_900064825.1/genomic.gbff	4738807	409b89616cafdff65aba7b52eadce354939b46d3300aa32f2c8858530d9bc1d3
GCA	GCA_900064825.1	GCA/ncbi_dataset/data/GCA_900064825.1/genomic.gff	845969	49463fff55c687777c9433c3dcc56206efba08b8e9339cf4995780d45e14771d
GCA	GCA_900064825.1	GCA/ncbi_dataset/data/GCA_900064825.1/sequence_report.jsonl	8566	c579293b29ee672f3e5bacd7a16cb77d5f7a87645dd21620d7aa59caa2646863
GCA	GCA_900064835.1	GCA/ncbi_dataset/data/GCA_900064835.1/GCA_900064835.1_13154_3_32_genomic.fna	2154411	c635e130bb587e885119d004a197b3bd367eee0de389c1be7c011097d04cfb0a
GCA	GCA_900064835.1	GCA/ncbi_dataset/data/GCA_900064835.1/genomic.gbff	4882429	73dfe47c69c08c009be2f8ef43d060b65cfc6d680f6f925cd213b5e64a36e721
GCA	GCA_900064835.1	GCA/ncbi_dataset/data/GCA_900064835.1/genomic.gff	1019500	4a241443d2abf71ecbe6b30cd4668c8bb23a4568bb660311e6e5b04907cec4cc
GCA	GCA_900064835.1	GCA/ncbi_dataset/data/GCA_900064835.1/sequence_report.jsonl	23475	4efa7d79223e1ef69b6248ab0e2881e29881b4bd8e9e683acc6fe86c863de25c
GCA	GCA_900064845.1	GCA/ncbi_dataset/data/GCA_900064845.1/GCA_900064845.1_13154_3_85_genomic.fna	2230165	ab0bf6aceaf042dd2da35e40ed846693ef0f70a167a3f5401f4603287a5b7614
GCA	GCA_900064845.1	GCA/ncbi_dataset/data/GCA_900064845.1/genomic.gbff	5127604	51ca2704244d8f946dc3fcccee0e04ef5103f0a0f4e79b49527fbc037abe7852
GCA	GCA_900064845.1	GCA/ncbi_dataset/data/GCA_900064845.1/genomic.gff	1061541	6cc29e48f4063f49c70a68c237e78eb8bea65fee3fd2da6e38e4b0f0efb9d59a
GCA	GCA_900064845.1	GCA/ncbi_dataset/data/GCA_900064845.1/sequence_report.jsonl	66349	578ebfbd678287f9ab0b0b52bc029f556a5727e2949926ee0656c74ec286eb64
GCA	GCA_900064855.1	GCA/ncbi_dataset/data/GCA_900064855.1/GCA_900064855.1_13414_2_6_genomic.fna	2102799	ac71f27eb957bf7e5baed42f8d4bec5463132240c6524fc45f968de54cff5693
GCA	GCA_900064855.1	GCA/ncbi_dataset/data/GCA_900064855.1/genomic.gbff	4734758	be9e2b51db13dbb7aa928ce02b7951ac3162f93b134277c74aa4af7b71984f04
GCA	GCA_900064855.1	GCA/ncbi_dataset/data/GCA_900064855.1/genomic.gff	856952	a9ae44a0d5697bab7543f88a4213307bb447e229fa4030541b580c04a316cf09
GCA	GCA_900064855.1	GCA/ncbi_dataset/data/GCA_900064855.1/sequence_report.jsonl	11011	ed7d57ca0a184ec8c4936cce5dae4285d514b6272b285633126ec8b580866bca
GCA	GCA_900064865.1	GCA/ncbi_dataset/data/GCA_900064865.1/GCA_900064865.1_13414_2_12_genomic.fna	2085363	686ea10d313d697096481048710fdbc72e9fbe4742b737b7d5a2be975d03eb35
GCA	GCA_900064865.1	GCA/ncbi_dataset/data/GCA_900064865.1/genomic.gbff	4678971	3864d0021b519ddc71c32de8e34bcd5e093b07d9f5347992c9732dbe7cad5890
GCA	GCA_900064865.1	GCA/ncbi_dataset/data/GCA_900064865.1/genomic.gff	839832	361cee1a18bcd226c56f55444f316d81199726c9fe399b4f11440e3ec311a407
GCA	GCA_900064865.1	GCA/ncbi_dataset/data/GCA_900064865.1/sequence_report.jsonl	6429	1e49497f69cda35177f3b16873e8072f76da24deb739fd04e7e36728fd7c3a35
GCA	GCA_900064875.1	GCA/ncbi_dataset/data/GCA_900064875.1/GCA_900064875.1_13414_2_48_genomic.fna	2125630	e46c98dcd1ed2ff7ab7f68e07d30462694e2b299fc75964abec9eaa56fe815b5
GCA	GCA_900064875.1	GCA/ncbi_dataset/data/GCA_900064875.1/genomic.gbff	4761730	6c15d376e9a2e03df11ac8e60f5c28aa2e4f517505d78a43d3821f5a28aef665
GCA	GCA_900064875.1	GCA/ncbi_dataset/data/GCA_900064875.1/genomic.gff	850263	fc96352c2dec04f7efd187a9fb75c9ed9952fe945976e23a067be320ac165fc9
GCA	GCA_900064875.1	GCA/ncbi_dataset/data/GCA_900064875.1/sequence_report.jsonl	9787	036add13cd139ad4f8ff5429d17770058d0edb828f28a821e6376704d29fe217
GCA	GCA_900064885.1	GCA/ncbi_dataset/data/GCA_900064885.1/GCA_900064885.1_13414_2_86_genomic.fna	2088018	df43431e89225a06b28f74bd34d53f2c4923d0901a0cdb2d7233c96dc7696893
GCA	GCA_900064885.1	GCA/ncbi_dataset/data/GCA_900064885.1/genomic.gbff	4675369	c6326069b8f99487f381b3653e0d314ccb9894c7868daca917a709e7f3390703
GCA	GCA_900064885.1	GCA/ncbi_dataset/data/GCA_900064885.1/genomic.gff	833143	72dbe7702cd5b13ec84e8decf71df0df3a5a3f6b9e83975a97b8e500a7d58574
GCA	GCA_900064885.1	GCA/ncbi_dataset/data/GCA_900064885.1/sequence_report.jsonl	10095	94cfc89a5e0799a017af89186ac2dfb6dbd226d13d5d105531c14634f071a41e
GCA	GCA_900064895.1	GCA/ncbi_dataset/data/GCA_900064895.1/GCA_900064895.1_14673_1_11_genomic.fna	2081009	8b53325d6265398626d43ccffb21d48b520cb695300f7c55626390b3b9d1ff48
GCA	GCA_900064895.1	GCA/ncbi_dataset/data/GCA_900064895.1/genomic.gbff	4672295	f30a04c79de42a7d0f8b4c95fca636d3f077ce6994cedd245a746af5bb63ea15
GCA	GCA_900064895.1	GCA/ncbi_dataset/data/GCA_900064895.1/genomic.gff	832395	bd189a2a8f92d29cb1c7db55f1812d538e8758eed4d9005c903f50caf2be69b7
GCA	GCA_900064895.1	GCA/ncbi_dataset/data/GCA_900064895.1/sequence_report.jsonl	13149	6e667e8a3525db1be6e0e76821aa4c83780a42af30d052d4088e3e4840471ec7
GCA	GCA_900064905.1	GCA/ncbi_dataset/data/GCA_900064905.1/GCA_900064905.1_14673_1_12_genomic.fna	2090011	29c976615260ee38a4a6e63bc5f87418964b43cf69835a28d56c80579890a56c
GCA	GCA_900064905.1	GCA/ncbi_dataset/data/GCA_900064905.1/genomic.gbff	4697694	47e2f62f9ac2b1841546415f7fee3daf0c7d6e37a41802df1b920ec5b174b72b
GCA	GCA_900064905.1	GCA/ncbi_dataset/data/GCA_900064905.1/genomic.gff	843354	64a11e69ac97f76a5a246026cd57726532e8e9b237aa90a30b0ce21120847015
GCA	GCA_900064905.1	GCA/ncbi_dataset/data/GCA_900064905.1/sequence_report.jsonl	11016	4778cd7952ba71c7997f4b70a7e2c3161feac9c47afaab89e776851850a39950
GCA	GCA_900064915.1	GCA/ncbi_dataset/data/GCA_900064915.1/GCA_900064915.1_14673_1_75_genomic.fna	2196927	b362c2880044666e01387b6b4b2bb98ca7f972e6708a6cbb65dbc683f992daf6
GCA	GCA_900064915.1	GCA/ncbi_dataset/data/GCA_900064915.1/genomic.gbff	4966924	03775fda80470681371adbcd2cca8808f53db20b9e5e6e6959b114eb5b5f6025
GCA	GCA_900064915.1	GCA/ncbi_dataset/data/GCA_900064915.1/genomic.gff	900636	b88a103757d4cece289c3906284c5828356cf91aa5667719343e12101307b029
GCA	GCA_900064915.1	GCA/ncbi_dataset/data/GCA_900064915.1/sequence_report.jsonl	21383	63d6873cd16e09d43ee796625092fe87c4d13e4adc68d1f8c8875f227da1bc92
GCA	GCA_900064925.1	GCA/ncbi_dataset/data/GCA_900064925.1/GCA_900064925.1_14673_1_82_genomic.fna	2117793	c7423c0bb63ad6bdfcfcdd9ae8aa0fb0607eef2275854a31df4d5560b48a736a
GCA	GCA_900064925.1	GCA/ncbi_dataset/data/GCA_900064925.1/genomic.gbff	4779909	e56013505511d240bb296d574d924ce809f097e8d88a93cab82959a4b55328fc
GCA	GCA_900064925.1	GCA/ncbi_dataset/data/GCA_900064925.1/genomic.gff	865107	9c92ba238048c13edbc637084325c192af0964abad3d66933809c45f4babe913
GCA	GCA_900064925.1	GCA/ncbi_dataset/data/GCA_900064925.1/sequence_report.jsonl	13453	3862493186f329db6df5e2e929f489969d3402da916b9a64703c953f8e6dcacb
GCA	GCA_900064935.1	GCA/ncbi_dataset/data/GCA_900064935.1/GCA_900064935.1_14673_4_32_genomic.fna	2077684	a1ec4e4730fd6c2ac8449301b3f1ce346bb96760d506e8cf2dcec70659c17664
GCA	GCA_900064935.1	GCA/ncbi_dataset/data/GCA_900064935.1/genomic.gbff	4678552	9f95c71866bd1e8cf2229de8ffe5302adcb8ed2e0eedd4358bac78f3ffe8077d
GCA	GCA_900064935.1	GCA/ncbi_dataset/data/GCA_900064935.1/genomic.gff	839753	cfa2bdde9b9592f05d301ec0a68aba43b9f18f4b28310d59f008ec917c0f5565
GCA	GCA_900064935.1	GCA/ncbi_dataset/data/GCA_900064935.1/sequence_report.jsonl	12226	1712502cd31e3dc1b325350cef6c03c13c97d7beb95ef25241b7c34921ab7880
GCA	GCA_900064945.1	GCA/ncbi_dataset/data/GCA_900064945.1/GCA_900064945.1_14673_4_37_genomic.fna	2009542	276e70d5863095954872975d1ad7da952537b3baf8f8f271714852c6bd30d0fe
GCA	GCA_900064945.1	GCA/ncbi_dataset/data/GCA_900064945.1/genomic.gbff	4521914	db49f3ccc9710174cf70cbcb738711f6d6fdedaf9fd55e14ec411d07376750f8
GCA	GCA_900064945.1	GCA/ncbi_dataset/data/GCA_900064945.1/genomic.gff	812716	6de6e3aed6c3ec144ebd4c878b0b987ab8838ebba1a524ef95e7a78caa9ec0c2
GCA	GCA_900064945.1	GCA/ncbi_dataset/data/GCA_900064945.1/sequence_report.jsonl	6731	b929e464ce5bde8f3cdc909c71572794c0950ece6e9e162048930620d8817047
GCA	GCA_900065085.1	GCA/ncbi_dataset/data/GCA_900065085.1/GCA_900065085.1_13154_3_71_genomic.fna	2102385	35fa9a5387d1548bca7cf13b00a26076fd8be34324312183b6ab5bc8884c6399
GCA	GCA_900065085.1	GCA/ncbi_dataset/data/GCA_900065085.1/genomic.gbff	4809922	941c3bbdb76c7a24aa17be04116b6e8f50ab5a356a2c8d6eafa0ad0d7a3979b6
GCA	GCA_900065085.1	GCA/ncbi_dataset/data/GCA_900065085.1/genomic.gff	870189	c4c3735917d6be4a9d86ce68a2eff259c4b52d70c1ec7dc98caca068f9292c22
GCA	GCA_900065085.1	GCA/ncbi_dataset/data/GCA_900065085.1/sequence_report.jsonl	50851	59c74738e9179bbb8b953499ad632c0eadb980833c7cb263a60b5375b65e245c
GCA	GCA_900065135.1	GCA/ncbi_dataset/data/GCA_900065135.1/GCA_900065135.1_12291_4_16_genomic.fna	2077660	4e943df7bfbd9dc41a47a749ccfeaed8d46a85dc6930bf8d5f564e54a612353f
GCA	GCA_900065135.1	GCA/ncbi_dataset/data/GCA_900065135.1/genomic.gbff	4672059	2b0ffd4c824d59392b306b9991dc934d5e468da123f52e8db7eb7d478ba898d9
GCA	GCA_900065135.1	GCA/ncbi_dataset/data/GCA_900065135.1/genomic.gff	840926	abd829acfd18e463917e7ec08fa0bfb03bdfa4e02a8241aeeac973de5d057dc6
GCA	GCA_900065135.1	GCA/ncbi_dataset/data/GCA_900065135.1/sequence_report.jsonl	11313	455efc2fc3cd655c1963cc9d867c278b335d84805abb66311fa3c928f511a47e
GCA	GCA_900065145.1	GCA/ncbi_dataset/data/GCA_900065145.1/GCA_900065145.1_12291_4_25_genomic.fna	2114075	32e16ce5a222ca20a3ec8f7e7183ab7e82aa83f34c944168a9a81b9a932ffb4d
GCA	GCA_900065145.1	GCA/ncbi_dataset/data/GCA_900065145.1/genomic.gbff	4758815	be1cdbccba2b0dc2aa44599c914eda9e1a06470d4a52e671632ca39262780aba
GCA	GCA_900065145.1	GCA/ncbi_dataset/data/GCA_900065145.1/genomic.gff	861124	9be4f3d573c407c0a5949f0153dbf2666ce193a32a2810b42e0d6bc02c8b22db
GCA	GCA_900065145.1	GCA/ncbi_dataset/data/GCA_900065145.1/sequence_report.jsonl	8867	4db5ce7d6396592cdb1898546c3c557b2bde2ec4abdbf394e5b166a187f07da6
GCA	GCA_900065155.1	GCA/ncbi_dataset/data/GCA_900065155.1/GCA_900065155.1_12291_4_27_genomic.fna	2110885	993ffde1960a62f294a91e7ef44ad0bec60da6c7c0021f3d22ee84367558ee46
GCA	GCA_900065155.1	GCA/ncbi_dataset/data/GCA_900065155.1/genomic.gbff	4773773	49b38ebf318814f50fe0ff6181c13c29648ddc271dc5adfa3bfa348726ccdf6d
GCA	GCA_900065155.1	GCA/ncbi_dataset/data/GCA_900065155.1/genomic.gff	862366	f30d25735edb81ae87143206862b0224c3680d0e2845b7b0d2ff7fedb3e12707
GCA	GCA_900065155.1	GCA/ncbi_dataset/data/GCA_900065155.1/sequence_report.jsonl	26208	4bbda89e701e740fc78dffe5d60edae70066cef9a8bb4399e97ba3594b0e7cfa
GCA	GCA_900065165.1	GCA/ncbi_dataset/data/GCA_900065165.1/GCA_900065165.1_13154_3_49_genomic.fna	2108793	3d9b2a20bf1b3855cb684888d8c83ae31eb051ced767478bec302b5f9e3c3e44
GCA	GCA_900065165.1	GCA/ncbi_dataset/data/GCA_900065165.1/genomic.gbff	4740778	60064d2a972792aa55f5c4877eed5483f2c4c0f1289c3eb44da0a6a119a99e97
GCA	GCA_900065165.1	GCA/ncbi_dataset/data/GCA_900065165.1/genomic.gff	849285	c5a0d97d05485c95355a363ac3e17e6b9264016de5bc32527d06a806816703e9
GCA	GCA_900065165.1	GCA/ncbi_dataset/data/GCA_900065165.1/sequence_report.jsonl	11618	8db92263580d6ac365c8e4db1373b52d224744e11441389d24d5a14f19e8bbde
GCA	GCA_900065175.1	GCA/ncbi_dataset/data/GCA_900065175.1/GCA_900065175.1_13414_1_89_genomic.fna	2199845	5cd9a782632a1f827ce06ad40a4ad36dca01e373fed104a24ed483f4158fdf75
GCA	GCA_900065175.1	GCA/ncbi_dataset/data/GCA_900065175.1/genomic.gbff	4982212	6c35503fd13df874986cf230d049b6bd53569512e9a2d4305a83c88499f8b441
GCA	GCA_900065175.1	GCA/ncbi_dataset/data/GCA_900065175.1/genomic.gff	904770	585e1260f0fef5bd0127d0c5e98760cde4390f6d41d8bd074a20c6dab8dc226e
GCA	GCA_900065175.1	GCA/ncbi_dataset/data/GCA_900065175.1/sequence_report.jsonl	21080	39129c0cebb368dd4293273b0f5a59b2e4e8a74e536360579d401e5d13eaa012
GCA	GCA_900065355.1	GCA/ncbi_dataset/data/GCA_900065355.1/GCA_900065355.1_11658_2_62_genomic.fna	2091269	6bea3941d49bb8397428a43f6bee035f783dba0f0686ca379d25437121660473
GCA	GCA_900065355.1	GCA/ncbi_dataset/data/GCA_900065355.1/genomic.gbff	4709299	43e320bc99e34df315af65b3772c158eb87e5c7b144ba23080bd49e37de8c20c
GCA	GCA_900065355.1	GCA/ncbi_dataset/data/GCA_900065355.1/genomic.gff	845642	165852bad5169be3f335ec686f79366fec8724b7d72b88c18a3e86db9aff4bb1
GCA	GCA_900065355.1	GCA/ncbi_dataset/data/GCA_900065355.1/sequence_report.jsonl	12846	8a52af7330afbf10e3c77d5754f6fcfbf92b68292c9842d8f4e9c781ed53df34
GCA	GCA_900065465.1	GCA/ncbi_dataset/data/GCA_900065465.1/GCA_900065465.1_11511_8_41_genomic.fna	2141415	a0aa57d1238c53ad0a22f2b210719099ae450bb3140d3815fcfa2a9d78f36f5f
GCA	GCA_900065465.1	GCA/ncbi_dataset/data/GCA_900065465.1/genomic.gbff	4790103	d251fff4d986caa298e9a69cee5cda95e4de43c7314da70f76de3eb1546ba225
GCA	GCA_900065465.1	GCA/ncbi_dataset/data/GCA_900065465.1/genomic.gff	856679	d0faee1fd1aec4b8ec34b9d03198a701900a71f3408fa00f7a72060a2dfc39f6
GCA	GCA_900065465.1	GCA/ncbi_dataset/data/GCA_900065465.1/sequence_report.jsonl	10083	bc75fac8a485bf394ee11e08c97a34e2058c02303054dec68db6ea7ce7683ee9
GCA	GCA_900065475.1	GCA/ncbi_dataset/data/GCA_900065475.1/GCA_900065475.1_11511_8_50_genomic.fna	2075936	60002f9e7a914f6201ac7e0a1c3e4848d29ac23d4f9490684bca7ffe9b740a91
GCA	GCA_900065475.1	GCA/ncbi_dataset/data/GCA_900065475.1/genomic.gbff	4731138	3b37095dfa189e4e924f811febd4f8c4b90b262fd52ca411c28865267219a03b
GCA	GCA_900065475.1	GCA/ncbi_dataset/data/GCA_900065475.1/genomic.gff	973986	8e8805ee7fa2ae3073af786f40c342c789a5635721262a854a41def99a6d3a0c
GCA	GCA_900065475.1	GCA/ncbi_dataset/data/GCA_900065475.1/sequence_report.jsonl	40215	157f624badd5f315f29047dc4e54a401e6c50f0e1771e5a468dcd8894c25bbb1
GCA	GCA_900065485.1	GCA/ncbi_dataset/data/GCA_900065485.1/GCA_900065485.1_11657_8_29_genomic.fna	2072120	ec3df653cb6afab9248daffcf80176d539a46823c18d11225d74da37dbf8324f
GCA	GCA_900065485.1	GCA/ncbi_dataset/data/GCA_900065485.1/genomic.gbff	4637493	e55dabc02fa1d597bc5d541fdfbe648f9b329e322303d0081161a84c66d49f88
GCA	GCA_900065485.1	GCA/ncbi_dataset/data/GCA_900065485.1/genomic.gff	830463	b845ebc02608b8c500bf48acffc5580da88f53ad340e2d7774bdd204438c3536
GCA	GCA_900065485.1	GCA/ncbi_dataset/data/GCA_900065485.1/sequence_report.jsonl	5206	300a71f851e5419d25fe1f0105ada8f6d4da93cf91edbf3e3ab0a5574ae0583e
GCA	GCA_900065495.1	GCA/ncbi_dataset/data/GCA_900065495.1/GCA_900065495.1_12291_4_19_genomic.fna	2119041	16122c08500b061264fe181ab6ba2b9d3f26d944fb5bcc18b73761b2d336ec10
GCA	GCA_900065495.1	GCA/ncbi_dataset/data/GCA_900065495.1/genomic.gbff	4766879	34cda55cf6661c24bc5ea9acb0b342d1984e3087c198f38a449db64457f4a50d
GCA	GCA_900065495.1	GCA/ncbi_dataset/data/GCA_900065495.1/genomic.gff	853315	74578282ad6880d1fba9ed0838072677803f8785c93c6aa16c1d164997afacff
GCA	GCA_900065495.1	GCA/ncbi_dataset/data/GCA_900065495.1/sequence_report.jsonl	13668	7c5de9fdcba834e56a884f1775185b8c78ed1c9939d0e788f4a8e527e62a3c36
GCA	GCA_900065505.1	GCA/ncbi_dataset/data/GCA_900065505.1/GCA_900065505.1_12291_4_56_genomic.fna	2140412	bba8713c47134661a55f887e75992a3bf68d850c8d377d72c367b419b6c527ba
GCA	GCA_900065505.1	GCA/ncbi_dataset/data/GCA_900065505.1/genomic.gbff	4806476	370a7e89a9b1a7cf71dce43efcdec9d08416f1265f95c4b291991a0a1210a56b
GCA	GCA_900065505.1	GCA/ncbi_dataset/data/GCA_900065505.1/genomic.gff	864948	44fd3d931143e598defd2b468bcd8d7cedd71ecf89b77dd269968acb4bcbc250
GCA	GCA_900065505.1	GCA/ncbi_dataset/data/GCA_900065505.1/sequence_report.jsonl	8869	4396f9c821dc9b3117345571a6d39429ba79217eeb7073fde9a0f1c110470811
GCA	GCA_900065515.1	GCA/ncbi_dataset/data/GCA_900065515.1/GCA_900065515.1_12291_4_88_genomic.fna	2118629	a45b75d3724705514a50eade3bdd3c9be6b2e025c57e03f17d66c6fde0fc5423
GCA	GCA_900065515.1	GCA/ncbi_dataset/data/GCA_900065515.1/genomic.gbff	4764802	29111d8b508a6aa2f583684d7f48e8e16202eb7885fde765fe989f46e6899fac
GCA	GCA_900065515.1	GCA/ncbi_dataset/data/GCA_900065515.1/genomic.gff	860304	64b56b52941bf67b2982d5de09479d9ca1f4ee1f1729a4659736efbedb3bfee7
GCA	GCA_900065515.1	GCA/ncbi_dataset/data/GCA_900065515.1/sequence_report.jsonl	11617	9f64eff8c073b09604471a0adc5a778ab9b5340af30f4e9b441209a953a1f327
GCA	GCA_900065525.1	GCA/ncbi_dataset/data/GCA_900065525.1/GCA_900065525.1_12299_1_79_genomic.fna	2200269	477101f351e7c0bf20a0a596b7aa5f30a634371bfc0d63d6b45eb6e8f1b8eb26
GCA	GCA_900065525.1	GCA/ncbi_dataset/data/GCA_900065525.1/genomic.gbff	5005896	51077678d4d7d918d41cccb045eafa4310acbdaa8bedcd01907bc27ad2e59495
GCA	GCA_900065525.1	GCA/ncbi_dataset/data/GCA_900065525.1/genomic.gff	1027152	e6fb91b8c47b550d1e3a164ad506594f48e0c31ac50943aa36c9149d5d755714
GCA	GCA_900065525.1	GCA/ncbi_dataset/data/GCA_900065525.1/sequence_report.jsonl	48099	81e43ee35bd55f3cbc575a389365aec7d5766881325ae14168fb45d9e909cdef
GCA	GCA_900065535.1	GCA/ncbi_dataset/data/GCA_900065535.1/GCA_900065535.1_13091_6_78_genomic.fna	2292460	824af2e15dd35d2220a993ace8d852481a7b0cbfeef1b71c1efe7fe8be5b8dbe
GCA	GCA_900065535.1	GCA/ncbi_dataset/data/GCA_900065535.1/genomic.gbff	5303010	c0d9073d10f1618c6aabf00681fdf24be6faeb7e03f26ec8323976ea5a47f03a
GCA	GCA_900065535.1	GCA/ncbi_dataset/data/GCA_900065535.1/genomic.gff	1098722	e7c8db965f171e07541c1581401c22d70a0936058b927a809e323e9c7f8b92c2
GCA	GCA_900065535.1	GCA/ncbi_dataset/data/GCA_900065535.1/sequence_report.jsonl	90997	a1f778047ac8f190cf9871054c14d2a05ba37926a7ad87f8f2235de632b06fdf
GCA	GCA_900065545.1	GCA/ncbi_dataset/data/GCA_900065545.1/GCA_900065545.1_13091_6_86_genomic.fna	2188844	1efba57df09ef5bf6bc31d7c8efd9d306f87bc20904adeccb2674887ba52436e
GCA	GCA_900065545.1	GCA/ncbi_dataset/data/GCA_900065545.1/genomic.gbff	5018784	b911ccc34f8a0c97446092f4755017ed1b913f82b6388248eca9bef4b280be74
GCA	GCA_900065545.1	GCA/ncbi_dataset/data/GCA_900065545.1/genomic.gff	1042563	ef1e8c64c5e12c2b8ff3ea4e39bca11df8297d2f1996c597f35b9e02d3a4691a
GCA	GCA_900065545.1	GCA/ncbi_dataset/data/GCA_900065545.1/sequence_report.jsonl	54795	8fb2135f4cf01003b5cc3b618dfd1c2f987faa78175944a02a065a4b664d9a01
GCA	GCA_900065555.1	GCA/ncbi_dataset/data/GCA_900065555.1/GCA_900065555.1_13154_3_67_genomic.fna	2075757	7e1ec02551554ce25d3e29940a34977ff21dae94f1bcd31b1b848a2ce1ae9f58
GCA	GCA_900065555.1	GCA/ncbi_dataset/data/GCA_900065555.1/genomic.gbff	4678243	cafcaaafdc424577186735214e6c67f3f4fbfc497fda151105c49a7fdf319df6
GCA	GCA_900065555.1	GCA/ncbi_dataset/data/GCA_900065555.1/genomic.gff	964588	d9f27b31fae0f7598d82a2a1d38db6fd9b2105b0d0ed15ca974c01bb9291aae8
GCA	GCA_900065555.1	GCA/ncbi_dataset/data/GCA_900065555.1/sequence_report.jsonl	19821	b9b314bc370782685d85f53f23b5f99c9c1a962f132575c6b625aa77dad80acf
GCA	GCA_900065565.1	GCA/ncbi_dataset/data/GCA_900065565.1/GCA_900065565.1_13414_1_63_genomic.fna	2002957	661c9a1724e702ffb407780e862de0bb1b1eb583cc081871117904c329de3082
GCA	GCA_900065565.1	GCA/ncbi_dataset/data/GCA_900065565.1/genomic.gbff	4509878	1ccb3d720cde8aa6d3eb849d03ce0c0f0a6c4725b94ce549f2bdab25b493b4a0
GCA	GCA_900065565.1	GCA/ncbi_dataset/data/GCA_900065565.1/genomic.gff	812179	7bb3ea24c148f677fcae0158e03a2203c6508e7156feb60494d2d124e83e1e5d
GCA	GCA_900065565.1	GCA/ncbi_dataset/data/GCA_900065565.1/sequence_report.jsonl	11307	d76233183fecd5d0913ccdc395fea46bb65a8d45e3c2ababfc8a001b54b00b43
GCA	GCA_900065575.1	GCA/ncbi_dataset/data/GCA_900065575.1/GCA_900065575.1_13414_2_11_genomic.fna	2138833	865433d0834cd5d4faa068ee06b5360c70942574c1dff249e656b7643ce80d33
GCA	GCA_900065575.1	GCA/ncbi_dataset/data/GCA_900065575.1/genomic.gbff	4833554	4821a9e9072f6d4dfb928dbf00625d91d9c5c1ea25d5af9f6bac0e998424e83c
GCA	GCA_900065575.1	GCA/ncbi_dataset/data/GCA_900065575.1/genomic.gff	866400	1be87d5d9fc1db97fc69cfb7ef6b7279147f2f0989c3037c7ebed465ca4b32f5
GCA	GCA_900065575.1	GCA/ncbi_dataset/data/GCA_900065575.1/sequence_report.jsonl	19856	93595f08ea1d650faee21b9e5c13d583f8641d54f0865f2ab954998b74d6f56a
GCA	GCA_900065585.1	GCA/ncbi_dataset/data/GCA_900065585.1/GCA_900065585.1_13414_2_79_genomic.fna	1997149	d0434a4cbbfa6c3bb35962ce646305219edf221bb0bbcc92491c268985d47e43
GCA	GCA_900065585.1	GCA/ncbi_dataset/data/GCA_900065585.1/genomic.gbff	4486901	20452b10181fb5ffbc3dddfbf75cfeef6e7636b7007dc14102949fcab7893403
GCA	GCA_900065585.1	GCA/ncbi_dataset/data/GCA_900065585.1/genomic.gff	805281	5515b06bde41c62f9880f490a0f8b545155531971193b781ce59c15e1b60cb43
GCA	GCA_900065585.1	GCA/ncbi_dataset/data/GCA_900065585.1/sequence_report.jsonl	9172	4563ef67655656118703664dbf84566cfab8b06d50c23164d1644fa1300b163d
GCA	GCA_900065595.1	GCA/ncbi_dataset/data/GCA_900065595.1/GCA_900065595.1_13414_2_80_genomic.fna	2022408	31e10c1d85f92bd38fbeaf4094730a88d439905d16f60fbe82517c570c8d1e16
GCA	GCA_900065595.1	GCA/ncbi_dataset/data/GCA_900065595.1/genomic.gbff	4562216	c483a7a7df9f474c3cc38046cf1d7d58dbe521d59e6a55cf0c94ac8ecefac7d2
GCA	GCA_900065595.1	GCA/ncbi_dataset/data/GCA_900065595.1/genomic.gff	816393	3f2ef38c88e4395d6c682ba5a9568a8a4530f7e82da913df59d065f50cc29749
GCA	GCA_900065595.1	GCA/ncbi_dataset/data/GCA_900065595.1/sequence_report.jsonl	14676	2cde361978a9d093ce702f865f0e88214582b641040be809e7d7ecd1fde41a19
GCA	GCA_900065605.1	GCA/ncbi_dataset/data/GCA_900065605.1/GCA_900065605.1_14673_1_13_genomic.fna	2039676	49200dd5664c6af400fac735fccd9df519b054c93404b3471a3126ee62f32dfa
GCA	GCA_900065605.1	GCA/ncbi_dataset/data/GCA_900065605.1/genomic.gbff	4576546	4fdf7f7304097e22206b102a983c1dcb96f64eb76a39d8c7e78989eec6e3508c
GCA	GCA_900065605.1	GCA/ncbi_dataset/data/GCA_900065605.1/genomic.gff	813118	3665a737e9f6f457ddf1ace4a481a485dee3f8afd5359bb8383f55f6e69c0607
GCA	GCA_900065605.1	GCA/ncbi_dataset/data/GCA_900065605.1/sequence_report.jsonl	14357	f5a7d70debff72f908e13c64914ff206dc53b25be517837754cbc77617045ef6
GCA	GCA_900065615.1	GCA/ncbi_dataset/data/GCA_900065615.1/GCA_900065615.1_14673_2_57_genomic.fna	2064756	d9e30a1b53748622bcdca4abe14c977dafb0aabd2f4f0c6bc8bd2a8b84e319c3
GCA	GCA_900065615.1	GCA/ncbi_dataset/data/GCA_900065615.1/genomic.gbff	4640582	1c0eb2b19aa74269c154e679bdfe65bca3799ba45ea5341a22c58afb23266b5b
GCA	GCA_900065615.1	GCA/ncbi_dataset/data/GCA_900065615.1/genomic.gff	831985	83fa68eb8d427d534f82b47a6121cf306c8d674460892eba8bea6dc3f9a7a72c
GCA	GCA_900065615.1	GCA/ncbi_dataset/data/GCA_900065615.1/sequence_report.jsonl	12528	7e32281635266c529fe5afbec6aa6b7e6e68e2200544a3b961cb3bc48a325bcb
GCA	GCA_900065625.1	GCA/ncbi_dataset/data/GCA_900065625.1/GCA_900065625.1_14673_3_5_genomic.fna	2060663	0c13d197849c89986251b734118e0370d177821b0b8c276314ce7b5e90f1ba66
GCA	GCA_900065625.1	GCA/ncbi_dataset/data/GCA_900065625.1/genomic.gbff	4633105	63c0364e6ccd2c13ec7e7a70202c83d026b3d1c6479919a5aa59853e1e918207
GCA	GCA_900065625.1	GCA/ncbi_dataset/data/GCA_900065625.1/genomic.gff	827486	9d2ca5b35d1ebc899871130d44034aff1cb97f55aa1c8fd2fc471564c255f0e9
GCA	GCA_900065625.1	GCA/ncbi_dataset/data/GCA_900065625.1/sequence_report.jsonl	11925	85296e542dcbfc58a5b2304d721de7ce3685e5e9350b0c3ca1c0fd36c645c672
GCA	GCA_900065635.1	GCA/ncbi_dataset/data/GCA_900065635.1/GCA_900065635.1_14673_4_39_genomic.fna	2082968	26751435be82894eb9b9aff8d6ffceb35a190b122edead31652d642c04346956
GCA	GCA_900065635.1	GCA/ncbi_dataset/data/GCA_900065635.1/genomic.gbff	4676664	ea902dd17923c5f39fe571044ef1dbfee084f7ce8894ce38b7b42561f09be671
GCA	GCA_900065635.1	GCA/ncbi_dataset/data/GCA_900065635.1/genomic.gff	959097	7f1531d6fc56024505f32fe7c462922a78be7f9fa27ce69fa2dbf271b66f5661
GCA	GCA_900065635.1	GCA/ncbi_dataset/data/GCA_900065635.1/sequence_report.jsonl	13144	8c6ae508584dbfde687c8df1a2368f54df1160244d81edb21d4116a5899e7743
