publication_id	mapping_status	assembly_accession	assembly_version	assembly_level	RefSeq_or_GenBank	paired_assembly_accession	BioSample	ENA_sample	run_accession	study_accession	assembly_status	assembly_name	annotation_provider	annotation_release_date	mapping_source	mapping_confidence	notes
GCF_900017955.1_11657_8_6	ASSEMBLY_AVAILABLE	GCF_900017955.1	1	Scaffold	RefSeq	GCA_900017955.1	SAMEA2203767	ERS356271		PRJEB3084	current	11657_8#6	NCBI RefSeq	2026-02-07	frozen_publication_GCF_prefix_exact_version_plus_NCBI_Datasets	exact	Paired GCA is the same assembly record, retained explicitly; no isolate substitution
GCF_900018675.1_11511_8_9	ASSEMBLY_AVAILABLE	GCF_900018675.1	1	Scaffold	RefSeq	GCA_900018675.1	SAMEA2203787	2009216796-sc-2013-10-09T11:49:26Z-1712376		PRJEB3084	previous	11511_8#9	NCBI RefSeq	2017-06-08	frozen_publication_GCF_prefix_exact_version_plus_NCBI_Datasets	exact	Paired GCA is the same assembly record, retained explicitly; no isolate substitution
GCF_900020245.1_11679_1_11	ASSEMBLY_AVAILABLE	GCF_900020245.1	1	Scaffold	RefSeq	GCA_900020245.1	SAMEA2203792	ERS356296		PRJEB3084	current	11679_1#11	NCBI RefSeq	2025-09-04	frozen_publication_GCF_prefix_exact_version_plus_NCBI_Datasets	exact	Paired GCA is the same assembly record, retained explicitly; no isolate substitution
GCF_900020255.1_11657_4_24	ASSEMBLY_AVAILABLE	GCF_900020255.1	1	Scaffold	RefSeq	GCA_900020255.1	SAMEA2203848	2010208391-sc-2013-10-09T11:50:32Z-1712437		PRJEB3084	previous	11657_4#24	NCBI RefSeq	2017-03-12	frozen_publication_GCF_prefix_exact_version_plus_NCBI_Datasets	exact	Paired GCA is the same assembly record, retained explicitly; no isolate substitution
GCF_900024975.1_11511_8_19	ASSEMBLY_AVAILABLE	GCF_900024975.1	1	Scaffold	RefSeq	GCA_900024975.1	SAMEA2203833	ERS356337		PRJEB3084	current	11511_8#19	NCBI RefSeq	2026-02-07	frozen_publication_GCF_prefix_exact_version_plus_NCBI_Datasets	exact	Paired GCA is the same assembly record, retained explicitly; no isolate substitution
GCF_900024985.1_11657_4_27	ASSEMBLY_AVAILABLE	GCF_900024985.1	1	Scaffold	RefSeq	GCA_900024985.1	SAMEA2203864	2009210864-sc-2013-10-09T11:50:49Z-1712454		PRJEB3084	previous	11657_4#27	NCBI RefSeq	2017-03-12	frozen_publication_GCF_prefix_exact_version_plus_NCBI_Datasets	exact	Paired GCA is the same assembly record, retained explicitly; no isolate substitution
GCF_900033785.1_11657_8_4	ASSEMBLY_AVAILABLE	GCF_900033785.1	1	Scaffold	RefSeq	GCA_900033785.1	SAMEA2203761	2009209148-sc-2013-10-09T11:48:55Z-1712350		PRJEB3084	previous	11657_8#4	NCBI RefSeq	2017-03-12	frozen_publication_GCF_prefix_exact_version_plus_NCBI_Datasets	exact	Paired GCA is the same assembly record, retained explicitly; no isolate substitution
GCF_900033795.1_11658_2_96	ASSEMBLY_AVAILABLE	GCF_900033795.1	1	Scaffold	RefSeq	GCA_900033795.1	SAMEA2203765	2009210231-sc-2013-10-09T11:49:00Z-1712354		PRJEB3084	previous	11658_2#96	NCBI RefSeq	2017-03-13	frozen_publication_GCF_prefix_exact_version_plus_NCBI_Datasets	exact	Paired GCA is the same assembly record, retained explicitly; no isolate substitution
GCF_900033805.1_11679_1_6	ASSEMBLY_AVAILABLE	GCF_900033805.1	1	Scaffold	RefSeq	GCA_900033805.1	SAMEA2203778	ERS356282		PRJEB3084	previous	11679_1#6	NCBI RefSeq	2023-04-29	frozen_publication_GCF_prefix_exact_version_plus_NCBI_Datasets	exact	Paired GCA is the same assembly record, retained explicitly; no isolate substitution
GCF_900033815.1_11658_2_95	ASSEMBLY_AVAILABLE	GCF_900033815.1	1	Scaffold	RefSeq	GCA_900033815.1	SAMEA2203781	2009215863-sc-2013-10-09T11:49:16Z-1712370		PRJEB3084	previous	11658_2#95	NCBI RefSeq	2019-04-02	frozen_publication_GCF_prefix_exact_version_plus_NCBI_Datasets	exact	Paired GCA is the same assembly record, retained explicitly; no isolate substitution
GCF_900033835.1_11657_4_5	ASSEMBLY_AVAILABLE	GCF_900033835.1	1	Scaffold	RefSeq	GCA_900033835.1	SAMEA2203788	2009219217-sc-2013-10-09T11:49:27Z-1712377		PRJEB3084	previous	11657_4#5	NCBI RefSeq	2017-06-19	frozen_publication_GCF_prefix_exact_version_plus_NCBI_Datasets	exact	Paired GCA is the same assembly record, retained explicitly; no isolate substitution
GCF_900033845.1_11893_8_13	ASSEMBLY_AVAILABLE	GCF_900033845.1	1	Scaffold	RefSeq	GCA_900033845.1	SAMEA2203795	2009218325-sc-2013-10-09T11:49:34Z-1712384		PRJEB3084	previous	11893_8#13	NCBI RefSeq	2017-06-08	frozen_publication_GCF_prefix_exact_version_plus_NCBI_Datasets	exact	Paired GCA is the same assembly record, retained explicitly; no isolate substitution
GCF_900033855.1_11679_1_20	ASSEMBLY_AVAILABLE	GCF_900033855.1	1	Scaffold	RefSeq	GCA_900033855.1	SAMEA2203824	2010216155-sc-2013-10-09T11:50:05Z-1712413		PRJEB3084	previous	11679_1#20	NCBI RefSeq	2017-03-05	frozen_publication_GCF_prefix_exact_version_plus_NCBI_Datasets	exact	Paired GCA is the same assembly record, retained explicitly; no isolate substitution
GCF_900033865.1_11657_4_16	ASSEMBLY_AVAILABLE	GCF_900033865.1	1	Scaffold	RefSeq	GCA_900033865.1	SAMEA2203825	ERS356329		PRJEB3084	current	11657_4#16	NCBI RefSeq	2026-02-07	frozen_publication_GCF_prefix_exact_version_plus_NCBI_Datasets	exact	Paired GCA is the same assembly record, retained explicitly; no isolate substitution
GCF_900033875.1_11657_4_17	ASSEMBLY_AVAILABLE	GCF_900033875.1	1	Scaffold	RefSeq	GCA_900033875.1	SAMEA2203828	ERS356332		PRJEB3084	current	11657_4#17	NCBI RefSeq	2026-02-04	frozen_publication_GCF_prefix_exact_version_plus_NCBI_Datasets	exact	Paired GCA is the same assembly record, retained explicitly; no isolate substitution
GCF_900033885.1_11511_8_18	ASSEMBLY_AVAILABLE	GCF_900033885.1	1	Scaffold	RefSeq	GCA_900033885.1	SAMEA2203832	ERS356336		PRJEB3084	current	11511_8#18	NCBI RefSeq	2026-02-04	frozen_publication_GCF_prefix_exact_version_plus_NCBI_Datasets	exact	Paired GCA is the same assembly record, retained explicitly; no isolate substitution
GCF_900033895.1_11657_4_21	ASSEMBLY_AVAILABLE	GCF_900033895.1	1	Scaffold	RefSeq	GCA_900033895.1	SAMEA2203844	ERS356348		PRJEB3084	current	11657_4#21	NCBI RefSeq	2026-02-04	frozen_publication_GCF_prefix_exact_version_plus_NCBI_Datasets	exact	Paired GCA is the same assembly record, retained explicitly; no isolate substitution
GCF_900033905.1_11658_2_86	ASSEMBLY_AVAILABLE	GCF_900033905.1	1	Scaffold	RefSeq	GCA_900033905.1	SAMEA2203856	2010220061-sc-2013-10-09T11:50:40Z-1712446		PRJEB3084	previous	11658_2#86	NCBI RefSeq	2017-03-12	frozen_publication_GCF_prefix_exact_version_plus_NCBI_Datasets	exact	Paired GCA is the same assembly record, retained explicitly; no isolate substitution
GCF_900033915.1_11511_8_23	ASSEMBLY_AVAILABLE	GCF_900033915.1	1	Scaffold	RefSeq	GCA_900033915.1	SAMEA2203857	2010220066-sc-2013-10-09T11:50:41Z-1712447		PRJEB3084	previous	11511_8#23	NCBI RefSeq	2017-03-13	frozen_publication_GCF_prefix_exact_version_plus_NCBI_Datasets	exact	Paired GCA is the same assembly record, retained explicitly; no isolate substitution
GCF_900033925.1_11658_8_3	ASSEMBLY_AVAILABLE	GCF_900033925.1	1	Scaffold	RefSeq	GCA_900033925.1	SAMEA2203869	2009209140-sc-2013-10-09T11:50:54Z-1712459		PRJEB3084	previous	11658_8#3	NCBI RefSeq	2017-03-05	frozen_publication_GCF_prefix_exact_version_plus_NCBI_Datasets	exact	Paired GCA is the same assembly record, retained explicitly; no isolate substitution
GCF_900033935.1_11511_8_30	ASSEMBLY_AVAILABLE	GCF_900033935.1	1	Scaffold	RefSeq	GCA_900033935.1	SAMEA2203879	2009210929-sc-2013-10-09T11:51:05Z-1712469		PRJEB3084	previous	11511_8#30	NCBI RefSeq	2017-03-12	frozen_publication_GCF_prefix_exact_version_plus_NCBI_Datasets	exact	Paired GCA is the same assembly record, retained explicitly; no isolate substitution
GCF_900033945.1_11657_8_17	ASSEMBLY_AVAILABLE	GCF_900033945.1	1	Scaffold	RefSeq	GCA_900033945.1	SAMEA2203881	2009210937-sc-2013-10-09T11:51:07Z-1712471		PRJEB3084	previous	11657_8#17	NCBI RefSeq	2017-03-13	frozen_publication_GCF_prefix_exact_version_plus_NCBI_Datasets	exact	Paired GCA is the same assembly record, retained explicitly; no isolate substitution
GCF_900033955.1_11658_2_84	ASSEMBLY_AVAILABLE	GCF_900033955.1	1	Scaffold	RefSeq	GCA_900033955.1	SAMEA2203884	2009206423-sc-2013-10-09T11:51:10Z-1712474		PRJEB3084	previous	11658_2#84	NCBI RefSeq	2017-03-13	frozen_publication_GCF_prefix_exact_version_plus_NCBI_Datasets	exact	Paired GCA is the same assembly record, retained explicitly; no isolate substitution
GCF_900033965.1_11511_8_33	ASSEMBLY_AVAILABLE	GCF_900033965.1	1	Scaffold	RefSeq	GCA_900033965.1	SAMEA2203885	2009206436-sc-2013-10-09T11:51:11Z-1712475		PRJEB3084	previous	11511_8#33	NCBI RefSeq	2017-03-13	frozen_publication_GCF_prefix_exact_version_plus_NCBI_Datasets	exact	Paired GCA is the same assembly record, retained explicitly; no isolate substitution
GCF_900033975.1_11511_8_36	ASSEMBLY_AVAILABLE	GCF_900033975.1	1	Scaffold	RefSeq	GCA_900033975.1	SAMEA2203888	2009211969-sc-2013-10-09T11:51:14Z-1712478		PRJEB3084	previous	11511_8#36	NCBI RefSeq	2017-03-15	frozen_publication_GCF_prefix_exact_version_plus_NCBI_Datasets	exact	Paired GCA is the same assembly record, retained explicitly; no isolate substitution
GCF_900033985.1_11679_1_33	ASSEMBLY_AVAILABLE	GCF_900033985.1	1	Scaffold	RefSeq	GCA_900033985.1	SAMEA2203890	2009212155-sc-2013-10-09T11:51:17Z-1712480		PRJEB3084	previous	11679_1#33	NCBI RefSeq	2017-03-13	frozen_publication_GCF_prefix_exact_version_plus_NCBI_Datasets	exact	Paired GCA is the same assembly record, retained explicitly; no isolate substitution
GCF_900035605.1_11679_1_25	ASSEMBLY_AVAILABLE	GCF_900035605.1	1	Scaffold	RefSeq	GCA_900035605.1	SAMEA2203837	ERS356341		PRJEB3084	current	11679_1#25	NCBI RefSeq	2026-02-05	frozen_publication_GCF_prefix_exact_version_plus_NCBI_Datasets	exact	Paired GCA is the same assembly record, retained explicitly; no isolate substitution
GCF_900035625.1_11511_8_37	ASSEMBLY_AVAILABLE	GCF_900035625.1	1	Scaffold	RefSeq	GCA_900035625.1	SAMEA2203889	2009212151-sc-2013-10-09T11:51:15Z-1712479		PRJEB3084	previous	11511_8#37	NCBI RefSeq	2017-03-13	frozen_publication_GCF_prefix_exact_version_plus_NCBI_Datasets	exact	Paired GCA is the same assembly record, retained explicitly; no isolate substitution
GCF_900035635.1_11511_8_38	ASSEMBLY_AVAILABLE	GCF_900035635.1	1	Scaffold	RefSeq	GCA_900035635.1	SAMEA2203891	2009212157-sc-2013-10-09T11:51:18Z-1712481		PRJEB3084	previous	11511_8#38	NCBI RefSeq	2017-03-13	frozen_publication_GCF_prefix_exact_version_plus_NCBI_Datasets	exact	Paired GCA is the same assembly record, retained explicitly; no isolate substitution
GCF_900036435.1_11679_1_7	ASSEMBLY_AVAILABLE	GCF_900036435.1	1	Scaffold	RefSeq	GCA_900036435.1	SAMEA2203779	2009215714-sc-2013-10-09T11:49:14Z-1712368		PRJEB3084	previous	11679_1#7	NCBI RefSeq	2017-03-12	frozen_publication_GCF_prefix_exact_version_plus_NCBI_Datasets	exact	Paired GCA is the same assembly record, retained explicitly; no isolate substitution
GCF_900036445.1_11657_8_9	ASSEMBLY_AVAILABLE	GCF_900036445.1	1	Scaffold	RefSeq	GCA_900036445.1	SAMEA2203811	2010205421-sc-2013-10-09T11:49:51Z-1712400		PRJEB3084	previous	11657_8#9	NCBI RefSeq	2017-03-06	frozen_publication_GCF_prefix_exact_version_plus_NCBI_Datasets	exact	Paired GCA is the same assembly record, retained explicitly; no isolate substitution
GCF_900036455.1_11679_1_17	ASSEMBLY_AVAILABLE	GCF_900036455.1	1	Scaffold	RefSeq	GCA_900036455.1	SAMEA2203821	ERS356325		PRJEB3084	current	11679_1#17	NCBI RefSeq	2026-02-01	frozen_publication_GCF_prefix_exact_version_plus_NCBI_Datasets	exact	Paired GCA is the same assembly record, retained explicitly; no isolate substitution
GCF_900036465.1_11679_1_21	ASSEMBLY_AVAILABLE	GCF_900036465.1	1	Scaffold	RefSeq	GCA_900036465.1	SAMEA2203829	2010216259-sc-2013-10-09T11:50:11Z-1712418		PRJEB3084	previous	11679_1#21	NCBI RefSeq	2017-03-13	frozen_publication_GCF_prefix_exact_version_plus_NCBI_Datasets	exact	Paired GCA is the same assembly record, retained explicitly; no isolate substitution
GCF_900036475.1_11679_1_23	ASSEMBLY_AVAILABLE	GCF_900036475.1	1	Scaffold	RefSeq	GCA_900036475.1	SAMEA2203831	2010216283-sc-2013-10-09T11:50:13Z-1712420		PRJEB3084	previous	11679_1#23	NCBI RefSeq	2017-03-12	frozen_publication_GCF_prefix_exact_version_plus_NCBI_Datasets	exact	Paired GCA is the same assembly record, retained explicitly; no isolate substitution
GCF_900036955.1_11511_8_4	ASSEMBLY_AVAILABLE	GCF_900036955.1	1	Scaffold	RefSeq	GCA_900036955.1	SAMEA2203768	2009214138-sc-2013-10-09T11:49:03Z-1712357		PRJEB3084	previous	11511_8#4	NCBI RefSeq	2017-03-12	frozen_publication_GCF_prefix_exact_version_plus_NCBI_Datasets	exact	Paired GCA is the same assembly record, retained explicitly; no isolate substitution
GCF_900036965.1_11679_1_2	ASSEMBLY_AVAILABLE	GCF_900036965.1	1	Scaffold	RefSeq	GCA_900036965.1	SAMEA2203769	ERS356273		PRJEB3084	previous	11679_1#2	NCBI RefSeq	2023-04-29	frozen_publication_GCF_prefix_exact_version_plus_NCBI_Datasets	exact	Paired GCA is the same assembly record, retained explicitly; no isolate substitution
GCF_900036985.1_11679_1_10	ASSEMBLY_AVAILABLE	GCF_900036985.1	1	Scaffold	RefSeq	GCA_900036985.1	SAMEA2203791	2009217662-sc-2013-10-09T11:49:30Z-1712380		PRJEB3084	previous	11679_1#10	NCBI RefSeq	2017-06-08	frozen_publication_GCF_prefix_exact_version_plus_NCBI_Datasets	exact	Paired GCA is the same assembly record, retained explicitly; no isolate substitution
GCF_900036995.1_11511_8_11	ASSEMBLY_AVAILABLE	GCF_900036995.1	1	Scaffold	RefSeq	GCA_900036995.1	SAMEA2203793	ERS356297		PRJEB3084	current	11511_8#11	NCBI RefSeq	2025-08-19	frozen_publication_GCF_prefix_exact_version_plus_NCBI_Datasets	exact	Paired GCA is the same assembly record, retained explicitly; no isolate substitution
GCF_900037005.1_11679_1_13	ASSEMBLY_AVAILABLE	GCF_900037005.1	1	Scaffold	RefSeq	GCA_900037005.1	SAMEA2203800	2009218395-sc-2013-10-09T11:49:40Z-1712389		PRJEB3084	previous	11679_1#13	NCBI RefSeq	2017-03-05	frozen_publication_GCF_prefix_exact_version_plus_NCBI_Datasets	exact	Paired GCA is the same assembly record, retained explicitly; no isolate substitution
GCF_900037015.1_11657_4_12	ASSEMBLY_AVAILABLE	GCF_900037015.1	1	Scaffold	RefSeq	GCA_900037015.1	SAMEA2203805	ERS356309		PRJEB3084	current	11657_4#12	NCBI RefSeq	2026-02-04	frozen_publication_GCF_prefix_exact_version_plus_NCBI_Datasets	exact	Paired GCA is the same assembly record, retained explicitly; no isolate substitution
GCF_900037025.1_11679_1_15	ASSEMBLY_AVAILABLE	GCF_900037025.1	1	Scaffold	RefSeq	GCA_900037025.1	SAMEA2203810	2010206332-sc-2013-10-09T11:49:50Z-1712399		PRJEB3084	previous	11679_1#15	NCBI RefSeq	2017-03-13	frozen_publication_GCF_prefix_exact_version_plus_NCBI_Datasets	exact	Paired GCA is the same assembly record, retained explicitly; no isolate substitution
GCF_900037035.1_11657_8_12	ASSEMBLY_AVAILABLE	GCF_900037035.1	1	Scaffold	RefSeq	GCA_900037035.1	SAMEA2203827	2010216214-sc-2013-10-09T11:50:08Z-1712416		PRJEB3084	previous	11657_8#12	NCBI RefSeq	2017-03-05	frozen_publication_GCF_prefix_exact_version_plus_NCBI_Datasets	exact	Paired GCA is the same assembly record, retained explicitly; no isolate substitution
GCF_900037045.1_11658_2_92	ASSEMBLY_AVAILABLE	GCF_900037045.1	1	Scaffold	RefSeq	GCA_900037045.1	SAMEA2203826	2010216179-sc-2013-10-09T11:50:07Z-1712415		PRJEB3084	previous	11658_2#92	NCBI RefSeq	2017-03-06	frozen_publication_GCF_prefix_exact_version_plus_NCBI_Datasets	exact	Paired GCA is the same assembly record, retained explicitly; no isolate substitution
GCF_900037055.1_11679_1_24	ASSEMBLY_AVAILABLE	GCF_900037055.1	1	Scaffold	RefSeq	GCA_900037055.1	SAMEA2203834	ERS356338		PRJEB3084	current	11679_1#24	NCBI RefSeq	2026-02-07	frozen_publication_GCF_prefix_exact_version_plus_NCBI_Datasets	exact	Paired GCA is the same assembly record, retained explicitly; no isolate substitution
GCF_900037065.1_11657_4_18	ASSEMBLY_AVAILABLE	GCF_900037065.1	1	Scaffold	RefSeq	GCA_900037065.1	SAMEA2203836	ERS356340		PRJEB3084	current	11657_4#18	NCBI RefSeq	2026-02-07	frozen_publication_GCF_prefix_exact_version_plus_NCBI_Datasets	exact	Paired GCA is the same assembly record, retained explicitly; no isolate substitution
GCF_900037075.1_11657_4_26	ASSEMBLY_AVAILABLE	GCF_900037075.1	1	Scaffold	RefSeq	GCA_900037075.1	SAMEA2203863	ERS356367		PRJEB3084	current	11657_4#26	NCBI RefSeq	2026-01-16	frozen_publication_GCF_prefix_exact_version_plus_NCBI_Datasets	exact	Paired GCA is the same assembly record, retained explicitly; no isolate substitution
GCF_900037615.1_11511_8_15	ASSEMBLY_AVAILABLE	GCF_900037615.1	1	Scaffold	RefSeq	GCA_900037615.1	SAMEA2203813	2010207747-sc-2013-10-09T11:49:53Z-1712402		PRJEB3084	previous	11511_8#15	NCBI RefSeq	2017-03-13	frozen_publication_GCF_prefix_exact_version_plus_NCBI_Datasets	exact	Paired GCA is the same assembly record, retained explicitly; no isolate substitution
GCF_900037625.1_11511_8_22	ASSEMBLY_AVAILABLE	GCF_900037625.1	1	Scaffold	RefSeq	GCA_900037625.1	SAMEA2203851	2010208464-sc-2013-10-09T11:50:35Z-1712441		PRJEB3084	previous	11511_8#22	NCBI RefSeq	2017-03-12	frozen_publication_GCF_prefix_exact_version_plus_NCBI_Datasets	exact	Paired GCA is the same assembly record, retained explicitly; no isolate substitution
GCF_900038105.1_11657_4_19	ASSEMBLY_AVAILABLE	GCF_900038105.1	1	Scaffold	RefSeq	GCA_900038105.1	SAMEA2203838	ERS356342		PRJEB3084	current	11657_4#19	NCBI RefSeq	2026-02-07	frozen_publication_GCF_prefix_exact_version_plus_NCBI_Datasets	exact	Paired GCA is the same assembly record, retained explicitly; no isolate substitution
GCF_900038115.1_11658_2_90	ASSEMBLY_AVAILABLE	GCF_900038115.1	1	Scaffold	RefSeq	GCA_900038115.1	SAMEA2203839	ERS356343		PRJEB3084	current	11658_2#90	NCBI RefSeq	2026-02-04	frozen_publication_GCF_prefix_exact_version_plus_NCBI_Datasets	exact	Paired GCA is the same assembly record, retained explicitly; no isolate substitution
GCF_900038125.1_11679_1_28	ASSEMBLY_AVAILABLE	GCF_900038125.1	1	Scaffold	RefSeq	GCA_900038125.1	SAMEA2203854	2010220049-sc-2013-10-09T11:50:38Z-1712444		PRJEB3084	previous	11679_1#28	NCBI RefSeq	2017-03-05	frozen_publication_GCF_prefix_exact_version_plus_NCBI_Datasets	exact	Paired GCA is the same assembly record, retained explicitly; no isolate substitution
GCF_900038135.1_11657_4_29	ASSEMBLY_AVAILABLE	GCF_900038135.1	1	Scaffold	RefSeq	GCA_900038135.1	SAMEA2203872	ERS356376		PRJEB3084	current	11657_4#29	NCBI RefSeq	2025-12-31	frozen_publication_GCF_prefix_exact_version_plus_NCBI_Datasets	exact	Paired GCA is the same assembly record, retained explicitly; no isolate substitution
GCF_900038145.1_11657_4_30	ASSEMBLY_AVAILABLE	GCF_900038145.1	1	Scaffold	RefSeq	GCA_900038145.1	SAMEA2203873	2009210885-sc-2013-10-09T11:50:59Z-1712463		PRJEB3084	previous	11657_4#30	NCBI RefSeq	2017-03-13	frozen_publication_GCF_prefix_exact_version_plus_NCBI_Datasets	exact	Paired GCA is the same assembly record, retained explicitly; no isolate substitution
GCF_900038155.1_11893_8_15	ASSEMBLY_AVAILABLE	GCF_900038155.1	1	Scaffold	RefSeq	GCA_900038155.1	SAMEA2203880	2009210936-sc-2013-10-09T11:51:06Z-1712470		PRJEB3084	previous	11893_8#15	NCBI RefSeq	2017-03-13	frozen_publication_GCF_prefix_exact_version_plus_NCBI_Datasets	exact	Paired GCA is the same assembly record, retained explicitly; no isolate substitution
GCF_900038165.1_11679_1_32	ASSEMBLY_AVAILABLE	GCF_900038165.1	1	Scaffold	RefSeq	GCA_900038165.1	SAMEA2203883	ERS356387		PRJEB3084	current	11679_1#32	NCBI RefSeq	2026-02-04	frozen_publication_GCF_prefix_exact_version_plus_NCBI_Datasets	exact	Paired GCA is the same assembly record, retained explicitly; no isolate substitution
GCF_900038175.1_11511_8_32	ASSEMBLY_AVAILABLE	GCF_900038175.1	1	Scaffold	RefSeq	GCA_900038175.1	SAMEA2203882	2009210939-sc-2013-10-09T11:51:08Z-1712472		PRJEB3084	previous	11511_8#32	NCBI RefSeq	2017-03-15	frozen_publication_GCF_prefix_exact_version_plus_NCBI_Datasets	exact	Paired GCA is the same assembly record, retained explicitly; no isolate substitution
GCF_900038185.1_11511_8_34	ASSEMBLY_AVAILABLE	GCF_900038185.1	1	Scaffold	RefSeq	GCA_900038185.1	SAMEA2203886	2009206439-sc-2013-10-09T11:51:12Z-1712476		PRJEB3084	previous	11511_8#34	NCBI RefSeq	2017-03-13	frozen_publication_GCF_prefix_exact_version_plus_NCBI_Datasets	exact	Paired GCA is the same assembly record, retained explicitly; no isolate substitution
GCF_900038685.1_11511_8_26	ASSEMBLY_AVAILABLE	GCF_900038685.1	1	Scaffold	RefSeq	GCA_900038685.1	SAMEA2203868	2009209134-sc-2013-10-09T11:50:53Z-1712458		PRJEB3084	previous	11511_8#26	NCBI RefSeq	2017-03-13	frozen_publication_GCF_prefix_exact_version_plus_NCBI_Datasets	exact	Paired GCA is the same assembly record, retained explicitly; no isolate substitution
GCF_900038695.1_11511_8_28	ASSEMBLY_AVAILABLE	GCF_900038695.1	1	Scaffold	RefSeq	GCA_900038695.1	SAMEA2203874	ERS356378		PRJEB3084	current	11511_8#28	NCBI RefSeq	2026-01-31	frozen_publication_GCF_prefix_exact_version_plus_NCBI_Datasets	exact	Paired GCA is the same assembly record, retained explicitly; no isolate substitution
GCF_900038705.1_11511_8_35	ASSEMBLY_AVAILABLE	GCF_900038705.1	1	Scaffold	RefSeq	GCA_900038705.1	SAMEA2203887	ERS356391		PRJEB3084	current	11511_8#35	NCBI RefSeq	2026-02-08	frozen_publication_GCF_prefix_exact_version_plus_NCBI_Datasets	exact	Paired GCA is the same assembly record, retained explicitly; no isolate substitution
GCF_900039635.1_11657_4_9	ASSEMBLY_AVAILABLE	GCF_900039635.1	1	Scaffold	RefSeq	GCA_900039635.1	SAMEA2203798	2009218376-sc-2013-10-09T11:49:37Z-1712387		PRJEB3084	previous	11657_4#9	NCBI RefSeq	2017-06-08	frozen_publication_GCF_prefix_exact_version_plus_NCBI_Datasets	exact	Paired GCA is the same assembly record, retained explicitly; no isolate substitution
GCF_900039645.1_11679_1_12	ASSEMBLY_AVAILABLE	GCF_900039645.1	1	Scaffold	RefSeq	GCA_900039645.1	SAMEA2203799	2009218384-sc-2013-10-09T11:49:38Z-1712388		PRJEB3084	previous	11679_1#12	NCBI RefSeq	2017-03-05	frozen_publication_GCF_prefix_exact_version_plus_NCBI_Datasets	exact	Paired GCA is the same assembly record, retained explicitly; no isolate substitution
GCF_900039655.1_11679_1_27	ASSEMBLY_AVAILABLE	GCF_900039655.1	1	Scaffold	RefSeq	GCA_900039655.1	SAMEA2203843	2010209958-sc-2013-10-09T11:50:26Z-1712432		PRJEB3084	previous	11679_1#27	NCBI RefSeq	2017-03-13	frozen_publication_GCF_prefix_exact_version_plus_NCBI_Datasets	exact	Paired GCA is the same assembly record, retained explicitly; no isolate substitution
GCF_900040065.1_11657_4_22	ASSEMBLY_AVAILABLE	GCF_900040065.1	1	Scaffold	RefSeq	GCA_900040065.1	SAMEA2203845	ERS356349		PRJEB3084	current	11657_4#22	NCBI RefSeq	2026-02-01	frozen_publication_GCF_prefix_exact_version_plus_NCBI_Datasets	exact	Paired GCA is the same assembly record, retained explicitly; no isolate substitution
GCF_900040705.1_11657_8_5	ASSEMBLY_AVAILABLE	GCF_900040705.1	1	Scaffold	RefSeq	GCA_900040705.1	SAMEA2203762	2009210875-sc-2013-10-09T11:48:57Z-1712351		PRJEB3084	previous	11657_8#5	NCBI RefSeq	2017-03-13	frozen_publication_GCF_prefix_exact_version_plus_NCBI_Datasets	exact	Paired GCA is the same assembly record, retained explicitly; no isolate substitution
GCF_900040715.1_11511_8_2	ASSEMBLY_AVAILABLE	GCF_900040715.1	1	Scaffold	RefSeq	GCA_900040715.1	SAMEA2203764	ERS356268		PRJEB3084	current	11511_8#2	NCBI RefSeq	2026-02-01	frozen_publication_GCF_prefix_exact_version_plus_NCBI_Datasets	exact	Paired GCA is the same assembly record, retained explicitly; no isolate substitution
GCF_900041765.1_11679_1_4	ASSEMBLY_AVAILABLE	GCF_900041765.1	1	Scaffold	RefSeq	GCA_900041765.1	SAMEA2203774	ERS356278		PRJEB3084	previous	11679_1#4	NCBI RefSeq	2023-04-29	frozen_publication_GCF_prefix_exact_version_plus_NCBI_Datasets	exact	Paired GCA is the same assembly record, retained explicitly; no isolate substitution
GCF_900042465.1_11679_1_22	ASSEMBLY_AVAILABLE	GCF_900042465.1	1	Scaffold	RefSeq	GCA_900042465.1	SAMEA2203830	2010216272-sc-2013-10-09T11:50:12Z-1712419		PRJEB3084	previous	11679_1#22	NCBI RefSeq	2017-03-13	frozen_publication_GCF_prefix_exact_version_plus_NCBI_Datasets	exact	Paired GCA is the same assembly record, retained explicitly; no isolate substitution
GCF_900043665.1_11511_8_5	ASSEMBLY_AVAILABLE	GCF_900043665.1	1	Scaffold	RefSeq	GCA_900043665.1	SAMEA2203772	2009212746-sc-2013-10-09T11:49:07Z-1712361		PRJEB3084	previous	11511_8#5	NCBI RefSeq	2017-03-15	frozen_publication_GCF_prefix_exact_version_plus_NCBI_Datasets	exact	Paired GCA is the same assembly record, retained explicitly; no isolate substitution
GCF_900043675.1_11657_8_7	ASSEMBLY_AVAILABLE	GCF_900043675.1	1	Scaffold	RefSeq	GCA_900043675.1	SAMEA2203773	ERS356277		PRJEB3084	current	11657_8#7	NCBI RefSeq	2026-02-07	frozen_publication_GCF_prefix_exact_version_plus_NCBI_Datasets	exact	Paired GCA is the same assembly record, retained explicitly; no isolate substitution
GCF_900043685.1_11679_1_5	ASSEMBLY_AVAILABLE	GCF_900043685.1	1	Scaffold	RefSeq	GCA_900043685.1	SAMEA2203775	2009214049-sc-2013-10-09T11:49:10Z-1712364		PRJEB3084	previous	11679_1#5	NCBI RefSeq	2017-03-06	frozen_publication_GCF_prefix_exact_version_plus_NCBI_Datasets	exact	Paired GCA is the same assembly record, retained explicitly; no isolate substitution
GCF_900043695.1_11511_8_10	ASSEMBLY_AVAILABLE	GCF_900043695.1	1	Scaffold	RefSeq	GCA_900043695.1	SAMEA2203790	2009217657-sc-2013-10-09T11:49:29Z-1712379		PRJEB3084	previous	11511_8#10	NCBI RefSeq	2017-06-08	frozen_publication_GCF_prefix_exact_version_plus_NCBI_Datasets	exact	Paired GCA is the same assembly record, retained explicitly; no isolate substitution
GCF_900043705.1_11658_2_94	ASSEMBLY_AVAILABLE	GCF_900043705.1	1	Scaffold	RefSeq	GCA_900043705.1	SAMEA2203804	2010200609-sc-2013-10-09T11:49:44Z-1712393		PRJEB3084	previous	11658_2#94	NCBI RefSeq	2017-03-13	frozen_publication_GCF_prefix_exact_version_plus_NCBI_Datasets	exact	Paired GCA is the same assembly record, retained explicitly; no isolate substitution
GCF_900043715.1_11657_4_13	ASSEMBLY_AVAILABLE	GCF_900043715.1	1	Scaffold	RefSeq	GCA_900043715.1	SAMEA2203806	ERS356310		PRJEB3084	current	11657_4#13	NCBI RefSeq	2026-02-02	frozen_publication_GCF_prefix_exact_version_plus_NCBI_Datasets	exact	Paired GCA is the same assembly record, retained explicitly; no isolate substitution
GCF_900043725.1_11679_1_14	ASSEMBLY_AVAILABLE	GCF_900043725.1	1	Scaffold	RefSeq	GCA_900043725.1	SAMEA2203807	2010204328-sc-2013-10-09T11:49:47Z-1712396		PRJEB3084	previous	11679_1#14	NCBI RefSeq	2017-03-13	frozen_publication_GCF_prefix_exact_version_plus_NCBI_Datasets	exact	Paired GCA is the same assembly record, retained explicitly; no isolate substitution
GCF_900043735.1_11657_4_14	ASSEMBLY_AVAILABLE	GCF_900043735.1	1	Scaffold	RefSeq	GCA_900043735.1	SAMEA2203809	2010206305-sc-2013-10-09T11:49:49Z-1712398		PRJEB3084	previous	11657_4#14	NCBI RefSeq	2017-03-12	frozen_publication_GCF_prefix_exact_version_plus_NCBI_Datasets	exact	Paired GCA is the same assembly record, retained explicitly; no isolate substitution
GCF_900043745.1_11511_8_14	ASSEMBLY_AVAILABLE	GCF_900043745.1	1	Scaffold	RefSeq	GCA_900043745.1	SAMEA2203812	2010206278-sc-2013-10-09T11:49:52Z-1712401		PRJEB3084	previous	11511_8#14	NCBI RefSeq	2017-03-13	frozen_publication_GCF_prefix_exact_version_plus_NCBI_Datasets	exact	Paired GCA is the same assembly record, retained explicitly; no isolate substitution
GCF_900043755.1_11511_8_16	ASSEMBLY_AVAILABLE	GCF_900043755.1	1	Scaffold	RefSeq	GCA_900043755.1	SAMEA2203814	2010205337-sc-2013-10-09T11:49:54Z-1712403		PRJEB3084	previous	11511_8#16	NCBI RefSeq	2017-03-13	frozen_publication_GCF_prefix_exact_version_plus_NCBI_Datasets	exact	Paired GCA is the same assembly record, retained explicitly; no isolate substitution
GCF_900043765.1_11679_1_19	ASSEMBLY_AVAILABLE	GCF_900043765.1	1	Scaffold	RefSeq	GCA_900043765.1	SAMEA2203823	2010223357-sc-2013-10-09T11:50:04Z-1712412		PRJEB3084	previous	11679_1#19	NCBI RefSeq	2017-03-05	frozen_publication_GCF_prefix_exact_version_plus_NCBI_Datasets	exact	Paired GCA is the same assembly record, retained explicitly; no isolate substitution
GCF_900043775.1_11679_1_16	ASSEMBLY_AVAILABLE	GCF_900043775.1	1	Scaffold	RefSeq	GCA_900043775.1	SAMEA2203820	2010220285-sc-2013-10-09T11:50:01Z-1712409		PRJEB3084	previous	11679_1#16	NCBI RefSeq	2017-03-12	frozen_publication_GCF_prefix_exact_version_plus_NCBI_Datasets	exact	Paired GCA is the same assembly record, retained explicitly; no isolate substitution
GCF_900043785.1_11658_2_91	ASSEMBLY_AVAILABLE	GCF_900043785.1	1	Scaffold	RefSeq	GCA_900043785.1	SAMEA2203835	ERS356339		PRJEB3084	current	11658_2#91	NCBI RefSeq	2026-02-04	frozen_publication_GCF_prefix_exact_version_plus_NCBI_Datasets	exact	Paired GCA is the same assembly record, retained explicitly; no isolate substitution
GCF_900043795.1_11658_2_89	ASSEMBLY_AVAILABLE	GCF_900043795.1	1	Scaffold	RefSeq	GCA_900043795.1	SAMEA2203841	2009205598-sc-2013-10-09T11:50:24Z-1712430		PRJEB3084	previous	11658_2#89	NCBI RefSeq	2017-03-13	frozen_publication_GCF_prefix_exact_version_plus_NCBI_Datasets	exact	Paired GCA is the same assembly record, retained explicitly; no isolate substitution
GCF_900043805.1_11657_4_23	ASSEMBLY_AVAILABLE	GCF_900043805.1	1	Scaffold	RefSeq	GCA_900043805.1	SAMEA2203846	2010208344-sc-2013-10-09T11:50:30Z-1712435		PRJEB3084	previous	11657_4#23	NCBI RefSeq	2017-03-13	frozen_publication_GCF_prefix_exact_version_plus_NCBI_Datasets	exact	Paired GCA is the same assembly record, retained explicitly; no isolate substitution
GCF_900043815.1_11658_2_88	ASSEMBLY_AVAILABLE	GCF_900043815.1	1	Scaffold	RefSeq	GCA_900043815.1	SAMEA2203847	2010208390-sc-2013-10-09T11:50:31Z-1712436		PRJEB3084	previous	11658_2#88	NCBI RefSeq	2017-03-13	frozen_publication_GCF_prefix_exact_version_plus_NCBI_Datasets	exact	Paired GCA is the same assembly record, retained explicitly; no isolate substitution
GCF_900043825.1_11511_8_21	ASSEMBLY_AVAILABLE	GCF_900043825.1	1	Scaffold	RefSeq	GCA_900043825.1	SAMEA2203850	2010208449-sc-2013-10-09T11:50:34Z-1712440		PRJEB3084	previous	11511_8#21	NCBI RefSeq	2017-03-12	frozen_publication_GCF_prefix_exact_version_plus_NCBI_Datasets	exact	Paired GCA is the same assembly record, retained explicitly; no isolate substitution
GCF_900043835.1_11657_4_28	ASSEMBLY_AVAILABLE	GCF_900043835.1	1	Scaffold	RefSeq	GCA_900043835.1	SAMEA2203867	ERS356371		PRJEB3084	current	11657_4#28	NCBI RefSeq	2026-01-18	frozen_publication_GCF_prefix_exact_version_plus_NCBI_Datasets	exact	Paired GCA is the same assembly record, retained explicitly; no isolate substitution
GCF_900043845.1_11679_1_31	ASSEMBLY_AVAILABLE	GCF_900043845.1	1	Scaffold	RefSeq	GCA_900043845.1	SAMEA2203870	ERS356374		PRJEB3084	current	11679_1#31	NCBI RefSeq	2026-02-07	frozen_publication_GCF_prefix_exact_version_plus_NCBI_Datasets	exact	Paired GCA is the same assembly record, retained explicitly; no isolate substitution
GCF_900043855.1_11511_8_27	ASSEMBLY_AVAILABLE	GCF_900043855.1	1	Scaffold	RefSeq	GCA_900043855.1	SAMEA2203871	2009210878-sc-2013-10-09T11:50:56Z-1712461		PRJEB3084	previous	11511_8#27	NCBI RefSeq	2017-03-12	frozen_publication_GCF_prefix_exact_version_plus_NCBI_Datasets	exact	Paired GCA is the same assembly record, retained explicitly; no isolate substitution
GCF_900043865.1_11658_2_85	ASSEMBLY_AVAILABLE	GCF_900043865.1	1	Scaffold	RefSeq	GCA_900043865.1	SAMEA2203875	2009210907-sc-2013-10-09T11:51:01Z-1712465		PRJEB3084	previous	11658_2#85	NCBI RefSeq	2017-03-05	frozen_publication_GCF_prefix_exact_version_plus_NCBI_Datasets	exact	Paired GCA is the same assembly record, retained explicitly; no isolate substitution
GCF_900043875.1_11893_8_14	ASSEMBLY_AVAILABLE	GCF_900043875.1	1	Scaffold	RefSeq	GCA_900043875.1	SAMEA2203876	2009210908-sc-2013-10-09T11:51:02Z-1712466		PRJEB3084	previous	11893_8#14	NCBI RefSeq	2017-03-13	frozen_publication_GCF_prefix_exact_version_plus_NCBI_Datasets	exact	Paired GCA is the same assembly record, retained explicitly; no isolate substitution
GCF_900044115.1_11657_8_11	ASSEMBLY_AVAILABLE	GCF_900044115.1	1	Scaffold	RefSeq	GCA_900044115.1	SAMEA2203817	ERS356321		PRJEB3084	current	11657_8#11	NCBI RefSeq	2026-02-06	frozen_publication_GCF_prefix_exact_version_plus_NCBI_Datasets	exact	Paired GCA is the same assembly record, retained explicitly; no isolate substitution
GCF_900044125.1_11657_8_13	ASSEMBLY_AVAILABLE	GCF_900044125.1	1	Scaffold	RefSeq	GCA_900044125.1	SAMEA2203853	2010216340-sc-2013-10-09T11:50:37Z-1712443		PRJEB3084	previous	11657_8#13	NCBI RefSeq	2017-03-05	frozen_publication_GCF_prefix_exact_version_plus_NCBI_Datasets	exact	Paired GCA is the same assembly record, retained explicitly; no isolate substitution
GCF_900044805.1_11679_1_3	ASSEMBLY_AVAILABLE	GCF_900044805.1	1	Scaffold	RefSeq	GCA_900044805.1	SAMEA2203770	2009209968-sc-2013-10-09T11:49:05Z-1712359		PRJEB3084	previous	11679_1#3	NCBI RefSeq	2017-03-13	frozen_publication_GCF_prefix_exact_version_plus_NCBI_Datasets	exact	Paired GCA is the same assembly record, retained explicitly; no isolate substitution
GCF_900044815.1_11657_4_2	ASSEMBLY_AVAILABLE	GCF_900044815.1	1	Scaffold	RefSeq	GCA_900044815.1	SAMEA2203771	2009212654-sc-2013-10-09T11:49:06Z-1712360		PRJEB3084	previous	11657_4#2	NCBI RefSeq	2017-03-05	frozen_publication_GCF_prefix_exact_version_plus_NCBI_Datasets	exact	Paired GCA is the same assembly record, retained explicitly; no isolate substitution
GCF_900044825.1_11511_8_12	ASSEMBLY_AVAILABLE	GCF_900044825.1	1	Scaffold	RefSeq	GCA_900044825.1	SAMEA2203796	ERS356300		PRJEB3084	current	11511_8#12	NCBI RefSeq	2026-02-07	frozen_publication_GCF_prefix_exact_version_plus_NCBI_Datasets	exact	Paired GCA is the same assembly record, retained explicitly; no isolate substitution
GCF_900044835.1_11511_8_13	ASSEMBLY_AVAILABLE	GCF_900044835.1	1	Scaffold	RefSeq	GCA_900044835.1	SAMEA2203797	ERS356301		PRJEB3084	current	11511_8#13	NCBI RefSeq	2025-09-04	frozen_publication_GCF_prefix_exact_version_plus_NCBI_Datasets	exact	Paired GCA is the same assembly record, retained explicitly; no isolate substitution
GCF_900044845.1_11658_2_93	ASSEMBLY_AVAILABLE	GCF_900044845.1	1	Scaffold	RefSeq	GCA_900044845.1	SAMEA2203819	2010208312-sc-2013-10-09T11:50:00Z-1712408		PRJEB3084	previous	11658_2#93	NCBI RefSeq	2017-03-12	frozen_publication_GCF_prefix_exact_version_plus_NCBI_Datasets	exact	Paired GCA is the same assembly record, retained explicitly; no isolate substitution
GCF_900044855.1_11679_1_29	ASSEMBLY_AVAILABLE	GCF_900044855.1	1	Scaffold	RefSeq	GCA_900044855.1	SAMEA2203858	2010220067-sc-2013-10-09T11:50:42Z-1712448		PRJEB3084	previous	11679_1#29	NCBI RefSeq	2017-03-13	frozen_publication_GCF_prefix_exact_version_plus_NCBI_Datasets	exact	Paired GCA is the same assembly record, retained explicitly; no isolate substitution
GCF_900044865.1_11511_8_24	ASSEMBLY_AVAILABLE	GCF_900044865.1	1	Scaffold	RefSeq	GCA_900044865.1	SAMEA2203859	2010220077-sc-2013-10-09T11:50:43Z-1712449		PRJEB3084	previous	11511_8#24	NCBI RefSeq	2017-03-13	frozen_publication_GCF_prefix_exact_version_plus_NCBI_Datasets	exact	Paired GCA is the same assembly record, retained explicitly; no isolate substitution
GCF_900044875.1_11511_8_25	ASSEMBLY_AVAILABLE	GCF_900044875.1	1	Scaffold	RefSeq	GCA_900044875.1	SAMEA2203860	2010220093-sc-2013-10-09T11:50:44Z-1712450		PRJEB3084	previous	11511_8#25	NCBI RefSeq	2017-03-15	frozen_publication_GCF_prefix_exact_version_plus_NCBI_Datasets	exact	Paired GCA is the same assembly record, retained explicitly; no isolate substitution
GCF_900045485.1_11657_8_3	ASSEMBLY_AVAILABLE	GCF_900045485.1	1	Scaffold	RefSeq	GCA_900045485.1	SAMEA2203759	2010220088-sc-2013-10-09T11:48:53Z-1712348		PRJEB3084	previous	11657_8#3	NCBI RefSeq	2017-03-12	frozen_publication_GCF_prefix_exact_version_plus_NCBI_Datasets	exact	Paired GCA is the same assembly record, retained explicitly; no isolate substitution
GCF_900046815.1_11658_8_2	ASSEMBLY_AVAILABLE	GCF_900046815.1	1	Scaffold	RefSeq	GCA_900046815.1	SAMEA2203801	2009219991-sc-2013-10-09T11:49:40Z-1712390		PRJEB3084	previous	11658_8#2	NCBI RefSeq	2017-03-12	frozen_publication_GCF_prefix_exact_version_plus_NCBI_Datasets	exact	Paired GCA is the same assembly record, retained explicitly; no isolate substitution
GCF_900046825.1_11511_8_29	ASSEMBLY_AVAILABLE	GCF_900046825.1	1	Scaffold	RefSeq	GCA_900046825.1	SAMEA2203878	2009210924-sc-2013-10-09T11:51:04Z-1712468		PRJEB3084	previous	11511_8#29	NCBI RefSeq	2017-03-15	frozen_publication_GCF_prefix_exact_version_plus_NCBI_Datasets	exact	Paired GCA is the same assembly record, retained explicitly; no isolate substitution
GCF_900047145.1_11657_4_11	ASSEMBLY_AVAILABLE	GCF_900047145.1	1	Scaffold	RefSeq	GCA_900047145.1	SAMEA2203803	2010200701-sc-2013-10-09T11:49:43Z-1712392		PRJEB3084	previous	11657_4#11	NCBI RefSeq	2017-03-05	frozen_publication_GCF_prefix_exact_version_plus_NCBI_Datasets	exact	Paired GCA is the same assembly record, retained explicitly; no isolate substitution
GCF_900048105.1_11679_1_8	ASSEMBLY_AVAILABLE	GCF_900048105.1	1	Scaffold	RefSeq	GCA_900048105.1	SAMEA2203785	ERS356289		PRJEB3084	current	11679_1#8	NCBI RefSeq	2025-08-19	frozen_publication_GCF_prefix_exact_version_plus_NCBI_Datasets	exact	Paired GCA is the same assembly record, retained explicitly; no isolate substitution
GCF_900048115.1_11657_8_14	ASSEMBLY_AVAILABLE	GCF_900048115.1	1	Scaffold	RefSeq	GCA_900048115.1	SAMEA2203861	2010220100-sc-2013-10-09T11:50:46Z-1712451		PRJEB3084	previous	11657_8#14	NCBI RefSeq	2017-03-12	frozen_publication_GCF_prefix_exact_version_plus_NCBI_Datasets	exact	Paired GCA is the same assembly record, retained explicitly; no isolate substitution
GCF_900048125.1_11657_8_15	ASSEMBLY_AVAILABLE	GCF_900048125.1	1	Scaffold	RefSeq	GCA_900048125.1	SAMEA2203862	2010220104-sc-2013-10-09T11:50:47Z-1712452		PRJEB3084	previous	11657_8#15	NCBI RefSeq	2017-03-13	frozen_publication_GCF_prefix_exact_version_plus_NCBI_Datasets	exact	Paired GCA is the same assembly record, retained explicitly; no isolate substitution
GCF_900048795.1_13154_3_40	ASSEMBLY_AVAILABLE	GCF_900048795.1	1	Scaffold	RefSeq	GCA_900048795.1	SAMEA2467717	2010200703-sc-1926371		PRJEB3084	previous	13154_3#40	NCBI RefSeq	2017-03-12	frozen_publication_GCF_prefix_exact_version_plus_NCBI_Datasets	exact	Paired GCA is the same assembly record, retained explicitly; no isolate substitution
GCF_900048805.1_13414_1_80	ASSEMBLY_AVAILABLE	GCF_900048805.1	1	Scaffold	RefSeq	GCA_900048805.1	SAMEA2521536	2013212457-sc-1946827		PRJEB3084	previous	13414_1#80	NCBI RefSeq	2017-03-13	frozen_publication_GCF_prefix_exact_version_plus_NCBI_Datasets	exact	Paired GCA is the same assembly record, retained explicitly; no isolate substitution
GCF_900048985.1_11657_4_34	ASSEMBLY_AVAILABLE	GCF_900048985.1	1	Scaffold	RefSeq	GCA_900048985.1	SAMEA2203900	ERS356411		PRJEB3084	current	11657_4#34	NCBI RefSeq	2026-02-01	frozen_publication_GCF_prefix_exact_version_plus_NCBI_Datasets	exact	Paired GCA is the same assembly record, retained explicitly; no isolate substitution
GCF_900048995.1_12291_4_52	ASSEMBLY_AVAILABLE	GCF_900048995.1	1	Scaffold	RefSeq	GCA_900048995.1	SAMEA2335984	2010216188-sc-1810912		PRJEB3084	previous	12291_4#52	NCBI RefSeq	2017-03-15	frozen_publication_GCF_prefix_exact_version_plus_NCBI_Datasets	exact	Paired GCA is the same assembly record, retained explicitly; no isolate substitution
GCF_900049005.1_12291_4_59	ASSEMBLY_AVAILABLE	GCF_900049005.1	1	Scaffold	RefSeq	GCA_900049005.1	SAMEA2335991	2010216304-sc-1810919		PRJEB3084	previous	12291_4#59	NCBI RefSeq	2017-03-12	frozen_publication_GCF_prefix_exact_version_plus_NCBI_Datasets	exact	Paired GCA is the same assembly record, retained explicitly; no isolate substitution
GCF_900049015.1_12291_4_60	ASSEMBLY_AVAILABLE	GCF_900049015.1	1	Scaffold	RefSeq	GCA_900049015.1	SAMEA2335992	2010216334-sc-1810920		PRJEB3084	previous	12291_4#60	NCBI RefSeq	2017-03-13	frozen_publication_GCF_prefix_exact_version_plus_NCBI_Datasets	exact	Paired GCA is the same assembly record, retained explicitly; no isolate substitution
GCF_900049025.1_13154_3_73	ASSEMBLY_AVAILABLE	GCF_900049025.1	1	Scaffold	RefSeq	GCA_900049025.1	SAMEA2467752	2010203159-sc-1926406		PRJEB3084	previous	13154_3#73	NCBI RefSeq	2017-03-05	frozen_publication_GCF_prefix_exact_version_plus_NCBI_Datasets	exact	Paired GCA is the same assembly record, retained explicitly; no isolate substitution
GCF_900049035.1_13414_1_84	ASSEMBLY_AVAILABLE	GCF_900049035.1	1	Scaffold	RefSeq	GCA_900049035.1	SAMEA2521540	2013208489-sc-1946831		PRJEB3084	previous	13414_1#84	NCBI RefSeq	2017-03-12	frozen_publication_GCF_prefix_exact_version_plus_NCBI_Datasets	exact	Paired GCA is the same assembly record, retained explicitly; no isolate substitution
GCF_900049045.1_13414_1_85	ASSEMBLY_AVAILABLE	GCF_900049045.1	1	Scaffold	RefSeq	GCA_900049045.1	SAMEA2521541	2013208490-sc-1946832		PRJEB3084	previous	13414_1#85	NCBI RefSeq	2017-03-13	frozen_publication_GCF_prefix_exact_version_plus_NCBI_Datasets	exact	Paired GCA is the same assembly record, retained explicitly; no isolate substitution
GCF_900049055.1_13414_1_86	ASSEMBLY_AVAILABLE	GCF_900049055.1	1	Scaffold	RefSeq	GCA_900049055.1	SAMEA2521542	2013208509-sc-1946833		PRJEB3084	previous	13414_1#86	NCBI RefSeq	2017-03-13	frozen_publication_GCF_prefix_exact_version_plus_NCBI_Datasets	exact	Paired GCA is the same assembly record, retained explicitly; no isolate substitution
GCF_900049065.1_13414_1_87	ASSEMBLY_AVAILABLE	GCF_900049065.1	1	Scaffold	RefSeq	GCA_900049065.1	SAMEA2521543	2013208527-sc-1946834		PRJEB3084	previous	13414_1#87	NCBI RefSeq	2017-03-13	frozen_publication_GCF_prefix_exact_version_plus_NCBI_Datasets	exact	Paired GCA is the same assembly record, retained explicitly; no isolate substitution
GCF_900049075.1_13414_2_31	ASSEMBLY_AVAILABLE	GCF_900049075.1	1	Scaffold	RefSeq	GCA_900049075.1	SAMEA2521582	2013210881-sc-1946874		PRJEB3084	previous	13414_2#31	NCBI RefSeq	2017-03-13	frozen_publication_GCF_prefix_exact_version_plus_NCBI_Datasets	exact	Paired GCA is the same assembly record, retained explicitly; no isolate substitution
GCF_900049085.1_13414_2_54	ASSEMBLY_AVAILABLE	GCF_900049085.1	1	Scaffold	RefSeq	GCA_900049085.1	SAMEA2521605	2012221404-sc-1946897		PRJEB3084	previous	13414_2#54	NCBI RefSeq	2017-03-12	frozen_publication_GCF_prefix_exact_version_plus_NCBI_Datasets	exact	Paired GCA is the same assembly record, retained explicitly; no isolate substitution
GCF_900049335.1_13414_3_8	ASSEMBLY_AVAILABLE	GCF_900049335.1	1	Scaffold	RefSeq	GCA_900049335.1	SAMEA2521654	2012218235-sc-1946947		PRJEB3084	previous	13414_3#8	NCBI RefSeq	2017-03-12	frozen_publication_GCF_prefix_exact_version_plus_NCBI_Datasets	exact	Paired GCA is the same assembly record, retained explicitly; no isolate substitution
GCF_900049475.1_11657_8_30	ASSEMBLY_AVAILABLE	GCF_900049475.1	1	Scaffold	RefSeq	GCA_900049475.1	SAMEA2204006	2009215743-sc-2013-10-09T11:53:29Z-1712597		PRJEB3084	previous	11657_8#30	NCBI RefSeq	2017-03-05	frozen_publication_GCF_prefix_exact_version_plus_NCBI_Datasets	exact	Paired GCA is the same assembly record, retained explicitly; no isolate substitution
GCF_900049485.1_12291_4_34	ASSEMBLY_AVAILABLE	GCF_900049485.1	1	Scaffold	RefSeq	GCA_900049485.1	SAMEA2335966	2010206276-sc-1810894		PRJEB3084	previous	12291_4#34	NCBI RefSeq	2017-03-13	frozen_publication_GCF_prefix_exact_version_plus_NCBI_Datasets	exact	Paired GCA is the same assembly record, retained explicitly; no isolate substitution
GCF_900049495.1_12291_4_65	ASSEMBLY_AVAILABLE	GCF_900049495.1	1	Scaffold	RefSeq	GCA_900049495.1	SAMEA2335997	2009203513-sc-1810925		PRJEB3084	previous	12291_4#65	NCBI RefSeq	2017-03-12	frozen_publication_GCF_prefix_exact_version_plus_NCBI_Datasets	exact	Paired GCA is the same assembly record, retained explicitly; no isolate substitution
GCF_900049505.1_12291_5_2	ASSEMBLY_AVAILABLE	GCF_900049505.1	1	Scaffold	RefSeq	GCA_900049505.1	SAMEA2336024	2010216081-sc-1810952		PRJEB3084	previous	12291_5#2	NCBI RefSeq	2017-03-13	frozen_publication_GCF_prefix_exact_version_plus_NCBI_Datasets	exact	Paired GCA is the same assembly record, retained explicitly; no isolate substitution
GCF_900049515.1_13154_3_91	ASSEMBLY_AVAILABLE	GCF_900049515.1	1	Scaffold	RefSeq	GCA_900049515.1	SAMEA2467770	2010206717-sc-1926424		PRJEB3084	previous	13154_3#91	NCBI RefSeq	2017-03-15	frozen_publication_GCF_prefix_exact_version_plus_NCBI_Datasets	exact	Paired GCA is the same assembly record, retained explicitly; no isolate substitution
GCF_900049525.1_13414_1_15	ASSEMBLY_AVAILABLE	GCF_900049525.1	1	Scaffold	RefSeq	GCA_900049525.1	SAMEA2521465	2009218327-sc-1946762		PRJEB3084	previous	13414_1#15	NCBI RefSeq	2017-03-13	frozen_publication_GCF_prefix_exact_version_plus_NCBI_Datasets	exact	Paired GCA is the same assembly record, retained explicitly; no isolate substitution
GCF_900049535.1_13414_1_62	ASSEMBLY_AVAILABLE	GCF_900049535.1	1	Scaffold	RefSeq	GCA_900049535.1	SAMEA2521518	2012224867-sc-1946809		PRJEB3084	previous	13414_1#62	NCBI RefSeq	2017-03-13	frozen_publication_GCF_prefix_exact_version_plus_NCBI_Datasets	exact	Paired GCA is the same assembly record, retained explicitly; no isolate substitution
GCF_900049545.1_13414_1_93	ASSEMBLY_AVAILABLE	GCF_900049545.1	1	Scaffold	RefSeq	GCA_900049545.1	SAMEA2521549	2013212827-sc-1946840		PRJEB3084	previous	13414_1#93	NCBI RefSeq	2017-03-05	frozen_publication_GCF_prefix_exact_version_plus_NCBI_Datasets	exact	Paired GCA is the same assembly record, retained explicitly; no isolate substitution
GCF_900049555.1_13414_2_67	ASSEMBLY_AVAILABLE	GCF_900049555.1	1	Scaffold	RefSeq	GCA_900049555.1	SAMEA2521618	2012220353-sc-1946910		PRJEB3084	previous	13414_2#67	NCBI RefSeq	2017-03-13	frozen_publication_GCF_prefix_exact_version_plus_NCBI_Datasets	exact	Paired GCA is the same assembly record, retained explicitly; no isolate substitution
GCF_900049565.1_14673_4_17	ASSEMBLY_AVAILABLE	GCF_900049565.1	1	Scaffold	RefSeq	GCA_900049565.1	SAMEA2796710	GPS_US_2009217643_R1-sc-2138694		PRJEB3084	previous	14673_4#17	NCBI RefSeq	2017-03-13	frozen_publication_GCF_prefix_exact_version_plus_NCBI_Datasets	exact	Paired GCA is the same assembly record, retained explicitly; no isolate substitution
GCF_900049825.1_11511_8_54	ASSEMBLY_AVAILABLE	GCF_900049825.1	1	Scaffold	RefSeq	GCA_900049825.1	SAMEA2204003	2009215693-sc-2013-10-09T11:53:25Z-1712594		PRJEB3084	previous	11511_8#54	NCBI RefSeq	2017-03-13	frozen_publication_GCF_prefix_exact_version_plus_NCBI_Datasets	exact	Paired GCA is the same assembly record, retained explicitly; no isolate substitution
GCF_900049835.1_12291_4_24	ASSEMBLY_AVAILABLE	GCF_900049835.1	1	Scaffold	RefSeq	GCA_900049835.1	SAMEA2335956	2010205404-sc-1810884		PRJEB3084	previous	12291_4#24	NCBI RefSeq	2017-03-05	frozen_publication_GCF_prefix_exact_version_plus_NCBI_Datasets	exact	Paired GCA is the same assembly record, retained explicitly; no isolate substitution
GCF_900049845.1_12291_4_31	ASSEMBLY_AVAILABLE	GCF_900049845.1	1	Scaffold	RefSeq	GCA_900049845.1	SAMEA2335963	2010206270-sc-1810891		PRJEB3084	previous	12291_4#31	NCBI RefSeq	2017-03-12	frozen_publication_GCF_prefix_exact_version_plus_NCBI_Datasets	exact	Paired GCA is the same assembly record, retained explicitly; no isolate substitution
GCF_900049855.1_13091_6_85	ASSEMBLY_AVAILABLE	GCF_900049855.1	1	Scaffold	RefSeq	GCA_900049855.1	SAMEA2467536	ERS437293		PRJEB3084	current	13091_6#85	NCBI RefSeq	2026-02-07	frozen_publication_GCF_prefix_exact_version_plus_NCBI_Datasets	exact	Paired GCA is the same assembly record, retained explicitly; no isolate substitution
GCF_900049865.1_13414_2_28	ASSEMBLY_AVAILABLE	GCF_900049865.1	1	Scaffold	RefSeq	GCA_900049865.1	SAMEA2521579	2012217982-sc-1946871		PRJEB3084	previous	13414_2#28	NCBI RefSeq	2017-03-05	frozen_publication_GCF_prefix_exact_version_plus_NCBI_Datasets	exact	Paired GCA is the same assembly record, retained explicitly; no isolate substitution
GCF_900049875.1_13414_2_78	ASSEMBLY_AVAILABLE	GCF_900049875.1	1	Scaffold	RefSeq	GCA_900049875.1	SAMEA2521629	2012219141-sc-1946921		PRJEB3084	previous	13414_2#78	NCBI RefSeq	2017-03-12	frozen_publication_GCF_prefix_exact_version_plus_NCBI_Datasets	exact	Paired GCA is the same assembly record, retained explicitly; no isolate substitution
GCF_900049885.1_13414_2_81	ASSEMBLY_AVAILABLE	GCF_900049885.1	1	Scaffold	RefSeq	GCA_900049885.1	SAMEA2521632	2012211517-sc-1946924		PRJEB3084	previous	13414_2#81	NCBI RefSeq	2017-03-13	frozen_publication_GCF_prefix_exact_version_plus_NCBI_Datasets	exact	Paired GCA is the same assembly record, retained explicitly; no isolate substitution
GCF_900049895.1_14673_4_26	ASSEMBLY_AVAILABLE	GCF_900049895.1	1	Scaffold	RefSeq	GCA_900049895.1	SAMEA2796719	GPS_US_2010208432_R1-sc-2138703		PRJEB3084	previous	14673_4#26	NCBI RefSeq	2017-03-13	frozen_publication_GCF_prefix_exact_version_plus_NCBI_Datasets	exact	Paired GCA is the same assembly record, retained explicitly; no isolate substitution
GCF_900050295.1_11679_1_45	ASSEMBLY_AVAILABLE	GCF_900050295.1	1	Scaffold	RefSeq	GCA_900050295.1	SAMEA2203957	2009214014-sc-2013-10-09T11:52:34Z-1712548		PRJEB3084	previous	11679_1#45	NCBI RefSeq	2017-03-13	frozen_publication_GCF_prefix_exact_version_plus_NCBI_Datasets	exact	Paired GCA is the same assembly record, retained explicitly; no isolate substitution
GCF_900050305.1_11511_8_62	ASSEMBLY_AVAILABLE	GCF_900050305.1	1	Scaffold	RefSeq	GCA_900050305.1	SAMEA2204030	2009217627-sc-2013-10-09T11:53:57Z-1712621		PRJEB3084	previous	11511_8#62	NCBI RefSeq	2017-03-05	frozen_publication_GCF_prefix_exact_version_plus_NCBI_Datasets	exact	Paired GCA is the same assembly record, retained explicitly; no isolate substitution
GCF_900050315.1_12291_4_76	ASSEMBLY_AVAILABLE	GCF_900050315.1	1	Scaffold	RefSeq	GCA_900050315.1	SAMEA2336008	2010209973-sc-1810936		PRJEB3084	previous	12291_4#76	NCBI RefSeq	2017-03-05	frozen_publication_GCF_prefix_exact_version_plus_NCBI_Datasets	exact	Paired GCA is the same assembly record, retained explicitly; no isolate substitution
GCF_900050325.1_13091_6_81	ASSEMBLY_AVAILABLE	GCF_900050325.1	1	Scaffold	RefSeq	GCA_900050325.1	SAMEA2467532	2009217675-sc-1926317		PRJEB3084	previous	13091_6#81	NCBI RefSeq	2017-03-12	frozen_publication_GCF_prefix_exact_version_plus_NCBI_Datasets	exact	Paired GCA is the same assembly record, retained explicitly; no isolate substitution
GCF_900050335.1_13414_1_74	ASSEMBLY_AVAILABLE	GCF_900050335.1	1	Scaffold	RefSeq	GCA_900050335.1	SAMEA2521530	2013211438-sc-1946821		PRJEB3084	previous	13414_1#74	NCBI RefSeq	2017-03-13	frozen_publication_GCF_prefix_exact_version_plus_NCBI_Datasets	exact	Paired GCA is the same assembly record, retained explicitly; no isolate substitution
GCF_900050345.1_13414_2_88	ASSEMBLY_AVAILABLE	GCF_900050345.1	1	Scaffold	RefSeq	GCA_900050345.1	SAMEA2521639	2012214497-sc-1946931		PRJEB3084	previous	13414_2#88	NCBI RefSeq	2017-03-05	frozen_publication_GCF_prefix_exact_version_plus_NCBI_Datasets	exact	Paired GCA is the same assembly record, retained explicitly; no isolate substitution
GCF_900050665.1_11658_2_82	ASSEMBLY_AVAILABLE	GCF_900050665.1	1	Scaffold	RefSeq	GCA_900050665.1	SAMEA2203896	2009216160-sc-2013-10-09T11:51:25Z-1712486		PRJEB3084	previous	11658_2#82	NCBI RefSeq	2017-03-13	frozen_publication_GCF_prefix_exact_version_plus_NCBI_Datasets	exact	Paired GCA is the same assembly record, retained explicitly; no isolate substitution
GCF_900050675.1_11657_8_21	ASSEMBLY_AVAILABLE	GCF_900050675.1	1	Scaffold	RefSeq	GCA_900050675.1	SAMEA2203929	2009211242-sc-2013-10-09T11:52:02Z-1712519		PRJEB3084	previous	11657_8#21	NCBI RefSeq	2017-03-12	frozen_publication_GCF_prefix_exact_version_plus_NCBI_Datasets	exact	Paired GCA is the same assembly record, retained explicitly; no isolate substitution
GCF_900050685.1_11658_2_67	ASSEMBLY_AVAILABLE	GCF_900050685.1	1	Scaffold	RefSeq	GCA_900050685.1	SAMEA2203931	2009211248-sc-2013-10-09T11:52:04Z-1712521		PRJEB3084	previous	11658_2#67	NCBI RefSeq	2017-03-12	frozen_publication_GCF_prefix_exact_version_plus_NCBI_Datasets	exact	Paired GCA is the same assembly record, retained explicitly; no isolate substitution
GCF_900050695.1_11657_8_24	ASSEMBLY_AVAILABLE	GCF_900050695.1	1	Scaffold	RefSeq	GCA_900050695.1	SAMEA2203944	ERS356455		PRJEB3084	current	11657_8#24	NCBI RefSeq	2026-01-21	frozen_publication_GCF_prefix_exact_version_plus_NCBI_Datasets	exact	Paired GCA is the same assembly record, retained explicitly; no isolate substitution
GCF_900050705.1_11657_8_25	ASSEMBLY_AVAILABLE	GCF_900050705.1	1	Scaffold	RefSeq	GCA_900050705.1	SAMEA2203946	2009212800-sc-2013-10-09T11:52:20Z-1712537		PRJEB3084	previous	11657_8#25	NCBI RefSeq	2017-03-13	frozen_publication_GCF_prefix_exact_version_plus_NCBI_Datasets	exact	Paired GCA is the same assembly record, retained explicitly; no isolate substitution
GCF_900050715.1_11511_8_61	ASSEMBLY_AVAILABLE	GCF_900050715.1	1	Scaffold	RefSeq	GCA_900050715.1	SAMEA2204029	2009219216-sc-2013-10-09T11:53:56Z-1712620		PRJEB3084	previous	11511_8#61	NCBI RefSeq	2017-03-12	frozen_publication_GCF_prefix_exact_version_plus_NCBI_Datasets	exact	Paired GCA is the same assembly record, retained explicitly; no isolate substitution
GCF_900050725.1_13154_3_48	ASSEMBLY_AVAILABLE	GCF_900050725.1	1	Scaffold	RefSeq	GCA_900050725.1	SAMEA2467727	ERS437352		PRJEB3084	current	13154_3#48	NCBI RefSeq	2026-01-01	frozen_publication_GCF_prefix_exact_version_plus_NCBI_Datasets	exact	Paired GCA is the same assembly record, retained explicitly; no isolate substitution
GCF_900050735.1_13414_3_37	ASSEMBLY_AVAILABLE	GCF_900050735.1	1	Scaffold	RefSeq	GCA_900050735.1	SAMEA2521683	2013215781-sc-1946976		PRJEB3084	previous	13414_3#37	NCBI RefSeq	2017-03-13	frozen_publication_GCF_prefix_exact_version_plus_NCBI_Datasets	exact	Paired GCA is the same assembly record, retained explicitly; no isolate substitution
GCF_900050745.1_14673_3_4	ASSEMBLY_AVAILABLE	GCF_900050745.1	1	Scaffold	RefSeq	GCA_900050745.1	SAMEA2796602	GPS_US_2008229069-sc-2138583		PRJEB3084	previous	14673_3#4	NCBI RefSeq	2017-03-13	frozen_publication_GCF_prefix_exact_version_plus_NCBI_Datasets	exact	Paired GCA is the same assembly record, retained explicitly; no isolate substitution
GCF_900051105.1_11511_8_42	ASSEMBLY_AVAILABLE	GCF_900051105.1	1	Scaffold	RefSeq	GCA_900051105.1	SAMEA2203903	ERS356414		PRJEB3084	current	11511_8#42	NCBI RefSeq	2026-01-07	frozen_publication_GCF_prefix_exact_version_plus_NCBI_Datasets	exact	Paired GCA is the same assembly record, retained explicitly; no isolate substitution
GCF_900051115.1_11658_2_78	ASSEMBLY_AVAILABLE	GCF_900051115.1	1	Scaffold	RefSeq	GCA_900051115.1	SAMEA2203906	ERS356417		PRJEB3084	current	11658_2#78	NCBI RefSeq	2026-02-04	frozen_publication_GCF_prefix_exact_version_plus_NCBI_Datasets	exact	Paired GCA is the same assembly record, retained explicitly; no isolate substitution
GCF_900051125.1_11658_2_76	ASSEMBLY_AVAILABLE	GCF_900051125.1	1	Scaffold	RefSeq	GCA_900051125.1	SAMEA2203911	2009214180-sc-2013-10-09T11:51:41Z-1712501		PRJEB3084	previous	11658_2#76	NCBI RefSeq	2017-03-12	frozen_publication_GCF_prefix_exact_version_plus_NCBI_Datasets	exact	Paired GCA is the same assembly record, retained explicitly; no isolate substitution
GCF_900051135.1_11658_2_75	ASSEMBLY_AVAILABLE	GCF_900051135.1	1	Scaffold	RefSeq	GCA_900051135.1	SAMEA2203912	2009214185-sc-2013-10-09T11:51:42Z-1712502		PRJEB3084	previous	11658_2#75	NCBI RefSeq	2017-03-13	frozen_publication_GCF_prefix_exact_version_plus_NCBI_Datasets	exact	Paired GCA is the same assembly record, retained explicitly; no isolate substitution
GCF_900051145.1_11658_2_71	ASSEMBLY_AVAILABLE	GCF_900051145.1	1	Scaffold	RefSeq	GCA_900051145.1	SAMEA2203920	2009211102-sc-2013-10-09T11:51:51Z-1712510		PRJEB3084	previous	11658_2#71	NCBI RefSeq	2017-03-15	frozen_publication_GCF_prefix_exact_version_plus_NCBI_Datasets	exact	Paired GCA is the same assembly record, retained explicitly; no isolate substitution
GCF_900051155.1_11658_2_68	ASSEMBLY_AVAILABLE	GCF_900051155.1	1	Scaffold	RefSeq	GCA_900051155.1	SAMEA2203925	2009211142-sc-2013-10-09T11:51:58Z-1712515		PRJEB3084	previous	11658_2#68	NCBI RefSeq	2017-03-13	frozen_publication_GCF_prefix_exact_version_plus_NCBI_Datasets	exact	Paired GCA is the same assembly record, retained explicitly; no isolate substitution
GCF_900051165.1_11657_8_20	ASSEMBLY_AVAILABLE	GCF_900051165.1	1	Scaffold	RefSeq	GCA_900051165.1	SAMEA2203926	2009211232-sc-2013-10-09T11:51:59Z-1712516		PRJEB3084	previous	11657_8#20	NCBI RefSeq	2017-03-12	frozen_publication_GCF_prefix_exact_version_plus_NCBI_Datasets	exact	Paired GCA is the same assembly record, retained explicitly; no isolate substitution
GCF_900051175.1_13414_1_75	ASSEMBLY_AVAILABLE	GCF_900051175.1	1	Scaffold	RefSeq	GCA_900051175.1	SAMEA2521531	2013211698-sc-1946822		PRJEB3084	previous	13414_1#75	NCBI RefSeq	2017-03-12	frozen_publication_GCF_prefix_exact_version_plus_NCBI_Datasets	exact	Paired GCA is the same assembly record, retained explicitly; no isolate substitution
GCF_900051185.1_13414_1_88	ASSEMBLY_AVAILABLE	GCF_900051185.1	1	Scaffold	RefSeq	GCA_900051185.1	SAMEA2521544	2013208535-sc-1946835		PRJEB3084	previous	13414_1#88	NCBI RefSeq	2017-03-13	frozen_publication_GCF_prefix_exact_version_plus_NCBI_Datasets	exact	Paired GCA is the same assembly record, retained explicitly; no isolate substitution
GCF_900051195.1_13414_2_91	ASSEMBLY_AVAILABLE	GCF_900051195.1	1	Scaffold	RefSeq	GCA_900051195.1	SAMEA2521642	2012214930-sc-1946934		PRJEB3084	previous	13414_2#91	NCBI RefSeq	2017-03-13	frozen_publication_GCF_prefix_exact_version_plus_NCBI_Datasets	exact	Paired GCA is the same assembly record, retained explicitly; no isolate substitution
GCF_900051205.1_13414_3_44	ASSEMBLY_AVAILABLE	GCF_900051205.1	1	Contig	RefSeq	GCA_900051205.1	SAMEA2521690	2013212860-sc-1946983		PRJEB3084	previous	13414_3#44	NCBI RefSeq	2017-03-12	frozen_publication_GCF_prefix_exact_version_plus_NCBI_Datasets	exact	Paired GCA is the same assembly record, retained explicitly; no isolate substitution
GCF_900051215.1_14673_4_20	ASSEMBLY_AVAILABLE	GCF_900051215.1	1	Scaffold	RefSeq	GCA_900051215.1	SAMEA2796713	GPS_US_2010205351_R1-sc-2138697		PRJEB3084	previous	14673_4#20	NCBI RefSeq	2017-03-13	frozen_publication_GCF_prefix_exact_version_plus_NCBI_Datasets	exact	Paired GCA is the same assembly record, retained explicitly; no isolate substitution
GCF_900051225.1_14673_4_24	ASSEMBLY_AVAILABLE	GCF_900051225.1	1	Scaffold	RefSeq	GCA_900051225.1	SAMEA2796717	GPS_US_2009203695_R1-sc-2138701		PRJEB3084	previous	14673_4#24	NCBI RefSeq	2017-03-05	frozen_publication_GCF_prefix_exact_version_plus_NCBI_Datasets	exact	Paired GCA is the same assembly record, retained explicitly; no isolate substitution
GCF_900051395.1_11658_2_56	ASSEMBLY_AVAILABLE	GCF_900051395.1	1	Scaffold	RefSeq	GCA_900051395.1	SAMEA2203994	2009214077-sc-2013-10-09T11:53:15Z-1712585		PRJEB3084	previous	11658_2#56	NCBI RefSeq	2017-03-12	frozen_publication_GCF_prefix_exact_version_plus_NCBI_Datasets	exact	Paired GCA is the same assembly record, retained explicitly; no isolate substitution
GCF_900051405.1_11658_2_49	ASSEMBLY_AVAILABLE	GCF_900051405.1	1	Scaffold	RefSeq	GCA_900051405.1	SAMEA2204032	2009217663-sc-2013-10-09T11:54:00Z-1712623		PRJEB3084	previous	11658_2#49	NCBI RefSeq	2017-03-13	frozen_publication_GCF_prefix_exact_version_plus_NCBI_Datasets	exact	Paired GCA is the same assembly record, retained explicitly; no isolate substitution
GCF_900051415.1_12291_4_83	ASSEMBLY_AVAILABLE	GCF_900051415.1	1	Scaffold	RefSeq	GCA_900051415.1	SAMEA2336015	2010208354-sc-1810943		PRJEB3084	previous	12291_4#83	NCBI RefSeq	2017-03-13	frozen_publication_GCF_prefix_exact_version_plus_NCBI_Datasets	exact	Paired GCA is the same assembly record, retained explicitly; no isolate substitution
GCF_900051425.1_13154_3_18	ASSEMBLY_AVAILABLE	GCF_900051425.1	1	Scaffold	RefSeq	GCA_900051425.1	SAMEA2467560	2009218231-sc-1926346		PRJEB3084	previous	13154_3#18	NCBI RefSeq	2017-03-13	frozen_publication_GCF_prefix_exact_version_plus_NCBI_Datasets	exact	Paired GCA is the same assembly record, retained explicitly; no isolate substitution
GCF_900051435.1_13154_3_35	ASSEMBLY_AVAILABLE	GCF_900051435.1	1	Scaffold	RefSeq	GCA_900051435.1	SAMEA2467579	2010200683-sc-1926365		PRJEB3084	previous	13154_3#35	NCBI RefSeq	2017-03-05	frozen_publication_GCF_prefix_exact_version_plus_NCBI_Datasets	exact	Paired GCA is the same assembly record, retained explicitly; no isolate substitution
GCF_900051445.1_13154_2_17	ASSEMBLY_AVAILABLE	GCF_900051445.1	1	Scaffold	RefSeq	GCA_900051445.1	SAMEA2467580	2010200695-sc-1926366		PRJEB3084	previous	13154_2#17	NCBI RefSeq	2017-03-13	frozen_publication_GCF_prefix_exact_version_plus_NCBI_Datasets	exact	Paired GCA is the same assembly record, retained explicitly; no isolate substitution
GCF_900051455.1_13414_2_53	ASSEMBLY_AVAILABLE	GCF_900051455.1	1	Scaffold	RefSeq	GCA_900051455.1	SAMEA2521604	2012221546-sc-1946896		PRJEB3084	current	13414_2#53	NCBI RefSeq	2026-01-04	frozen_publication_GCF_prefix_exact_version_plus_NCBI_Datasets	exact	Paired GCA is the same assembly record, retained explicitly; no isolate substitution
GCF_900051465.1_14673_1_86	ASSEMBLY_AVAILABLE	GCF_900051465.1	1	Scaffold	RefSeq	GCA_900051465.1	SAMEA2796494	GPS_US_2008232792-sc-2138473		PRJEB3084	previous	14673_1#86	NCBI RefSeq	2017-03-12	frozen_publication_GCF_prefix_exact_version_plus_NCBI_Datasets	exact	Paired GCA is the same assembly record, retained explicitly; no isolate substitution
GCF_900051475.1_14673_4_44	ASSEMBLY_AVAILABLE	GCF_900051475.1	1	Scaffold	RefSeq	GCA_900051475.1	SAMEA2796737	GPS_US_2009218157_R1-sc-2138721		PRJEB3084	previous	14673_4#44	NCBI RefSeq	2017-03-05	frozen_publication_GCF_prefix_exact_version_plus_NCBI_Datasets	exact	Paired GCA is the same assembly record, retained explicitly; no isolate substitution
GCF_900051825.1_12291_4_26	ASSEMBLY_AVAILABLE	GCF_900051825.1	1	Scaffold	RefSeq	GCA_900051825.1	SAMEA2335958	2010208292-sc-1810886		PRJEB3084	previous	12291_4#26	NCBI RefSeq	2017-03-13	frozen_publication_GCF_prefix_exact_version_plus_NCBI_Datasets	exact	Paired GCA is the same assembly record, retained explicitly; no isolate substitution
GCF_900051835.1_13414_1_69	ASSEMBLY_AVAILABLE	GCF_900051835.1	1	Scaffold	RefSeq	GCA_900051835.1	SAMEA2521525	2013209049-sc-1946816		PRJEB3084	previous	13414_1#69	NCBI RefSeq	2017-03-12	frozen_publication_GCF_prefix_exact_version_plus_NCBI_Datasets	exact	Paired GCA is the same assembly record, retained explicitly; no isolate substitution
GCF_900051845.1_13414_3_10	ASSEMBLY_AVAILABLE	GCF_900051845.1	1	Scaffold	RefSeq	GCA_900051845.1	SAMEA2521656	2012219977-sc-1946949		PRJEB3084	previous	13414_3#10	NCBI RefSeq	2017-03-13	frozen_publication_GCF_prefix_exact_version_plus_NCBI_Datasets	exact	Paired GCA is the same assembly record, retained explicitly; no isolate substitution
GCF_900052135.1_12291_4_84	ASSEMBLY_AVAILABLE	GCF_900052135.1	1	Scaffold	RefSeq	GCA_900052135.1	SAMEA2336016	2010208358-sc-1810944		PRJEB3084	previous	12291_4#84	NCBI RefSeq	2017-03-13	frozen_publication_GCF_prefix_exact_version_plus_NCBI_Datasets	exact	Paired GCA is the same assembly record, retained explicitly; no isolate substitution
GCF_900052145.1_13091_6_91	ASSEMBLY_AVAILABLE	GCF_900052145.1	1	Scaffold	RefSeq	GCA_900052145.1	SAMEA2467542	ERS437299		PRJEB3084	current	13091_6#91	NCBI RefSeq	2026-02-04	frozen_publication_GCF_prefix_exact_version_plus_NCBI_Datasets	exact	Paired GCA is the same assembly record, retained explicitly; no isolate substitution
GCF_900052165.1_13414_2_1	ASSEMBLY_AVAILABLE	GCF_900052165.1	1	Scaffold	RefSeq	GCA_900052165.1	SAMEA2521552	2012211937-sc-1946844		PRJEB3084	previous	13414_2#1	NCBI RefSeq	2017-03-12	frozen_publication_GCF_prefix_exact_version_plus_NCBI_Datasets	exact	Paired GCA is the same assembly record, retained explicitly; no isolate substitution
GCF_900052175.1_13414_3_18	ASSEMBLY_AVAILABLE	GCF_900052175.1	1	Scaffold	RefSeq	GCA_900052175.1	SAMEA2521664	2012222487-sc-1946957		PRJEB3084	previous	13414_3#18	NCBI RefSeq	2017-03-12	frozen_publication_GCF_prefix_exact_version_plus_NCBI_Datasets	exact	Paired GCA is the same assembly record, retained explicitly; no isolate substitution
GCF_900052385.1_11658_2_72	ASSEMBLY_AVAILABLE	GCF_900052385.1	1	Scaffold	RefSeq	GCA_900052385.1	SAMEA2203918	2009211095-sc-2013-10-09T11:51:49Z-1712508		PRJEB3084	previous	11658_2#72	NCBI RefSeq	2017-03-12	frozen_publication_GCF_prefix_exact_version_plus_NCBI_Datasets	exact	Paired GCA is the same assembly record, retained explicitly; no isolate substitution
GCF_900052395.1_11511_8_45	ASSEMBLY_AVAILABLE	GCF_900052395.1	1	Scaffold	RefSeq	GCA_900052395.1	SAMEA2203919	ERS356430		PRJEB3084	current	11511_8#45	NCBI RefSeq	2025-04-24	frozen_publication_GCF_prefix_exact_version_plus_NCBI_Datasets	exact	Paired GCA is the same assembly record, retained explicitly; no isolate substitution
GCF_900052405.1_12291_4_18	ASSEMBLY_AVAILABLE	GCF_900052405.1	1	Scaffold	RefSeq	GCA_900052405.1	SAMEA2335950	2010205298-sc-1810878		PRJEB3084	previous	12291_4#18	NCBI RefSeq	2017-03-12	frozen_publication_GCF_prefix_exact_version_plus_NCBI_Datasets	exact	Paired GCA is the same assembly record, retained explicitly; no isolate substitution
GCF_900052415.1_13154_3_51	ASSEMBLY_AVAILABLE	GCF_900052415.1	1	Scaffold	RefSeq	GCA_900052415.1	SAMEA2467730	2010200746-sc-1926384		PRJEB3084	previous	13154_3#51	NCBI RefSeq	2017-03-13	frozen_publication_GCF_prefix_exact_version_plus_NCBI_Datasets	exact	Paired GCA is the same assembly record, retained explicitly; no isolate substitution
GCF_900052425.1_13154_3_89	ASSEMBLY_AVAILABLE	GCF_900052425.1	1	Scaffold	RefSeq	GCA_900052425.1	SAMEA2467768	ERS437393		PRJEB3084	current	13154_3#89	NCBI RefSeq	2026-02-07	frozen_publication_GCF_prefix_exact_version_plus_NCBI_Datasets	exact	Paired GCA is the same assembly record, retained explicitly; no isolate substitution
GCF_900052435.1_13414_1_65	ASSEMBLY_AVAILABLE	GCF_900052435.1	1	Scaffold	RefSeq	GCA_900052435.1	SAMEA2521521	2012224895-sc-1946812		PRJEB3084	previous	13414_1#65	NCBI RefSeq	2017-03-05	frozen_publication_GCF_prefix_exact_version_plus_NCBI_Datasets	exact	Paired GCA is the same assembly record, retained explicitly; no isolate substitution
GCF_900052445.1_13414_1_78	ASSEMBLY_AVAILABLE	GCF_900052445.1	1	Scaffold	RefSeq	GCA_900052445.1	SAMEA2521534	2013211724-sc-1946825		PRJEB3084	previous	13414_1#78	NCBI RefSeq	2017-03-15	frozen_publication_GCF_prefix_exact_version_plus_NCBI_Datasets	exact	Paired GCA is the same assembly record, retained explicitly; no isolate substitution
GCF_900052455.1_13414_2_83	ASSEMBLY_AVAILABLE	GCF_900052455.1	1	Scaffold	RefSeq	GCA_900052455.1	SAMEA2521634	2012211938-sc-1946926		PRJEB3084	previous	13414_2#83	NCBI RefSeq	2017-03-05	frozen_publication_GCF_prefix_exact_version_plus_NCBI_Datasets	exact	Paired GCA is the same assembly record, retained explicitly; no isolate substitution
GCF_900052465.1_13414_2_90	ASSEMBLY_AVAILABLE	GCF_900052465.1	1	Scaffold	RefSeq	GCA_900052465.1	SAMEA2521641	2012214490-sc-1946933		PRJEB3084	previous	13414_2#90	NCBI RefSeq	2017-03-13	frozen_publication_GCF_prefix_exact_version_plus_NCBI_Datasets	exact	Paired GCA is the same assembly record, retained explicitly; no isolate substitution
GCF_900052475.1_14673_4_19	ASSEMBLY_AVAILABLE	GCF_900052475.1	1	Scaffold	RefSeq	GCA_900052475.1	SAMEA2796712	GPS_US_2010200686_R1-sc-2138696		PRJEB3084	previous	14673_4#19	NCBI RefSeq	2017-03-12	frozen_publication_GCF_prefix_exact_version_plus_NCBI_Datasets	exact	Paired GCA is the same assembly record, retained explicitly; no isolate substitution
GCF_900052485.1_14673_4_21	ASSEMBLY_AVAILABLE	GCF_900052485.1	1	Scaffold	RefSeq	GCA_900052485.1	SAMEA2796714	GPS_US_2010205399_R1-sc-2138698		PRJEB3084	previous	14673_4#21	NCBI RefSeq	2017-03-13	frozen_publication_GCF_prefix_exact_version_plus_NCBI_Datasets	exact	Paired GCA is the same assembly record, retained explicitly; no isolate substitution
GCF_900052685.1_11511_8_48	ASSEMBLY_AVAILABLE	GCF_900052685.1	1	Scaffold	RefSeq	GCA_900052685.1	SAMEA2203935	2009211298-sc-2013-10-09T11:52:08Z-1712525		PRJEB3084	previous	11511_8#48	NCBI RefSeq	2017-03-05	frozen_publication_GCF_prefix_exact_version_plus_NCBI_Datasets	exact	Paired GCA is the same assembly record, retained explicitly; no isolate substitution
GCF_900052695.1_11657_4_50	ASSEMBLY_AVAILABLE	GCF_900052695.1	1	Scaffold	RefSeq	GCA_900052695.1	SAMEA2203997	2009215639-sc-2013-10-09T11:53:18Z-1712588		PRJEB3084	previous	11657_4#50	NCBI RefSeq	2017-03-13	frozen_publication_GCF_prefix_exact_version_plus_NCBI_Datasets	exact	Paired GCA is the same assembly record, retained explicitly; no isolate substitution
GCF_900052705.1_11511_8_53	ASSEMBLY_AVAILABLE	GCF_900052705.1	1	Scaffold	RefSeq	GCA_900052705.1	SAMEA2203999	2009215659-sc-2013-10-09T11:53:21Z-1712590		PRJEB3084	previous	11511_8#53	NCBI RefSeq	2017-03-12	frozen_publication_GCF_prefix_exact_version_plus_NCBI_Datasets	exact	Paired GCA is the same assembly record, retained explicitly; no isolate substitution
GCF_900052715.1_11657_4_51	ASSEMBLY_AVAILABLE	GCF_900052715.1	1	Scaffold	RefSeq	GCA_900052715.1	SAMEA2204001	2009215663-sc-2013-10-09T11:53:23Z-1712592		PRJEB3084	previous	11657_4#51	NCBI RefSeq	2017-03-05	frozen_publication_GCF_prefix_exact_version_plus_NCBI_Datasets	exact	Paired GCA is the same assembly record, retained explicitly; no isolate substitution
GCF_900052725.1_11679_1_52	ASSEMBLY_AVAILABLE	GCF_900052725.1	1	Scaffold	RefSeq	GCA_900052725.1	SAMEA2204004	2009215701-sc-2013-10-09T11:53:27Z-1712595		PRJEB3084	previous	11679_1#52	NCBI RefSeq	2017-03-05	frozen_publication_GCF_prefix_exact_version_plus_NCBI_Datasets	exact	Paired GCA is the same assembly record, retained explicitly; no isolate substitution
GCF_900052735.1_11658_2_54	ASSEMBLY_AVAILABLE	GCF_900052735.1	1	Scaffold	RefSeq	GCA_900052735.1	SAMEA2204005	2009215718-sc-2013-10-09T11:53:28Z-1712596		PRJEB3084	previous	11658_2#54	NCBI RefSeq	2017-03-06	frozen_publication_GCF_prefix_exact_version_plus_NCBI_Datasets	exact	Paired GCA is the same assembly record, retained explicitly; no isolate substitution
GCF_900052745.1_13154_3_7	ASSEMBLY_AVAILABLE	GCF_900052745.1	1	Scaffold	RefSeq	GCA_900052745.1	SAMEA2467549	2009216881-sc-1926335		PRJEB3084	previous	13154_3#7	NCBI RefSeq	2017-03-05	frozen_publication_GCF_prefix_exact_version_plus_NCBI_Datasets	exact	Paired GCA is the same assembly record, retained explicitly; no isolate substitution
GCF_900052755.1_13414_2_2	ASSEMBLY_AVAILABLE	GCF_900052755.1	1	Scaffold	RefSeq	GCA_900052755.1	SAMEA2521553	2012212663-sc-1946845		PRJEB3084	previous	13414_2#2	NCBI RefSeq	2017-03-12	frozen_publication_GCF_prefix_exact_version_plus_NCBI_Datasets	exact	Paired GCA is the same assembly record, retained explicitly; no isolate substitution
GCF_900052765.1_14673_1_10	ASSEMBLY_AVAILABLE	GCF_900052765.1	1	Scaffold	RefSeq	GCA_900052765.1	SAMEA2796418	GPS_US_2009206314-sc-2138397		PRJEB3084	previous	14673_1#10	NCBI RefSeq	2017-03-05	frozen_publication_GCF_prefix_exact_version_plus_NCBI_Datasets	exact	Paired GCA is the same assembly record, retained explicitly; no isolate substitution
GCF_900052775.1_14673_4_43	ASSEMBLY_AVAILABLE	GCF_900052775.1	1	Scaffold	RefSeq	GCA_900052775.1	SAMEA2796736	GPS_US_2009215911_R1-sc-2138720		PRJEB3084	previous	14673_4#43	NCBI RefSeq	2017-03-13	frozen_publication_GCF_prefix_exact_version_plus_NCBI_Datasets	exact	Paired GCA is the same assembly record, retained explicitly; no isolate substitution
GCF_900052965.1_12291_4_57	ASSEMBLY_AVAILABLE	GCF_900052965.1	1	Scaffold	RefSeq	GCA_900052965.1	SAMEA2335989	2010216248-sc-1810917		PRJEB3084	previous	12291_4#57	NCBI RefSeq	2017-03-12	frozen_publication_GCF_prefix_exact_version_plus_NCBI_Datasets	exact	Paired GCA is the same assembly record, retained explicitly; no isolate substitution
GCF_900052975.1_12291_4_58	ASSEMBLY_AVAILABLE	GCF_900052975.1	1	Scaffold	RefSeq	GCA_900052975.1	SAMEA2335990	2010216251-sc-1810918		PRJEB3084	previous	12291_4#58	NCBI RefSeq	2017-03-12	frozen_publication_GCF_prefix_exact_version_plus_NCBI_Datasets	exact	Paired GCA is the same assembly record, retained explicitly; no isolate substitution
GCF_900052985.1_12291_5_53	ASSEMBLY_AVAILABLE	GCF_900052985.1	1	Scaffold	RefSeq	GCA_900052985.1	SAMEA2336075	2009209482-sc-1811005		PRJEB3084	previous	12291_5#53	NCBI RefSeq	2017-03-13	frozen_publication_GCF_prefix_exact_version_plus_NCBI_Datasets	exact	Paired GCA is the same assembly record, retained explicitly; no isolate substitution
GCF_900052995.1_13154_3_36	ASSEMBLY_AVAILABLE	GCF_900052995.1	1	Scaffold	RefSeq	GCA_900052995.1	SAMEA2467713	2010200696-sc-1926367		PRJEB3084	current	13154_3#36	NCBI RefSeq	2025-08-18	frozen_publication_GCF_prefix_exact_version_plus_NCBI_Datasets	exact	Paired GCA is the same assembly record, retained explicitly; no isolate substitution
GCF_900053005.1_13154_3_43	ASSEMBLY_AVAILABLE	GCF_900053005.1	1	Scaffold	RefSeq	GCA_900053005.1	SAMEA2467722	2010200029-sc-1926376		PRJEB3084	previous	13154_3#43	NCBI RefSeq	2017-03-13	frozen_publication_GCF_prefix_exact_version_plus_NCBI_Datasets	exact	Paired GCA is the same assembly record, retained explicitly; no isolate substitution
GCF_900053015.1_13154_3_44	ASSEMBLY_AVAILABLE	GCF_900053015.1	1	Scaffold	RefSeq	GCA_900053015.1	SAMEA2467723	2010200031-sc-1926377		PRJEB3084	previous	13154_3#44	NCBI RefSeq	2017-03-13	frozen_publication_GCF_prefix_exact_version_plus_NCBI_Datasets	exact	Paired GCA is the same assembly record, retained explicitly; no isolate substitution
GCF_900053025.1_13154_3_84	ASSEMBLY_AVAILABLE	GCF_900053025.1	1	Scaffold	RefSeq	GCA_900053025.1	SAMEA2467763	ERS437388		PRJEB3084	current	13154_3#84	NCBI RefSeq	2026-01-03	frozen_publication_GCF_prefix_exact_version_plus_NCBI_Datasets	exact	Paired GCA is the same assembly record, retained explicitly; no isolate substitution
GCF_900053035.1_13414_2_44	ASSEMBLY_AVAILABLE	GCF_900053035.1	1	Scaffold	RefSeq	GCA_900053035.1	SAMEA2521595	2013201628-sc-1946887		PRJEB3084	previous	13414_2#44	NCBI RefSeq	2017-03-13	frozen_publication_GCF_prefix_exact_version_plus_NCBI_Datasets	exact	Paired GCA is the same assembly record, retained explicitly; no isolate substitution
GCF_900053045.1_13414_2_46	ASSEMBLY_AVAILABLE	GCF_900053045.1	1	Scaffold	RefSeq	GCA_900053045.1	SAMEA2521597	2013201224-sc-1946889		PRJEB3084	previous	13414_2#46	NCBI RefSeq	2017-03-13	frozen_publication_GCF_prefix_exact_version_plus_NCBI_Datasets	exact	Paired GCA is the same assembly record, retained explicitly; no isolate substitution
GCF_900053055.1_13414_2_51	ASSEMBLY_AVAILABLE	GCF_900053055.1	1	Scaffold	RefSeq	GCA_900053055.1	SAMEA2521602	2012222457-sc-1946894		PRJEB3084	previous	13414_2#51	NCBI RefSeq	2017-03-12	frozen_publication_GCF_prefix_exact_version_plus_NCBI_Datasets	exact	Paired GCA is the same assembly record, retained explicitly; no isolate substitution
GCF_900053065.1_13414_2_56	ASSEMBLY_AVAILABLE	GCF_900053065.1	1	Scaffold	RefSeq	GCA_900053065.1	SAMEA2521607	2012221315-sc-1946899		PRJEB3084	previous	13414_2#56	NCBI RefSeq	2017-03-06	frozen_publication_GCF_prefix_exact_version_plus_NCBI_Datasets	exact	Paired GCA is the same assembly record, retained explicitly; no isolate substitution
GCF_900053075.1_13414_2_73	ASSEMBLY_AVAILABLE	GCF_900053075.1	1	Scaffold	RefSeq	GCA_900053075.1	SAMEA2521624	2012218039-sc-1946916		PRJEB3084	previous	13414_2#73	NCBI RefSeq	2017-03-13	frozen_publication_GCF_prefix_exact_version_plus_NCBI_Datasets	exact	Paired GCA is the same assembly record, retained explicitly; no isolate substitution
GCF_900053085.1_13414_2_84	ASSEMBLY_AVAILABLE	GCF_900053085.1	1	Scaffold	RefSeq	GCA_900053085.1	SAMEA2521635	2012212660-sc-1946927		PRJEB3084	previous	13414_2#84	NCBI RefSeq	2017-03-13	frozen_publication_GCF_prefix_exact_version_plus_NCBI_Datasets	exact	Paired GCA is the same assembly record, retained explicitly; no isolate substitution
GCF_900053095.1_13414_3_29	ASSEMBLY_AVAILABLE	GCF_900053095.1	1	Scaffold	RefSeq	GCA_900053095.1	SAMEA2521675	2013205805-sc-1946968		PRJEB3084	previous	13414_3#29	NCBI RefSeq	2017-03-12	frozen_publication_GCF_prefix_exact_version_plus_NCBI_Datasets	exact	Paired GCA is the same assembly record, retained explicitly; no isolate substitution
GCF_900053495.1_11658_8_4	ASSEMBLY_AVAILABLE	GCF_900053495.1	1	Scaffold	RefSeq	GCA_900053495.1	SAMEA2203953	2009212862-sc-2013-10-09T11:52:29Z-1712544		PRJEB3084	previous	11658_8#4	NCBI RefSeq	2017-03-15	frozen_publication_GCF_prefix_exact_version_plus_NCBI_Datasets	exact	Paired GCA is the same assembly record, retained explicitly; no isolate substitution
GCF_900053505.1_11679_1_43	ASSEMBLY_AVAILABLE	GCF_900053505.1	1	Scaffold	RefSeq	GCA_900053505.1	SAMEA2203954	2009213981-sc-2013-10-09T11:52:30Z-1712545		PRJEB3084	previous	11679_1#43	NCBI RefSeq	2017-03-13	frozen_publication_GCF_prefix_exact_version_plus_NCBI_Datasets	exact	Paired GCA is the same assembly record, retained explicitly; no isolate substitution
GCF_900053515.1_11679_1_54	ASSEMBLY_AVAILABLE	GCF_900053515.1	1	Scaffold	RefSeq	GCA_900053515.1	SAMEA2204010	2009215888-sc-2013-10-09T11:53:34Z-1712601		PRJEB3084	previous	11679_1#54	NCBI RefSeq	2017-03-13	frozen_publication_GCF_prefix_exact_version_plus_NCBI_Datasets	exact	Paired GCA is the same assembly record, retained explicitly; no isolate substitution
GCF_900053525.1_11658_2_51	ASSEMBLY_AVAILABLE	GCF_900053525.1	1	Scaffold	RefSeq	GCA_900053525.1	SAMEA2204019	2009216718-sc-2013-10-09T11:53:44Z-1712610		PRJEB3084	previous	11658_2#51	NCBI RefSeq	2017-03-12	frozen_publication_GCF_prefix_exact_version_plus_NCBI_Datasets	exact	Paired GCA is the same assembly record, retained explicitly; no isolate substitution
GCF_900053535.1_12291_4_36	ASSEMBLY_AVAILABLE	GCF_900053535.1	1	Scaffold	RefSeq	GCA_900053535.1	SAMEA2335968	2010206716-sc-1810896		PRJEB3084	previous	12291_4#36	NCBI RefSeq	2017-03-13	frozen_publication_GCF_prefix_exact_version_plus_NCBI_Datasets	exact	Paired GCA is the same assembly record, retained explicitly; no isolate substitution
GCF_900053545.1_12291_4_64	ASSEMBLY_AVAILABLE	GCF_900053545.1	1	Scaffold	RefSeq	GCA_900053545.1	SAMEA2335996	2009203268-sc-1810924		PRJEB3084	previous	12291_4#64	NCBI RefSeq	2017-03-12	frozen_publication_GCF_prefix_exact_version_plus_NCBI_Datasets	exact	Paired GCA is the same assembly record, retained explicitly; no isolate substitution
GCF_900053555.1_13154_3_12	ASSEMBLY_AVAILABLE	GCF_900053555.1	1	Scaffold	RefSeq	GCA_900053555.1	SAMEA2467554	ERS437311		PRJEB3084	current	13154_3#12	NCBI RefSeq	2026-01-30	frozen_publication_GCF_prefix_exact_version_plus_NCBI_Datasets	exact	Paired GCA is the same assembly record, retained explicitly; no isolate substitution
GCF_900053565.1_13414_2_71	ASSEMBLY_AVAILABLE	GCF_900053565.1	1	Scaffold	RefSeq	GCA_900053565.1	SAMEA2521622	2012218663-sc-1946914		PRJEB3084	previous	13414_2#71	NCBI RefSeq	2017-03-12	frozen_publication_GCF_prefix_exact_version_plus_NCBI_Datasets	exact	Paired GCA is the same assembly record, retained explicitly; no isolate substitution
GCF_900053575.1_14673_4_25	ASSEMBLY_AVAILABLE	GCF_900053575.1	1	Scaffold	RefSeq	GCA_900053575.1	SAMEA2796718	GPS_US_2009207274_R1-sc-2138702		PRJEB3084	previous	14673_4#25	NCBI RefSeq	2017-03-13	frozen_publication_GCF_prefix_exact_version_plus_NCBI_Datasets	exact	Paired GCA is the same assembly record, retained explicitly; no isolate substitution
GCF_900053755.1_11657_4_59	ASSEMBLY_AVAILABLE	GCF_900053755.1	1	Scaffold	RefSeq	GCA_900053755.1	SAMEA2204031	2009217629-sc-2013-10-09T11:53:59Z-1712622		PRJEB3084	previous	11657_4#59	NCBI RefSeq	2017-03-13	frozen_publication_GCF_prefix_exact_version_plus_NCBI_Datasets	exact	Paired GCA is the same assembly record, retained explicitly; no isolate substitution
GCF_900053765.1_14673_3_6	ASSEMBLY_AVAILABLE	GCF_900053765.1	1	Scaffold	RefSeq	GCA_900053765.1	SAMEA2796604	GPS_US_2008230676-sc-2138585		PRJEB3084	previous	14673_3#6	NCBI RefSeq	2017-03-05	frozen_publication_GCF_prefix_exact_version_plus_NCBI_Datasets	exact	Paired GCA is the same assembly record, retained explicitly; no isolate substitution
GCF_900053945.1_11679_1_36	ASSEMBLY_AVAILABLE	GCF_900053945.1	1	Scaffold	RefSeq	GCA_900053945.1	SAMEA2203913	2009216993-sc-2013-10-09T11:51:43Z-1712503		PRJEB3084	previous	11679_1#36	NCBI RefSeq	2017-03-12	frozen_publication_GCF_prefix_exact_version_plus_NCBI_Datasets	exact	Paired GCA is the same assembly record, retained explicitly; no isolate substitution
GCF_900053955.1_11658_2_74	ASSEMBLY_AVAILABLE	GCF_900053955.1	1	Scaffold	RefSeq	GCA_900053955.1	SAMEA2203914	2009209868-sc-2013-10-09T11:51:45Z-1712504		PRJEB3084	previous	11658_2#74	NCBI RefSeq	2017-03-12	frozen_publication_GCF_prefix_exact_version_plus_NCBI_Datasets	exact	Paired GCA is the same assembly record, retained explicitly; no isolate substitution
GCF_900053965.1_11657_4_40	ASSEMBLY_AVAILABLE	GCF_900053965.1	1	Scaffold	RefSeq	GCA_900053965.1	SAMEA2203936	2009211299-sc-2013-10-09T11:52:10Z-1712526		PRJEB3084	previous	11657_4#40	NCBI RefSeq	2017-03-13	frozen_publication_GCF_prefix_exact_version_plus_NCBI_Datasets	exact	Paired GCA is the same assembly record, retained explicitly; no isolate substitution
GCF_900053975.1_11657_8_23	ASSEMBLY_AVAILABLE	GCF_900053975.1	1	Scaffold	RefSeq	GCA_900053975.1	SAMEA2203942	2009212753-sc-2013-10-09T11:52:16Z-1712532		PRJEB3084	previous	11657_8#23	NCBI RefSeq	2017-03-12	frozen_publication_GCF_prefix_exact_version_plus_NCBI_Datasets	exact	Paired GCA is the same assembly record, retained explicitly; no isolate substitution
GCF_900053985.1_12291_4_14	ASSEMBLY_AVAILABLE	GCF_900053985.1	1	Scaffold	RefSeq	GCA_900053985.1	SAMEA2335946	2010206726-sc-1810874		PRJEB3084	previous	12291_4#14	NCBI RefSeq	2017-03-06	frozen_publication_GCF_prefix_exact_version_plus_NCBI_Datasets	exact	Paired GCA is the same assembly record, retained explicitly; no isolate substitution
GCF_900053995.1_12291_4_39	ASSEMBLY_AVAILABLE	GCF_900053995.1	1	Scaffold	RefSeq	GCA_900053995.1	SAMEA2335971	ERS394165		PRJEB3084	current	12291_4#39	NCBI RefSeq	2025-12-31	frozen_publication_GCF_prefix_exact_version_plus_NCBI_Datasets	exact	Paired GCA is the same assembly record, retained explicitly; no isolate substitution
GCF_900054005.1_12291_4_40	ASSEMBLY_AVAILABLE	GCF_900054005.1	1	Scaffold	RefSeq	GCA_900054005.1	SAMEA2335972	2010220270-sc-1810900		PRJEB3084	previous	12291_4#40	NCBI RefSeq	2017-03-13	frozen_publication_GCF_prefix_exact_version_plus_NCBI_Datasets	exact	Paired GCA is the same assembly record, retained explicitly; no isolate substitution
GCF_900054015.1_12291_4_41	ASSEMBLY_AVAILABLE	GCF_900054015.1	1	Scaffold	RefSeq	GCA_900054015.1	SAMEA2335973	2010220276-sc-1810901		PRJEB3084	previous	12291_4#41	NCBI RefSeq	2017-03-06	frozen_publication_GCF_prefix_exact_version_plus_NCBI_Datasets	exact	Paired GCA is the same assembly record, retained explicitly; no isolate substitution
GCF_900054025.1_13154_3_42	ASSEMBLY_AVAILABLE	GCF_900054025.1	1	Scaffold	RefSeq	GCA_900054025.1	SAMEA2467720	2009219983-sc-1926374		PRJEB3084	previous	13154_3#42	NCBI RefSeq	2019-01-31	frozen_publication_GCF_prefix_exact_version_plus_NCBI_Datasets	exact	Paired GCA is the same assembly record, retained explicitly; no isolate substitution
GCF_900054035.1_13154_3_82	ASSEMBLY_AVAILABLE	GCF_900054035.1	1	Scaffold	RefSeq	GCA_900054035.1	SAMEA2467761	2010206293-sc-1926415		PRJEB3084	previous	13154_3#82	NCBI RefSeq	2017-03-12	frozen_publication_GCF_prefix_exact_version_plus_NCBI_Datasets	exact	Paired GCA is the same assembly record, retained explicitly; no isolate substitution
GCF_900054045.1_13414_2_34	ASSEMBLY_AVAILABLE	GCF_900054045.1	1	Scaffold	RefSeq	GCA_900054045.1	SAMEA2521585	2013206373-sc-1946877		PRJEB3084	previous	13414_2#34	NCBI RefSeq	2017-03-13	frozen_publication_GCF_prefix_exact_version_plus_NCBI_Datasets	exact	Paired GCA is the same assembly record, retained explicitly; no isolate substitution
GCF_900054055.1_13414_3_13	ASSEMBLY_AVAILABLE	GCF_900054055.1	1	Scaffold	RefSeq	GCA_900054055.1	SAMEA2521659	2012222280-sc-1946952		PRJEB3084	previous	13414_3#13	NCBI RefSeq	2017-03-13	frozen_publication_GCF_prefix_exact_version_plus_NCBI_Datasets	exact	Paired GCA is the same assembly record, retained explicitly; no isolate substitution
GCF_900054185.1_13414_2_47	ASSEMBLY_AVAILABLE	GCF_900054185.1	1	Scaffold	RefSeq	GCA_900054185.1	SAMEA2521598	2013201223-sc-1946890		PRJEB3084	previous	13414_2#47	NCBI RefSeq	2017-03-13	frozen_publication_GCF_prefix_exact_version_plus_NCBI_Datasets	exact	Paired GCA is the same assembly record, retained explicitly; no isolate substitution
GCF_900054195.1_13414_2_60	ASSEMBLY_AVAILABLE	GCF_900054195.1	1	Scaffold	RefSeq	GCA_900054195.1	SAMEA2521611	2012220613-sc-1946903		PRJEB3084	previous	13414_2#60	NCBI RefSeq	2017-03-13	frozen_publication_GCF_prefix_exact_version_plus_NCBI_Datasets	exact	Paired GCA is the same assembly record, retained explicitly; no isolate substitution
GCF_900054205.1_13414_2_65	ASSEMBLY_AVAILABLE	GCF_900054205.1	1	Scaffold	RefSeq	GCA_900054205.1	SAMEA2521616	2012220414-sc-1946908		PRJEB3084	previous	13414_2#65	NCBI RefSeq	2017-03-12	frozen_publication_GCF_prefix_exact_version_plus_NCBI_Datasets	exact	Paired GCA is the same assembly record, retained explicitly; no isolate substitution
GCF_900054215.1_13414_3_23	ASSEMBLY_AVAILABLE	GCF_900054215.1	1	Scaffold	RefSeq	GCA_900054215.1	SAMEA2521669	2013209090-sc-1946962		PRJEB3084	previous	13414_3#23	NCBI RefSeq	2017-03-12	frozen_publication_GCF_prefix_exact_version_plus_NCBI_Datasets	exact	Paired GCA is the same assembly record, retained explicitly; no isolate substitution
GCF_900054225.1_14673_4_22	ASSEMBLY_AVAILABLE	GCF_900054225.1	1	Scaffold	RefSeq	GCA_900054225.1	SAMEA2796715	GPS_US_2010208284_R1-sc-2138699		PRJEB3084	previous	14673_4#22	NCBI RefSeq	2017-03-12	frozen_publication_GCF_prefix_exact_version_plus_NCBI_Datasets	exact	Paired GCA is the same assembly record, retained explicitly; no isolate substitution
GCF_900054235.1_14673_4_46	ASSEMBLY_AVAILABLE	GCF_900054235.1	1	Scaffold	RefSeq	GCA_900054235.1	SAMEA2796739	GPS_US_2009217666_R1-sc-2138723		PRJEB3084	previous	14673_4#46	NCBI RefSeq	2017-03-05	frozen_publication_GCF_prefix_exact_version_plus_NCBI_Datasets	exact	Paired GCA is the same assembly record, retained explicitly; no isolate substitution
GCF_900054505.1_12291_4_15	ASSEMBLY_AVAILABLE	GCF_900054505.1	1	Scaffold	RefSeq	GCA_900054505.1	SAMEA2335947	2010206729-sc-1810875		PRJEB3084	previous	12291_4#15	NCBI RefSeq	2017-03-05	frozen_publication_GCF_prefix_exact_version_plus_NCBI_Datasets	exact	Paired GCA is the same assembly record, retained explicitly; no isolate substitution
GCF_900054515.1_13414_1_92	ASSEMBLY_AVAILABLE	GCF_900054515.1	1	Scaffold	RefSeq	GCA_900054515.1	SAMEA2521548	2013212823-sc-1946839		PRJEB3084	previous	13414_1#92	NCBI RefSeq	2017-03-05	frozen_publication_GCF_prefix_exact_version_plus_NCBI_Datasets	exact	Paired GCA is the same assembly record, retained explicitly; no isolate substitution
GCF_900054725.1_12291_4_33	ASSEMBLY_AVAILABLE	GCF_900054725.1	1	Scaffold	RefSeq	GCA_900054725.1	SAMEA2335965	2010206275-sc-1810893		PRJEB3084	previous	12291_4#33	NCBI RefSeq	2017-03-12	frozen_publication_GCF_prefix_exact_version_plus_NCBI_Datasets	exact	Paired GCA is the same assembly record, retained explicitly; no isolate substitution
GCF_900054735.1_12291_4_53	ASSEMBLY_AVAILABLE	GCF_900054735.1	1	Scaffold	RefSeq	GCA_900054735.1	SAMEA2335985	2010216219-sc-1810913		PRJEB3084	previous	12291_4#53	NCBI RefSeq	2017-03-12	frozen_publication_GCF_prefix_exact_version_plus_NCBI_Datasets	exact	Paired GCA is the same assembly record, retained explicitly; no isolate substitution
GCF_900054745.1_13154_3_58	ASSEMBLY_AVAILABLE	GCF_900054745.1	1	Scaffold	RefSeq	GCA_900054745.1	SAMEA2467737	ERS437362		PRJEB3084	current	13154_3#58	NCBI RefSeq	2026-02-07	frozen_publication_GCF_prefix_exact_version_plus_NCBI_Datasets	exact	Paired GCA is the same assembly record, retained explicitly; no isolate substitution
GCF_900054755.1_13414_2_14	ASSEMBLY_AVAILABLE	GCF_900054755.1	1	Scaffold	RefSeq	GCA_900054755.1	SAMEA2521565	2012217274-sc-1946857		PRJEB3084	previous	13414_2#14	NCBI RefSeq	2017-03-13	frozen_publication_GCF_prefix_exact_version_plus_NCBI_Datasets	exact	Paired GCA is the same assembly record, retained explicitly; no isolate substitution
GCF_900054765.1_14673_1_74	ASSEMBLY_AVAILABLE	GCF_900054765.1	1	Scaffold	RefSeq	GCA_900054765.1	SAMEA2796482	GPS_US_2008232452-sc-2138461		PRJEB3084	previous	14673_1#74	NCBI RefSeq	2017-03-12	frozen_publication_GCF_prefix_exact_version_plus_NCBI_Datasets	exact	Paired GCA is the same assembly record, retained explicitly; no isolate substitution
GCF_900054775.1_14673_1_76	ASSEMBLY_AVAILABLE	GCF_900054775.1	1	Scaffold	RefSeq	GCA_900054775.1	SAMEA2796484	GPS_US_2008235379-sc-2138463		PRJEB3084	previous	14673_1#76	NCBI RefSeq	2017-03-06	frozen_publication_GCF_prefix_exact_version_plus_NCBI_Datasets	exact	Paired GCA is the same assembly record, retained explicitly; no isolate substitution
GCF_900054955.1_11679_1_53	ASSEMBLY_AVAILABLE	GCF_900054955.1	1	Scaffold	RefSeq	GCA_900054955.1	SAMEA2204007	2009215771-sc-2013-10-09T11:53:30Z-1712598		PRJEB3084	previous	11679_1#53	NCBI RefSeq	2017-03-13	frozen_publication_GCF_prefix_exact_version_plus_NCBI_Datasets	exact	Paired GCA is the same assembly record, retained explicitly; no isolate substitution
GCF_900054965.1_12291_4_79	ASSEMBLY_AVAILABLE	GCF_900054965.1	1	Scaffold	RefSeq	GCA_900054965.1	SAMEA2336011	2010209998-sc-1810939		PRJEB3084	previous	12291_4#79	NCBI RefSeq	2017-03-05	frozen_publication_GCF_prefix_exact_version_plus_NCBI_Datasets	exact	Paired GCA is the same assembly record, retained explicitly; no isolate substitution
GCF_900054975.1_12291_4_80	ASSEMBLY_AVAILABLE	GCF_900054975.1	1	Scaffold	RefSeq	GCA_900054975.1	SAMEA2336012	2010210051-sc-1810940		PRJEB3084	previous	12291_4#80	NCBI RefSeq	2017-03-12	frozen_publication_GCF_prefix_exact_version_plus_NCBI_Datasets	exact	Paired GCA is the same assembly record, retained explicitly; no isolate substitution
GCF_900054985.1_13414_1_46	ASSEMBLY_AVAILABLE	GCF_900054985.1	1	Scaffold	RefSeq	GCA_900054985.1	SAMEA2521499	2013202641-sc-1946793		PRJEB3084	previous	13414_1#46	NCBI RefSeq	2017-03-13	frozen_publication_GCF_prefix_exact_version_plus_NCBI_Datasets	exact	Paired GCA is the same assembly record, retained explicitly; no isolate substitution
GCF_900054995.1_13414_1_68	ASSEMBLY_AVAILABLE	GCF_900054995.1	1	Scaffold	RefSeq	GCA_900054995.1	SAMEA2521524	2013209063-sc-1946815		PRJEB3084	previous	13414_1#68	NCBI RefSeq	2017-03-13	frozen_publication_GCF_prefix_exact_version_plus_NCBI_Datasets	exact	Paired GCA is the same assembly record, retained explicitly; no isolate substitution
GCF_900055005.1_13414_2_55	ASSEMBLY_AVAILABLE	GCF_900055005.1	1	Scaffold	RefSeq	GCA_900055005.1	SAMEA2521606	2012221324-sc-1946898		PRJEB3084	previous	13414_2#55	NCBI RefSeq	2017-03-13	frozen_publication_GCF_prefix_exact_version_plus_NCBI_Datasets	exact	Paired GCA is the same assembly record, retained explicitly; no isolate substitution
GCF_900055015.1_14673_3_9	ASSEMBLY_AVAILABLE	GCF_900055015.1	1	Scaffold	RefSeq	GCA_900055015.1	SAMEA2796607	GPS_US_2008237194-sc-2138588		PRJEB3084	previous	14673_3#9	NCBI RefSeq	2017-03-15	frozen_publication_GCF_prefix_exact_version_plus_NCBI_Datasets	exact	Paired GCA is the same assembly record, retained explicitly; no isolate substitution
GCF_900055025.1_14673_4_23	ASSEMBLY_AVAILABLE	GCF_900055025.1	1	Scaffold	RefSeq	GCA_900055025.1	SAMEA2796716	GPS_US_2010223248_R1-sc-2138700		PRJEB3084	previous	14673_4#23	NCBI RefSeq	2017-03-12	frozen_publication_GCF_prefix_exact_version_plus_NCBI_Datasets	exact	Paired GCA is the same assembly record, retained explicitly; no isolate substitution
GCF_900055225.1_11657_4_33	ASSEMBLY_AVAILABLE	GCF_900055225.1	1	Scaffold	RefSeq	GCA_900055225.1	SAMEA2203899	ERS356410		PRJEB3084	current	11657_4#33	NCBI RefSeq	2026-02-07	frozen_publication_GCF_prefix_exact_version_plus_NCBI_Datasets	exact	Paired GCA is the same assembly record, retained explicitly; no isolate substitution
GCF_900055235.1_14673_1_89	ASSEMBLY_AVAILABLE	GCF_900055235.1	1	Scaffold	RefSeq	GCA_900055235.1	SAMEA2796497	GPS_US_2009202419-sc-2138476		PRJEB3084	previous	14673_1#89	NCBI RefSeq	2017-03-06	frozen_publication_GCF_prefix_exact_version_plus_NCBI_Datasets	exact	Paired GCA is the same assembly record, retained explicitly; no isolate substitution
GCF_900055315.1_11657_4_36	ASSEMBLY_AVAILABLE	GCF_900055315.1	1	Scaffold	RefSeq	GCA_900055315.1	SAMEA2203917	2009211089-sc-2013-10-09T11:51:48Z-1712507		PRJEB3084	previous	11657_4#36	NCBI RefSeq	2017-03-12	frozen_publication_GCF_prefix_exact_version_plus_NCBI_Datasets	exact	Paired GCA is the same assembly record, retained explicitly; no isolate substitution
GCF_900055325.1_12291_4_87	ASSEMBLY_AVAILABLE	GCF_900055325.1	1	Scaffold	RefSeq	GCA_900055325.1	SAMEA2336019	2010208412-sc-1810947		PRJEB3084	previous	12291_4#87	NCBI RefSeq	2017-03-13	frozen_publication_GCF_prefix_exact_version_plus_NCBI_Datasets	exact	Paired GCA is the same assembly record, retained explicitly; no isolate substitution
GCF_900055345.1_13091_6_90	ASSEMBLY_AVAILABLE	GCF_900055345.1	1	Scaffold	RefSeq	GCA_900055345.1	SAMEA2467541	2009217744-sc-1926326		PRJEB3084	previous	13091_6#90	NCBI RefSeq	2017-03-05	frozen_publication_GCF_prefix_exact_version_plus_NCBI_Datasets	exact	Paired GCA is the same assembly record, retained explicitly; no isolate substitution
GCF_900055355.1_13154_3_22	ASSEMBLY_AVAILABLE	GCF_900055355.1	1	Scaffold	RefSeq	GCA_900055355.1	SAMEA2467564	2009218333-sc-1926350		PRJEB3084	previous	13154_3#22	NCBI RefSeq	2017-03-05	frozen_publication_GCF_prefix_exact_version_plus_NCBI_Datasets	exact	Paired GCA is the same assembly record, retained explicitly; no isolate substitution
GCF_900055365.1_13154_3_27	ASSEMBLY_AVAILABLE	GCF_900055365.1	1	Scaffold	RefSeq	GCA_900055365.1	SAMEA2467570	2009218403-sc-1926356		PRJEB3084	current	13154_3#27	NCBI RefSeq	2026-01-14	frozen_publication_GCF_prefix_exact_version_plus_NCBI_Datasets	exact	Paired GCA is the same assembly record, retained explicitly; no isolate substitution
GCF_900055375.1_13154_3_28	ASSEMBLY_AVAILABLE	GCF_900055375.1	1	Scaffold	RefSeq	GCA_900055375.1	SAMEA2467572	ERS437329		PRJEB3084	current	13154_3#28	NCBI RefSeq	2026-02-07	frozen_publication_GCF_prefix_exact_version_plus_NCBI_Datasets	exact	Paired GCA is the same assembly record, retained explicitly; no isolate substitution
GCF_900055385.1_13414_2_15	ASSEMBLY_AVAILABLE	GCF_900055385.1	1	Scaffold	RefSeq	GCA_900055385.1	SAMEA2521566	2012217544-sc-1946858		PRJEB3084	previous	13414_2#15	NCBI RefSeq	2017-03-13	frozen_publication_GCF_prefix_exact_version_plus_NCBI_Datasets	exact	Paired GCA is the same assembly record, retained explicitly; no isolate substitution
GCF_900055395.1_13414_2_64	ASSEMBLY_AVAILABLE	GCF_900055395.1	1	Scaffold	RefSeq	GCA_900055395.1	SAMEA2521615	2012220440-sc-1946907		PRJEB3084	previous	13414_2#64	NCBI RefSeq	2017-03-05	frozen_publication_GCF_prefix_exact_version_plus_NCBI_Datasets	exact	Paired GCA is the same assembly record, retained explicitly; no isolate substitution
GCF_900055405.1_13414_3_24	ASSEMBLY_AVAILABLE	GCF_900055405.1	1	Scaffold	RefSeq	GCA_900055405.1	SAMEA2521670	2013210876-sc-1946963		PRJEB3084	previous	13414_3#24	NCBI RefSeq	2017-03-13	frozen_publication_GCF_prefix_exact_version_plus_NCBI_Datasets	exact	Paired GCA is the same assembly record, retained explicitly; no isolate substitution
GCF_900055415.1_13414_3_31	ASSEMBLY_AVAILABLE	GCF_900055415.1	1	Scaffold	RefSeq	GCA_900055415.1	SAMEA2521677	2013206298-sc-1946970		PRJEB3084	previous	13414_3#31	NCBI RefSeq	2017-03-05	frozen_publication_GCF_prefix_exact_version_plus_NCBI_Datasets	exact	Paired GCA is the same assembly record, retained explicitly; no isolate substitution
GCF_900055425.1_13414_3_35	ASSEMBLY_AVAILABLE	GCF_900055425.1	1	Scaffold	RefSeq	GCA_900055425.1	SAMEA2521681	2013208721-sc-1946974		PRJEB3084	previous	13414_3#35	NCBI RefSeq	2017-03-13	frozen_publication_GCF_prefix_exact_version_plus_NCBI_Datasets	exact	Paired GCA is the same assembly record, retained explicitly; no isolate substitution
GCF_900055435.1_14673_4_15	ASSEMBLY_AVAILABLE	GCF_900055435.1	1	Scaffold	RefSeq	GCA_900055435.1	SAMEA2796708	GPS_US_2009215598_R1-sc-2138692		PRJEB3084	previous	14673_4#15	NCBI RefSeq	2017-03-13	frozen_publication_GCF_prefix_exact_version_plus_NCBI_Datasets	exact	Paired GCA is the same assembly record, retained explicitly; no isolate substitution
GCF_900055655.1_11658_2_66	ASSEMBLY_AVAILABLE	GCF_900055655.1	1	Scaffold	RefSeq	GCA_900055655.1	SAMEA2203934	2009211285-sc-2013-10-09T11:52:07Z-1712524		PRJEB3084	previous	11658_2#66	NCBI RefSeq	2017-03-12	frozen_publication_GCF_prefix_exact_version_plus_NCBI_Datasets	exact	Paired GCA is the same assembly record, retained explicitly; no isolate substitution
GCF_900055665.1_11657_4_49	ASSEMBLY_AVAILABLE	GCF_900055665.1	1	Scaffold	RefSeq	GCA_900055665.1	SAMEA2203996	2009215630-sc-2013-10-09T11:53:18Z-1712587		PRJEB3084	previous	11657_4#49	NCBI RefSeq	2017-03-13	frozen_publication_GCF_prefix_exact_version_plus_NCBI_Datasets	exact	Paired GCA is the same assembly record, retained explicitly; no isolate substitution
GCF_900055675.1_12291_4_89	ASSEMBLY_AVAILABLE	GCF_900055675.1	1	Scaffold	RefSeq	GCA_900055675.1	SAMEA2336021	2010208437-sc-1810949		PRJEB3084	previous	12291_4#89	NCBI RefSeq	2017-03-05	frozen_publication_GCF_prefix_exact_version_plus_NCBI_Datasets	exact	Paired GCA is the same assembly record, retained explicitly; no isolate substitution
GCF_900055685.1_13414_2_50	ASSEMBLY_AVAILABLE	GCF_900055685.1	1	Scaffold	RefSeq	GCA_900055685.1	SAMEA2521601	2012222470-sc-1946893		PRJEB3084	previous	13414_2#50	NCBI RefSeq	2017-03-12	frozen_publication_GCF_prefix_exact_version_plus_NCBI_Datasets	exact	Paired GCA is the same assembly record, retained explicitly; no isolate substitution
GCF_900055695.1_13414_2_52	ASSEMBLY_AVAILABLE	GCF_900055695.1	1	Scaffold	RefSeq	GCA_900055695.1	SAMEA2521603	2012221540-sc-1946895		PRJEB3084	previous	13414_2#52	NCBI RefSeq	2017-03-05	frozen_publication_GCF_prefix_exact_version_plus_NCBI_Datasets	exact	Paired GCA is the same assembly record, retained explicitly; no isolate substitution
GCF_900055705.1_13414_3_28	ASSEMBLY_AVAILABLE	GCF_900055705.1	1	Scaffold	RefSeq	GCA_900055705.1	SAMEA2521674	2013205808-sc-1946967		PRJEB3084	previous	13414_3#28	NCBI RefSeq	2017-03-12	frozen_publication_GCF_prefix_exact_version_plus_NCBI_Datasets	exact	Paired GCA is the same assembly record, retained explicitly; no isolate substitution
GCF_900055715.1_13414_3_38	ASSEMBLY_AVAILABLE	GCF_900055715.1	1	Scaffold	RefSeq	GCA_900055715.1	SAMEA2521684	2013211404-sc-1946977		PRJEB3084	previous	13414_3#38	NCBI RefSeq	2017-03-05	frozen_publication_GCF_prefix_exact_version_plus_NCBI_Datasets	exact	Paired GCA is the same assembly record, retained explicitly; no isolate substitution
GCF_900055725.1_14673_4_40	ASSEMBLY_AVAILABLE	GCF_900055725.1	1	Scaffold	RefSeq	GCA_900055725.1	SAMEA2796733	GPS_US_2009212860_R1-sc-2138717		PRJEB3084	previous	14673_4#40	NCBI RefSeq	2017-03-05	frozen_publication_GCF_prefix_exact_version_plus_NCBI_Datasets	exact	Paired GCA is the same assembly record, retained explicitly; no isolate substitution
GCF_900055735.1_14673_4_42	ASSEMBLY_AVAILABLE	GCF_900055735.1	1	Scaffold	RefSeq	GCA_900055735.1	SAMEA2796735	GPS_US_2009215898_R1-sc-2138719		PRJEB3084	previous	14673_4#42	NCBI RefSeq	2017-03-13	frozen_publication_GCF_prefix_exact_version_plus_NCBI_Datasets	exact	Paired GCA is the same assembly record, retained explicitly; no isolate substitution
GCF_900055965.1_11679_1_39	ASSEMBLY_AVAILABLE	GCF_900055965.1	1	Scaffold	RefSeq	GCA_900055965.1	SAMEA2203938	2009212708-sc-2013-10-09T11:52:12Z-1712528		PRJEB3084	previous	11679_1#39	NCBI RefSeq	2017-03-12	frozen_publication_GCF_prefix_exact_version_plus_NCBI_Datasets	exact	Paired GCA is the same assembly record, retained explicitly; no isolate substitution
GCF_900055975.1_11822_8_79	ASSEMBLY_AVAILABLE	GCF_900055975.1	1	Scaffold	RefSeq	GCA_900055975.1	SAMEA2204008	2009215804-sc-2013-10-09T11:53:32Z-1712599		PRJEB3084	previous	11822_8#79	NCBI RefSeq	2017-03-15	frozen_publication_GCF_prefix_exact_version_plus_NCBI_Datasets	exact	Paired GCA is the same assembly record, retained explicitly; no isolate substitution
GCF_900055985.1_13154_3_26	ASSEMBLY_AVAILABLE	GCF_900055985.1	1	Scaffold	RefSeq	GCA_900055985.1	SAMEA2467569	2009218402-sc-1926355		PRJEB3084	previous	13154_3#26	NCBI RefSeq	2017-03-13	frozen_publication_GCF_prefix_exact_version_plus_NCBI_Datasets	exact	Paired GCA is the same assembly record, retained explicitly; no isolate substitution
GCF_900055995.1_13154_3_57	ASSEMBLY_AVAILABLE	GCF_900055995.1	1	Scaffold	RefSeq	GCA_900055995.1	SAMEA2467736	2010200810-sc-1926390		PRJEB3084	previous	13154_3#57	NCBI RefSeq	2017-03-13	frozen_publication_GCF_prefix_exact_version_plus_NCBI_Datasets	exact	Paired GCA is the same assembly record, retained explicitly; no isolate substitution
GCF_900056005.1_13154_3_61	ASSEMBLY_AVAILABLE	GCF_900056005.1	1	Scaffold	RefSeq	GCA_900056005.1	SAMEA2467740	ERS437365		PRJEB3084	current	13154_3#61	NCBI RefSeq	2026-01-31	frozen_publication_GCF_prefix_exact_version_plus_NCBI_Datasets	exact	Paired GCA is the same assembly record, retained explicitly; no isolate substitution
GCF_900056015.1_13154_3_62	ASSEMBLY_AVAILABLE	GCF_900056015.1	1	Scaffold	RefSeq	GCA_900056015.1	SAMEA2467741	2010200837-sc-1926395		PRJEB3084	current	13154_3#62	NCBI RefSeq	2026-01-15	frozen_publication_GCF_prefix_exact_version_plus_NCBI_Datasets	exact	Paired GCA is the same assembly record, retained explicitly; no isolate substitution
GCF_900056025.1_13414_3_42	ASSEMBLY_AVAILABLE	GCF_900056025.1	1	Scaffold	RefSeq	GCA_900056025.1	SAMEA2521688	2013212446-sc-1946981		PRJEB3084	previous	13414_3#42	NCBI RefSeq	2017-03-05	frozen_publication_GCF_prefix_exact_version_plus_NCBI_Datasets	exact	Paired GCA is the same assembly record, retained explicitly; no isolate substitution
GCF_900056035.1_14673_4_67	ASSEMBLY_AVAILABLE	GCF_900056035.1	1	Scaffold	RefSeq	GCA_900056035.1	SAMEA2796760	GPS_US_2010202229_R1-sc-2138744		PRJEB3084	previous	14673_4#67	NCBI RefSeq	2017-03-05	frozen_publication_GCF_prefix_exact_version_plus_NCBI_Datasets	exact	Paired GCA is the same assembly record, retained explicitly; no isolate substitution
GCF_900056325.1_11679_1_51	ASSEMBLY_AVAILABLE	GCF_900056325.1	1	Scaffold	RefSeq	GCA_900056325.1	SAMEA2204000	2009215660-sc-2013-10-09T11:53:22Z-1712591		PRJEB3084	previous	11679_1#51	NCBI RefSeq	2017-03-13	frozen_publication_GCF_prefix_exact_version_plus_NCBI_Datasets	exact	Paired GCA is the same assembly record, retained explicitly; no isolate substitution
GCF_900056335.1_13091_6_82	ASSEMBLY_AVAILABLE	GCF_900056335.1	1	Scaffold	RefSeq	GCA_900056335.1	SAMEA2467533	2009217687-sc-1926318		PRJEB3084	previous	13091_6#82	NCBI RefSeq	2017-03-13	frozen_publication_GCF_prefix_exact_version_plus_NCBI_Datasets	exact	Paired GCA is the same assembly record, retained explicitly; no isolate substitution
GCF_900056345.1_13154_3_25	ASSEMBLY_AVAILABLE	GCF_900056345.1	1	Scaffold	RefSeq	GCA_900056345.1	SAMEA2467568	ERS437325		PRJEB3084	current	13154_3#25	NCBI RefSeq	2025-12-29	frozen_publication_GCF_prefix_exact_version_plus_NCBI_Datasets	exact	Paired GCA is the same assembly record, retained explicitly; no isolate substitution
GCF_900056355.1_13154_3_29	ASSEMBLY_AVAILABLE	GCF_900056355.1	1	Scaffold	RefSeq	GCA_900056355.1	SAMEA2467573	2009219987-sc-1926359		PRJEB3084	previous	13154_3#29	NCBI RefSeq	2017-03-13	frozen_publication_GCF_prefix_exact_version_plus_NCBI_Datasets	exact	Paired GCA is the same assembly record, retained explicitly; no isolate substitution
GCF_900056365.1_13154_3_86	ASSEMBLY_AVAILABLE	GCF_900056365.1	1	Scaffold	RefSeq	GCA_900056365.1	SAMEA2467765	2010206338-sc-1926419		PRJEB3084	previous	13154_3#86	NCBI RefSeq	2017-03-05	frozen_publication_GCF_prefix_exact_version_plus_NCBI_Datasets	exact	Paired GCA is the same assembly record, retained explicitly; no isolate substitution
GCF_900056375.1_13414_2_36	ASSEMBLY_AVAILABLE	GCF_900056375.1	1	Scaffold	RefSeq	GCA_900056375.1	SAMEA2521587	2013206212-sc-1946879		PRJEB3084	previous	13414_2#36	NCBI RefSeq	2017-03-13	frozen_publication_GCF_prefix_exact_version_plus_NCBI_Datasets	exact	Paired GCA is the same assembly record, retained explicitly; no isolate substitution
GCF_900056385.1_13414_2_37	ASSEMBLY_AVAILABLE	GCF_900056385.1	1	Scaffold	RefSeq	GCA_900056385.1	SAMEA2521588	2013206201-sc-1946880		PRJEB3084	previous	13414_2#37	NCBI RefSeq	2017-03-13	frozen_publication_GCF_prefix_exact_version_plus_NCBI_Datasets	exact	Paired GCA is the same assembly record, retained explicitly; no isolate substitution
GCF_900056395.1_13414_2_59	ASSEMBLY_AVAILABLE	GCF_900056395.1	1	Scaffold	RefSeq	GCA_900056395.1	SAMEA2521610	2012222918-sc-1946902		PRJEB3084	previous	13414_2#59	NCBI RefSeq	2017-03-12	frozen_publication_GCF_prefix_exact_version_plus_NCBI_Datasets	exact	Paired GCA is the same assembly record, retained explicitly; no isolate substitution
GCF_900056405.1_13414_2_61	ASSEMBLY_AVAILABLE	GCF_900056405.1	1	Scaffold	RefSeq	GCA_900056405.1	SAMEA2521612	2012220587-sc-1946904		PRJEB3084	previous	13414_2#61	NCBI RefSeq	2017-03-12	frozen_publication_GCF_prefix_exact_version_plus_NCBI_Datasets	exact	Paired GCA is the same assembly record, retained explicitly; no isolate substitution
GCF_900056415.1_13414_2_92	ASSEMBLY_AVAILABLE	GCF_900056415.1	1	Scaffold	RefSeq	GCA_900056415.1	SAMEA2521643	2012214921-sc-1946935		PRJEB3084	previous	13414_2#92	NCBI RefSeq	2017-03-15	frozen_publication_GCF_prefix_exact_version_plus_NCBI_Datasets	exact	Paired GCA is the same assembly record, retained explicitly; no isolate substitution
GCF_900056425.1_13414_3_17	ASSEMBLY_AVAILABLE	GCF_900056425.1	1	Scaffold	RefSeq	GCA_900056425.1	SAMEA2521663	2012221583-sc-1946956		PRJEB3084	previous	13414_3#17	NCBI RefSeq	2017-03-13	frozen_publication_GCF_prefix_exact_version_plus_NCBI_Datasets	exact	Paired GCA is the same assembly record, retained explicitly; no isolate substitution
GCF_900056435.1_13414_3_14	ASSEMBLY_AVAILABLE	GCF_900056435.1	1	Scaffold	RefSeq	GCA_900056435.1	SAMEA2521660	2012224338-sc-1946953		PRJEB3084	previous	13414_3#14	NCBI RefSeq	2017-03-12	frozen_publication_GCF_prefix_exact_version_plus_NCBI_Datasets	exact	Paired GCA is the same assembly record, retained explicitly; no isolate substitution
GCF_900056695.1_11657_8_27	ASSEMBLY_AVAILABLE	GCF_900056695.1	1	Scaffold	RefSeq	GCA_900056695.1	SAMEA2203993	2009214056-sc-2013-10-09T11:53:14Z-1712584		PRJEB3084	previous	11657_8#27	NCBI RefSeq	2017-03-12	frozen_publication_GCF_prefix_exact_version_plus_NCBI_Datasets	exact	Paired GCA is the same assembly record, retained explicitly; no isolate substitution
GCF_900056705.1_11511_8_59	ASSEMBLY_AVAILABLE	GCF_900056705.1	1	Scaffold	RefSeq	GCA_900056705.1	SAMEA2204026	2009218018-sc-2013-10-09T11:53:51Z-1712617		PRJEB3084	previous	11511_8#59	NCBI RefSeq	2017-03-13	frozen_publication_GCF_prefix_exact_version_plus_NCBI_Datasets	exact	Paired GCA is the same assembly record, retained explicitly; no isolate substitution
GCF_900056715.1_13414_1_45	ASSEMBLY_AVAILABLE	GCF_900056715.1	1	Scaffold	RefSeq	GCA_900056715.1	SAMEA2521498	2013202610-sc-1946792		PRJEB3084	previous	13414_1#45	NCBI RefSeq	2017-03-12	frozen_publication_GCF_prefix_exact_version_plus_NCBI_Datasets	exact	Paired GCA is the same assembly record, retained explicitly; no isolate substitution
GCF_900056725.1_13414_2_16	ASSEMBLY_AVAILABLE	GCF_900056725.1	1	Scaffold	RefSeq	GCA_900056725.1	SAMEA2521567	2012217851-sc-1946859		PRJEB3084	previous	13414_2#16	NCBI RefSeq	2017-03-13	frozen_publication_GCF_prefix_exact_version_plus_NCBI_Datasets	exact	Paired GCA is the same assembly record, retained explicitly; no isolate substitution
GCF_900056735.1_14673_4_27	ASSEMBLY_AVAILABLE	GCF_900056735.1	1	Scaffold	RefSeq	GCA_900056735.1	SAMEA2796720	GPS_US_2010220052_R1-sc-2138704		PRJEB3084	previous	14673_4#27	NCBI RefSeq	2017-03-05	frozen_publication_GCF_prefix_exact_version_plus_NCBI_Datasets	exact	Paired GCA is the same assembly record, retained explicitly; no isolate substitution
GCF_900056985.1_12291_5_3	ASSEMBLY_AVAILABLE	GCF_900056985.1	1	Scaffold	RefSeq	GCA_900056985.1	SAMEA2336025	2010216092-sc-1810953		PRJEB3084	previous	12291_5#3	NCBI RefSeq	2017-03-13	frozen_publication_GCF_prefix_exact_version_plus_NCBI_Datasets	exact	Paired GCA is the same assembly record, retained explicitly; no isolate substitution
GCF_900056995.1_13154_3_30	ASSEMBLY_AVAILABLE	GCF_900056995.1	1	Scaffold	RefSeq	GCA_900056995.1	SAMEA2467574	ERS437331		PRJEB3084	current	13154_3#30	NCBI RefSeq	2026-02-04	frozen_publication_GCF_prefix_exact_version_plus_NCBI_Datasets	exact	Paired GCA is the same assembly record, retained explicitly; no isolate substitution
GCF_900057005.1_13414_1_90	ASSEMBLY_AVAILABLE	GCF_900057005.1	1	Scaffold	RefSeq	GCA_900057005.1	SAMEA2521546	2013208538-sc-1946837		PRJEB3084	previous	13414_1#90	NCBI RefSeq	2017-03-05	frozen_publication_GCF_prefix_exact_version_plus_NCBI_Datasets	exact	Paired GCA is the same assembly record, retained explicitly; no isolate substitution
GCF_900057015.1_14673_4_11	ASSEMBLY_AVAILABLE	GCF_900057015.1	1	Scaffold	RefSeq	GCA_900057015.1	SAMEA2796704	GPS_US_2009209135_R1-sc-2138688		PRJEB3084	previous	14673_4#11	NCBI RefSeq	2017-03-13	frozen_publication_GCF_prefix_exact_version_plus_NCBI_Datasets	exact	Paired GCA is the same assembly record, retained explicitly; no isolate substitution
GCF_900057025.1_14673_4_45	ASSEMBLY_AVAILABLE	GCF_900057025.1	1	Scaffold	RefSeq	GCA_900057025.1	SAMEA2796738	GPS_US_2009218419_R1-sc-2138722		PRJEB3084	previous	14673_4#45	NCBI RefSeq	2017-03-13	frozen_publication_GCF_prefix_exact_version_plus_NCBI_Datasets	exact	Paired GCA is the same assembly record, retained explicitly; no isolate substitution
GCF_900057115.1_12291_4_82	ASSEMBLY_AVAILABLE	GCF_900057115.1	1	Scaffold	RefSeq	GCA_900057115.1	SAMEA2336014	2010208351-sc-1810942		PRJEB3084	previous	12291_4#82	NCBI RefSeq	2017-03-13	frozen_publication_GCF_prefix_exact_version_plus_NCBI_Datasets	exact	Paired GCA is the same assembly record, retained explicitly; no isolate substitution
GCF_900057125.1_12291_4_85	ASSEMBLY_AVAILABLE	GCF_900057125.1	1	Scaffold	RefSeq	GCA_900057125.1	SAMEA2336017	2010208374-sc-1810945		PRJEB3084	previous	12291_4#85	NCBI RefSeq	2017-03-12	frozen_publication_GCF_prefix_exact_version_plus_NCBI_Datasets	exact	Paired GCA is the same assembly record, retained explicitly; no isolate substitution
GCF_900057135.1_13154_3_46	ASSEMBLY_AVAILABLE	GCF_900057135.1	1	Scaffold	RefSeq	GCA_900057135.1	SAMEA2467725	2010201630-sc-1926379		PRJEB3084	previous	13154_3#46	NCBI RefSeq	2017-03-13	frozen_publication_GCF_prefix_exact_version_plus_NCBI_Datasets	exact	Paired GCA is the same assembly record, retained explicitly; no isolate substitution
GCF_900057145.1_13414_1_40	ASSEMBLY_AVAILABLE	GCF_900057145.1	1	Scaffold	RefSeq	GCA_900057145.1	SAMEA2521493	2010200823-sc-1946787		PRJEB3084	previous	13414_1#40	NCBI RefSeq	2017-03-13	frozen_publication_GCF_prefix_exact_version_plus_NCBI_Datasets	exact	Paired GCA is the same assembly record, retained explicitly; no isolate substitution
GCF_900057155.1_13414_2_38	ASSEMBLY_AVAILABLE	GCF_900057155.1	1	Scaffold	RefSeq	GCA_900057155.1	SAMEA2521589	2012225592-sc-1946881		PRJEB3084	previous	13414_2#38	NCBI RefSeq	2017-03-12	frozen_publication_GCF_prefix_exact_version_plus_NCBI_Datasets	exact	Paired GCA is the same assembly record, retained explicitly; no isolate substitution
GCF_900057165.1_13414_3_40	ASSEMBLY_AVAILABLE	GCF_900057165.1	1	Scaffold	RefSeq	GCA_900057165.1	SAMEA2521686	2013211429-sc-1946979		PRJEB3084	previous	13414_3#40	NCBI RefSeq	2017-03-13	frozen_publication_GCF_prefix_exact_version_plus_NCBI_Datasets	exact	Paired GCA is the same assembly record, retained explicitly; no isolate substitution
GCF_900057175.1_14673_4_12	ASSEMBLY_AVAILABLE	GCF_900057175.1	1	Scaffold	RefSeq	GCA_900057175.1	SAMEA2796705	GPS_US_2009210887_R1-sc-2138689		PRJEB3084	previous	14673_4#12	NCBI RefSeq	2017-03-12	frozen_publication_GCF_prefix_exact_version_plus_NCBI_Datasets	exact	Paired GCA is the same assembly record, retained explicitly; no isolate substitution
GCF_900057355.1_11657_4_52	ASSEMBLY_AVAILABLE	GCF_900057355.1	1	Scaffold	RefSeq	GCA_900057355.1	SAMEA2204009	2009215833-sc-2013-10-09T11:53:33Z-1712600		PRJEB3084	previous	11657_4#52	NCBI RefSeq	2017-03-13	frozen_publication_GCF_prefix_exact_version_plus_NCBI_Datasets	exact	Paired GCA is the same assembly record, retained explicitly; no isolate substitution
GCF_900057365.1_13414_1_57	ASSEMBLY_AVAILABLE	GCF_900057365.1	1	Scaffold	RefSeq	GCA_900057365.1	SAMEA2521513	2012224830-sc-1946804		PRJEB3084	previous	13414_1#57	NCBI RefSeq	2017-03-13	frozen_publication_GCF_prefix_exact_version_plus_NCBI_Datasets	exact	Paired GCA is the same assembly record, retained explicitly; no isolate substitution
GCF_900057375.1_13414_2_66	ASSEMBLY_AVAILABLE	GCF_900057375.1	1	Scaffold	RefSeq	GCA_900057375.1	SAMEA2521617	2012220354-sc-1946909		PRJEB3084	previous	13414_2#66	NCBI RefSeq	2017-03-12	frozen_publication_GCF_prefix_exact_version_plus_NCBI_Datasets	exact	Paired GCA is the same assembly record, retained explicitly; no isolate substitution
GCF_900057385.1_14673_1_78	ASSEMBLY_AVAILABLE	GCF_900057385.1	1	Scaffold	RefSeq	GCA_900057385.1	SAMEA2796486	GPS_US_2009203640-sc-2138465		PRJEB3084	previous	14673_1#78	NCBI RefSeq	2017-03-13	frozen_publication_GCF_prefix_exact_version_plus_NCBI_Datasets	exact	Paired GCA is the same assembly record, retained explicitly; no isolate substitution
GCF_900057395.1_14673_1_79	ASSEMBLY_AVAILABLE	GCF_900057395.1	1	Scaffold	RefSeq	GCA_900057395.1	SAMEA2796487	GPS_US_2008228002-sc-2138466		PRJEB3084	previous	14673_1#79	NCBI RefSeq	2017-03-13	frozen_publication_GCF_prefix_exact_version_plus_NCBI_Datasets	exact	Paired GCA is the same assembly record, retained explicitly; no isolate substitution
GCF_900057405.1_14673_1_81	ASSEMBLY_AVAILABLE	GCF_900057405.1	1	Scaffold	RefSeq	GCA_900057405.1	SAMEA2796489	GPS_US_2008237702-sc-2138468		PRJEB3084	previous	14673_1#81	NCBI RefSeq	2017-03-12	frozen_publication_GCF_prefix_exact_version_plus_NCBI_Datasets	exact	Paired GCA is the same assembly record, retained explicitly; no isolate substitution
GCF_900057415.1_14673_4_29	ASSEMBLY_AVAILABLE	GCF_900057415.1	1	Scaffold	RefSeq	GCA_900057415.1	SAMEA2796722	GPS_US_2009208544_R1-sc-2138706		PRJEB3084	previous	14673_4#29	NCBI RefSeq	2017-03-15	frozen_publication_GCF_prefix_exact_version_plus_NCBI_Datasets	exact	Paired GCA is the same assembly record, retained explicitly; no isolate substitution
GCF_900057425.1_14673_4_30	ASSEMBLY_AVAILABLE	GCF_900057425.1	1	Scaffold	RefSeq	GCA_900057425.1	SAMEA2796723	GPS_US_2009210923_R1-sc-2138707		PRJEB3084	previous	14673_4#30	NCBI RefSeq	2017-03-05	frozen_publication_GCF_prefix_exact_version_plus_NCBI_Datasets	exact	Paired GCA is the same assembly record, retained explicitly; no isolate substitution
GCF_900057655.1_13414_2_57	ASSEMBLY_AVAILABLE	GCF_900057655.1	1	Scaffold	RefSeq	GCA_900057655.1	SAMEA2521608	2012220659-sc-1946900		PRJEB3084	previous	13414_2#57	NCBI RefSeq	2017-03-05	frozen_publication_GCF_prefix_exact_version_plus_NCBI_Datasets	exact	Paired GCA is the same assembly record, retained explicitly; no isolate substitution
GCF_900057825.1_11511_8_47	ASSEMBLY_AVAILABLE	GCF_900057825.1	1	Scaffold	RefSeq	GCA_900057825.1	SAMEA2203922	2009211113-sc-2013-10-09T11:51:54Z-1712512		PRJEB3084	previous	11511_8#47	NCBI RefSeq	2017-03-13	frozen_publication_GCF_prefix_exact_version_plus_NCBI_Datasets	exact	Paired GCA is the same assembly record, retained explicitly; no isolate substitution
GCF_900057835.1_11679_1_40	ASSEMBLY_AVAILABLE	GCF_900057835.1	1	Scaffold	RefSeq	GCA_900057835.1	SAMEA2203943	2009212769-sc-2013-10-09T11:52:17Z-1712533		PRJEB3084	previous	11679_1#40	NCBI RefSeq	2017-03-05	frozen_publication_GCF_prefix_exact_version_plus_NCBI_Datasets	exact	Paired GCA is the same assembly record, retained explicitly; no isolate substitution
GCF_900057845.1_13154_3_76	ASSEMBLY_AVAILABLE	GCF_900057845.1	1	Scaffold	RefSeq	GCA_900057845.1	SAMEA2467755	ERS437380		PRJEB3084	current	13154_3#76	NCBI RefSeq	2026-02-01	frozen_publication_GCF_prefix_exact_version_plus_NCBI_Datasets	exact	Paired GCA is the same assembly record, retained explicitly; no isolate substitution
GCF_900057855.1_13154_3_78	ASSEMBLY_AVAILABLE	GCF_900057855.1	1	Scaffold	RefSeq	GCA_900057855.1	SAMEA2467757	2010204335-sc-1926411		PRJEB3084	previous	13154_3#78	NCBI RefSeq	2017-03-05	frozen_publication_GCF_prefix_exact_version_plus_NCBI_Datasets	exact	Paired GCA is the same assembly record, retained explicitly; no isolate substitution
GCF_900057865.1_13154_3_87	ASSEMBLY_AVAILABLE	GCF_900057865.1	1	Scaffold	RefSeq	GCA_900057865.1	SAMEA2467766	2010206353-sc-1926420		PRJEB3084	previous	13154_3#87	NCBI RefSeq	2017-03-13	frozen_publication_GCF_prefix_exact_version_plus_NCBI_Datasets	exact	Paired GCA is the same assembly record, retained explicitly; no isolate substitution
GCF_900057875.1_13414_2_3	ASSEMBLY_AVAILABLE	GCF_900057875.1	1	Scaffold	RefSeq	GCA_900057875.1	SAMEA2521554	2012213285-sc-1946846		PRJEB3084	previous	13414_2#3	NCBI RefSeq	2017-03-13	frozen_publication_GCF_prefix_exact_version_plus_NCBI_Datasets	exact	Paired GCA is the same assembly record, retained explicitly; no isolate substitution
GCF_900057885.1_13414_2_9	ASSEMBLY_AVAILABLE	GCF_900057885.1	1	Scaffold	RefSeq	GCA_900057885.1	SAMEA2521560	2012214417-sc-1946852		PRJEB3084	previous	13414_2#9	NCBI RefSeq	2017-03-15	frozen_publication_GCF_prefix_exact_version_plus_NCBI_Datasets	exact	Paired GCA is the same assembly record, retained explicitly; no isolate substitution
GCF_900057895.1_13414_2_94	ASSEMBLY_AVAILABLE	GCF_900057895.1	1	Scaffold	RefSeq	GCA_900057895.1	SAMEA2521645	2012215019-sc-1946937		PRJEB3084	previous	13414_2#94	NCBI RefSeq	2017-03-12	frozen_publication_GCF_prefix_exact_version_plus_NCBI_Datasets	exact	Paired GCA is the same assembly record, retained explicitly; no isolate substitution
GCF_900058125.1_11657_4_41	ASSEMBLY_AVAILABLE	GCF_900058125.1	1	Scaffold	RefSeq	GCA_900058125.1	SAMEA2203939	2009212727-sc-2013-10-09T11:52:13Z-1712529		PRJEB3084	previous	11657_4#41	NCBI RefSeq	2017-03-15	frozen_publication_GCF_prefix_exact_version_plus_NCBI_Datasets	exact	Paired GCA is the same assembly record, retained explicitly; no isolate substitution
GCF_900058135.1_11657_4_55	ASSEMBLY_AVAILABLE	GCF_900058135.1	1	Scaffold	RefSeq	GCA_900058135.1	SAMEA2204013	2009215906-sc-2013-10-09T11:53:37Z-1712604		PRJEB3084	previous	11657_4#55	NCBI RefSeq	2017-03-12	frozen_publication_GCF_prefix_exact_version_plus_NCBI_Datasets	exact	Paired GCA is the same assembly record, retained explicitly; no isolate substitution
GCF_900058145.1_11511_8_57	ASSEMBLY_AVAILABLE	GCF_900058145.1	1	Scaffold	RefSeq	GCA_900058145.1	SAMEA2204020	2009216731-sc-2013-10-09T11:53:45Z-1712611		PRJEB3084	previous	11511_8#57	NCBI RefSeq	2017-03-12	frozen_publication_GCF_prefix_exact_version_plus_NCBI_Datasets	exact	Paired GCA is the same assembly record, retained explicitly; no isolate substitution
GCF_900058155.1_11657_8_33	ASSEMBLY_AVAILABLE	GCF_900058155.1	1	Scaffold	RefSeq	GCA_900058155.1	SAMEA2204024	2009216788-sc-2013-10-09T11:53:49Z-1712615		PRJEB3084	previous	11657_8#33	NCBI RefSeq	2017-03-05	frozen_publication_GCF_prefix_exact_version_plus_NCBI_Datasets	exact	Paired GCA is the same assembly record, retained explicitly; no isolate substitution
GCF_900058165.1_13154_3_77	ASSEMBLY_AVAILABLE	GCF_900058165.1	1	Scaffold	RefSeq	GCA_900058165.1	SAMEA2467756	2010203932-sc-1926410		PRJEB3084	previous	13154_3#77	NCBI RefSeq	2017-03-12	frozen_publication_GCF_prefix_exact_version_plus_NCBI_Datasets	exact	Paired GCA is the same assembly record, retained explicitly; no isolate substitution
GCF_900058175.1_13414_1_58	ASSEMBLY_AVAILABLE	GCF_900058175.1	1	Scaffold	RefSeq	GCA_900058175.1	SAMEA2521514	2012224843-sc-1946805		PRJEB3084	previous	13414_1#58	NCBI RefSeq	2017-03-13	frozen_publication_GCF_prefix_exact_version_plus_NCBI_Datasets	exact	Paired GCA is the same assembly record, retained explicitly; no isolate substitution
GCF_900058185.1_13414_2_4	ASSEMBLY_AVAILABLE	GCF_900058185.1	1	Scaffold	RefSeq	GCA_900058185.1	SAMEA2521555	2012213946-sc-1946847		PRJEB3084	previous	13414_2#4	NCBI RefSeq	2017-03-12	frozen_publication_GCF_prefix_exact_version_plus_NCBI_Datasets	exact	Paired GCA is the same assembly record, retained explicitly; no isolate substitution
GCF_900058195.1_13414_2_7	ASSEMBLY_AVAILABLE	GCF_900058195.1	1	Scaffold	RefSeq	GCA_900058195.1	SAMEA2521558	2012214035-sc-1946850		PRJEB3084	previous	13414_2#7	NCBI RefSeq	2017-03-13	frozen_publication_GCF_prefix_exact_version_plus_NCBI_Datasets	exact	Paired GCA is the same assembly record, retained explicitly; no isolate substitution
GCF_900058395.1_11658_2_80	ASSEMBLY_AVAILABLE	GCF_900058395.1	1	Scaffold	RefSeq	GCA_900058395.1	SAMEA2203901	2009214100-sc-2013-10-09T11:51:31Z-1712491		PRJEB3084	previous	11658_2#80	NCBI RefSeq	2017-03-13	frozen_publication_GCF_prefix_exact_version_plus_NCBI_Datasets	exact	Paired GCA is the same assembly record, retained explicitly; no isolate substitution
GCF_900058405.1_12291_4_38	ASSEMBLY_AVAILABLE	GCF_900058405.1	1	Scaffold	RefSeq	GCA_900058405.1	SAMEA2335970	2010205418-sc-1810898		PRJEB3084	previous	12291_4#38	NCBI RefSeq	2017-03-12	frozen_publication_GCF_prefix_exact_version_plus_NCBI_Datasets	exact	Paired GCA is the same assembly record, retained explicitly; no isolate substitution
GCF_900058415.1_12291_4_78	ASSEMBLY_AVAILABLE	GCF_900058415.1	1	Scaffold	RefSeq	GCA_900058415.1	SAMEA2336010	2010209989-sc-1810938		PRJEB3084	previous	12291_4#78	NCBI RefSeq	2017-03-12	frozen_publication_GCF_prefix_exact_version_plus_NCBI_Datasets	exact	Paired GCA is the same assembly record, retained explicitly; no isolate substitution
GCF_900058425.1_13154_3_69	ASSEMBLY_AVAILABLE	GCF_900058425.1	1	Scaffold	RefSeq	GCA_900058425.1	SAMEA2467748	ERS437373		PRJEB3084	current	13154_3#69	NCBI RefSeq	2026-02-07	frozen_publication_GCF_prefix_exact_version_plus_NCBI_Datasets	exact	Paired GCA is the same assembly record, retained explicitly; no isolate substitution
GCF_900058435.1_14673_4_33	ASSEMBLY_AVAILABLE	GCF_900058435.1	1	Scaffold	RefSeq	GCA_900058435.1	SAMEA2796726	GPS_US_2009214145_R1-sc-2138710		PRJEB3084	previous	14673_4#33	NCBI RefSeq	2017-03-13	frozen_publication_GCF_prefix_exact_version_plus_NCBI_Datasets	exact	Paired GCA is the same assembly record, retained explicitly; no isolate substitution
GCF_900058645.1_11511_8_49	ASSEMBLY_AVAILABLE	GCF_900058645.1	1	Scaffold	RefSeq	GCA_900058645.1	SAMEA2203940	ERS356451		PRJEB3084	current	11511_8#49	NCBI RefSeq	2026-02-07	frozen_publication_GCF_prefix_exact_version_plus_NCBI_Datasets	exact	Paired GCA is the same assembly record, retained explicitly; no isolate substitution
GCF_900058655.1_13154_3_75	ASSEMBLY_AVAILABLE	GCF_900058655.1	1	Scaffold	RefSeq	GCA_900058655.1	SAMEA2467754	2010203475-sc-1926408		PRJEB3084	previous	13154_3#75	NCBI RefSeq	2017-03-13	frozen_publication_GCF_prefix_exact_version_plus_NCBI_Datasets	exact	Paired GCA is the same assembly record, retained explicitly; no isolate substitution
GCF_900058665.1_13154_3_90	ASSEMBLY_AVAILABLE	GCF_900058665.1	1	Scaffold	RefSeq	GCA_900058665.1	SAMEA2467769	2010203406-sc-1926423		PRJEB3084	previous	13154_3#90	NCBI RefSeq	2017-03-13	frozen_publication_GCF_prefix_exact_version_plus_NCBI_Datasets	exact	Paired GCA is the same assembly record, retained explicitly; no isolate substitution
GCF_900058925.1_12291_4_21	ASSEMBLY_AVAILABLE	GCF_900058925.1	1	Scaffold	RefSeq	GCA_900058925.1	SAMEA2335953	2010205347-sc-1810881		PRJEB3084	previous	12291_4#21	NCBI RefSeq	2017-03-12	frozen_publication_GCF_prefix_exact_version_plus_NCBI_Datasets	exact	Paired GCA is the same assembly record, retained explicitly; no isolate substitution
GCF_900058935.1_12291_4_23	ASSEMBLY_AVAILABLE	GCF_900058935.1	1	Scaffold	RefSeq	GCA_900058935.1	SAMEA2335955	2010205398-sc-1810883		PRJEB3084	previous	12291_4#23	NCBI RefSeq	2017-03-13	frozen_publication_GCF_prefix_exact_version_plus_NCBI_Datasets	exact	Paired GCA is the same assembly record, retained explicitly; no isolate substitution
GCF_900058945.1_12291_4_29	ASSEMBLY_AVAILABLE	GCF_900058945.1	1	Scaffold	RefSeq	GCA_900058945.1	SAMEA2335961	2010208327-sc-1810889		PRJEB3084	previous	12291_4#29	NCBI RefSeq	2017-03-12	frozen_publication_GCF_prefix_exact_version_plus_NCBI_Datasets	exact	Paired GCA is the same assembly record, retained explicitly; no isolate substitution
GCF_900058955.1_12291_4_30	ASSEMBLY_AVAILABLE	GCF_900058955.1	1	Scaffold	RefSeq	GCA_900058955.1	SAMEA2335962	2010205423-sc-1810890		PRJEB3084	previous	12291_4#30	NCBI RefSeq	2017-03-12	frozen_publication_GCF_prefix_exact_version_plus_NCBI_Datasets	exact	Paired GCA is the same assembly record, retained explicitly; no isolate substitution
GCF_900058965.1_12838_1_69	ASSEMBLY_AVAILABLE	GCF_900058965.1	1	Scaffold	RefSeq	GCA_900058965.1	SAMEA2335964	2010206274-sc-1810892		PRJEB3084	previous	12838_1#69	NCBI RefSeq	2017-03-12	frozen_publication_GCF_prefix_exact_version_plus_NCBI_Datasets	exact	Paired GCA is the same assembly record, retained explicitly; no isolate substitution
GCF_900058975.1_13414_1_59	ASSEMBLY_AVAILABLE	GCF_900058975.1	1	Scaffold	RefSeq	GCA_900058975.1	SAMEA2521515	2012224849-sc-1946806		PRJEB3084	previous	13414_1#59	NCBI RefSeq	2017-03-05	frozen_publication_GCF_prefix_exact_version_plus_NCBI_Datasets	exact	Paired GCA is the same assembly record, retained explicitly; no isolate substitution
GCF_900058985.1_13414_1_60	ASSEMBLY_AVAILABLE	GCF_900058985.1	1	Scaffold	RefSeq	GCA_900058985.1	SAMEA2521516	2012224855-sc-1946807		PRJEB3084	previous	13414_1#60	NCBI RefSeq	2017-03-12	frozen_publication_GCF_prefix_exact_version_plus_NCBI_Datasets	exact	Paired GCA is the same assembly record, retained explicitly; no isolate substitution
GCF_900058995.1_13414_2_18	ASSEMBLY_AVAILABLE	GCF_900058995.1	1	Scaffold	RefSeq	GCA_900058995.1	SAMEA2521569	2012214442-sc-1946861		PRJEB3084	previous	13414_2#18	NCBI RefSeq	2017-03-13	frozen_publication_GCF_prefix_exact_version_plus_NCBI_Datasets	exact	Paired GCA is the same assembly record, retained explicitly; no isolate substitution
GCF_900059005.1_13414_3_19	ASSEMBLY_AVAILABLE	GCF_900059005.1	1	Scaffold	RefSeq	GCA_900059005.1	SAMEA2521665	2012224315-sc-1946958		PRJEB3084	previous	13414_3#19	NCBI RefSeq	2017-03-13	frozen_publication_GCF_prefix_exact_version_plus_NCBI_Datasets	exact	Paired GCA is the same assembly record, retained explicitly; no isolate substitution
GCF_900059275.1_11657_4_42	ASSEMBLY_AVAILABLE	GCF_900059275.1	1	Scaffold	RefSeq	GCA_900059275.1	SAMEA2203956	2009214002-sc-2013-10-09T11:52:33Z-1712547		PRJEB3084	previous	11657_4#42	NCBI RefSeq	2017-03-12	frozen_publication_GCF_prefix_exact_version_plus_NCBI_Datasets	exact	Paired GCA is the same assembly record, retained explicitly; no isolate substitution
GCF_900059285.1_13154_3_17	ASSEMBLY_AVAILABLE	GCF_900059285.1	1	Scaffold	RefSeq	GCA_900059285.1	SAMEA2467559	ERS437316		PRJEB3084	current	13154_3#17	NCBI RefSeq	2026-01-20	frozen_publication_GCF_prefix_exact_version_plus_NCBI_Datasets	exact	Paired GCA is the same assembly record, retained explicitly; no isolate substitution
GCF_900059295.1_13154_3_60	ASSEMBLY_AVAILABLE	GCF_900059295.1	1	Scaffold	RefSeq	GCA_900059295.1	SAMEA2467739	2010200835-sc-1926393		PRJEB3084	previous	13154_3#60	NCBI RefSeq	2017-03-05	frozen_publication_GCF_prefix_exact_version_plus_NCBI_Datasets	exact	Paired GCA is the same assembly record, retained explicitly; no isolate substitution
GCF_900059305.1_13154_3_88	ASSEMBLY_AVAILABLE	GCF_900059305.1	1	Scaffold	RefSeq	GCA_900059305.1	SAMEA2467767	2010206361-sc-1926421		PRJEB3084	previous	13154_3#88	NCBI RefSeq	2017-03-12	frozen_publication_GCF_prefix_exact_version_plus_NCBI_Datasets	exact	Paired GCA is the same assembly record, retained explicitly; no isolate substitution
GCF_900059315.1_13414_2_20	ASSEMBLY_AVAILABLE	GCF_900059315.1	1	Scaffold	RefSeq	GCA_900059315.1	SAMEA2521571	2012214475-sc-1946863		PRJEB3084	previous	13414_2#20	NCBI RefSeq	2017-03-13	frozen_publication_GCF_prefix_exact_version_plus_NCBI_Datasets	exact	Paired GCA is the same assembly record, retained explicitly; no isolate substitution
GCF_900059325.1_13414_2_21	ASSEMBLY_AVAILABLE	GCF_900059325.1	1	Scaffold	RefSeq	GCA_900059325.1	SAMEA2521572	2012214919-sc-1946864		PRJEB3084	previous	13414_2#21	NCBI RefSeq	2017-03-05	frozen_publication_GCF_prefix_exact_version_plus_NCBI_Datasets	exact	Paired GCA is the same assembly record, retained explicitly; no isolate substitution
GCF_900059335.1_13414_2_22	ASSEMBLY_AVAILABLE	GCF_900059335.1	1	Scaffold	RefSeq	GCA_900059335.1	SAMEA2521573	2012214924-sc-1946865		PRJEB3084	previous	13414_2#22	NCBI RefSeq	2017-03-12	frozen_publication_GCF_prefix_exact_version_plus_NCBI_Datasets	exact	Paired GCA is the same assembly record, retained explicitly; no isolate substitution
GCF_900059345.1_13414_2_58	ASSEMBLY_AVAILABLE	GCF_900059345.1	1	Scaffold	RefSeq	GCA_900059345.1	SAMEA2521609	2012224918-sc-1946901		PRJEB3084	previous	13414_2#58	NCBI RefSeq	2017-03-12	frozen_publication_GCF_prefix_exact_version_plus_NCBI_Datasets	exact	Paired GCA is the same assembly record, retained explicitly; no isolate substitution
GCF_900059355.1_14673_1_77	ASSEMBLY_AVAILABLE	GCF_900059355.1	1	Scaffold	RefSeq	GCA_900059355.1	SAMEA2796485	GPS_US_2008235380-sc-2138464		PRJEB3084	previous	14673_1#77	NCBI RefSeq	2017-03-13	frozen_publication_GCF_prefix_exact_version_plus_NCBI_Datasets	exact	Paired GCA is the same assembly record, retained explicitly; no isolate substitution
GCF_900059365.1_14673_1_80	ASSEMBLY_AVAILABLE	GCF_900059365.1	1	Scaffold	RefSeq	GCA_900059365.1	SAMEA2796488	GPS_US_2008229142-sc-2138467		PRJEB3084	previous	14673_1#80	NCBI RefSeq	2017-03-13	frozen_publication_GCF_prefix_exact_version_plus_NCBI_Datasets	exact	Paired GCA is the same assembly record, retained explicitly; no isolate substitution
GCF_900059375.1_14673_1_85	ASSEMBLY_AVAILABLE	GCF_900059375.1	1	Scaffold	RefSeq	GCA_900059375.1	SAMEA2796493	GPS_US_2008230642-sc-2138472		PRJEB3084	previous	14673_1#85	NCBI RefSeq	2017-03-15	frozen_publication_GCF_prefix_exact_version_plus_NCBI_Datasets	exact	Paired GCA is the same assembly record, retained explicitly; no isolate substitution
GCF_900059625.1_11657_8_32	ASSEMBLY_AVAILABLE	GCF_900059625.1	1	Scaffold	RefSeq	GCA_900059625.1	SAMEA2204016	2009216680-sc-2013-10-09T11:53:40Z-1712607		PRJEB3084	previous	11657_8#32	NCBI RefSeq	2017-03-15	frozen_publication_GCF_prefix_exact_version_plus_NCBI_Datasets	exact	Paired GCA is the same assembly record, retained explicitly; no isolate substitution
GCF_900059635.1_11657_4_57	ASSEMBLY_AVAILABLE	GCF_900059635.1	1	Scaffold	RefSeq	GCA_900059635.1	SAMEA2204022	2009216752-sc-2013-10-09T11:53:47Z-1712613		PRJEB3084	previous	11657_4#57	NCBI RefSeq	2017-03-13	frozen_publication_GCF_prefix_exact_version_plus_NCBI_Datasets	exact	Paired GCA is the same assembly record, retained explicitly; no isolate substitution
GCF_900059645.1_11511_8_58	ASSEMBLY_AVAILABLE	GCF_900059645.1	1	Scaffold	RefSeq	GCA_900059645.1	SAMEA2204023	2009216784-sc-2013-10-09T11:53:48Z-1712614		PRJEB3084	previous	11511_8#58	NCBI RefSeq	2017-03-13	frozen_publication_GCF_prefix_exact_version_plus_NCBI_Datasets	exact	Paired GCA is the same assembly record, retained explicitly; no isolate substitution
GCF_900059655.1_12291_4_51	ASSEMBLY_AVAILABLE	GCF_900059655.1	1	Scaffold	RefSeq	GCA_900059655.1	SAMEA2335983	ERS394177		PRJEB3084	current	12291_4#51	NCBI RefSeq	2025-04-24	frozen_publication_GCF_prefix_exact_version_plus_NCBI_Datasets	exact	Paired GCA is the same assembly record, retained explicitly; no isolate substitution
GCF_900059665.1_12291_4_50	ASSEMBLY_AVAILABLE	GCF_900059665.1	1	Scaffold	RefSeq	GCA_900059665.1	SAMEA2335982	2010216166-sc-1810910		PRJEB3084	previous	12291_4#50	NCBI RefSeq	2017-03-13	frozen_publication_GCF_prefix_exact_version_plus_NCBI_Datasets	exact	Paired GCA is the same assembly record, retained explicitly; no isolate substitution
GCF_900059675.1_12291_5_4	ASSEMBLY_AVAILABLE	GCF_900059675.1	1	Scaffold	RefSeq	GCA_900059675.1	SAMEA2336026	ERS394220		PRJEB3084	current	12291_5#4	NCBI RefSeq	2026-02-07	frozen_publication_GCF_prefix_exact_version_plus_NCBI_Datasets	exact	Paired GCA is the same assembly record, retained explicitly; no isolate substitution
GCF_900059685.1_12291_5_44	ASSEMBLY_AVAILABLE	GCF_900059685.1	1	Scaffold	RefSeq	GCA_900059685.1	SAMEA2336066	2010220110-sc-1810996		PRJEB3084	previous	12291_5#44	NCBI RefSeq	2017-03-13	frozen_publication_GCF_prefix_exact_version_plus_NCBI_Datasets	exact	Paired GCA is the same assembly record, retained explicitly; no isolate substitution
GCF_900059695.1_12291_5_6	ASSEMBLY_AVAILABLE	GCF_900059695.1	1	Scaffold	RefSeq	GCA_900059695.1	SAMEA2336028	2010216137-sc-1810956		PRJEB3084	previous	12291_5#6	NCBI RefSeq	2017-03-13	frozen_publication_GCF_prefix_exact_version_plus_NCBI_Datasets	exact	Paired GCA is the same assembly record, retained explicitly; no isolate substitution
GCF_900059705.1_14673_4_28	ASSEMBLY_AVAILABLE	GCF_900059705.1	1	Scaffold	RefSeq	GCA_900059705.1	SAMEA2796721	GPS_US_2009208020_R1-sc-2138705		PRJEB3084	previous	14673_4#28	NCBI RefSeq	2017-03-12	frozen_publication_GCF_prefix_exact_version_plus_NCBI_Datasets	exact	Paired GCA is the same assembly record, retained explicitly; no isolate substitution
GCF_900059825.1_11511_8_46	ASSEMBLY_AVAILABLE	GCF_900059825.1	1	Scaffold	RefSeq	GCA_900059825.1	SAMEA2203921	2009211109-sc-2013-10-09T11:51:52Z-1712511		PRJEB3084	previous	11511_8#46	NCBI RefSeq	2017-03-12	frozen_publication_GCF_prefix_exact_version_plus_NCBI_Datasets	exact	Paired GCA is the same assembly record, retained explicitly; no isolate substitution
GCF_900059835.1_13154_3_31	ASSEMBLY_AVAILABLE	GCF_900059835.1	1	Scaffold	RefSeq	GCA_900059835.1	SAMEA2467575	2010200663-sc-1926361		PRJEB3084	current	13154_3#31	NCBI RefSeq	2026-01-16	frozen_publication_GCF_prefix_exact_version_plus_NCBI_Datasets	exact	Paired GCA is the same assembly record, retained explicitly; no isolate substitution
GCF_900059855.1_13414_1_70	ASSEMBLY_AVAILABLE	GCF_900059855.1	1	Scaffold	RefSeq	GCA_900059855.1	SAMEA2521526	2013215778-sc-1946817		PRJEB3084	previous	13414_1#70	NCBI RefSeq	2017-03-13	frozen_publication_GCF_prefix_exact_version_plus_NCBI_Datasets	exact	Paired GCA is the same assembly record, retained explicitly; no isolate substitution
GCF_900059865.1_13414_2_40	ASSEMBLY_AVAILABLE	GCF_900059865.1	1	Scaffold	RefSeq	GCA_900059865.1	SAMEA2521591	2012223303-sc-1946883		PRJEB3084	previous	13414_2#40	NCBI RefSeq	2017-03-06	frozen_publication_GCF_prefix_exact_version_plus_NCBI_Datasets	exact	Paired GCA is the same assembly record, retained explicitly; no isolate substitution
GCF_900060055.1_13414_1_76	ASSEMBLY_AVAILABLE	GCF_900060055.1	1	Scaffold	RefSeq	GCA_900060055.1	SAMEA2521532	2013211701-sc-1946823		PRJEB3084	previous	13414_1#76	NCBI RefSeq	2017-03-12	frozen_publication_GCF_prefix_exact_version_plus_NCBI_Datasets	exact	Paired GCA is the same assembly record, retained explicitly; no isolate substitution
GCF_900060065.1_14673_4_16	ASSEMBLY_AVAILABLE	GCF_900060065.1	1	Scaffold	RefSeq	GCA_900060065.1	SAMEA2796709	GPS_US_2009216705_R1-sc-2138693		PRJEB3084	previous	14673_4#16	NCBI RefSeq	2017-03-05	frozen_publication_GCF_prefix_exact_version_plus_NCBI_Datasets	exact	Paired GCA is the same assembly record, retained explicitly; no isolate substitution
GCF_900060075.1_14673_4_18	ASSEMBLY_AVAILABLE	GCF_900060075.1	1	Scaffold	RefSeq	GCA_900060075.1	SAMEA2796711	GPS_US_2009218296_R1-sc-2138695		PRJEB3084	previous	14673_4#18	NCBI RefSeq	2017-03-13	frozen_publication_GCF_prefix_exact_version_plus_NCBI_Datasets	exact	Paired GCA is the same assembly record, retained explicitly; no isolate substitution
GCF_900060245.1_12291_4_77	ASSEMBLY_AVAILABLE	GCF_900060245.1	1	Scaffold	RefSeq	GCA_900060245.1	SAMEA2336009	2010209984-sc-1810937		PRJEB3084	previous	12291_4#77	NCBI RefSeq	2017-03-12	frozen_publication_GCF_prefix_exact_version_plus_NCBI_Datasets	exact	Paired GCA is the same assembly record, retained explicitly; no isolate substitution
GCF_900060255.1_13154_3_45	ASSEMBLY_AVAILABLE	GCF_900060255.1	1	Scaffold	RefSeq	GCA_900060255.1	SAMEA2467724	ERS437349		PRJEB3084	current	13154_3#45	NCBI RefSeq	2026-02-07	frozen_publication_GCF_prefix_exact_version_plus_NCBI_Datasets	exact	Paired GCA is the same assembly record, retained explicitly; no isolate substitution
GCF_900060265.1_13414_2_70	ASSEMBLY_AVAILABLE	GCF_900060265.1	1	Scaffold	RefSeq	GCA_900060265.1	SAMEA2521621	2012219021-sc-1946913		PRJEB3084	previous	13414_2#70	NCBI RefSeq	2017-03-13	frozen_publication_GCF_prefix_exact_version_plus_NCBI_Datasets	exact	Paired GCA is the same assembly record, retained explicitly; no isolate substitution
GCF_900060275.1_13414_2_75	ASSEMBLY_AVAILABLE	GCF_900060275.1	1	Scaffold	RefSeq	GCA_900060275.1	SAMEA2521626	2012212051-sc-1946918		PRJEB3084	previous	13414_2#75	NCBI RefSeq	2017-03-12	frozen_publication_GCF_prefix_exact_version_plus_NCBI_Datasets	exact	Paired GCA is the same assembly record, retained explicitly; no isolate substitution
GCF_900060285.1_14673_4_13	ASSEMBLY_AVAILABLE	GCF_900060285.1	1	Scaffold	RefSeq	GCA_900060285.1	SAMEA2796706	GPS_US_2009210808_R1-sc-2138690		PRJEB3084	previous	14673_4#13	NCBI RefSeq	2017-03-13	frozen_publication_GCF_prefix_exact_version_plus_NCBI_Datasets	exact	Paired GCA is the same assembly record, retained explicitly; no isolate substitution
GCF_900060295.1_14673_4_14	ASSEMBLY_AVAILABLE	GCF_900060295.1	1	Scaffold	RefSeq	GCA_900060295.1	SAMEA2796707	GPS_US_2009214073_R1-sc-2138691		PRJEB3084	previous	14673_4#14	NCBI RefSeq	2017-03-12	frozen_publication_GCF_prefix_exact_version_plus_NCBI_Datasets	exact	Paired GCA is the same assembly record, retained explicitly; no isolate substitution
GCF_900060505.1_11657_4_38	ASSEMBLY_AVAILABLE	GCF_900060505.1	1	Scaffold	RefSeq	GCA_900060505.1	SAMEA2203928	2009211240-sc-2013-10-09T11:52:01Z-1712518		PRJEB3084	previous	11657_4#38	NCBI RefSeq	2017-03-13	frozen_publication_GCF_prefix_exact_version_plus_NCBI_Datasets	exact	Paired GCA is the same assembly record, retained explicitly; no isolate substitution
GCF_900060515.1_12291_5_5	ASSEMBLY_AVAILABLE	GCF_900060515.1	1	Scaffold	RefSeq	GCA_900060515.1	SAMEA2336027	2010216128-sc-1810955		PRJEB3084	previous	12291_5#5	NCBI RefSeq	2017-03-13	frozen_publication_GCF_prefix_exact_version_plus_NCBI_Datasets	exact	Paired GCA is the same assembly record, retained explicitly; no isolate substitution
GCF_900060525.1_12291_5_41	ASSEMBLY_AVAILABLE	GCF_900060525.1	1	Scaffold	RefSeq	GCA_900060525.1	SAMEA2336063	2010203401-sc-1810992		PRJEB3084	previous	12291_5#41	NCBI RefSeq	2017-03-13	frozen_publication_GCF_prefix_exact_version_plus_NCBI_Datasets	exact	Paired GCA is the same assembly record, retained explicitly; no isolate substitution
GCF_900060535.1_13414_2_23	ASSEMBLY_AVAILABLE	GCF_900060535.1	1	Scaffold	RefSeq	GCA_900060535.1	SAMEA2521574	2012214932-sc-1946866		PRJEB3084	previous	13414_2#23	NCBI RefSeq	2017-03-13	frozen_publication_GCF_prefix_exact_version_plus_NCBI_Datasets	exact	Paired GCA is the same assembly record, retained explicitly; no isolate substitution
GCF_900060545.1_13414_2_26	ASSEMBLY_AVAILABLE	GCF_900060545.1	1	Scaffold	RefSeq	GCA_900060545.1	SAMEA2521577	ERS455117		PRJEB3084	current	13414_2#26	NCBI RefSeq	2025-12-31	frozen_publication_GCF_prefix_exact_version_plus_NCBI_Datasets	exact	Paired GCA is the same assembly record, retained explicitly; no isolate substitution
GCF_900060555.1_13414_2_32	ASSEMBLY_AVAILABLE	GCF_900060555.1	1	Scaffold	RefSeq	GCA_900060555.1	SAMEA2521583	2013209135-sc-1946875		PRJEB3084	previous	13414_2#32	NCBI RefSeq	2017-03-13	frozen_publication_GCF_prefix_exact_version_plus_NCBI_Datasets	exact	Paired GCA is the same assembly record, retained explicitly; no isolate substitution
GCF_900060565.1_13414_2_30	ASSEMBLY_AVAILABLE	GCF_900060565.1	1	Scaffold	RefSeq	GCA_900060565.1	SAMEA2521581	2013201331-sc-1946873		PRJEB3084	previous	13414_2#30	NCBI RefSeq	2017-03-13	frozen_publication_GCF_prefix_exact_version_plus_NCBI_Datasets	exact	Paired GCA is the same assembly record, retained explicitly; no isolate substitution
GCF_900060575.1_13414_2_33	ASSEMBLY_AVAILABLE	GCF_900060575.1	1	Scaffold	RefSeq	GCA_900060575.1	SAMEA2521584	2013206378-sc-1946876		PRJEB3084	previous	13414_2#33	NCBI RefSeq	2017-03-13	frozen_publication_GCF_prefix_exact_version_plus_NCBI_Datasets	exact	Paired GCA is the same assembly record, retained explicitly; no isolate substitution
GCF_900060585.1_13414_2_42	ASSEMBLY_AVAILABLE	GCF_900060585.1	1	Scaffold	RefSeq	GCA_900060585.1	SAMEA2521593	2013202261-sc-1946885		PRJEB3084	previous	13414_2#42	NCBI RefSeq	2017-03-05	frozen_publication_GCF_prefix_exact_version_plus_NCBI_Datasets	exact	Paired GCA is the same assembly record, retained explicitly; no isolate substitution
GCF_900060815.1_11657_4_53	ASSEMBLY_AVAILABLE	GCF_900060815.1	1	Scaffold	RefSeq	GCA_900060815.1	SAMEA2204011	2009215894-sc-2013-10-09T11:53:35Z-1712602		PRJEB3084	previous	11657_4#53	NCBI RefSeq	2017-03-05	frozen_publication_GCF_prefix_exact_version_plus_NCBI_Datasets	exact	Paired GCA is the same assembly record, retained explicitly; no isolate substitution
GCF_900060825.1_12291_4_17	ASSEMBLY_AVAILABLE	GCF_900060825.1	1	Scaffold	RefSeq	GCA_900060825.1	SAMEA2335949	ERS394143		PRJEB3084	current	12291_4#17	NCBI RefSeq	2026-02-04	frozen_publication_GCF_prefix_exact_version_plus_NCBI_Datasets	exact	Paired GCA is the same assembly record, retained explicitly; no isolate substitution
GCF_900060835.1_13154_2_18	ASSEMBLY_AVAILABLE	GCF_900060835.1	1	Scaffold	RefSeq	GCA_900060835.1	SAMEA2467718	2010200704-sc-1926372		PRJEB3084	previous	13154_2#18	NCBI RefSeq	2017-03-13	frozen_publication_GCF_prefix_exact_version_plus_NCBI_Datasets	exact	Paired GCA is the same assembly record, retained explicitly; no isolate substitution
GCF_900060845.1_13154_3_79	ASSEMBLY_AVAILABLE	GCF_900060845.1	1	Scaffold	RefSeq	GCA_900060845.1	SAMEA2467758	2010203356-sc-1926412		PRJEB3084	previous	13154_3#79	NCBI RefSeq	2017-03-06	frozen_publication_GCF_prefix_exact_version_plus_NCBI_Datasets	exact	Paired GCA is the same assembly record, retained explicitly; no isolate substitution
GCF_900060855.1_13154_3_81	ASSEMBLY_AVAILABLE	GCF_900060855.1	1	Scaffold	RefSeq	GCA_900060855.1	SAMEA2467760	2010203382-sc-1926414		PRJEB3084	previous	13154_3#81	NCBI RefSeq	2017-03-12	frozen_publication_GCF_prefix_exact_version_plus_NCBI_Datasets	exact	Paired GCA is the same assembly record, retained explicitly; no isolate substitution
GCF_900060865.1_13414_1_79	ASSEMBLY_AVAILABLE	GCF_900060865.1	1	Scaffold	RefSeq	GCA_900060865.1	SAMEA2521535	2013212244-sc-1946826		PRJEB3084	previous	13414_1#79	NCBI RefSeq	2017-03-13	frozen_publication_GCF_prefix_exact_version_plus_NCBI_Datasets	exact	Paired GCA is the same assembly record, retained explicitly; no isolate substitution
GCF_900060875.1_13414_2_25	ASSEMBLY_AVAILABLE	GCF_900060875.1	1	Scaffold	RefSeq	GCA_900060875.1	SAMEA2521576	2012215830-sc-1946868		PRJEB3084	previous	13414_2#25	NCBI RefSeq	2017-03-12	frozen_publication_GCF_prefix_exact_version_plus_NCBI_Datasets	exact	Paired GCA is the same assembly record, retained explicitly; no isolate substitution
GCF_900060885.1_13414_2_68	ASSEMBLY_AVAILABLE	GCF_900060885.1	1	Scaffold	RefSeq	GCA_900060885.1	SAMEA2521619	2012219980-sc-1946911		PRJEB3084	previous	13414_2#68	NCBI RefSeq	2017-03-13	frozen_publication_GCF_prefix_exact_version_plus_NCBI_Datasets	exact	Paired GCA is the same assembly record, retained explicitly; no isolate substitution
GCF_900060895.1_14673_1_90	ASSEMBLY_AVAILABLE	GCF_900060895.1	1	Scaffold	RefSeq	GCA_900060895.1	SAMEA2796498	GPS_US_2008236096-sc-2138477		PRJEB3084	previous	14673_1#90	NCBI RefSeq	2017-03-13	frozen_publication_GCF_prefix_exact_version_plus_NCBI_Datasets	exact	Paired GCA is the same assembly record, retained explicitly; no isolate substitution
GCF_900061135.1_11657_4_37	ASSEMBLY_AVAILABLE	GCF_900061135.1	1	Scaffold	RefSeq	GCA_900061135.1	SAMEA2203927	2009211239-sc-2013-10-09T11:52:00Z-1712517		PRJEB3084	previous	11657_4#37	NCBI RefSeq	2017-03-13	frozen_publication_GCF_prefix_exact_version_plus_NCBI_Datasets	exact	Paired GCA is the same assembly record, retained explicitly; no isolate substitution
GCF_900061145.1_11679_1_37	ASSEMBLY_AVAILABLE	GCF_900061145.1	1	Scaffold	RefSeq	GCA_900061145.1	SAMEA2203933	2009211258-sc-2013-10-09T11:52:06Z-1712523		PRJEB3084	previous	11679_1#37	NCBI RefSeq	2017-03-05	frozen_publication_GCF_prefix_exact_version_plus_NCBI_Datasets	exact	Paired GCA is the same assembly record, retained explicitly; no isolate substitution
GCF_900061155.1_11657_8_28	ASSEMBLY_AVAILABLE	GCF_900061155.1	1	Scaffold	RefSeq	GCA_900061155.1	SAMEA2203995	2009215629-sc-2013-10-09T11:53:16Z-1712586		PRJEB3084	previous	11657_8#28	NCBI RefSeq	2017-03-05	frozen_publication_GCF_prefix_exact_version_plus_NCBI_Datasets	exact	Paired GCA is the same assembly record, retained explicitly; no isolate substitution
GCF_900061165.1_12291_4_67	ASSEMBLY_AVAILABLE	GCF_900061165.1	1	Scaffold	RefSeq	GCA_900061165.1	SAMEA2335999	ERS394193		PRJEB3084	current	12291_4#67	NCBI RefSeq	2025-12-27	frozen_publication_GCF_prefix_exact_version_plus_NCBI_Datasets	exact	Paired GCA is the same assembly record, retained explicitly; no isolate substitution
GCF_900061175.1_12291_4_69	ASSEMBLY_AVAILABLE	GCF_900061175.1	1	Scaffold	RefSeq	GCA_900061175.1	SAMEA2336001	2009207277-sc-1810929		PRJEB3084	previous	12291_4#69	NCBI RefSeq	2017-03-05	frozen_publication_GCF_prefix_exact_version_plus_NCBI_Datasets	exact	Paired GCA is the same assembly record, retained explicitly; no isolate substitution
GCF_900061185.1_12291_4_81	ASSEMBLY_AVAILABLE	GCF_900061185.1	1	Scaffold	RefSeq	GCA_900061185.1	SAMEA2336013	2010208343-sc-1810941		PRJEB3084	previous	12291_4#81	NCBI RefSeq	2017-03-13	frozen_publication_GCF_prefix_exact_version_plus_NCBI_Datasets	exact	Paired GCA is the same assembly record, retained explicitly; no isolate substitution
GCF_900061195.1_12291_5_1	ASSEMBLY_AVAILABLE	GCF_900061195.1	1	Scaffold	RefSeq	GCA_900061195.1	SAMEA2336023	2010216075-sc-1810951		PRJEB3084	previous	12291_5#1	NCBI RefSeq	2017-03-12	frozen_publication_GCF_prefix_exact_version_plus_NCBI_Datasets	exact	Paired GCA is the same assembly record, retained explicitly; no isolate substitution
GCF_900061205.1_12291_5_46	ASSEMBLY_AVAILABLE	GCF_900061205.1	1	Scaffold	RefSeq	GCA_900061205.1	SAMEA2336068	2010220126-sc-1810998		PRJEB3084	previous	12291_5#46	NCBI RefSeq	2017-03-12	frozen_publication_GCF_prefix_exact_version_plus_NCBI_Datasets	exact	Paired GCA is the same assembly record, retained explicitly; no isolate substitution
GCF_900061215.1_13154_3_20	ASSEMBLY_AVAILABLE	GCF_900061215.1	1	Scaffold	RefSeq	GCA_900061215.1	SAMEA2467562	2009218297-sc-1926348		PRJEB3084	previous	13154_3#20	NCBI RefSeq	2017-03-12	frozen_publication_GCF_prefix_exact_version_plus_NCBI_Datasets	exact	Paired GCA is the same assembly record, retained explicitly; no isolate substitution
GCF_900061225.1_13154_3_53	ASSEMBLY_AVAILABLE	GCF_900061225.1	1	Scaffold	RefSeq	GCA_900061225.1	SAMEA2467732	2010200769-sc-1926386		PRJEB3084	previous	13154_3#53	NCBI RefSeq	2017-03-13	frozen_publication_GCF_prefix_exact_version_plus_NCBI_Datasets	exact	Paired GCA is the same assembly record, retained explicitly; no isolate substitution
GCF_900061235.1_13414_1_81	ASSEMBLY_AVAILABLE	GCF_900061235.1	1	Scaffold	RefSeq	GCA_900061235.1	SAMEA2521537	2013201122-sc-1946828		PRJEB3084	previous	13414_1#81	NCBI RefSeq	2017-03-13	frozen_publication_GCF_prefix_exact_version_plus_NCBI_Datasets	exact	Paired GCA is the same assembly record, retained explicitly; no isolate substitution
GCF_900061245.1_14673_1_87	ASSEMBLY_AVAILABLE	GCF_900061245.1	1	Scaffold	RefSeq	GCA_900061245.1	SAMEA2796495	GPS_US_2008232831-sc-2138474		PRJEB3084	previous	14673_1#87	NCBI RefSeq	2017-03-12	frozen_publication_GCF_prefix_exact_version_plus_NCBI_Datasets	exact	Paired GCA is the same assembly record, retained explicitly; no isolate substitution
GCF_900061255.1_14673_1_88	ASSEMBLY_AVAILABLE	GCF_900061255.1	1	Scaffold	RefSeq	GCA_900061255.1	SAMEA2796496	GPS_US_2008232885-sc-2138475		PRJEB3084	previous	14673_1#88	NCBI RefSeq	2017-03-12	frozen_publication_GCF_prefix_exact_version_plus_NCBI_Datasets	exact	Paired GCA is the same assembly record, retained explicitly; no isolate substitution
GCF_900061745.1_11658_2_64	ASSEMBLY_AVAILABLE	GCF_900061745.1	1	Scaffold	RefSeq	GCA_900061745.1	SAMEA2203948	2009212813-sc-2013-10-09T11:52:24Z-1712539		PRJEB3084	previous	11658_2#64	NCBI RefSeq	2017-03-12	frozen_publication_GCF_prefix_exact_version_plus_NCBI_Datasets	exact	Paired GCA is the same assembly record, retained explicitly; no isolate substitution
GCF_900061755.1_11679_1_42	ASSEMBLY_AVAILABLE	GCF_900061755.1	1	Scaffold	RefSeq	GCA_900061755.1	SAMEA2203951	ERS356462		PRJEB3084	current	11679_1#42	NCBI RefSeq	2026-02-04	frozen_publication_GCF_prefix_exact_version_plus_NCBI_Datasets	exact	Paired GCA is the same assembly record, retained explicitly; no isolate substitution
GCF_900061765.1_12291_4_45	ASSEMBLY_AVAILABLE	GCF_900061765.1	1	Scaffold	RefSeq	GCA_900061765.1	SAMEA2335977	ERS394171		PRJEB3084	current	12291_4#45	NCBI RefSeq	2026-02-04	frozen_publication_GCF_prefix_exact_version_plus_NCBI_Datasets	exact	Paired GCA is the same assembly record, retained explicitly; no isolate substitution
GCF_900061775.1_12291_4_46	ASSEMBLY_AVAILABLE	GCF_900061775.1	1	Scaffold	RefSeq	GCA_900061775.1	SAMEA2335978	2010223233-sc-1810906		PRJEB3084	previous	12291_4#46	NCBI RefSeq	2017-03-13	frozen_publication_GCF_prefix_exact_version_plus_NCBI_Datasets	exact	Paired GCA is the same assembly record, retained explicitly; no isolate substitution
GCF_900061785.1_12838_1_71	ASSEMBLY_AVAILABLE	GCF_900061785.1	1	Scaffold	RefSeq	GCA_900061785.1	SAMEA2335981	2010216163-sc-1810909		PRJEB3084	previous	12838_1#71	NCBI RefSeq	2017-03-13	frozen_publication_GCF_prefix_exact_version_plus_NCBI_Datasets	exact	Paired GCA is the same assembly record, retained explicitly; no isolate substitution
GCF_900061795.1_12291_5_45	ASSEMBLY_AVAILABLE	GCF_900061795.1	1	Scaffold	RefSeq	GCA_900061795.1	SAMEA2336067	2010220116-sc-1810997		PRJEB3084	previous	12291_5#45	NCBI RefSeq	2017-03-06	frozen_publication_GCF_prefix_exact_version_plus_NCBI_Datasets	exact	Paired GCA is the same assembly record, retained explicitly; no isolate substitution
GCF_900061805.1_13154_3_74	ASSEMBLY_AVAILABLE	GCF_900061805.1	1	Scaffold	RefSeq	GCA_900061805.1	SAMEA2467753	2010203160-sc-1926407		PRJEB3084	previous	13154_3#74	NCBI RefSeq	2017-03-05	frozen_publication_GCF_prefix_exact_version_plus_NCBI_Datasets	exact	Paired GCA is the same assembly record, retained explicitly; no isolate substitution
GCF_900061815.1_13414_1_82	ASSEMBLY_AVAILABLE	GCF_900061815.1	1	Scaffold	RefSeq	GCA_900061815.1	SAMEA2521538	2013208476-sc-1946829		PRJEB3084	previous	13414_1#82	NCBI RefSeq	2017-03-13	frozen_publication_GCF_prefix_exact_version_plus_NCBI_Datasets	exact	Paired GCA is the same assembly record, retained explicitly; no isolate substitution
GCF_900061825.1_13414_2_24	ASSEMBLY_AVAILABLE	GCF_900061825.1	1	Scaffold	RefSeq	GCA_900061825.1	SAMEA2521575	2012215792-sc-1946867		PRJEB3084	previous	13414_2#24	NCBI RefSeq	2017-03-05	frozen_publication_GCF_prefix_exact_version_plus_NCBI_Datasets	exact	Paired GCA is the same assembly record, retained explicitly; no isolate substitution
GCF_900061835.1_13414_2_43	ASSEMBLY_AVAILABLE	GCF_900061835.1	1	Scaffold	RefSeq	GCA_900061835.1	SAMEA2521594	2013202258-sc-1946886		PRJEB3084	previous	13414_2#43	NCBI RefSeq	2017-03-05	frozen_publication_GCF_prefix_exact_version_plus_NCBI_Datasets	exact	Paired GCA is the same assembly record, retained explicitly; no isolate substitution
GCF_900061845.1_13414_2_74	ASSEMBLY_AVAILABLE	GCF_900061845.1	1	Scaffold	RefSeq	GCA_900061845.1	SAMEA2521625	2012218036-sc-1946917		PRJEB3084	previous	13414_2#74	NCBI RefSeq	2017-03-13	frozen_publication_GCF_prefix_exact_version_plus_NCBI_Datasets	exact	Paired GCA is the same assembly record, retained explicitly; no isolate substitution
GCF_900061855.1_14673_4_31	ASSEMBLY_AVAILABLE	GCF_900061855.1	1	Scaffold	RefSeq	GCA_900061855.1	SAMEA2796724	GPS_US_2009212612_R1-sc-2138708		PRJEB3084	previous	14673_4#31	NCBI RefSeq	2017-03-13	frozen_publication_GCF_prefix_exact_version_plus_NCBI_Datasets	exact	Paired GCA is the same assembly record, retained explicitly; no isolate substitution
GCF_900061955.1_13154_3_16	ASSEMBLY_AVAILABLE	GCF_900061955.1	1	Scaffold	RefSeq	GCA_900061955.1	SAMEA2467558	ERS437315		PRJEB3084	current	13154_3#16	NCBI RefSeq	2026-02-01	frozen_publication_GCF_prefix_exact_version_plus_NCBI_Datasets	exact	Paired GCA is the same assembly record, retained explicitly; no isolate substitution
GCF_900061965.1_13154_3_70	ASSEMBLY_AVAILABLE	GCF_900061965.1	1	Scaffold	RefSeq	GCA_900061965.1	SAMEA2467749	2010203149-sc-1926403		PRJEB3084	previous	13154_3#70	NCBI RefSeq	2017-03-13	frozen_publication_GCF_prefix_exact_version_plus_NCBI_Datasets	exact	Paired GCA is the same assembly record, retained explicitly; no isolate substitution
GCF_900061995.1_11511_8_39	ASSEMBLY_AVAILABLE	GCF_900061995.1	1	Scaffold	RefSeq	GCA_900061995.1	SAMEA2203894	2009214547-sc-2013-10-09T11:51:22Z-1712484		PRJEB3084	previous	11511_8#39	NCBI RefSeq	2017-03-13	frozen_publication_GCF_prefix_exact_version_plus_NCBI_Datasets	exact	Paired GCA is the same assembly record, retained explicitly; no isolate substitution
GCF_900062005.1_13154_3_55	ASSEMBLY_AVAILABLE	GCF_900062005.1	1	Scaffold	RefSeq	GCA_900062005.1	SAMEA2467734	2010200804-sc-1926388		PRJEB3084	previous	13154_3#55	NCBI RefSeq	2017-03-15	frozen_publication_GCF_prefix_exact_version_plus_NCBI_Datasets	exact	Paired GCA is the same assembly record, retained explicitly; no isolate substitution
GCF_900062015.1_14673_1_83	ASSEMBLY_AVAILABLE	GCF_900062015.1	1	Scaffold	RefSeq	GCA_900062015.1	SAMEA2796491	GPS_US_2009201003-sc-2138470		PRJEB3084	previous	14673_1#83	NCBI RefSeq	2017-03-06	frozen_publication_GCF_prefix_exact_version_plus_NCBI_Datasets	exact	Paired GCA is the same assembly record, retained explicitly; no isolate substitution
GCF_900062025.1_14673_4_34	ASSEMBLY_AVAILABLE	GCF_900062025.1	1	Scaffold	RefSeq	GCA_900062025.1	SAMEA2796727	GPS_US_2009209907_R1-sc-2138711		PRJEB3084	previous	14673_4#34	NCBI RefSeq	2017-03-05	frozen_publication_GCF_prefix_exact_version_plus_NCBI_Datasets	exact	Paired GCA is the same assembly record, retained explicitly; no isolate substitution
GCF_900062155.1_12291_4_35	ASSEMBLY_AVAILABLE	GCF_900062155.1	1	Scaffold	RefSeq	GCA_900062155.1	SAMEA2335967	2010206713-sc-1810895		PRJEB3084	previous	12291_4#35	NCBI RefSeq	2017-03-13	frozen_publication_GCF_prefix_exact_version_plus_NCBI_Datasets	exact	Paired GCA is the same assembly record, retained explicitly; no isolate substitution
GCF_900062165.1_12291_5_47	ASSEMBLY_AVAILABLE	GCF_900062165.1	1	Scaffold	RefSeq	GCA_900062165.1	SAMEA2336069	2010220131-sc-1810999		PRJEB3084	previous	12291_5#47	NCBI RefSeq	2017-03-12	frozen_publication_GCF_prefix_exact_version_plus_NCBI_Datasets	exact	Paired GCA is the same assembly record, retained explicitly; no isolate substitution
GCF_900062175.1_13414_1_48	ASSEMBLY_AVAILABLE	GCF_900062175.1	1	Scaffold	RefSeq	GCA_900062175.1	SAMEA2521501	2013205806-sc-1946795		PRJEB3084	previous	13414_1#48	NCBI RefSeq	2017-03-13	frozen_publication_GCF_prefix_exact_version_plus_NCBI_Datasets	exact	Paired GCA is the same assembly record, retained explicitly; no isolate substitution
GCF_900062915.1_12838_1_70	ASSEMBLY_AVAILABLE	GCF_900062915.1	1	Scaffold	RefSeq	GCA_900062915.1	SAMEA2335974	2010220298-sc-1810902		PRJEB3084	previous	12838_1#70	NCBI RefSeq	2017-03-13	frozen_publication_GCF_prefix_exact_version_plus_NCBI_Datasets	exact	Paired GCA is the same assembly record, retained explicitly; no isolate substitution
GCF_900062925.1_12291_4_48	ASSEMBLY_AVAILABLE	GCF_900062925.1	1	Scaffold	RefSeq	GCA_900062925.1	SAMEA2335980	2010223245-sc-1810908		PRJEB3084	previous	12291_4#48	NCBI RefSeq	2017-03-13	frozen_publication_GCF_prefix_exact_version_plus_NCBI_Datasets	exact	Paired GCA is the same assembly record, retained explicitly; no isolate substitution
GCF_900062935.1_13414_1_83	ASSEMBLY_AVAILABLE	GCF_900062935.1	1	Scaffold	RefSeq	GCA_900062935.1	SAMEA2521539	2013208478-sc-1946830		PRJEB3084	previous	13414_1#83	NCBI RefSeq	2017-03-12	frozen_publication_GCF_prefix_exact_version_plus_NCBI_Datasets	exact	Paired GCA is the same assembly record, retained explicitly; no isolate substitution
GCF_900062945.1_13414_2_95	ASSEMBLY_AVAILABLE	GCF_900062945.1	1	Scaffold	RefSeq	GCA_900062945.1	SAMEA2521646	2012215791-sc-1946938		PRJEB3084	previous	13414_2#95	NCBI RefSeq	2017-03-06	frozen_publication_GCF_prefix_exact_version_plus_NCBI_Datasets	exact	Paired GCA is the same assembly record, retained explicitly; no isolate substitution
GCF_900063155.1_11657_4_39	ASSEMBLY_AVAILABLE	GCF_900063155.1	1	Scaffold	RefSeq	GCA_900063155.1	SAMEA2203930	ERS356441		PRJEB3084	current	11657_4#39	NCBI RefSeq	2026-02-07	frozen_publication_GCF_prefix_exact_version_plus_NCBI_Datasets	exact	Paired GCA is the same assembly record, retained explicitly; no isolate substitution
GCF_900063165.1_13154_3_64	ASSEMBLY_AVAILABLE	GCF_900063165.1	1	Scaffold	RefSeq	GCA_900063165.1	SAMEA2467743	ERS437368		PRJEB3084	current	13154_3#64	NCBI RefSeq	2025-12-31	frozen_publication_GCF_prefix_exact_version_plus_NCBI_Datasets	exact	Paired GCA is the same assembly record, retained explicitly; no isolate substitution
GCF_900063175.1_13414_2_76	ASSEMBLY_AVAILABLE	GCF_900063175.1	1	Scaffold	RefSeq	GCA_900063175.1	SAMEA2521627	2012220098-sc-1946919		PRJEB3084	previous	13414_2#76	NCBI RefSeq	2017-03-05	frozen_publication_GCF_prefix_exact_version_plus_NCBI_Datasets	exact	Paired GCA is the same assembly record, retained explicitly; no isolate substitution
GCF_900063185.1_13414_3_21	ASSEMBLY_AVAILABLE	GCF_900063185.1	1	Scaffold	RefSeq	GCA_900063185.1	SAMEA2521667	2013206355-sc-1946960		PRJEB3084	previous	13414_3#21	NCBI RefSeq	2017-03-05	frozen_publication_GCF_prefix_exact_version_plus_NCBI_Datasets	exact	Paired GCA is the same assembly record, retained explicitly; no isolate substitution
GCF_900063195.1_13414_3_22	ASSEMBLY_AVAILABLE	GCF_900063195.1	1	Scaffold	RefSeq	GCA_900063195.1	SAMEA2521668	2013208587-sc-1946961		PRJEB3084	previous	13414_3#22	NCBI RefSeq	2017-03-13	frozen_publication_GCF_prefix_exact_version_plus_NCBI_Datasets	exact	Paired GCA is the same assembly record, retained explicitly; no isolate substitution
GCF_900063205.1_14673_4_41	ASSEMBLY_AVAILABLE	GCF_900063205.1	1	Scaffold	RefSeq	GCA_900063205.1	SAMEA2796734	GPS_US_2009213994_R1-sc-2138718		PRJEB3084	previous	14673_4#41	NCBI RefSeq	2017-03-06	frozen_publication_GCF_prefix_exact_version_plus_NCBI_Datasets	exact	Paired GCA is the same assembly record, retained explicitly; no isolate substitution
GCF_900063355.1_11657_8_18	ASSEMBLY_AVAILABLE	GCF_900063355.1	1	Scaffold	RefSeq	GCA_900063355.1	SAMEA2203895	ERS356406		PRJEB3084	current	11657_8#18	NCBI RefSeq	2026-02-07	frozen_publication_GCF_prefix_exact_version_plus_NCBI_Datasets	exact	Paired GCA is the same assembly record, retained explicitly; no isolate substitution
GCF_900063365.1_11511_8_55	ASSEMBLY_AVAILABLE	GCF_900063365.1	1	Scaffold	RefSeq	GCA_900063365.1	SAMEA2204017	2009216681-sc-2013-10-09T11:53:41Z-1712608		PRJEB3084	previous	11511_8#55	NCBI RefSeq	2017-03-13	frozen_publication_GCF_prefix_exact_version_plus_NCBI_Datasets	exact	Paired GCA is the same assembly record, retained explicitly; no isolate substitution
GCF_900063375.1_11511_8_56	ASSEMBLY_AVAILABLE	GCF_900063375.1	1	Scaffold	RefSeq	GCA_900063375.1	SAMEA2204018	2009216712-sc-2013-10-09T11:53:42Z-1712609		PRJEB3084	previous	11511_8#56	NCBI RefSeq	2017-03-05	frozen_publication_GCF_prefix_exact_version_plus_NCBI_Datasets	exact	Paired GCA is the same assembly record, retained explicitly; no isolate substitution
GCF_900063385.1_11657_4_56	ASSEMBLY_AVAILABLE	GCF_900063385.1	1	Scaffold	RefSeq	GCA_900063385.1	SAMEA2204021	2009216744-sc-2013-10-09T11:53:46Z-1712612		PRJEB3084	previous	11657_4#56	NCBI RefSeq	2017-03-13	frozen_publication_GCF_prefix_exact_version_plus_NCBI_Datasets	exact	Paired GCA is the same assembly record, retained explicitly; no isolate substitution
GCF_900063395.1_12291_4_13	ASSEMBLY_AVAILABLE	GCF_900063395.1	1	Scaffold	RefSeq	GCA_900063395.1	SAMEA2335945	2010206720-sc-1810873		PRJEB3084	previous	12291_4#13	NCBI RefSeq	2017-03-13	frozen_publication_GCF_prefix_exact_version_plus_NCBI_Datasets	exact	Paired GCA is the same assembly record, retained explicitly; no isolate substitution
GCF_900063405.1_12291_4_66	ASSEMBLY_AVAILABLE	GCF_900063405.1	1	Scaffold	RefSeq	GCA_900063405.1	SAMEA2335998	2009205599-sc-1810926		PRJEB3084	previous	12291_4#66	NCBI RefSeq	2017-03-13	frozen_publication_GCF_prefix_exact_version_plus_NCBI_Datasets	exact	Paired GCA is the same assembly record, retained explicitly; no isolate substitution
GCF_900063415.1_12291_4_68	ASSEMBLY_AVAILABLE	GCF_900063415.1	1	Scaffold	RefSeq	GCA_900063415.1	SAMEA2336000	ERS394194		PRJEB3084	current	12291_4#68	NCBI RefSeq	2025-12-31	frozen_publication_GCF_prefix_exact_version_plus_NCBI_Datasets	exact	Paired GCA is the same assembly record, retained explicitly; no isolate substitution
GCF_900063425.1_12291_4_74	ASSEMBLY_AVAILABLE	GCF_900063425.1	1	Scaffold	RefSeq	GCA_900063425.1	SAMEA2336006	2010209966-sc-1810934		PRJEB3084	previous	12291_4#74	NCBI RefSeq	2017-03-05	frozen_publication_GCF_prefix_exact_version_plus_NCBI_Datasets	exact	Paired GCA is the same assembly record, retained explicitly; no isolate substitution
GCF_900063435.1_13154_3_14	ASSEMBLY_AVAILABLE	GCF_900063435.1	1	Scaffold	RefSeq	GCA_900063435.1	SAMEA2467556	2009216956-sc-1926342		PRJEB3084	current	13154_3#14	NCBI RefSeq	2026-01-14	frozen_publication_GCF_prefix_exact_version_plus_NCBI_Datasets	exact	Paired GCA is the same assembly record, retained explicitly; no isolate substitution
GCF_900063445.1_13154_3_52	ASSEMBLY_AVAILABLE	GCF_900063445.1	1	Scaffold	RefSeq	GCA_900063445.1	SAMEA2467731	2010200750-sc-1926385		PRJEB3084	previous	13154_3#52	NCBI RefSeq	2017-03-05	frozen_publication_GCF_prefix_exact_version_plus_NCBI_Datasets	exact	Paired GCA is the same assembly record, retained explicitly; no isolate substitution
GCF_900063455.1_13414_2_62	ASSEMBLY_AVAILABLE	GCF_900063455.1	1	Scaffold	RefSeq	GCA_900063455.1	SAMEA2521613	2012220570-sc-1946905		PRJEB3084	previous	13414_2#62	NCBI RefSeq	2017-03-13	frozen_publication_GCF_prefix_exact_version_plus_NCBI_Datasets	exact	Paired GCA is the same assembly record, retained explicitly; no isolate substitution
GCF_900063465.1_13414_2_63	ASSEMBLY_AVAILABLE	GCF_900063465.1	1	Scaffold	RefSeq	GCA_900063465.1	SAMEA2521614	2012220439-sc-1946906		PRJEB3084	previous	13414_2#63	NCBI RefSeq	2017-03-13	frozen_publication_GCF_prefix_exact_version_plus_NCBI_Datasets	exact	Paired GCA is the same assembly record, retained explicitly; no isolate substitution
GCF_900063475.1_13414_3_4	ASSEMBLY_AVAILABLE	GCF_900063475.1	1	Scaffold	RefSeq	GCA_900063475.1	SAMEA2521650	2012221164-sc-1946943		PRJEB3084	previous	13414_3#4	NCBI RefSeq	2017-03-12	frozen_publication_GCF_prefix_exact_version_plus_NCBI_Datasets	exact	Paired GCA is the same assembly record, retained explicitly; no isolate substitution
GCF_900063485.1_13414_3_5	ASSEMBLY_AVAILABLE	GCF_900063485.1	1	Scaffold	RefSeq	GCA_900063485.1	SAMEA2521651	2012221165-sc-1946944		PRJEB3084	previous	13414_3#5	NCBI RefSeq	2017-03-12	frozen_publication_GCF_prefix_exact_version_plus_NCBI_Datasets	exact	Paired GCA is the same assembly record, retained explicitly; no isolate substitution
GCF_900063965.1_12291_5_72	ASSEMBLY_AVAILABLE	GCF_900063965.1	1	Scaffold	RefSeq	GCA_900063965.1	SAMEA2336094	2009211070-sc-1811024		PRJEB3084	previous	12291_5#72	NCBI RefSeq	2017-03-12	frozen_publication_GCF_prefix_exact_version_plus_NCBI_Datasets	exact	Paired GCA is the same assembly record, retained explicitly; no isolate substitution
GCF_900064055.1_11658_2_60	ASSEMBLY_AVAILABLE	GCF_900064055.1	1	Scaffold	RefSeq	GCA_900064055.1	SAMEA2203958	2009214041-sc-2013-10-09T11:52:35Z-1712549		PRJEB3084	previous	11658_2#60	NCBI RefSeq	2017-03-13	frozen_publication_GCF_prefix_exact_version_plus_NCBI_Datasets	exact	Paired GCA is the same assembly record, retained explicitly; no isolate substitution
GCF_900064065.1_12291_4_44	ASSEMBLY_AVAILABLE	GCF_900064065.1	1	Scaffold	RefSeq	GCA_900064065.1	SAMEA2335976	2010220340-sc-1810904		PRJEB3084	previous	12291_4#44	NCBI RefSeq	2017-03-13	frozen_publication_GCF_prefix_exact_version_plus_NCBI_Datasets	exact	Paired GCA is the same assembly record, retained explicitly; no isolate substitution
GCF_900064075.1_12291_4_47	ASSEMBLY_AVAILABLE	GCF_900064075.1	1	Scaffold	RefSeq	GCA_900064075.1	SAMEA2335979	2010223244-sc-1810907		PRJEB3084	previous	12291_4#47	NCBI RefSeq	2017-03-13	frozen_publication_GCF_prefix_exact_version_plus_NCBI_Datasets	exact	Paired GCA is the same assembly record, retained explicitly; no isolate substitution
GCF_900064085.1_12291_4_54	ASSEMBLY_AVAILABLE	GCF_900064085.1	1	Scaffold	RefSeq	GCA_900064085.1	SAMEA2335986	2010216221-sc-1810914		PRJEB3084	previous	12291_4#54	NCBI RefSeq	2017-03-13	frozen_publication_GCF_prefix_exact_version_plus_NCBI_Datasets	exact	Paired GCA is the same assembly record, retained explicitly; no isolate substitution
GCF_900064095.1_12299_1_57	ASSEMBLY_AVAILABLE	GCF_900064095.1	1	Scaffold	RefSeq	GCA_900064095.1	SAMEA2336169	2010220245-sc-1811100		PRJEB3084	previous	12299_1#57	NCBI RefSeq	2017-03-13	frozen_publication_GCF_prefix_exact_version_plus_NCBI_Datasets	exact	Paired GCA is the same assembly record, retained explicitly; no isolate substitution
GCF_900064105.1_12299_1_64	ASSEMBLY_AVAILABLE	GCF_900064105.1	1	Scaffold	RefSeq	GCA_900064105.1	SAMEA2336176	ERS394370		PRJEB3084	current	12299_1#64	NCBI RefSeq	2026-02-07	frozen_publication_GCF_prefix_exact_version_plus_NCBI_Datasets	exact	Paired GCA is the same assembly record, retained explicitly; no isolate substitution
GCF_900064115.1_13154_3_54	ASSEMBLY_AVAILABLE	GCF_900064115.1	1	Scaffold	RefSeq	GCA_900064115.1	SAMEA2467733	2010200772-sc-1926387		PRJEB3084	previous	13154_3#54	NCBI RefSeq	2017-03-13	frozen_publication_GCF_prefix_exact_version_plus_NCBI_Datasets	exact	Paired GCA is the same assembly record, retained explicitly; no isolate substitution
GCF_900064125.1_13414_1_72	ASSEMBLY_AVAILABLE	GCF_900064125.1	1	Scaffold	RefSeq	GCA_900064125.1	SAMEA2521528	2013210858-sc-1946819		PRJEB3084	previous	13414_1#72	NCBI RefSeq	2017-03-13	frozen_publication_GCF_prefix_exact_version_plus_NCBI_Datasets	exact	Paired GCA is the same assembly record, retained explicitly; no isolate substitution
GCF_900064135.1_13414_1_77	ASSEMBLY_AVAILABLE	GCF_900064135.1	1	Scaffold	RefSeq	GCA_900064135.1	SAMEA2521533	2013211747-sc-1946824		PRJEB3084	previous	13414_1#77	NCBI RefSeq	2017-03-12	frozen_publication_GCF_prefix_exact_version_plus_NCBI_Datasets	exact	Paired GCA is the same assembly record, retained explicitly; no isolate substitution
GCF_900064145.1_14673_4_36	ASSEMBLY_AVAILABLE	GCF_900064145.1	1	Scaffold	RefSeq	GCA_900064145.1	SAMEA2796729	GPS_US_2009211127_R1-sc-2138713		PRJEB3084	previous	14673_4#36	NCBI RefSeq	2017-03-12	frozen_publication_GCF_prefix_exact_version_plus_NCBI_Datasets	exact	Paired GCA is the same assembly record, retained explicitly; no isolate substitution
GCF_900064155.1_14673_4_38	ASSEMBLY_AVAILABLE	GCF_900064155.1	1	Scaffold	RefSeq	GCA_900064155.1	SAMEA2796731	GPS_US_2009212807_R1-sc-2138715		PRJEB3084	previous	14673_4#38	NCBI RefSeq	2017-03-12	frozen_publication_GCF_prefix_exact_version_plus_NCBI_Datasets	exact	Paired GCA is the same assembly record, retained explicitly; no isolate substitution
GCF_900064255.1_12291_4_55	ASSEMBLY_AVAILABLE	GCF_900064255.1	1	Scaffold	RefSeq	GCA_900064255.1	SAMEA2335987	2010216229-sc-1810915		PRJEB3084	previous	12291_4#55	NCBI RefSeq	2017-03-13	frozen_publication_GCF_prefix_exact_version_plus_NCBI_Datasets	exact	Paired GCA is the same assembly record, retained explicitly; no isolate substitution
GCF_900064595.1_11679_1_34	ASSEMBLY_AVAILABLE	GCF_900064595.1	1	Scaffold	RefSeq	GCA_900064595.1	SAMEA2203893	ERS356397		PRJEB3084	current	11679_1#34	NCBI RefSeq	2026-01-30	frozen_publication_GCF_prefix_exact_version_plus_NCBI_Datasets	exact	Paired GCA is the same assembly record, retained explicitly; no isolate substitution
GCF_900064605.1_11511_8_40	ASSEMBLY_AVAILABLE	GCF_900064605.1	1	Scaffold	RefSeq	GCA_900064605.1	SAMEA2203897	2009214084-sc-2013-10-09T11:51:26Z-1712487		PRJEB3084	previous	11511_8#40	NCBI RefSeq	2017-03-12	frozen_publication_GCF_prefix_exact_version_plus_NCBI_Datasets	exact	Paired GCA is the same assembly record, retained explicitly; no isolate substitution
GCF_900064615.1_11658_2_81	ASSEMBLY_AVAILABLE	GCF_900064615.1	1	Scaffold	RefSeq	GCA_900064615.1	SAMEA2203898	ERS356409		PRJEB3084	current	11658_2#81	NCBI RefSeq	2026-02-01	frozen_publication_GCF_prefix_exact_version_plus_NCBI_Datasets	exact	Paired GCA is the same assembly record, retained explicitly; no isolate substitution
GCF_900064625.1_11658_2_50	ASSEMBLY_AVAILABLE	GCF_900064625.1	1	Scaffold	RefSeq	GCA_900064625.1	SAMEA2204025	2009216816-sc-2013-10-09T11:53:50Z-1712616		PRJEB3084	previous	11658_2#50	NCBI RefSeq	2017-03-12	frozen_publication_GCF_prefix_exact_version_plus_NCBI_Datasets	exact	Paired GCA is the same assembly record, retained explicitly; no isolate substitution
GCF_900064635.1_13154_3_38	ASSEMBLY_AVAILABLE	GCF_900064635.1	1	Scaffold	RefSeq	GCA_900064635.1	SAMEA2467715	2010200690-sc-1926369		PRJEB3084	current	13154_3#38	NCBI RefSeq	2026-01-13	frozen_publication_GCF_prefix_exact_version_plus_NCBI_Datasets	exact	Paired GCA is the same assembly record, retained explicitly; no isolate substitution
GCF_900064645.1_13414_2_69	ASSEMBLY_AVAILABLE	GCF_900064645.1	1	Scaffold	RefSeq	GCA_900064645.1	SAMEA2521620	2012219972-sc-1946912		PRJEB3084	previous	13414_2#69	NCBI RefSeq	2017-03-13	frozen_publication_GCF_prefix_exact_version_plus_NCBI_Datasets	exact	Paired GCA is the same assembly record, retained explicitly; no isolate substitution
GCF_900064655.1_14673_4_35	ASSEMBLY_AVAILABLE	GCF_900064655.1	1	Scaffold	RefSeq	GCA_900064655.1	SAMEA2796728	GPS_US_2009209974_R1-sc-2138712		PRJEB3084	previous	14673_4#35	NCBI RefSeq	2017-03-13	frozen_publication_GCF_prefix_exact_version_plus_NCBI_Datasets	exact	Paired GCA is the same assembly record, retained explicitly; no isolate substitution
GCF_900064805.1_11679_1_38	ASSEMBLY_AVAILABLE	GCF_900064805.1	1	Scaffold	RefSeq	GCA_900064805.1	SAMEA2203937	2009212648-sc-2013-10-09T11:52:11Z-1712527		PRJEB3084	previous	11679_1#38	NCBI RefSeq	2017-03-13	frozen_publication_GCF_prefix_exact_version_plus_NCBI_Datasets	exact	Paired GCA is the same assembly record, retained explicitly; no isolate substitution
GCF_900064815.1_12291_4_61	ASSEMBLY_AVAILABLE	GCF_900064815.1	1	Scaffold	RefSeq	GCA_900064815.1	SAMEA2335993	2009211518-sc-1810921		PRJEB3084	previous	12291_4#61	NCBI RefSeq	2017-03-05	frozen_publication_GCF_prefix_exact_version_plus_NCBI_Datasets	exact	Paired GCA is the same assembly record, retained explicitly; no isolate substitution
GCF_900064825.1_12291_4_63	ASSEMBLY_AVAILABLE	GCF_900064825.1	1	Scaffold	RefSeq	GCA_900064825.1	SAMEA2335995	2010220051-sc-1810923		PRJEB3084	previous	12291_4#63	NCBI RefSeq	2017-03-13	frozen_publication_GCF_prefix_exact_version_plus_NCBI_Datasets	exact	Paired GCA is the same assembly record, retained explicitly; no isolate substitution
GCF_900064835.1_13154_3_32	ASSEMBLY_AVAILABLE	GCF_900064835.1	1	Scaffold	RefSeq	GCA_900064835.1	SAMEA2467576	ERS437333		PRJEB3084	current	13154_3#32	NCBI RefSeq	2026-01-31	frozen_publication_GCF_prefix_exact_version_plus_NCBI_Datasets	exact	Paired GCA is the same assembly record, retained explicitly; no isolate substitution
GCF_900064845.1_13154_3_85	ASSEMBLY_AVAILABLE	GCF_900064845.1	1	Scaffold	RefSeq	GCA_900064845.1	SAMEA2467764	ERS437389		PRJEB3084	current	13154_3#85	NCBI RefSeq	2026-02-07	frozen_publication_GCF_prefix_exact_version_plus_NCBI_Datasets	exact	Paired GCA is the same assembly record, retained explicitly; no isolate substitution
GCF_900064855.1_13414_2_6	ASSEMBLY_AVAILABLE	GCF_900064855.1	1	Scaffold	RefSeq	GCA_900064855.1	SAMEA2521557	2012213994-sc-1946849		PRJEB3084	previous	13414_2#6	NCBI RefSeq	2017-03-13	frozen_publication_GCF_prefix_exact_version_plus_NCBI_Datasets	exact	Paired GCA is the same assembly record, retained explicitly; no isolate substitution
GCF_900064865.1_13414_2_12	ASSEMBLY_AVAILABLE	GCF_900064865.1	1	Scaffold	RefSeq	GCA_900064865.1	SAMEA2521563	2012215849-sc-1946855		PRJEB3084	previous	13414_2#12	NCBI RefSeq	2017-03-13	frozen_publication_GCF_prefix_exact_version_plus_NCBI_Datasets	exact	Paired GCA is the same assembly record, retained explicitly; no isolate substitution
GCF_900064875.1_13414_2_48	ASSEMBLY_AVAILABLE	GCF_900064875.1	1	Scaffold	RefSeq	GCA_900064875.1	SAMEA2521599	2012225750-sc-1946891		PRJEB3084	previous	13414_2#48	NCBI RefSeq	2017-03-05	frozen_publication_GCF_prefix_exact_version_plus_NCBI_Datasets	exact	Paired GCA is the same assembly record, retained explicitly; no isolate substitution
GCF_900064885.1_13414_2_86	ASSEMBLY_AVAILABLE	GCF_900064885.1	1	Scaffold	RefSeq	GCA_900064885.1	SAMEA2521637	2012214450-sc-1946929		PRJEB3084	previous	13414_2#86	NCBI RefSeq	2017-03-12	frozen_publication_GCF_prefix_exact_version_plus_NCBI_Datasets	exact	Paired GCA is the same assembly record, retained explicitly; no isolate substitution
GCF_900064895.1_14673_1_11	ASSEMBLY_AVAILABLE	GCF_900064895.1	1	Scaffold	RefSeq	GCA_900064895.1	SAMEA2796419	GPS_US_2009201154-sc-2138398		PRJEB3084	previous	14673_1#11	NCBI RefSeq	2017-03-13	frozen_publication_GCF_prefix_exact_version_plus_NCBI_Datasets	exact	Paired GCA is the same assembly record, retained explicitly; no isolate substitution
GCF_900064905.1_14673_1_12	ASSEMBLY_AVAILABLE	GCF_900064905.1	1	Scaffold	RefSeq	GCA_900064905.1	SAMEA2796420	GPS_US_2009201416-sc-2138399		PRJEB3084	previous	14673_1#12	NCBI RefSeq	2017-03-12	frozen_publication_GCF_prefix_exact_version_plus_NCBI_Datasets	exact	Paired GCA is the same assembly record, retained explicitly; no isolate substitution
GCF_900064915.1_14673_1_75	ASSEMBLY_AVAILABLE	GCF_900064915.1	1	Scaffold	RefSeq	GCA_900064915.1	SAMEA2796483	GPS_US_2008232504-sc-2138462		PRJEB3084	previous	14673_1#75	NCBI RefSeq	2017-03-13	frozen_publication_GCF_prefix_exact_version_plus_NCBI_Datasets	exact	Paired GCA is the same assembly record, retained explicitly; no isolate substitution
GCF_900064925.1_14673_1_82	ASSEMBLY_AVAILABLE	GCF_900064925.1	1	Scaffold	RefSeq	GCA_900064925.1	SAMEA2796490	GPS_US_2008238089-sc-2138469		PRJEB3084	previous	14673_1#82	NCBI RefSeq	2017-03-05	frozen_publication_GCF_prefix_exact_version_plus_NCBI_Datasets	exact	Paired GCA is the same assembly record, retained explicitly; no isolate substitution
GCF_900064935.1_14673_4_32	ASSEMBLY_AVAILABLE	GCF_900064935.1	1	Scaffold	RefSeq	GCA_900064935.1	SAMEA2796725	GPS_US_2009214140_R1-sc-2138709		PRJEB3084	previous	14673_4#32	NCBI RefSeq	2017-03-05	frozen_publication_GCF_prefix_exact_version_plus_NCBI_Datasets	exact	Paired GCA is the same assembly record, retained explicitly; no isolate substitution
GCF_900064945.1_14673_4_37	ASSEMBLY_AVAILABLE	GCF_900064945.1	1	Scaffold	RefSeq	GCA_900064945.1	SAMEA2796730	GPS_US_2009211133_R1-sc-2138714		PRJEB3084	previous	14673_4#37	NCBI RefSeq	2017-03-13	frozen_publication_GCF_prefix_exact_version_plus_NCBI_Datasets	exact	Paired GCA is the same assembly record, retained explicitly; no isolate substitution
GCF_900065085.1_13154_3_71	ASSEMBLY_AVAILABLE	GCF_900065085.1	1	Scaffold	RefSeq	GCA_900065085.1	SAMEA2467750	2010203153-sc-1926404		PRJEB3084	previous	13154_3#71	NCBI RefSeq	2017-03-13	frozen_publication_GCF_prefix_exact_version_plus_NCBI_Datasets	exact	Paired GCA is the same assembly record, retained explicitly; no isolate substitution
GCF_900065135.1_12291_4_16	ASSEMBLY_AVAILABLE	GCF_900065135.1	1	Scaffold	RefSeq	GCA_900065135.1	SAMEA2335948	2010207743-sc-1810876		PRJEB3084	previous	12291_4#16	NCBI RefSeq	2017-03-12	frozen_publication_GCF_prefix_exact_version_plus_NCBI_Datasets	exact	Paired GCA is the same assembly record, retained explicitly; no isolate substitution
GCF_900065145.1_12291_4_25	ASSEMBLY_AVAILABLE	GCF_900065145.1	1	Scaffold	RefSeq	GCA_900065145.1	SAMEA2335957	2010208283-sc-1810885		PRJEB3084	previous	12291_4#25	NCBI RefSeq	2017-03-13	frozen_publication_GCF_prefix_exact_version_plus_NCBI_Datasets	exact	Paired GCA is the same assembly record, retained explicitly; no isolate substitution
GCF_900065155.1_12291_4_27	ASSEMBLY_AVAILABLE	GCF_900065155.1	1	Scaffold	RefSeq	GCA_900065155.1	SAMEA2335959	2010208307-sc-1810887		PRJEB3084	previous	12291_4#27	NCBI RefSeq	2017-03-13	frozen_publication_GCF_prefix_exact_version_plus_NCBI_Datasets	exact	Paired GCA is the same assembly record, retained explicitly; no isolate substitution
GCF_900065165.1_13154_3_49	ASSEMBLY_AVAILABLE	GCF_900065165.1	1	Scaffold	RefSeq	GCA_900065165.1	SAMEA2467728	2010201916-sc-1926382		PRJEB3084	previous	13154_3#49	NCBI RefSeq	2017-03-13	frozen_publication_GCF_prefix_exact_version_plus_NCBI_Datasets	exact	Paired GCA is the same assembly record, retained explicitly; no isolate substitution
GCF_900065175.1_13414_1_89	ASSEMBLY_AVAILABLE	GCF_900065175.1	1	Scaffold	RefSeq	GCA_900065175.1	SAMEA2521545	2013208537-sc-1946836		PRJEB3084	previous	13414_1#89	NCBI RefSeq	2017-03-13	frozen_publication_GCF_prefix_exact_version_plus_NCBI_Datasets	exact	Paired GCA is the same assembly record, retained explicitly; no isolate substitution
GCF_900065355.1_11658_2_62	ASSEMBLY_AVAILABLE	GCF_900065355.1	1	Scaffold	RefSeq	GCA_900065355.1	SAMEA2203950	2009212842-sc-2013-10-09T11:52:26Z-1712541		PRJEB3084	previous	11658_2#62	NCBI RefSeq	2017-03-13	frozen_publication_GCF_prefix_exact_version_plus_NCBI_Datasets	exact	Paired GCA is the same assembly record, retained explicitly; no isolate substitution
GCF_900065465.1_11511_8_41	ASSEMBLY_AVAILABLE	GCF_900065465.1	1	Scaffold	RefSeq	GCA_900065465.1	SAMEA2203902	2009214110-sc-2013-10-09T11:51:32Z-1712492		PRJEB3084	previous	11511_8#41	NCBI RefSeq	2017-03-05	frozen_publication_GCF_prefix_exact_version_plus_NCBI_Datasets	exact	Paired GCA is the same assembly record, retained explicitly; no isolate substitution
GCF_900065475.1_11511_8_50	ASSEMBLY_AVAILABLE	GCF_900065475.1	1	Scaffold	RefSeq	GCA_900065475.1	SAMEA2203941	ERS356452		PRJEB3084	current	11511_8#50	NCBI RefSeq	2026-02-01	frozen_publication_GCF_prefix_exact_version_plus_NCBI_Datasets	exact	Paired GCA is the same assembly record, retained explicitly; no isolate substitution
GCF_900065485.1_11657_8_29	ASSEMBLY_AVAILABLE	GCF_900065485.1	1	Scaffold	RefSeq	GCA_900065485.1	SAMEA2204002	2009215690-sc-2013-10-09T11:53:24Z-1712593		PRJEB3084	previous	11657_8#29	NCBI RefSeq	2017-03-05	frozen_publication_GCF_prefix_exact_version_plus_NCBI_Datasets	exact	Paired GCA is the same assembly record, retained explicitly; no isolate substitution
GCF_900065495.1_12291_4_19	ASSEMBLY_AVAILABLE	GCF_900065495.1	1	Scaffold	RefSeq	GCA_900065495.1	SAMEA2335951	2010205338-sc-1810879		PRJEB3084	previous	12291_4#19	NCBI RefSeq	2017-03-12	frozen_publication_GCF_prefix_exact_version_plus_NCBI_Datasets	exact	Paired GCA is the same assembly record, retained explicitly; no isolate substitution
GCF_900065505.1_12291_4_56	ASSEMBLY_AVAILABLE	GCF_900065505.1	1	Scaffold	RefSeq	GCA_900065505.1	SAMEA2335988	2010216231-sc-1810916		PRJEB3084	previous	12291_4#56	NCBI RefSeq	2017-03-05	frozen_publication_GCF_prefix_exact_version_plus_NCBI_Datasets	exact	Paired GCA is the same assembly record, retained explicitly; no isolate substitution
GCF_900065515.1_12291_4_88	ASSEMBLY_AVAILABLE	GCF_900065515.1	1	Scaffold	RefSeq	GCA_900065515.1	SAMEA2336020	2010208429-sc-1810948		PRJEB3084	previous	12291_4#88	NCBI RefSeq	2017-03-05	frozen_publication_GCF_prefix_exact_version_plus_NCBI_Datasets	exact	Paired GCA is the same assembly record, retained explicitly; no isolate substitution
GCF_900065525.1_12299_1_79	ASSEMBLY_AVAILABLE	GCF_900065525.1	1	Scaffold	RefSeq	GCA_900065525.1	SAMEA2336191	ERS394385		PRJEB3084	current	12299_1#79	NCBI RefSeq	2026-02-04	frozen_publication_GCF_prefix_exact_version_plus_NCBI_Datasets	exact	Paired GCA is the same assembly record, retained explicitly; no isolate substitution
GCF_900065535.1_13091_6_78	ASSEMBLY_AVAILABLE	GCF_900065535.1	1	Scaffold	RefSeq	GCA_900065535.1	SAMEA2467529	ERS437286		PRJEB3084	current	13091_6#78	NCBI RefSeq	2026-02-07	frozen_publication_GCF_prefix_exact_version_plus_NCBI_Datasets	exact	Paired GCA is the same assembly record, retained explicitly; no isolate substitution
GCF_900065545.1_13091_6_86	ASSEMBLY_AVAILABLE	GCF_900065545.1	1	Scaffold	RefSeq	GCA_900065545.1	SAMEA2467537	ERS437294		PRJEB3084	current	13091_6#86	NCBI RefSeq	2026-02-04	frozen_publication_GCF_prefix_exact_version_plus_NCBI_Datasets	exact	Paired GCA is the same assembly record, retained explicitly; no isolate substitution
GCF_900065555.1_13154_3_67	ASSEMBLY_AVAILABLE	GCF_900065555.1	1	Scaffold	RefSeq	GCA_900065555.1	SAMEA2467746	2010202227-sc-1926400		PRJEB3084	current	13154_3#67	NCBI RefSeq	2026-01-24	frozen_publication_GCF_prefix_exact_version_plus_NCBI_Datasets	exact	Paired GCA is the same assembly record, retained explicitly; no isolate substitution
GCF_900065565.1_13414_1_63	ASSEMBLY_AVAILABLE	GCF_900065565.1	1	Scaffold	RefSeq	GCA_900065565.1	SAMEA2521519	2012224883-sc-1946810		PRJEB3084	previous	13414_1#63	NCBI RefSeq	2017-03-12	frozen_publication_GCF_prefix_exact_version_plus_NCBI_Datasets	exact	Paired GCA is the same assembly record, retained explicitly; no isolate substitution
GCF_900065575.1_13414_2_11	ASSEMBLY_AVAILABLE	GCF_900065575.1	1	Scaffold	RefSeq	GCA_900065575.1	SAMEA2521562	2012214435-sc-1946854		PRJEB3084	previous	13414_2#11	NCBI RefSeq	2017-03-13	frozen_publication_GCF_prefix_exact_version_plus_NCBI_Datasets	exact	Paired GCA is the same assembly record, retained explicitly; no isolate substitution
GCF_900065585.1_13414_2_79	ASSEMBLY_AVAILABLE	GCF_900065585.1	1	Scaffold	RefSeq	GCA_900065585.1	SAMEA2521630	2012219138-sc-1946922		PRJEB3084	previous	13414_2#79	NCBI RefSeq	2017-03-13	frozen_publication_GCF_prefix_exact_version_plus_NCBI_Datasets	exact	Paired GCA is the same assembly record, retained explicitly; no isolate substitution
GCF_900065595.1_13414_2_80	ASSEMBLY_AVAILABLE	GCF_900065595.1	1	Scaffold	RefSeq	GCA_900065595.1	SAMEA2521631	2010223273-sc-1946923		PRJEB3084	previous	13414_2#80	NCBI RefSeq	2017-03-06	frozen_publication_GCF_prefix_exact_version_plus_NCBI_Datasets	exact	Paired GCA is the same assembly record, retained explicitly; no isolate substitution
GCF_900065605.1_14673_1_13	ASSEMBLY_AVAILABLE	GCF_900065605.1	1	Contig	RefSeq	GCA_900065605.1	SAMEA2796421	GPS_US_2009202614-sc-2138400		PRJEB3084	previous	14673_1#13	NCBI RefSeq	2017-03-13	frozen_publication_GCF_prefix_exact_version_plus_NCBI_Datasets	exact	Paired GCA is the same assembly record, retained explicitly; no isolate substitution
GCF_900065615.1_14673_2_57	ASSEMBLY_AVAILABLE	GCF_900065615.1	1	Scaffold	RefSeq	GCA_900065615.1	SAMEA2796560	GPS_US_2009203420-sc-2138540		PRJEB3084	previous	14673_2#57	NCBI RefSeq	2017-03-12	frozen_publication_GCF_prefix_exact_version_plus_NCBI_Datasets	exact	Paired GCA is the same assembly record, retained explicitly; no isolate substitution
GCF_900065625.1_14673_3_5	ASSEMBLY_AVAILABLE	GCF_900065625.1	1	Scaffold	RefSeq	GCA_900065625.1	SAMEA2796603	GPS_US_2009201605-sc-2138584		PRJEB3084	previous	14673_3#5	NCBI RefSeq	2017-03-05	frozen_publication_GCF_prefix_exact_version_plus_NCBI_Datasets	exact	Paired GCA is the same assembly record, retained explicitly; no isolate substitution
GCF_900065635.1_14673_4_39	ASSEMBLY_AVAILABLE	GCF_900065635.1	1	Scaffold	RefSeq	GCA_900065635.1	SAMEA2796732	GPS_US_2009212823_R1-sc-2138716		PRJEB3084	current	14673_4#39	NCBI RefSeq	2026-01-21	frozen_publication_GCF_prefix_exact_version_plus_NCBI_Datasets	exact	Paired GCA is the same assembly record, retained explicitly; no isolate substitution
