edge_id	locus_A	locus_B	channel	display_channel	orientation	MIraw	NMI	informative_N	order_distance	order_threshold	local_background_N	conditional_Q95	conditional_Q99	conditional_Q99_9	empirical_percentile	HC_level	HC_testable	HC_supported	HC_driver_counts_total	HC_driver_distribution	Neff	order_neff_background_N	order_neff_background_mean	order_neff_background_Q95	order_neff_empirical_percentile	Neff_excess	Neff_ratio_to_order_mean	enriched_driver_A_state	enriched_driver_B_state	depleted_driver_A_state	depleted_driver_B_state	annotation_A	annotation_B	high_information_pass	order_filter_pass	HC_recurrence_pass	population_count_pass	Neff_above_order_mean_pass	Neff_filter_pass	final_pass
PP:group_1922--group_2348	group_1922	group_2348	PP	PP	P_A__P_B	0.26957858237662036	0.3899660883411208	NA	135.14285714285714	100.0	6974.0	0.07406310532732605	0.149634419516591	0.24488270761623324	0.9992830513335246	69	NA	25	211	6:10;8:44;9:58;13:37;21:10;24:8;25:1;26:7;31:7;33:2;34:4;37:1;39:4;40:5;41:1;46:2;47:1;49:1;51:1;53:2;57:1;59:1;60:1;63:1;66:1	6.2608633	6974	3.2296990755296964	8.066666603088379	0.8928878692285632	3.031164228608487	1.9385283760875933	1	1	NA	NA	Uncharacterised protein	Uncharacterised protein	True	True	True	True	True	True	True
PP:yxlF--group_5417	yxlF	group_5417	PP	PP	P_A__P_B	0.2928027577364576	0.4234561633746656	NA	152.0	100.0	7173.0	0.08341222594638732	0.16186191601190375	0.27907346768641356	0.999721176634602	69	NA	13	215	2:94;3:63;12:7;14:20;15:10;18:1;20:13;25:1;33:2;37:1;56:1;63:1;64:1	3.4157245	7173	3.1886390827032174	7.902439117431641	0.6638784330126865	0.2270854332116996	1.0712170387810667	1	1	NA	NA	Uncharacterised protein	major facilitator superfamily permease	True	True	True	True	True	True	True
PP:yxlF--group_1482	yxlF	group_1482	PP	PP	P_A__P_B	0.2791310095456147	0.4038233135364636	NA	152.85714285714286	100.0	7173.0	0.08341222594638732	0.16186191601190375	0.27907346768641356	0.9990241182211069	69	NA	12	212	2:94;3:63;12:7;14:19;15:10;18:1;20:13;25:1;33:1;37:1;56:1;63:1	3.331653	7173	3.1886390827032174	7.902439117431641	0.6542590269064548	0.14301403543032754	1.0448511204062283	1	1	NA	NA	Uncharacterised protein	cell division protein FtsZ	True	True	True	True	True	True	True
PP:group_1888--group_3921	group_1888	group_3921	PP	PP	P_A__P_B	0.174108199911863	0.3104716089399468	NA	575.375	100.0	339.0	0.04254342763282427	0.0911479723091607	0.1495364557199526	1.0	69	NA	4	92	8:40;11:7;13:38;24:7	2.6938255	339	2.3272801859188923	5.0	0.7463126843657817	0.36654529740325126	1.1574994277100874	1	1	NA	NA	zinc metalloprotease ZmpC	putative flavoprotein	True	True	True	True	True	True	True
PT:group_2753--group_4266	group_2753	group_4266	PT	P↔T	P_A__T_B	0.5452835046657886	0.6333963717124956	NA	225.6	100.0	5948.0	0.39222965366257195	0.46771821073727887	0.5413836004686878	0.9996637525218561	69	NA	3	8	1:3;2:4;9:1	2.4615386	14043	1.8601868568148903	5.450989484786985	0.8540685944855414	0.6013516964230248	1.3232748872619662	1	2	NA	NA	phosphotransferase system sugar-specific EII component	PTS system mannose-specific transporter subunit IIAB	True	True	True	True	True	True	True
PT:glf_2--group_4266	glf_2	group_4266	PT	P↔T	P_A__T_B	0.6268694575724263	0.7395695833710967	NA	134.16666666666666	100.0	7243.0	0.3985379884054626	0.4711160910096245	0.5407323985278885	1.0	69	NA	3	8	1:3;2:4;9:1	2.4615386	17887	1.803369324336732	5.333333492279053	0.8622117906944636	0.6581692289011831	1.364966410384769	1	2	NA	NA	Uncharacterised protein	PTS system mannose-specific transporter subunit IIAB	True	True	True	True	True	True	True
PT:group_3656--group_4441	group_3656	group_4441	PT	P↔T	P_A__T_B	0.6011919136548338	0.6009458225842075	NA	103.57142857142857	100.0	7091.0	0.3981037355735937	0.4751136246144751	0.5315847205535043	1.0	69	NA	15	59	2:3;3:14;6:3;8:1;9:21;12:3;15:2;20:4;27:1;42:1;46:1;48:1;51:1;54:1;61:2	5.008633	17942	1.7996992428171743	5.310766386985789	0.9758849245522493	3.2089338939320933	2.783038975395112	1	4	NA	NA	Uncharacterised protein	histidine kinase	True	True	True	True	True	True	True
PT:gpsB--group_1130	gpsB	group_1130	PT	P↔T	P_A__T_B	0.6179271255663197	0.652523040540498	NA	192.97058823529412	100.0	7119.0	0.40751075935490166	0.4786089151492017	0.5413618801996942	0.9997190616659644	69	NA	8	21	4:3;6:5;8:1;13:5;14:4;24:1;40:1;59:1	5.5822783	17093	1.870046175147612	5.55555534362793	0.97724399494311	3.712232076500337	2.98510182573824	1	3	NA	NA	oligopeptide ABC transporter oligopeptide-binding protein AliA	Uncharacterised protein	True	True	True	True	True	True	True
PT:gpsB--group_2577	gpsB	group_2577	PT	P↔T	P_A__T_B	0.5509865752942333	0.6678610538025493	NA	184.16666666666666	100.0	7369.0	0.39746671270646744	0.47722938257552205	0.5463577586943603	0.9991857782602795	69	NA	16	37	1:4;3:1;5:1;7:1;8:10;10:1;11:2;14:3;16:1;24:3;29:1;32:3;36:1;50:2;54:2;55:1	8.398773	17419	1.8672670979431107	5.472362041473389	0.9948432623151038	6.5315060954162645	4.497895990675918	1	2	NA	NA	oligopeptide ABC transporter oligopeptide-binding protein AliA	DNA-3-methyladenine glycosylase I	True	True	True	True	True	True	True
PT:ponA--group_1130	ponA	group_1130	PT	P↔T	P_A__T_B	0.6179271255663197	0.652523040540498	NA	190.13513513513513	100.0	7119.0	0.40751075935490166	0.4786089151492017	0.5413618801996942	0.9998595308329822	69	NA	8	21	4:3;6:5;8:1;13:5;14:4;24:1;40:1;59:1	5.5822783	17093	1.870046175147612	5.55555534362793	0.9773844641101278	3.712232076500337	2.98510182573824	1	3	NA	NA	Uncharacterised protein	Uncharacterised protein	True	True	True	True	True	True	True
PT:group_2233--group_711	group_2233	group_711	PT	P↔T	P_A__T_B	0.5285303455019461	0.6135060387461422	NA	174.57142857142858	100.0	7412.0	0.38892000468947596	0.4653771741862497	0.5276160322713785	0.999055585536967	69	NA	6	18	7:1;9:10;14:4;21:1;42:1;45:1	2.7	18260	1.8470378414237094	5.538461685180664	0.8684565569347005	0.8529622062600064	1.4618000709733903	1	2	NA	NA	oligopeptide binding lipoprotein	HAD superfamily hydrolase protein	True	True	True	True	True	True	True
PT:group_2568--group_1130	group_2568	group_1130	PT	P↔T	P_A__T_B	0.6179271255663197	0.652523040540498	NA	169.92	100.0	7155.0	0.4005528880979349	0.47750188380058434	0.546038452356308	0.9998602375960867	69	NA	8	21	4:3;6:5;8:1;13:5;14:4;24:1;40:1;59:1	5.5822783	18015	1.8516442143913776	5.582278251647949	0.9772187281621244	3.7306340372565714	3.0147682844583645	1	3	NA	NA	Uncharacterised protein	Uncharacterised protein	True	True	True	True	True	True	True
PT:group_2556--group_1130	group_2556	group_1130	PT	P↔T	P_A__T_B	0.6179271255663197	0.652523040540498	NA	306.84615384615387	100.0	3102.0	0.4202058119151096	0.4872892599227348	0.546391606804913	1.0	69	NA	8	21	4:3;6:5;8:1;13:5;14:4;24:1;40:1;59:1	5.5822783	7947	1.8558135772630435	5.578121042251585	0.9738878143133463	3.7264646743849057	3.0079951564319845	1	3	NA	NA	Uncharacterised protein	Uncharacterised protein	True	True	True	True	True	True	True
PT:group_2386--group_4266	group_2386	group_4266	PT	P↔T	P_A__T_B	0.6268694575724263	0.7395695833710967	NA	128.58333333333334	100.0	7304.0	0.3878549399318433	0.47243878077081425	0.5349641700005964	0.9998630887185104	69	NA	3	8	1:3;2:4;9:1	2.4615386	18405	1.8014155383733135	5.333333492279053	0.8610350492880613	0.6601230148646016	1.366446830729958	1	2	NA	NA	putative metal-dependent membrane protease	PTS system mannose-specific transporter subunit IIAB	True	True	True	True	True	True	True
PT:wfgD--group_4266	wfgD	group_4266	PT	P↔T	P_A__T_B	0.6268694575724263	0.7395695833710967	NA	139.9090909090909	100.0	7014.0	0.3872508087143199	0.4707294104569887	0.5278959988823944	1.0	69	NA	3	8	1:3;2:4;9:1	2.4615386	17624	1.842426439976346	5.44444465637207	0.8594240091246079	0.6191121132615691	1.3360308448838356	1	2	NA	NA	Uncharacterised protein	PTS system mannose-specific transporter subunit IIAB	True	True	True	True	True	True	True
PT:group_2751--sorB	group_2751	sorB	PT	P↔T	P_A__T_B	0.5453052179711018	0.5076960786197134	NA	161.59574468085106	100.0	7432.0	0.3944546112106894	0.4644477840770286	0.5235805508804294	0.9993272335844995	69	NA	14	68	9:1;13:34;16:3;17:2;21:10;22:1;24:1;27:3;31:5;49:1;50:3;53:2;62:1;63:1	3.4977307	18733	1.841368417849831	5.54159421920776	0.9172497308934338	1.6563623141142803	1.8995279261107438	1	1	NA	NA	Uncharacterised protein	N-acetylgalactosamine-specific phosphotransferase EIIB	True	True	True	True	True	True	True
PT:group_2421--folD	group_2421	folD	PT	P↔T	P_A__T_B	0.5434283552432793	0.35583989304957947	NA	149.33333333333334	100.0	7437.0	0.3911741891394638	0.4657936908457945	0.5237519847899347	0.9997310743579401	69	NA	5	162	1:6;2:93;9:56;40:5;53:2	2.2146835	18327	1.8351021224207318	5.401869297027588	0.8235847788086594	0.37958141029411196	1.2068448429417085	0	2	NA	NA	amino acid ABC transporter ATP-binding protein	FolD bifunctional protein; includes: methylenetetrahydrofolate dehydrogenase, methenyltetrahydrofolate cyclohydrolase	True	True	True	True	True	True	True
PT:ygaZ--group_4266	ygaZ	group_4266	PT	P↔T	P_A__T_B	0.6268694575724264	0.7395695833710968	NA	120.06451612903226	100.0	7375.0	0.3892867715236539	0.465944154279683	0.5308723356946042	1.0	69	NA	3	8	1:3;2:4;9:1	2.4615386	18128	1.8018726339236573	5.400000095367432	0.8585762711864406	0.6596659193142578	1.3661001931517247	0	2	NA	NA	Uncharacterised protein	PTS system mannose-specific transporter subunit IIAB	True	True	True	True	True	True	True
PT:group_5169--group_1130	group_5169	group_1130	PT	P↔T	P_A__T_B	0.5268969176510274	0.5589536886891495	NA	308.61538461538464	100.0	2770.0	0.41357427129786367	0.4791488749926245	0.5165281309090163	1.0	69	NA	8	19	4:1;6:5;8:1;13:5;14:4;24:1;40:1;59:1	5.084507	7250	1.870894259156852	5.75856847763061	0.9610108303249097	3.2136127293685384	2.717688059407913	1	3	NA	NA	Uncharacterised protein	Uncharacterised protein	True	True	True	True	True	True	True
PT:celD--pyrF	celD	pyrF	PT	P↔T	P_A__T_B	0.5237286705395949	0.3340372479956572	NA	160.66666666666666	100.0	7432.0	0.3944546112106894	0.4644477840770286	0.5235805508804294	0.9990581270182992	69	NA	5	122	8:44;13:38;14:20;15:10;21:10	3.7396984	18733	1.841368417849831	5.54159421920776	0.936221743810549	1.8983299921843486	2.030934371298185	1	5	NA	NA	Uncharacterised protein	orotidine-5-phosphate decarboxylase	True	True	True	True	True	True	True
PT:group_2522--group_4408	group_2522	group_4408	PT	P↔T	P_A__T_B	0.5870809905801407	0.7351258474585997	NA	136.12244897959184	100.0	7193.0	0.3914997417947871	0.46727837387359594	0.5185137616003813	1.0	69	NA	7	30	1:2;2:1;4:9;9:10;20:4;21:3;53:1	4.245283	18131	1.8106780502630617	5.400000095367432	0.9499513415820937	2.434605076567993	2.3445819792283253	0	2	NA	NA	Uncharacterised protein	galactosyl transferase CpsE	True	True	True	True	True	True	True
PT:group_860--glf	group_860	glf	PT	P↔T	P_A__T_B	0.532078094356881	0.6201549708621072	NA	204.08333333333334	100.0	6267.0	0.4018437936070797	0.4723210133605855	0.5252361461537143	0.9992021700973353	69	NA	5	10	8:6;13:1;34:1;39:1;46:1	2.5	15356	1.8603871921351502	5.448009490966797	0.8527205999680868	0.6396128078648498	1.3438062842879346	0	2	NA	NA	Ser/Thr protein phosphatase family protein	capsular polysaccharide synthesis protein	True	True	True	True	True	True	True
PT:group_860--folD	group_860	folD	PT	P↔T	P_A__T_B	0.5246364110720015	0.34345396636127007	NA	164.9	100.0	7357.0	0.3875685866379974	0.461561628741317	0.5229541676739113	0.9993203751529156	69	NA	5	162	1:6;2:93;9:56;40:5;53:2	2.2146835	18722	1.8240242178923247	5.454115462303163	0.825064564360473	0.39065931482251903	1.2141744122640703	1	2	NA	NA	Ser/Thr protein phosphatase family protein	FolD bifunctional protein; includes: methylenetetrahydrofolate dehydrogenase, methenyltetrahydrofolate cyclohydrolase	True	True	True	True	True	True	True
PT:group_2416--glf	group_2416	glf	PT	P↔T	P_A__T_B	0.532078094356881	0.6201549708621072	NA	206.58333333333334	100.0	6267.0	0.4018437936070797	0.4723210133605855	0.5252361461537143	0.9993617360778682	69	NA	5	10	8:6;13:1;34:1;39:1;46:1	2.5	15356	1.8603871921351502	5.448009490966797	0.8528801659486197	0.6396128078648498	1.3438062842879346	0	2	NA	NA	VncR, response regulator	capsular polysaccharide synthesis protein	True	True	True	True	True	True	True
PT:group_2416--folD	group_2416	folD	PT	P↔T	P_A__T_B	0.5248229396336043	0.3436014454044114	NA	164.3	100.0	7357.0	0.3875685866379974	0.461561628741317	0.5229541676739113	0.9994563001223324	69	NA	5	162	1:6;2:93;9:56;40:5;53:2	2.2146835	18722	1.8240242178923247	5.454115462303163	0.8252004893298899	0.39065931482251903	1.2141744122640703	1	2	NA	NA	VncR, response regulator	FolD bifunctional protein; includes: methylenetetrahydrofolate dehydrogenase, methenyltetrahydrofolate cyclohydrolase	True	True	True	True	True	True	True
PT:group_4466--group_4266	group_4466	group_4266	PT	P↔T	P_A__T_B	0.6268694575724264	0.7395695833710968	NA	276.3076923076923	100.0	4350.0	0.41698755685469835	0.48456443129473364	0.5572412141756375	0.9997701149425288	69	NA	3	8	1:3;2:4;9:1	2.4615386	10049	1.945771443024122	6.122457695007326	0.8335632183908046	0.5157671102137931	1.265070757443221	0	2	NA	NA	GNAT family acetyltransferase	PTS system mannose-specific transporter subunit IIAB	True	True	True	True	True	True	True
PT:group_4912--group_4266	group_4912	group_4266	PT	P↔T	P_A__T_B	0.6268694575724264	0.7395695833710968	NA	168.68	100.0	7155.0	0.4005528880979349	0.47750188380058434	0.546038452356308	1.0	69	NA	3	8	1:3;2:4;9:1	2.4615386	18015	1.8516442143913776	5.582278251647949	0.8591194968553459	0.6098943388465374	1.3293798744414869	0	2	NA	NA	LysM domain protein	PTS system mannose-specific transporter subunit IIAB	True	True	True	True	True	True	True
PT:group_5893--folD	group_5893	folD	PT	P↔T	P_A__T_B	0.5771011743865724	0.38128071349214404	NA	107.42857142857143	100.0	7470.0	0.4039879220229497	0.47413304049816535	0.5583716907218641	0.9998661311914324	69	NA	5	163	1:6;2:93;9:57;40:5;53:2	2.2209313	18344	1.793957371042121	5.333333492279053	0.843908969210174	0.42697392053807914	1.2380067260405676	1	2	NA	NA	transposase	FolD bifunctional protein; includes: methylenetetrahydrofolate dehydrogenase, methenyltetrahydrofolate cyclohydrolase	True	True	True	True	True	True	True
PT:group_1322--group_4266	group_1322	group_4266	PT	P↔T	P_A__T_B	0.6268694575724264	0.7395695833710968	NA	131.06451612903226	100.0	7304.0	0.3878549399318433	0.47243878077081425	0.5349641700005964	1.0	69	NA	3	8	1:3;2:4;9:1	2.4615386	18405	1.8014155383733135	5.333333492279053	0.8613088718510405	0.6601230148646016	1.366446830729958	0	2	NA	NA	glycosyltransferase	PTS system mannose-specific transporter subunit IIAB	True	True	True	True	True	True	True
PT:group_4450--sorB	group_4450	sorB	PT	P↔T	P_A__T_B	0.5336256711601667	0.4965009125331588	NA	181.2183908045977	100.0	7473.0	0.3899028010488324	0.473850126100351	0.5287792974125534	0.9991971095945403	69	NA	14	68	9:1;13:34;16:3;17:2;21:10;22:1;24:1;27:3;31:5;49:1;50:3;53:2;62:1;63:1	3.4977307	17651	1.87652034734803	5.568420886993408	0.9112806101967081	1.6212103846160812	1.8639450069951213	0	1	NA	NA	Uncharacterised protein	N-acetylgalactosamine-specific phosphotransferase EIIB	True	True	True	True	True	True	True
PT:group_2856--group_4266	group_2856	group_4266	PT	P↔T	P_A__T_B	0.6268694575724264	0.7395695833710968	NA	269.53846153846155	100.0	4479.0	0.40207819214322427	0.4730930617839842	0.6087443308342555	0.9991069435141773	69	NA	3	8	1:3;2:4;9:1	2.4615386	10858	1.9433712373563303	6.050054121017456	0.8289796829649475	0.5181673158815847	1.266633212389453	0	2	NA	NA	peptidoglycan branched peptide synthesis protein, femAB family	PTS system mannose-specific transporter subunit IIAB	True	True	True	True	True	True	True
PT:group_2872--group_4266	group_2872	group_4266	PT	P↔T	P_A__T_B	0.6268694575724264	0.7395695833710968	NA	245.9090909090909	100.0	5137.0	0.3932103505718579	0.46372119274965456	0.5193783119600369	1.0	69	NA	3	8	1:3;2:4;9:1	2.4615386	12247	1.9401841025805293	5.8275861740112305	0.8372591006423983	0.5213544506573857	1.2687139070792104	0	2	NA	NA	putative holin 1	PTS system mannose-specific transporter subunit IIAB	True	True	True	True	True	True	True
PT:argH--group_4266	argH	group_4266	PT	P↔T	P_A__T_B	0.6268694575724264	0.7395695833710968	NA	163.79166666666666	100.0	7357.0	0.3875685866379974	0.461561628741317	0.5229541676739113	1.0	69	NA	3	8	1:3;2:4;9:1	2.4615386	18722	1.8240242178923247	5.454115462303163	0.8495310588555117	0.6375143353455903	1.3495097976726667	0	2	NA	NA	argininosuccinate synthase	PTS system mannose-specific transporter subunit IIAB	True	True	True	True	True	True	True
PT:group_6020--group_4266	group_6020	group_4266	PT	P↔T	P_A__T_B	0.6268694575724264	0.7395695833710968	NA	207.92307692307693	100.0	6396.0	0.40269179499689234	0.4716752021482288	0.5417174321406638	1.0	69	NA	3	8	1:3;2:4;9:1	2.4615386	14953	1.8541512875973736	5.44444465637207	0.840368980612883	0.6073872656405415	1.32758236596087	0	2	NA	NA	BlpT protein, fusion	PTS system mannose-specific transporter subunit IIAB	True	True	True	True	True	True	True
PT:group_3921--group_4266	group_3921	group_4266	PT	P↔T	P_A__T_B	0.6268694575724264	0.7395695833710968	NA	341.8333333333333	100.0	2116.0	0.4323586248143557	0.4904347943867734	0.5429788119089445	1.0	69	NA	3	8	1:3;2:4;9:1	2.4615386	5489	1.7581783054434856	5.235597515106198	0.8497164461247637	0.7033602477944294	1.4000505782699968	0	2	NA	NA	putative flavoprotein	PTS system mannose-specific transporter subunit IIAB	True	True	True	True	True	True	True
PT:group_1172--group_4266	group_1172	group_4266	PT	P↔T	P_A__T_B	0.5193783119600369	0.6033051349009347	NA	244.9090909090909	100.0	5137.0	0.3932103505718579	0.46372119274965456	0.5193783119600369	0.9988320031146584	69	NA	3	8	1:3;2:4;9:1	2.4615386	12247	1.9401841025805293	5.8275861740112305	0.8376484329375121	0.5213544506573857	1.2687139070792104	0	2	NA	NA	Uncharacterised protein	PTS system mannose-specific transporter subunit IIAB	True	True	True	True	True	True	True
PT:group_1186--group_4266	group_1186	group_4266	PT	P↔T	P_A__T_B	0.6268694575724264	0.7395695833710968	NA	161.94736842105263	100.0	7432.0	0.3944546112106894	0.4644477840770286	0.5235805508804294	1.0	69	NA	3	8	1:3;2:4;9:1	2.4615386	18733	1.841368417849831	5.54159421920776	0.8591227125941873	0.620170135388084	1.3367985077707902	0	2	NA	NA	pyruvate formate-lyase	PTS system mannose-specific transporter subunit IIAB	True	True	True	True	True	True	True
PT:group_5527--group_4266	group_5527	group_4266	PT	P↔T	P_A__T_B	0.6268694575724264	0.7395695833710968	NA	188.78571428571428	100.0	7369.0	0.39746671270646744	0.47722938257552205	0.5463577586943603	0.9998642963767133	69	NA	3	8	1:3;2:4;9:1	2.4615386	17419	1.8672670979431107	5.472362041473389	0.8410910571312255	0.5942714552948043	1.3182573376617754	0	2	NA	NA	Uncharacterised protein	PTS system mannose-specific transporter subunit IIAB	True	True	True	True	True	True	True
PT:group_3103--group_4266	group_3103	group_4266	PT	P↔T	P_A__T_B	0.5193783119600369	0.6033051349009347	NA	246.9090909090909	100.0	5137.0	0.3932103505718579	0.46372119274965456	0.5193783119600369	0.9990266692622153	69	NA	3	8	1:3;2:4;9:1	2.4615386	12247	1.9401841025805293	5.8275861740112305	0.8378430990850692	0.5213544506573857	1.2687139070792104	0	2	NA	NA	phage protein	PTS system mannose-specific transporter subunit IIAB	True	True	True	True	True	True	True
PT:group_5452--group_4266	group_5452	group_4266	PT	P↔T	P_A__T_B	0.6268694575724264	0.7395695833710968	NA	201.13333333333333	100.0	6639.0	0.3978346012983011	0.4785392022326528	0.5724348833960944	0.9995481247175779	69	NA	3	8	1:3;2:4;9:1	2.4615386	16146	1.8426474396748036	5.44444465637207	0.8502786564241602	0.6188911135631114	1.3358706067354564	0	2	NA	NA	aldose 1-epimerase	PTS system mannose-specific transporter subunit IIAB	True	True	True	True	True	True	True
PT:group_6043--group_4266	group_6043	group_4266	PT	P↔T	P_A__T_B	0.6268694575724264	0.7395695833710968	NA	200.13333333333333	100.0	6639.0	0.3978346012983011	0.4785392022326528	0.5724348833960944	0.9996987498117186	69	NA	3	8	1:3;2:4;9:1	2.4615386	16146	1.8426474396748036	5.44444465637207	0.850429281518301	0.6188911135631114	1.3358706067354564	0	2	NA	NA	choline binding protein CbpI	PTS system mannose-specific transporter subunit IIAB	True	True	True	True	True	True	True
PT:group_4105--group_4266	group_4105	group_4266	PT	P↔T	P_A__T_B	0.6268694575724264	0.7395695833710968	NA	199.13333333333333	100.0	6639.0	0.3978346012983011	0.4785392022326528	0.5724348833960944	0.9998493749058593	69	NA	3	8	1:3;2:4;9:1	2.4615386	16146	1.8426474396748036	5.44444465637207	0.8505799066124416	0.6188911135631114	1.3358706067354564	0	2	NA	NA	choline binding protein I	PTS system mannose-specific transporter subunit IIAB	True	True	True	True	True	True	True
PT:maa--group_4266	maa	group_4266	PT	P↔T	P_A__T_B	0.6268694575724264	0.7395695833710968	NA	197.13333333333333	100.0	6639.0	0.3978346012983011	0.4785392022326528	0.5724348833960944	1.0	69	NA	3	8	1:3;2:4;9:1	2.4615386	16146	1.8426474396748036	5.44444465637207	0.8507305317065823	0.6188911135631114	1.3358706067354564	0	2	NA	NA	glyoxalase family protein	PTS system mannose-specific transporter subunit IIAB	True	True	True	True	True	True	True
PT:licC_3--group_4266	licC_3	group_4266	PT	P↔T	P_A__T_B	0.6268694575724264	0.7395695833710968	NA	157.14285714285714	100.0	7301.0	0.3921240553854216	0.4786156708682058	0.5418130524014179	0.9998630324613067	69	NA	3	8	1:3;2:4;9:1	2.4615386	18376	1.825828799805176	5.44444465637207	0.8565949869880838	0.6357097534327389	1.3481759919114935	0	2	NA	NA	Predicted membrane protein (DUF2207)	PTS system mannose-specific transporter subunit IIAB	True	True	True	True	True	True	True
PT:group_6045--group_4266	group_6045	group_4266	PT	P↔T	P_A__T_B	0.6268694575724264	0.7395695833710968	NA	192.13333333333333	100.0	7119.0	0.40751075935490166	0.4786089151492017	0.5413618801996942	1.0	69	NA	3	8	1:3;2:4;9:1	2.4615386	17093	1.870046175147612	5.55555534362793	0.8436578171091446	0.591492378090303	1.3162982743159342	0	2	NA	NA	chlorohydrolase	PTS system mannose-specific transporter subunit IIAB	True	True	True	True	True	True	True
PT:group_3157--group_4266	group_3157	group_4266	PT	P↔T	P_A__T_B	0.6268694575724264	0.7395695833710968	NA	268.6363636363636	100.0	4479.0	0.40207819214322427	0.4730930617839842	0.6087443308342555	0.999330207635633	69	NA	3	8	1:3;2:4;9:1	2.4615386	10858	1.9433712373563303	6.050054121017456	0.8292029470864032	0.5181673158815847	1.266633212389453	0	2	NA	NA	gp18	PTS system mannose-specific transporter subunit IIAB	True	True	True	True	True	True	True
PT:group_3144--group_4266	group_3144	group_4266	PT	P↔T	P_A__T_B	0.6268694575724264	0.7395695833710968	NA	273.8	100.0	4350.0	0.41698755685469835	0.48456443129473364	0.5572412141756375	1.0	69	NA	3	8	1:3;2:4;9:1	2.4615386	10049	1.945771443024122	6.122457695007326	0.8340229885057471	0.5157671102137931	1.265070757443221	0	2	NA	NA	Uncharacterised protein	PTS system mannose-specific transporter subunit IIAB	True	True	True	True	True	True	True
PT:group_3469--group_4266	group_3469	group_4266	PT	P↔T	P_A__T_B	0.6268694575724264	0.7395695833710968	NA	251.1	100.0	4861.0	0.39145679725215143	0.46645311733563194	0.585342065690689	0.9993828430364122	69	NA	3	8	1:3;2:4;9:1	2.4615386	11745	1.990375276848122	6.246153831481919	0.8311047109648221	0.47116327638979305	1.236720824394437	0	2	NA	NA	phage protein	PTS system mannose-specific transporter subunit IIAB	True	True	True	True	True	True	True
PT:group_4136--group_4266	group_4136	group_4266	PT	P↔T	P_A__T_B	0.6268694575724264	0.7395695833710968	NA	250.1	100.0	4861.0	0.39145679725215143	0.46645311733563194	0.585342065690689	0.9995885620242748	69	NA	3	8	1:3;2:4;9:1	2.4615386	11745	1.990375276848122	6.246153831481919	0.8313104299526847	0.47116327638979305	1.236720824394437	0	2	NA	NA	phage protein	PTS system mannose-specific transporter subunit IIAB	True	True	True	True	True	True	True
PT:group_4951--group_4266	group_4951	group_4266	PT	P↔T	P_A__T_B	0.6268694575724264	0.7395695833710968	NA	252.33333333333334	100.0	4861.0	0.39145679725215143	0.46645311733563194	0.585342065690689	0.9997942810121374	69	NA	3	8	1:3;2:4;9:1	2.4615386	11745	1.990375276848122	6.246153831481919	0.8315161489405473	0.47116327638979305	1.236720824394437	0	2	NA	NA	Uncharacterised protein	PTS system mannose-specific transporter subunit IIAB	True	True	True	True	True	True	True
PT:group_4952--group_4266	group_4952	group_4266	PT	P↔T	P_A__T_B	0.6268694575724264	0.7395695833710968	NA	263.8	100.0	4612.0	0.39201979489926325	0.4617603086912223	0.6268694575724264	0.998915871639202	69	NA	3	8	1:3;2:4;9:1	2.4615386	11213	1.9016865377792715	5.772191429138181	0.8399826539462273	0.5598520154586435	1.294397633014966	0	2	NA	NA	phage protein	PTS system mannose-specific transporter subunit IIAB	True	True	True	True	True	True	True
PT:group_5505--group_4266	group_5505	group_4266	PT	P↔T	P_A__T_B	0.6268694575724264	0.7395695833710968	NA	259.8	100.0	4612.0	0.39201979489926325	0.4617603086912223	0.6268694575724264	0.9991326973113617	69	NA	3	8	1:3;2:4;9:1	2.4615386	11213	1.9016865377792715	5.772191429138181	0.8401994796183868	0.5598520154586435	1.294397633014966	0	2	NA	NA	bacteriophage maturation protease	PTS system mannose-specific transporter subunit IIAB	True	True	True	True	True	True	True
PT:group_5506--group_4266	group_5506	group_4266	PT	P↔T	P_A__T_B	0.6268694575724264	0.7395695833710968	NA	260.8	100.0	4612.0	0.39201979489926325	0.4617603086912223	0.6268694575724264	0.9993495229835212	69	NA	3	8	1:3;2:4;9:1	2.4615386	11213	1.9016865377792715	5.772191429138181	0.8404163052905465	0.5598520154586435	1.294397633014966	0	2	NA	NA	portal protein	PTS system mannose-specific transporter subunit IIAB	True	True	True	True	True	True	True
PT:group_5508--group_4266	group_5508	group_4266	PT	P↔T	P_A__T_B	0.6268694575724264	0.7395695833710968	NA	265.8	100.0	4479.0	0.40207819214322427	0.4730930617839842	0.6087443308342555	0.9995534717570886	69	NA	3	8	1:3;2:4;9:1	2.4615386	10858	1.9433712373563303	6.050054121017456	0.8294262112078589	0.5181673158815847	1.266633212389453	0	2	NA	NA	prophage LambdaSa2, site-specific recombinase, phage integrase family	PTS system mannose-specific transporter subunit IIAB	True	True	True	True	True	True	True
PT:group_6135--group_4266	group_6135	group_4266	PT	P↔T	P_A__T_B	0.6268694575724264	0.7395695833710968	NA	264.8	100.0	4479.0	0.40207819214322427	0.4730930617839842	0.6087443308342555	0.9997767358785443	69	NA	3	8	1:3;2:4;9:1	2.4615386	10858	1.9433712373563303	6.050054121017456	0.8296494753293145	0.5181673158815847	1.266633212389453	0	2	NA	NA	phage protein	PTS system mannose-specific transporter subunit IIAB	True	True	True	True	True	True	True
PT:group_5507--group_4266	group_5507	group_4266	PT	P↔T	P_A__T_B	0.6268694575724264	0.7395695833710968	NA	261.8	100.0	4612.0	0.39201979489926325	0.4617603086912223	0.6268694575724264	0.9995663486556808	69	NA	3	8	1:3;2:4;9:1	2.4615386	11213	1.9016865377792715	5.772191429138181	0.840633130962706	0.5598520154586435	1.294397633014966	0	2	NA	NA	phage protein	PTS system mannose-specific transporter subunit IIAB	True	True	True	True	True	True	True
PT:group_4501--group_4266	group_4501	group_4266	PT	P↔T	P_A__T_B	0.6268694575724264	0.7395695833710968	NA	262.8	100.0	4612.0	0.39201979489926325	0.4617603086912223	0.6268694575724264	0.9997831743278404	69	NA	3	8	1:3;2:4;9:1	2.4615386	11213	1.9016865377792715	5.772191429138181	0.8408499566348656	0.5598520154586435	1.294397633014966	0	2	NA	NA	bacteriophage terminase	PTS system mannose-specific transporter subunit IIAB	True	True	True	True	True	True	True
PT:group_6133--group_4266	group_6133	group_4266	PT	P↔T	P_A__T_B	0.6268694575724264	0.7395695833710968	NA	256.0	100.0	4861.0	0.39145679725215143	0.46645311733563194	0.585342065690689	1.0	69	NA	3	8	1:3;2:4;9:1	2.4615386	11745	1.990375276848122	6.246153831481919	0.8317218679284097	0.47116327638979305	1.236720824394437	0	2	NA	NA	phage protein	PTS system mannose-specific transporter subunit IIAB	True	True	True	True	True	True	True
PT:bca--group_4266	bca	group_4266	PT	P↔T	P_A__T_B	0.6268694575724264	0.7395695833710968	NA	291.8	100.0	3348.0	0.4155455576610918	0.4910481058387643	0.538637613543026	1.0	69	NA	3	8	1:3;2:4;9:1	2.4615386	8361	1.8442579112316972	5.622073650360107	0.8434886499402628	0.6172806420062178	1.3347040770420031	0	2	NA	NA	NTP pyrophosphohydrolase including oxidative damage repair enzymes	PTS system mannose-specific transporter subunit IIAB	True	True	True	True	True	True	True
PT:group_5627--group_4266	group_5627	group_4266	PT	P↔T	P_A__T_B	0.6268694575724264	0.7395695833710968	NA	266.8	100.0	4479.0	0.40207819214322427	0.4730930617839842	0.6087443308342555	1.0	69	NA	3	8	1:3;2:4;9:1	2.4615386	10858	1.9433712373563303	6.050054121017456	0.8298727394507702	0.5181673158815847	1.266633212389453	0	2	NA	NA	bacteriophage transcriptional activator	PTS system mannose-specific transporter subunit IIAB	True	True	True	True	True	True	True
PT:group_3475--group_4266	group_3475	group_4266	PT	P↔T	P_A__T_B	0.6268694575724264	0.7395695833710968	NA	187.85714285714286	100.0	7369.0	0.39746671270646744	0.47722938257552205	0.5463577586943603	1.0	69	NA	3	8	1:3;2:4;9:1	2.4615386	17419	1.8672670979431107	5.472362041473389	0.8412267607545122	0.5942714552948043	1.3182573376617754	0	2	NA	NA	heat shock protein GrpE	PTS system mannose-specific transporter subunit IIAB	True	True	True	True	True	True	True
PT:group_4953--group_4266	group_4953	group_4266	PT	P↔T	P_A__T_B	0.6268694575724264	0.7395695833710968	NA	261.27272727272725	100.0	4612.0	0.39201979489926325	0.4617603086912223	0.6268694575724264	1.0	69	NA	3	8	1:3;2:4;9:1	2.4615386	11213	1.9016865377792715	5.772191429138181	0.8410667823070251	0.5598520154586435	1.294397633014966	0	2	NA	NA	Uncharacterised protein	PTS system mannose-specific transporter subunit IIAB	True	True	True	True	True	True	True
TP:thrB_2--mutX_1	thrB_2	mutX_1	TP	P↔T	T_A__P_B	0.45140401683956954	0.4962177357186143	NA	119.14285714285714	100.0	10352.0	0.20911143075537533	0.3289027557887971	0.4511704467790327	0.9990340030911901	69	NA	36	97	1:2;4:3;5:1;6:3;7:1;8:14;9:8;10:1;11:8;13:10;14:1;15:2;16:2;18:1;19:1;20:3;21:4;23:2;24:4;26:1;27:3;30:3;31:1;32:3;33:1;34:1;35:1;40:3;46:2;49:1;50:1;52:1;55:1;61:1;62:1;68:1	16.89228	18181	1.8044241354558723	5.405405521392822	0.9996288047512992	15.08785644315741	9.361590906866024	4	1	NA	NA	choline binding protein J	MutT/nudix family protein	True	True	True	True	True	True	True
TP:group_1393--group_3656	group_1393	group_3656	TP	P↔T	T_A__P_B	0.5164565558869559	0.5223086968406295	NA	137.6	100.0	10489.0	0.20390163535341135	0.33111220016910736	0.4671066682257567	0.9997139860806559	69	NA	28	76	1:2;3:13;4:11;6:3;7:1;9:17;11:1;12:1;13:4;14:3;15:2;18:1;19:1;20:1;21:1;23:2;24:1;29:1;30:1;31:1;32:1;34:1;39:1;40:1;46:1;47:1;50:1;61:1	8.968945	18131	1.8106780502630617	5.400000095367432	0.981440848418358	7.158266499297485	4.95336238723251	4	1	NA	NA	coenzyme F420-dependent N5,N10-methylene tetrahydromethanopterin reductase-like protein	Uncharacterised protein	True	True	True	True	True	True	True
TP:group_1393--group_5291	group_1393	group_5291	TP	P↔T	T_A__P_B	0.5092470499564825	0.514297191347669	NA	122.0	100.0	10327.0	0.2151252996707094	0.3408525996411131	0.4638188177778241	0.9992253316548853	69	NA	27	75	1:2;3:13;4:11;6:3;7:1;9:17;11:1;12:1;13:4;14:3;15:2;18:1;19:1;21:1;23:2;24:1;29:1;30:1;31:1;32:1;34:1;39:1;40:1;46:1;47:1;50:1;61:1	8.748056	18128	1.8018726339236573	5.400000095367432	0.9813075420812797	6.946183777819507	4.854980450362845	4	1	NA	NA	coenzyme F420-dependent N5,N10-methylene tetrahydromethanopterin reductase-like protein	ATP-dependent Clp protease, ATP-binding subunit ClpX	True	True	True	True	True	True	True
TP:group_1393--group_2605	group_1393	group_2605	TP	P↔T	T_A__P_B	0.5445947228446042	0.5499954028318409	NA	103.25	100.0	10445.0	0.19427115083720545	0.31339558513779836	0.4729031778618347	0.9997127812350407	69	NA	28	76	1:2;3:13;4:11;6:3;7:1;9:17;11:1;12:1;13:4;14:3;15:2;18:1;19:1;20:1;21:1;23:2;24:1;29:1;30:1;31:1;32:1;34:1;39:1;40:1;46:1;47:1;50:1;61:1	8.968945	17942	1.7996992428171743	5.310766386985789	0.9817528338401991	7.169245306743372	4.9835796649672055	4	1	NA	NA	coenzyme F420-dependent N5,N10-methylene tetrahydromethanopterin reductase-like protein	putative metal-binding, possibly nucleic acid-binding protein	True	True	True	True	True	True	True
TP:group_1393--gutB	group_1393	gutB	TP	P↔T	T_A__P_B	0.47268415672031294	0.4765110734781797	NA	136.11111111111111	100.0	10489.0	0.20390163535341135	0.33111220016910736	0.4671066682257567	0.9992372962150825	69	NA	24	72	1:2;3:13;4:11;6:3;7:1;9:17;11:1;13:4;14:3;15:2;18:1;20:1;23:2;24:1;30:1;31:1;32:1;34:1;39:1;40:1;46:1;47:1;50:1;61:1	8.1	18131	1.8106780502630617	5.400000095367432	0.9744925946242458	6.289322331206665	4.473462513279448	4	0	NA	NA	coenzyme F420-dependent N5,N10-methylene tetrahydromethanopterin reductase-like protein	glutamyl-tRNA(Gln) amidotransferase, A subunit	True	True	True	True	True	True	True
TP:group_2386--group_4888	group_2386	group_4888	TP	P↔T	T_A__P_B	0.4637428963506291	0.47166419467001186	NA	203.03614457831324	100.0	9065.0	0.23362085440445762	0.35204446739901274	0.4495451588683012	0.9992277992277993	69	NA	34	66	1:2;6:4;9:19;10:1;11:1;12:1;14:2;16:1;18:1;20:2;21:1;23:1;24:1;25:1;26:1;28:1;29:1;30:1;31:2;32:3;33:2;34:2;35:1;36:1;38:3;40:1;42:1;44:1;46:1;50:2;51:1;54:1;58:1;62:1	9.766816	15356	1.8603871921351502	5.448009490966797	0.9809660028606008	7.906428947086042	5.249883562148104	4	0	NA	NA	putative metal-dependent membrane protease	choline binding protein J	True	True	True	True	True	True	True
TP:group_2386--group_4882	group_2386	group_4882	TP	P↔T	T_A__P_B	0.5064677323814242	0.5159557114260696	NA	200.0875	100.0	9065.0	0.23362085440445762	0.35204446739901274	0.4495451588683012	0.999669056811914	69	NA	35	69	1:2;6:4;9:19;10:1;11:1;12:1;14:2;16:1;18:1;20:4;21:1;23:1;24:1;25:1;26:1;28:1;29:1;30:1;31:2;32:3;33:2;34:2;35:1;36:1;38:3;40:1;42:1;44:1;46:1;50:2;51:1;53:1;54:1;58:1;62:1	10.372549	16146	1.8426474396748036	5.44444465637207	0.9876932786367939	8.529901617332033	5.629155547432024	4	0	NA	NA	putative metal-dependent membrane protease	N-6 adenine-specific DNA methylase	True	True	True	True	True	True	True
TP:group_2386--group_3724	group_2386	group_3724	TP	P↔T	T_A__P_B	0.5064677323814242	0.5159557114260696	NA	166.11764705882354	100.0	10786.0	0.22550428321809185	0.3493053612327472	0.48849366861607396	0.9992582977934359	69	NA	37	69	1:1;2:1;6:4;9:19;10:1;11:1;12:1;14:2;15:1;16:1;18:1;20:4;21:1;23:1;24:1;25:1;26:1;28:1;29:1;30:1;31:1;32:3;33:2;34:2;35:1;36:1;38:3;40:1;42:1;44:1;46:1;50:2;51:1;53:1;54:1;58:1;62:1	10.463737	18722	1.8240242178923247	5.454115462303163	0.9872415310162781	8.639712316226328	5.736621494099233	4	0	NA	NA	putative metal-dependent membrane protease	Uncharacterised protein	True	True	True	True	True	True	True
TP:group_4441--group_8256	group_4441	group_8256	TP	P↔T	T_A__P_B	0.4858538659893969	0.4857682043685985	NA	194.97142857142856	100.0	9172.0	0.22800226591397058	0.3397986272798108	0.45941300949761216	0.9992368076755342	69	NA	13	56	2:2;3:14;6:3;8:1;9:21;12:3;15:2;20:4;42:1;46:1;48:1;51:1;61:2	4.5581393	17093	1.870046175147612	5.55555534362793	0.9036494886705434	2.68809314904062	2.437447473096987	4	0	NA	NA	histidine kinase	Uncharacterised protein	True	True	True	True	True	True	True
TP:group_4441--Int-Tn_1	group_4441	Int-Tn_1	TP	P↔T	T_A__P_B	0.5227654098814415	0.5234061459682091	NA	193.08860759493672	100.0	9172.0	0.22800226591397058	0.3397986272798108	0.45941300949761216	0.9997819450501526	69	NA	13	55	3:14;6:3;8:1;9:21;12:3;15:2;20:4;27:1;42:1;46:1;48:1;51:1;61:2	4.4160585	17093	1.870046175147612	5.55555534362793	0.8945257669941848	2.546012365196626	2.361470320376264	4	0	NA	NA	histidine kinase	phage protein	True	True	True	True	True	True	True
TP:group_4441--group_3705	group_4441	group_3705	TP	P↔T	T_A__P_B	0.5227654098814415	0.5234061459682091	NA	188.12820512820514	100.0	9821.0	0.2278506213944058	0.36729734267133524	0.5227654098814415	0.99887995112514	69	NA	13	55	3:14;6:3;8:1;9:21;12:3;15:2;20:4;27:1;42:1;46:1;48:1;51:1;61:2	4.4160585	17419	1.8672670979431107	5.472362041473389	0.8959203980099503	2.5487914424011278	2.3649849264782477	4	0	NA	NA	histidine kinase	phage protein	True	True	True	True	True	True	True
TP:group_4441--group_5408	group_4441	group_5408	TP	P↔T	T_A__P_B	0.5227654098814415	0.5234061459682091	NA	184.12820512820514	100.0	9591.0	0.23574501803149556	0.38088356576024535	0.5227654098814415	0.9989573558544469	69	NA	13	55	3:14;6:3;8:1;9:21;12:3;15:2;20:4;27:1;42:1;46:1;48:1;51:1;61:2	4.4160585	17419	1.8672670979431107	5.472362041473389	0.8960199004975125	2.5487914424011278	2.3649849264782477	4	0	NA	NA	histidine kinase	phage protein	True	True	True	True	True	True	True
TP:group_4441--group_4837	group_4441	group_4837	TP	P↔T	T_A__P_B	0.5403114221760668	0.5406576064510512	NA	329.70588235294116	100.0	3819.0	0.3326430681026033	0.45841715009459055	0.5403114221760668	0.997643362136685	69	NA	14	56	3:14;6:3;8:1;9:21;12:3;15:2;20:4;27:1;42:1;46:1;48:1;51:1;54:1;61:2	4.571429	6375	1.8860996431836894	5.764705657958984	0.9038755736868944	2.6853291326036643	2.423747224760032	4	0	NA	NA	histidine kinase	Uncharacterised protein	True	True	True	True	True	True	True
TP:group_4441--group_5357	group_4441	group_5357	TP	P↔T	T_A__P_B	0.5403114221760668	0.5406576064510512	NA	330.70588235294116	100.0	3819.0	0.3326430681026033	0.45841715009459055	0.5403114221760668	0.9979052107881644	69	NA	14	56	3:14;6:3;8:1;9:21;12:3;15:2;20:4;27:1;42:1;46:1;48:1;51:1;54:1;61:2	4.571429	6375	1.8860996431836894	5.764705657958984	0.9041305456399796	2.6853291326036643	2.423747224760032	4	0	NA	NA	histidine kinase	Mobile element protein	True	True	True	True	True	True	True
TP:group_4441--group_5358	group_4441	group_5358	TP	P↔T	T_A__P_B	0.5403114221760668	0.5406576064510512	NA	328.70588235294116	100.0	3819.0	0.3326430681026033	0.45841715009459055	0.5403114221760668	0.9981670594396439	69	NA	14	56	3:14;6:3;8:1;9:21;12:3;15:2;20:4;27:1;42:1;46:1;48:1;51:1;54:1;61:2	4.571429	6375	1.8860996431836894	5.764705657958984	0.90464048954615	2.6853291326036643	2.423747224760032	4	0	NA	NA	histidine kinase	Helix-turn-helix domain	True	True	True	True	True	True	True
TP:group_4441--group_5359	group_4441	group_5359	TP	P↔T	T_A__P_B	0.5403114221760668	0.5406576064510512	NA	327.70588235294116	100.0	3819.0	0.3326430681026033	0.45841715009459055	0.5403114221760668	0.9984289080911233	69	NA	14	56	3:14;6:3;8:1;9:21;12:3;15:2;20:4;27:1;42:1;46:1;48:1;51:1;54:1;61:2	4.571429	6375	1.8860996431836894	5.764705657958984	0.904895461499235	2.6853291326036643	2.423747224760032	4	0	NA	NA	histidine kinase	Mobile element protein	True	True	True	True	True	True	True
TP:group_4441--iap	group_4441	iap	TP	P↔T	T_A__P_B	0.5403114221760668	0.5406576064510512	NA	325.70588235294116	100.0	3819.0	0.3326430681026033	0.45841715009459055	0.5403114221760668	0.9986907567426028	69	NA	14	56	3:14;6:3;8:1;9:21;12:3;15:2;20:4;27:1;42:1;46:1;48:1;51:1;54:1;61:2	4.571429	6982	1.8838952545346588	5.812149190902706	0.906981981981982	2.6875335212526945	2.426583306467611	4	0	NA	NA	histidine kinase	anaerobic benzoate catabolism transcriptional regulator	True	True	True	True	True	True	True
TP:group_4441--group_4892	group_4441	group_4892	TP	P↔T	T_A__P_B	0.5227654098814415	0.5234061459682091	NA	192.11688311688312	100.0	9172.0	0.22800226591397058	0.3397986272798108	0.45941300949761216	0.9998909725250763	69	NA	13	55	3:14;6:3;8:1;9:21;12:3;15:2;20:4;27:1;42:1;46:1;48:1;51:1;61:2	4.4160585	17093	1.870046175147612	5.55555534362793	0.8946260276719471	2.546012365196626	2.361470320376264	4	0	NA	NA	histidine kinase	bacteriophage integrase	True	True	True	True	True	True	True
TP:group_4441--group_5412	group_4441	group_5412	TP	P↔T	T_A__P_B	0.5227654098814415	0.5234061459682091	NA	191.12820512820514	100.0	9821.0	0.2278506213944058	0.36729734267133524	0.5227654098814415	0.9989817737501273	69	NA	13	55	3:14;6:3;8:1;9:21;12:3;15:2;20:4;27:1;42:1;46:1;48:1;51:1;61:2	4.4160585	17093	1.870046175147612	5.55555534362793	0.8947262883497092	2.546012365196626	2.361470320376264	4	0	NA	NA	histidine kinase	phage protein	True	True	True	True	True	True	True
TP:group_4441--group_5411	group_4441	group_5411	TP	P↔T	T_A__P_B	0.5227654098814415	0.5234061459682091	NA	190.12820512820514	100.0	9821.0	0.2278506213944058	0.36729734267133524	0.5227654098814415	0.9990835963751146	69	NA	13	55	3:14;6:3;8:1;9:21;12:3;15:2;20:4;27:1;42:1;46:1;48:1;51:1;61:2	4.4160585	17093	1.870046175147612	5.55555534362793	0.8948265490274714	2.546012365196626	2.361470320376264	4	0	NA	NA	histidine kinase	DNA-binding phage protein	True	True	True	True	True	True	True
TP:group_4441--group_5991	group_4441	group_5991	TP	P↔T	T_A__P_B	0.5227654098814415	0.5234061459682091	NA	186.12820512820514	100.0	9591.0	0.23574501803149556	0.38088356576024535	0.5227654098814415	0.9990616202690021	69	NA	13	55	3:14;6:3;8:1;9:21;12:3;15:2;20:4;27:1;42:1;46:1;48:1;51:1;61:2	4.4160585	17419	1.8672670979431107	5.472362041473389	0.8961194029850746	2.5487914424011278	2.3649849264782477	4	0	NA	NA	histidine kinase	phage protein	True	True	True	True	True	True	True
TP:group_4441--group_3024	group_4441	group_3024	TP	P↔T	T_A__P_B	0.5403114221760668	0.5406576064510512	NA	326.25	100.0	3819.0	0.3326430681026033	0.45841715009459055	0.5403114221760668	0.9989526053940823	69	NA	14	56	3:14;6:3;8:1;9:21;12:3;15:2;20:4;27:1;42:1;46:1;48:1;51:1;54:1;61:2	4.571429	6982	1.8838952545346588	5.812149190902706	0.9072072072072072	2.6875335212526945	2.426583306467611	4	0	NA	NA	histidine kinase	CbxX/CfqX family protein	True	True	True	True	True	True	True
TP:group_4441--group_4895	group_4441	group_4895	TP	P↔T	T_A__P_B	0.5403114221760668	0.5406576064510512	NA	332.70588235294116	100.0	3819.0	0.3326430681026033	0.45841715009459055	0.5403114221760668	0.9992144540455616	69	NA	14	56	3:14;6:3;8:1;9:21;12:3;15:2;20:4;27:1;42:1;46:1;48:1;51:1;54:1;61:2	4.571429	6375	1.8860996431836894	5.764705657958984	0.9059153493115757	2.6853291326036643	2.423747224760032	4	0	NA	NA	histidine kinase	Uncharacterised protein	True	True	True	True	True	True	True
TP:group_4441--erm	group_4441	erm	TP	P↔T	T_A__P_B	0.5403114221760668	0.5406576064510512	NA	333.70588235294116	100.0	3819.0	0.3326430681026033	0.45841715009459055	0.5403114221760668	0.9994763026970411	69	NA	14	56	3:14;6:3;8:1;9:21;12:3;15:2;20:4;27:1;42:1;46:1;48:1;51:1;54:1;61:2	4.571429	6375	1.8860996431836894	5.764705657958984	0.9061703212646609	2.6853291326036643	2.423747224760032	4	0	NA	NA	histidine kinase	Uncharacterised protein	True	True	True	True	True	True	True
TP:group_4441--group_5422	group_4441	group_5422	TP	P↔T	T_A__P_B	0.5403114221760668	0.5406576064510512	NA	331.70588235294116	100.0	3819.0	0.3326430681026033	0.45841715009459055	0.5403114221760668	0.9997381513485205	69	NA	14	56	3:14;6:3;8:1;9:21;12:3;15:2;20:4;27:1;42:1;46:1;48:1;51:1;54:1;61:2	4.571429	6375	1.8860996431836894	5.764705657958984	0.906425293217746	2.6853291326036643	2.423747224760032	4	0	NA	NA	histidine kinase	ImpB/MucB/SamB family protein	True	True	True	True	True	True	True
TP:group_4441--tetM	group_4441	tetM	TP	P↔T	T_A__P_B	0.5403114221760668	0.5406576064510512	NA	323.6470588235294	100.0	4367.0	0.3133152048902774	0.4665206558190084	0.5362446942321507	0.9993130295397298	69	NA	14	56	3:14;6:3;8:1;9:21;12:3;15:2;20:4;27:1;42:1;46:1;48:1;51:1;54:1;61:2	4.571429	6982	1.8838952545346588	5.812149190902706	0.9074324324324324	2.6875335212526945	2.426583306467611	4	0	NA	NA	histidine kinase	Helix-turn-helix domain	True	True	True	True	True	True	True
TP:group_2492--group_1349	group_2492	group_1349	TP	P↔T	T_A__P_B	0.32700772164017755	0.34671749235916527	NA	493.75	100.0	598.0	0.18081340513226318	0.25248819492336316	0.2988911820712692	1.0	69	NA	11	27	2:2;4:7;8:8;10:1;15:1;21:1;32:3;37:1;39:1;56:1;60:1	5.481203	1014	1.4499290223422605	3.4190485000610322	0.982532751091703	4.031274056881372	3.7803251019619752	3	0	NA	NA	lactose-specific phosphotransferase EIIA	GntR family transcriptional regulator	True	True	True	True	True	True	True
TP:phnV_2--group_5361	phnV_2	group_5361	TP	P↔T	T_A__P_B	0.5091524360174702	0.48847761779073323	NA	205.42857142857142	100.0	8564.0	0.2423459130179614	0.3683869752229423	0.485384688437638	0.9992993928070995	69	NA	14	29	4:1;9:7;14:5;21:2;26:1;28:1;29:1;30:3;31:1;37:1;40:3;50:1;52:1;61:1	8.009523	15356	1.8603871921351502	5.448009490966797	0.9666629992298382	6.149136199588483	4.305299147179772	4	0	NA	NA	phosphoglycerate mutase family protein	Uncharacterised protein	True	True	True	True	True	True	True
TP:phnV_2--Int-Tn_2	phnV_2	Int-Tn_2	TP	P↔T	T_A__P_B	0.5091524360174702	0.48847761779073323	NA	216.46666666666667	100.0	7560.0	0.23628115157323065	0.35115320246362075	0.48441310395218584	0.9993386243386243	69	NA	14	29	4:1;9:7;14:5;21:2;26:1;28:1;29:1;30:3;31:1;37:1;40:3;50:1;52:1;61:1	8.009523	14220	1.8563262752675138	5.451612949371338	0.96833938180453	6.153197116456119	4.314717460199386	4	0	NA	NA	phosphoglycerate mutase family protein	membrane protein	True	True	True	True	True	True	True
TP:phnV_2--group_4888	phnV_2	group_4888	TP	P↔T	T_A__P_B	0.5521700017738462	0.5251133595863693	NA	109.8	100.0	10349.0	0.20064857616853873	0.32538320593770226	0.48131870171498425	0.9997101169195092	69	NA	16	32	1:2;4:1;9:7;14:5;21:2;26:1;28:1;29:1;30:3;31:1;37:1;40:3;50:1;52:1;61:1;62:1	9.309091	18065	1.7765889019046237	5.232558250427246	0.9831188211154636	7.5325017124142235	5.239867593644693	4	0	NA	NA	phosphoglycerate mutase family protein	choline binding protein J	True	True	True	True	True	True	True
TP:phnV_2--group_5944	phnV_2	group_5944	TP	P↔T	T_A__P_B	0.5091524360174702	0.48847761779073323	NA	205.66666666666666	100.0	8564.0	0.2423459130179614	0.3683869752229423	0.485384688437638	0.9994161606725829	69	NA	14	29	4:1;9:7;14:5;21:2;26:1;28:1;29:1;30:3;31:1;37:1;40:3;50:1;52:1;61:1	8.009523	15356	1.8603871921351502	5.448009490966797	0.9667730223346903	6.149136199588483	4.305299147179772	4	0	NA	NA	phosphoglycerate mutase family protein	membrane protein	True	True	True	True	True	True	True
TP:phnV_2--group_5945	phnV_2	group_5945	TP	P↔T	T_A__P_B	0.5091524360174702	0.48847761779073323	NA	217.46666666666667	100.0	7560.0	0.23628115157323065	0.35115320246362075	0.48441310395218584	0.9994708994708995	69	NA	14	29	4:1;9:7;14:5;21:2;26:1;28:1;29:1;30:3;31:1;37:1;40:3;50:1;52:1;61:1	8.009523	14220	1.8563262752675138	5.451612949371338	0.9684645225879114	6.153197116456119	4.314717460199386	4	0	NA	NA	phosphoglycerate mutase family protein	CBS domain membrane protein	True	True	True	True	True	True	True
TP:phnV_2--group_5360	phnV_2	group_5360	TP	P↔T	T_A__P_B	0.5091524360174702	0.48847761779073323	NA	219.92857142857142	100.0	7560.0	0.23628115157323065	0.35115320246362075	0.48441310395218584	0.9996031746031746	69	NA	14	29	4:1;9:7;14:5;21:2;26:1;28:1;29:1;30:3;31:1;37:1;40:3;50:1;52:1;61:1	8.009523	14220	1.8563262752675138	5.451612949371338	0.9685896633712927	6.153197116456119	4.314717460199386	4	0	NA	NA	phosphoglycerate mutase family protein	DNA-directed RNA polymerase subunit beta	True	True	True	True	True	True	True
TP:phnV_2--group_3024	phnV_2	group_3024	TP	P↔T	T_A__P_B	0.5344912148368385	0.5114836566616527	NA	232.14285714285714	100.0	7312.0	0.25010076509932777	0.3837856937996939	0.4908116321999718	0.999589715536105	69	NA	15	30	1:1;4:1;9:7;14:5;21:2;26:1;28:1;29:1;30:3;31:1;37:1;40:3;50:1;52:1;61:1	8.490566	13219	1.8855704890950309	5.761904716491699	0.9709227190488499	6.604995764567079	4.502916386720239	4	0	NA	NA	phosphoglycerate mutase family protein	CbxX/CfqX family protein	True	True	True	True	True	True	True
TP:phnV_2--erm	phnV_2	erm	TP	P↔T	T_A__P_B	0.5344912148368385	0.5114836566616527	NA	237.33333333333334	100.0	6865.0	0.2630241893124906	0.399875563537318	0.5097279543220731	1.0	69	NA	15	30	1:1;4:1;9:7;14:5;21:2;26:1;28:1;29:1;30:3;37:1;40:3;50:1;52:1;61:1;62:1	8.490566	12418	1.9032631265807984	5.689376497268674	0.9729169545391737	6.587303127081311	4.461057504390034	4	0	NA	NA	phosphoglycerate mutase family protein	Uncharacterised protein	True	True	True	True	True	True	True
TP:phnV_2--group_4882	phnV_2	group_4882	TP	P↔T	T_A__P_B	0.5521700017738462	0.5251133595863693	NA	106.85526315789474	100.0	10349.0	0.20064857616853873	0.32538320593770226	0.48131870171498425	0.9998067446130061	69	NA	16	32	1:2;4:1;9:7;14:5;21:2;26:1;28:1;29:1;30:3;31:1;37:1;40:3;50:1;52:1;61:1;62:1	9.309091	18344	1.793957371042121	5.333333492279053	0.982527128931396	7.515133243276726	5.189137024427252	4	0	NA	NA	phosphoglycerate mutase family protein	N-6 adenine-specific DNA methylase	True	True	True	True	True	True	True
TP:phnV_2--group_5422	phnV_2	group_5422	TP	P↔T	T_A__P_B	0.493825320880969	0.47147751852151626	NA	235.33333333333334	100.0	7312.0	0.25010076509932777	0.3837856937996939	0.4908116321999718	0.999316192560175	69	NA	15	30	1:1;4:1;9:7;14:5;21:2;26:1;28:1;29:1;30:3;37:1;40:3;50:1;52:1;61:1;62:1	8.490566	12418	1.9032631265807984	5.689376497268674	0.9730551333425452	6.587303127081311	4.461057504390034	4	0	NA	NA	phosphoglycerate mutase family protein	ImpB/MucB/SamB family protein	True	True	True	True	True	True	True
TP:phnV_2--group_4448	phnV_2	group_4448	TP	P↔T	T_A__P_B	0.525054028154644	0.49851430436016975	NA	182.94444444444446	100.0	9591.0	0.23574501803149556	0.38088356576024535	0.5227654098814415	0.9992701490981128	69	NA	16	32	1:2;2:1;4:1;9:7;14:5;21:2;26:1;28:1;29:1;30:3;31:1;40:3;50:1;52:1;61:1;62:1	9.309091	17651	1.87652034734803	5.568420886993408	0.9799567695028493	7.432570266970817	4.96082583249087	4	0	NA	NA	phosphoglycerate mutase family protein	sortase family protein	True	True	True	True	True	True	True
TP:phnV_2--tetM	phnV_2	tetM	TP	P↔T	T_A__P_B	0.5521700017738462	0.5251133595863693	NA	227.26666666666668	100.0	7828.0	0.24869316427324445	0.37233550229445356	0.46099028730050906	1.0	69	NA	16	32	1:2;4:1;9:7;14:5;21:2;26:1;28:1;29:1;30:3;31:1;37:1;40:3;50:1;52:1;61:1;62:1	9.309091	13219	1.8855704890950309	5.761904716491699	0.9775135693977772	7.423520125223817	4.937015438116394	4	0	NA	NA	phosphoglycerate mutase family protein	Helix-turn-helix domain	True	True	True	True	True	True	True
TP:phnV_2--group_3724	phnV_2	group_3724	TP	P↔T	T_A__P_B	0.521253593161121	0.4966306866011499	NA	238.33333333333334	100.0	6865.0	0.2630241893124906	0.399875563537318	0.5097279543220731	0.9997086671522214	69	NA	16	31	1:1;4:1;9:7;14:5;21:2;26:1;28:1;29:1;30:3;31:1;37:1;40:3;50:1;52:1;61:1;62:1	8.981308	12418	1.9032631265807984	5.689376497268674	0.9763714246234627	7.078044856817639	4.718899797913548	4	0	NA	NA	phosphoglycerate mutase family protein	Uncharacterised protein	True	True	True	True	True	True	True
TP:phnV_2--group_624	phnV_2	group_624	TP	P↔T	T_A__P_B	0.5885191399174267	0.5587714671377985	NA	114.20454545454545	100.0	10221.0	0.20489226871164087	0.32643918991900917	0.44804161039137275	1.0	69	NA	17	33	1:2;2:1;4:1;9:7;14:5;21:2;26:1;28:1;29:1;30:3;31:1;37:1;40:3;50:1;52:1;61:1;62:1	9.810811	18014	1.7948387480078574	5.333333492279053	0.9858743761182786	8.015972294777788	5.466123936579229	4	0	NA	NA	phosphoglycerate mutase family protein	choline binding protein C	True	True	True	True	True	True	True
TP:group_4408--group_1077	group_4408	group_1077	TP	P↔T	T_A__P_B	0.5325035048821389	0.6713042549143775	NA	241.625	100.0	6865.0	0.2630241893124906	0.399875563537318	0.5097279543220731	0.9998543335761108	69	NA	6	28	1:2;4:9;9:9;20:4;21:3;53:1	4.0833335	12247	1.9401841025805293	5.8275861740112305	0.8732770745428974	2.1431493896985234	2.1046113545864236	2	0	NA	NA	galactosyl transferase CpsE	translation factor	True	True	True	True	True	True	True
TP:group_4408--group_4444	group_4408	group_4444	TP	P↔T	T_A__P_B	0.5325035048821389	0.6713042549143775	NA	132.140350877193	100.0	10335.0	0.2042225686961178	0.34049151864976346	0.485564597768414	1.0	69	NA	7	28	1:1;3:1;4:8;9:10;20:4;21:3;53:1	4.0833335	17887	1.803369324336732	5.333333492279053	0.894870349492672	2.279964167942321	2.264280221014005	2	0	NA	NA	galactosyl transferase CpsE	Uncharacterised protein	True	True	True	True	True	True	True
TP:group_4408--group_2046	group_4408	group_2046	TP	P↔T	T_A__P_B	0.6217438715271476	0.7798384882039797	NA	367.8421052631579	100.0	2126.0	0.3514645368032616	0.46377582596719047	0.541388303749566	1.0	69	NA	7	30	1:2;3:1;4:9;9:10;20:4;21:3;53:1	4.245283	4414	1.7697273588418205	5.400000095367432	0.9020700636942676	2.475555767989234	2.3988345468136605	2	0	NA	NA	galactosyl transferase CpsE	ABC transporter membrane protein	True	True	True	True	True	True	True
TP:group_4408--phnU	group_4408	phnU	TP	P↔T	T_A__P_B	0.5870809905801407	0.7351258474585997	NA	334.70588235294116	100.0	3481.0	0.3306868110574498	0.43954626227847926	0.5511309254021438	0.9997127262280954	69	NA	7	30	1:2;3:1;4:9;9:10;20:4;21:3;53:1	4.245283	6375	1.8860996431836894	5.764705657958984	0.8949515553289138	2.3591834836473655	2.25082653621901	2	0	NA	NA	galactosyl transferase CpsE	Uncharacterised protein	True	True	True	True	True	True	True
TP:group_4408--Int-Tn_1	group_4408	Int-Tn_1	TP	P↔T	T_A__P_B	0.6217438715271476	0.7798384882039797	NA	159.1851851851852	100.0	10867.0	0.22948210615913214	0.36890238885126486	0.5128217656534273	0.9998159565657495	69	NA	7	30	1:2;3:1;4:9;9:10;20:4;21:3;53:1	4.245283	18733	1.841368417849831	5.54159421920776	0.8932837801964428	2.4039147089812234	2.3055044746494993	2	0	NA	NA	galactosyl transferase CpsE	phage protein	True	True	True	True	True	True	True
TP:group_4408--group_1962	group_4408	group_1962	TP	P↔T	T_A__P_B	0.5584889044385895	0.699323663615708	NA	318.3	100.0	4367.0	0.3133152048902774	0.4665206558190084	0.5362446942321507	1.0	69	NA	7	30	1:2;3:1;4:9;9:10;20:4;21:3;53:1	4.245283	6982	1.8838952545346588	5.812149190902706	0.8930180180180181	2.3613878722963957	2.253460279499288	2	0	NA	NA	galactosyl transferase CpsE	Uncharacterised protein	True	True	True	True	True	True	True
TP:group_4408--group_3705	group_4408	group_3705	TP	P↔T	T_A__P_B	0.6217438715271476	0.7798384882039797	NA	154.19753086419752	100.0	10619.0	0.23329372527485046	0.39653805781618356	0.5188868186701031	0.9997174875223656	69	NA	7	30	1:2;3:1;4:9;9:10;20:4;21:3;53:1	4.245283	18376	1.825828799805176	5.44444465637207	0.8972460496613995	2.4194543270258784	2.325126609506896	2	0	NA	NA	galactosyl transferase CpsE	phage protein	True	True	True	True	True	True	True
TP:group_4408--group_5408	group_4408	group_5408	TP	P↔T	T_A__P_B	0.6217438715271476	0.7798384882039797	NA	150.19753086419752	100.0	10641.0	0.22730636303357493	0.385790964314127	0.48692062492721117	0.999906023869937	69	NA	7	30	1:2;3:1;4:9;9:10;20:4;21:3;53:1	4.245283	18327	1.8351021224207318	5.401869297027588	0.8982552800734619	2.410181004410323	2.3133770458676106	2	0	NA	NA	galactosyl transferase CpsE	phage protein	True	True	True	True	True	True	True
TP:group_4408--group_5410	group_4408	group_5410	TP	P↔T	T_A__P_B	0.6217438715271476	0.7798384882039797	NA	153.19753086419752	100.0	10619.0	0.23329372527485046	0.39653805781618356	0.5188868186701031	0.9998116583482437	69	NA	7	30	1:2;3:1;4:9;9:10;20:4;21:3;53:1	4.245283	18376	1.825828799805176	5.44444465637207	0.8973363431151241	2.4194543270258784	2.325126609506896	2	0	NA	NA	galactosyl transferase CpsE	phage protein	True	True	True	True	True	True	True
TP:group_4408--group_5409	group_4408	group_5409	TP	P↔T	T_A__P_B	0.6217438715271476	0.7798384882039797	NA	151.19753086419752	100.0	10641.0	0.22730636303357493	0.385790964314127	0.48692062492721117	1.0	69	NA	7	30	1:2;3:1;4:9;9:10;20:4;21:3;53:1	4.245283	18327	1.8351021224207318	5.401869297027588	0.8983471074380165	2.410181004410323	2.3133770458676106	2	0	NA	NA	galactosyl transferase CpsE	Uncharacterised protein	True	True	True	True	True	True	True
TP:group_4408--group_2704	group_4408	group_2704	TP	P↔T	T_A__P_B	0.5870809905801407	0.7351258474585997	NA	130.51785714285714	100.0	10696.0	0.20891625980446152	0.33272057308449343	0.49519566948615545	1.0	69	NA	7	30	1:2;3:1;4:9;9:10;20:4;21:3;53:1	4.245283	18405	1.8014155383733135	5.333333492279053	0.8991081884514909	2.443867588457741	2.3566373423560925	2	0	NA	NA	galactosyl transferase CpsE	type I restriction-modification system, R subunit	True	True	True	True	True	True	True
TP:group_4408--group_4892	group_4408	group_4892	TP	P↔T	T_A__P_B	0.6217438715271476	0.7798384882039797	NA	158.175	100.0	10867.0	0.22948210615913214	0.36890238885126486	0.5128217656534273	0.9999079782828748	69	NA	7	30	1:2;3:1;4:9;9:10;20:4;21:3;53:1	4.245283	18733	1.841368417849831	5.54159421920776	0.8933722679408902	2.4039147089812234	2.3055044746494993	2	0	NA	NA	galactosyl transferase CpsE	bacteriophage integrase	True	True	True	True	True	True	True
TP:group_4408--group_5412	group_4408	group_5412	TP	P↔T	T_A__P_B	0.6217438715271476	0.7798384882039797	NA	157.19753086419752	100.0	10867.0	0.22948210615913214	0.36890238885126486	0.5128217656534273	1.0	69	NA	7	30	1:2;3:1;4:9;9:10;20:4;21:3;53:1	4.245283	18376	1.825828799805176	5.44444465637207	0.8974266365688488	2.4194543270258784	2.325126609506896	2	0	NA	NA	galactosyl transferase CpsE	phage protein	True	True	True	True	True	True	True
TP:group_4408--group_3419	group_4408	group_3419	TP	P↔T	T_A__P_B	0.6217438715271476	0.7798384882039797	NA	144.20987654320987	100.0	10318.0	0.2240150343862563	0.3704410052249503	0.48715617821062657	1.0	69	NA	7	30	1:2;3:1;4:9;9:10;20:4;21:3;53:1	4.245283	18234	1.8450757545821823	5.44444465637207	0.8921014228383801	2.4002073722488726	2.300871991997098	2	0	NA	NA	galactosyl transferase CpsE	phage protein	True	True	True	True	True	True	True
TP:group_4408--group_5411	group_4408	group_5411	TP	P↔T	T_A__P_B	0.6217438715271476	0.7798384882039797	NA	156.19753086419752	100.0	10619.0	0.23329372527485046	0.39653805781618356	0.5188868186701031	0.9999058291741219	69	NA	7	30	1:2;3:1;4:9;9:10;20:4;21:3;53:1	4.245283	18376	1.825828799805176	5.44444465637207	0.8975169300225734	2.4194543270258784	2.325126609506896	2	0	NA	NA	galactosyl transferase CpsE	DNA-binding phage protein	True	True	True	True	True	True	True
TP:group_4408--group_5991	group_4408	group_5991	TP	P↔T	T_A__P_B	0.6217438715271476	0.7798384882039797	NA	152.19753086419752	100.0	10619.0	0.23329372527485046	0.39653805781618356	0.5188868186701031	1.0	69	NA	7	30	1:2;3:1;4:9;9:10;20:4;21:3;53:1	4.245283	18327	1.8351021224207318	5.401869297027588	0.8984389348025712	2.410181004410323	2.3133770458676106	2	0	NA	NA	galactosyl transferase CpsE	phage protein	True	True	True	True	True	True	True
TP:group_4408--group_5422	group_4408	group_5422	TP	P↔T	T_A__P_B	0.5734152604727226	0.7208401980021812	NA	305.70588235294116	100.0	4689.0	0.3362189976488277	0.45633727941803354	0.5427275615906816	0.999786734911495	69	NA	6	29	1:2;3:1;4:9;9:10;20:4;21:3	3.985782	7947	1.8558135772630435	5.578121042251585	0.8922600619195047	2.129968330772235	2.1477275287065822	2	0	NA	NA	galactosyl transferase CpsE	ImpB/MucB/SamB family protein	True	True	True	True	True	True	True
TP:group_4408--tetM	group_4408	tetM	TP	P↔T	T_A__P_B	0.6217438715271476	0.7798384882039797	NA	297.6470588235294	100.0	4689.0	0.3362189976488277	0.45633727941803354	0.5427275615906816	1.0	69	NA	7	30	1:2;3:1;4:9;9:10;20:4;21:3;53:1	4.245283	8361	1.8442579112316972	5.622073650360107	0.8952722920406941	2.4010252155993577	2.3018923226393104	2	0	NA	NA	galactosyl transferase CpsE	Helix-turn-helix domain	True	True	True	True	True	True	True
TP:group_4408--group_3724	group_4408	group_3724	TP	P↔T	T_A__P_B	0.6217438715271476	0.7798384882039797	NA	308.70588235294116	100.0	4267.0	0.3313521235794704	0.4543886035648884	0.5462153733518725	1.0	69	NA	7	30	1:2;3:1;4:9;9:10;20:4;21:3;53:1	4.245283	7250	1.870894259156852	5.75856847763061	0.8973214285714286	2.3743888676742024	2.2691197570643347	2	0	NA	NA	galactosyl transferase CpsE	Uncharacterised protein	True	True	True	True	True	True	True
TP:group_4408--galT_2	group_4408	galT_2	TP	P↔T	T_A__P_B	0.6217438715271476	0.7798384882039797	NA	383.7894736842105	100.0	2130.0	0.37164060360744455	0.48472570851415564	0.5828268911948791	1.0	69	NA	7	30	1:2;3:1;4:9;9:10;20:4;21:3;53:1	4.245283	3179	1.7409974420621883	4.857504558563232	0.9117797042325344	2.5042856847688664	2.4384200828018296	2	0	NA	NA	galactosyl transferase CpsE	anthranilate synthase component II (glutamine amido-transferase)	True	True	True	True	True	True	True
TP:group_1130--group_3703	group_1130	group_3703	TP	P↔T	T_A__P_B	0.5680084844489448	0.6009860744968017	NA	116.21794871794872	100.0	10221.0	0.20489226871164087	0.32643918991900917	0.44804161039137275	0.9999021622150475	69	NA	8	20	4:2;6:5;8:1;13:5;14:4;24:1;40:1;59:1	5.4054055	18014	1.7948387480078574	5.333333492279053	0.9365288633581317	3.610566773384965	3.011638525963648	3	0	NA	NA	Uncharacterised protein	3-dehydroquinate synthase	True	True	True	True	True	True	True
TP:group_1130--group_1077	group_1130	group_1077	TP	P↔T	T_A__P_B	0.5680084844489448	0.6009860744968017	NA	341.125	100.0	3481.0	0.3306868110574498	0.43954626227847926	0.5511309254021438	0.9994254524561907	69	NA	8	20	4:3;6:5;8:1;13:4;14:4;24:1;40:1;59:1	5.714286	5489	1.7581783054434856	5.235597515106198	0.9445597391046546	3.9561075450814167	3.2501173702535944	3	0	NA	NA	Uncharacterised protein	translation factor	True	True	True	True	True	True	True
TP:group_1130--pbpX_1	group_1130	pbpX_1	TP	P↔T	T_A__P_B	0.6179271255663197	0.652523040540498	NA	184.94736842105263	100.0	9591.0	0.23574501803149556	0.38088356576024535	0.5227654098814415	1.0	69	NA	8	21	4:3;6:5;8:1;13:5;14:4;24:1;40:1;59:1	5.5822783	17419	1.8672670979431107	5.472362041473389	0.9339303482587065	3.7150111537048387	2.989544590485802	3	0	NA	NA	Uncharacterised protein	transcriptional regulator	True	True	True	True	True	True	True
TP:group_1130--gutB	group_1130	gutB	TP	P↔T	T_A__P_B	0.6179271255663197	0.652523040540498	NA	257.4931506849315	100.0	6382.0	0.28859550233087417	0.3958517696707674	0.5107419291721534	0.9992165465371357	69	NA	8	21	4:3;6:5;8:1;13:5;14:4;24:1;40:1;59:1	5.5822783	11213	1.9016865377792715	5.772191429138181	0.9266777760945312	3.6805917138686777	2.9354355414256412	3	0	NA	NA	Uncharacterised protein	glutamyl-tRNA(Gln) amidotransferase, A subunit	True	True	True	True	True	True	True
TP:group_1130--group_1119	group_1130	group_1119	TP	P↔T	T_A__P_B	0.4990948580676925	0.5260105520931369	NA	103.16216216216216	100.0	10445.0	0.19427115083720545	0.31339558513779836	0.4729031778618347	0.9995213020584012	69	NA	8	21	4:3;6:5;8:1;13:5;14:4;24:1;40:1;59:1	5.5822783	17942	1.7996992428171743	5.310766386985789	0.9406506312782232	3.782579008830775	3.1017839641415215	3	0	NA	NA	Uncharacterised protein	ABC transporter ATP-binding protein	True	True	True	True	True	True	True
TP:group_1130--group_4837	group_1130	group_4837	TP	P↔T	T_A__P_B	0.6179271255663197	0.652523040540498	NA	156.52941176470588	100.0	10867.0	0.22948210615913214	0.36890238885126486	0.5128217656534273	0.999263826262998	69	NA	8	21	4:3;6:5;8:1;13:5;14:4;24:1;40:1;59:1	5.5822783	18376	1.825828799805176	5.44444465637207	0.937155756207675	3.756449451842773	3.0573941282137747	3	0	NA	NA	Uncharacterised protein	Uncharacterised protein	True	True	True	True	True	True	True
TP:group_1130--group_5355	group_1130	group_5355	TP	P↔T	T_A__P_B	0.6179271255663197	0.652523040540498	NA	164.52941176470588	100.0	10832.0	0.22913031554138144	0.3510825961738888	0.4867813349051285	0.9997230428360414	69	NA	8	21	4:3;6:5;8:1;13:5;14:4;24:1;40:1;59:1	5.5822783	18722	1.8240242178923247	5.454115462303163	0.9361196656401232	3.7582540337556245	3.060418933526178	3	0	NA	NA	Uncharacterised protein	Uncharacterised protein	True	True	True	True	True	True	True
TP:group_1130--group_5357	group_1130	group_5357	TP	P↔T	T_A__P_B	0.6179271255663197	0.652523040540498	NA	157.52941176470588	100.0	10867.0	0.22948210615913214	0.36890238885126486	0.5128217656534273	0.9993558479801233	69	NA	8	21	4:3;6:5;8:1;13:5;14:4;24:1;40:1;59:1	5.5822783	18376	1.825828799805176	5.44444465637207	0.9372460496613996	3.756449451842773	3.0573941282137747	3	0	NA	NA	Uncharacterised protein	Mobile element protein	True	True	True	True	True	True	True
TP:group_1130--group_4581	group_1130	group_4581	TP	P↔T	T_A__P_B	0.6179271255663197	0.652523040540498	NA	151.52941176470588	100.0	10641.0	0.22730636303357493	0.385790964314127	0.48692062492721117	0.9998120477398741	69	NA	8	21	4:3;6:5;8:1;13:5;14:4;24:1;40:1;59:1	5.5822783	18327	1.8351021224207318	5.401869297027588	0.9393939393939394	3.7471761292272174	3.0419441966991014	3	0	NA	NA	Uncharacterised protein	RNA polymerase sigma factor	True	True	True	True	True	True	True
TP:group_1130--ftsK_1	group_1130	ftsK_1	TP	P↔T	T_A__P_B	0.6179271255663197	0.652523040540498	NA	162.52941176470588	100.0	10832.0	0.22913031554138144	0.3510825961738888	0.4867813349051285	0.9998153618906942	69	NA	8	21	4:3;6:5;8:1;13:5;14:4;24:1;40:1;59:1	5.5822783	18733	1.841368417849831	5.54159421920776	0.9346960445978232	3.740909833798118	3.0315922644998903	3	0	NA	NA	Uncharacterised protein	Uncharacterised protein	True	True	True	True	True	True	True
TP:group_1130--group_5358	group_1130	group_5358	TP	P↔T	T_A__P_B	0.6179271255663197	0.652523040540498	NA	155.52941176470588	100.0	10619.0	0.23329372527485046	0.39653805781618356	0.5188868186701031	0.999340804218853	69	NA	8	21	4:3;6:5;8:1;13:5;14:4;24:1;40:1;59:1	5.5822783	18376	1.825828799805176	5.44444465637207	0.9373363431151241	3.756449451842773	3.0573941282137747	3	0	NA	NA	Uncharacterised protein	Helix-turn-helix domain	True	True	True	True	True	True	True
TP:group_1130--group_5359	group_1130	group_5359	TP	P↔T	T_A__P_B	0.6179271255663197	0.652523040540498	NA	154.52941176470588	100.0	10619.0	0.23329372527485046	0.39653805781618356	0.5188868186701031	0.9994349750447311	69	NA	8	21	4:3;6:5;8:1;13:5;14:4;24:1;40:1;59:1	5.5822783	18376	1.825828799805176	5.44444465637207	0.9374266365688487	3.756449451842773	3.0573941282137747	3	0	NA	NA	Uncharacterised protein	Mobile element protein	True	True	True	True	True	True	True
TP:group_1130--group_5416	group_1130	group_5416	TP	P↔T	T_A__P_B	0.5680084844489448	0.6009860744968017	NA	229.1904761904762	100.0	7312.0	0.25010076509932777	0.3837856937996939	0.4908116321999718	0.999863238512035	69	NA	8	20	4:2;6:5;8:1;13:5;14:4;24:1;40:1;59:1	5.4054055	13219	1.8855704890950309	5.761904716491699	0.9200051692943914	3.5198350322977916	2.866721532106242	3	0	NA	NA	Uncharacterised protein	thioredoxin	True	True	True	True	True	True	True
TP:group_1130--group_5942	group_1130	group_5942	TP	P↔T	T_A__P_B	0.6179271255663197	0.652523040540498	NA	163.52941176470588	100.0	10832.0	0.22913031554138144	0.3510825961738888	0.4867813349051285	0.9999076809453471	69	NA	8	21	4:3;6:5;8:1;13:5;14:4;24:1;40:1;59:1	5.5822783	18722	1.8240242178923247	5.454115462303163	0.9362076550813903	3.7582540337556245	3.060418933526178	3	0	NA	NA	Uncharacterised protein	Uncharacterised protein	True	True	True	True	True	True	True
TP:group_1130--iap	group_1130	iap	TP	P↔T	T_A__P_B	0.6179271255663197	0.652523040540498	NA	152.52941176470588	100.0	10619.0	0.23329372527485046	0.39653805781618356	0.5188868186701031	0.9995291458706093	69	NA	8	21	4:3;6:5;8:1;13:5;14:4;24:1;40:1;59:1	5.5822783	18327	1.8351021224207318	5.401869297027588	0.939485766758494	3.7471761292272174	3.0419441966991014	3	0	NA	NA	Uncharacterised protein	anaerobic benzoate catabolism transcriptional regulator	True	True	True	True	True	True	True
TP:group_1130--group_5361	group_1130	group_5361	TP	P↔T	T_A__P_B	0.6179271255663197	0.652523040540498	NA	108.5	100.0	10349.0	0.20064857616853873	0.32538320593770226	0.48131870171498425	0.9999033723065031	69	NA	8	21	4:3;6:5;8:1;13:5;14:4;24:1;40:1;59:1	5.5822783	18344	1.793957371042121	5.333333492279053	0.9383851388633437	3.788320880605828	3.111711761804668	3	0	NA	NA	Uncharacterised protein	Uncharacterised protein	True	True	True	True	True	True	True
TP:group_1130--Int-Tn_2	group_1130	Int-Tn_2	TP	P↔T	T_A__P_B	0.6179271255663197	0.652523040540498	NA	140.05882352941177	100.0	10299.0	0.22485448112403592	0.36155200654189734	0.48483235809930475	0.9999029031944849	69	NA	8	21	4:3;6:5;8:1;13:5;14:4;24:1;40:1;59:1	5.5822783	17624	1.842426439976346	5.44444465637207	0.9360037700282752	3.7398518116716035	3.0298513582553763	3	0	NA	NA	Uncharacterised protein	membrane protein	True	True	True	True	True	True	True
TP:group_1130--group_4888	group_1130	group_4888	TP	P↔T	T_A__P_B	0.6179271255663197	0.652523040540498	NA	209.6164383561644	100.0	8107.0	0.24810609129841318	0.36662452662648437	0.4908120108542949	1.0	69	NA	8	21	4:3;6:5;8:1;13:5;14:4;24:1;40:1;59:1	5.5822783	14953	1.8541512875973736	5.44444465637207	0.9331541428070586	3.728126964050576	3.0106918939077065	3	0	NA	NA	Uncharacterised protein	choline binding protein J	True	True	True	True	True	True	True
TP:group_1130--group_5944	group_1130	group_5944	TP	P↔T	T_A__P_B	0.6179271255663197	0.652523040540498	NA	109.28571428571429	100.0	10349.0	0.20064857616853873	0.32538320593770226	0.48131870171498425	1.0	69	NA	8	21	4:3;6:5;8:1;13:5;14:4;24:1;40:1;59:1	5.5822783	18344	1.793957371042121	5.333333492279053	0.9384771013426522	3.788320880605828	3.111711761804668	3	0	NA	NA	Uncharacterised protein	membrane protein	True	True	True	True	True	True	True
TP:group_1130--group_5945	group_1130	group_5945	TP	P↔T	T_A__P_B	0.6179271255663197	0.652523040540498	NA	141.05882352941177	100.0	10299.0	0.22485448112403592	0.36155200654189734	0.48483235809930475	1.0	69	NA	8	21	4:3;6:5;8:1;13:5;14:4;24:1;40:1;59:1	5.5822783	17624	1.842426439976346	5.44444465637207	0.9360980207351555	3.7398518116716035	3.0298513582553763	3	0	NA	NA	Uncharacterised protein	CBS domain membrane protein	True	True	True	True	True	True	True
TP:group_1130--group_5360	group_1130	group_5360	TP	P↔T	T_A__P_B	0.6179271255663197	0.652523040540498	NA	144.9375	100.0	10318.0	0.2240150343862563	0.3704410052249503	0.48715617821062657	0.9999030819926342	69	NA	8	21	4:3;6:5;8:1;13:5;14:4;24:1;40:1;59:1	5.5822783	18234	1.8450757545821823	5.44444465637207	0.9383436701933601	3.737202497065767	3.025500843412284	3	0	NA	NA	Uncharacterised protein	DNA-directed RNA polymerase subunit beta	True	True	True	True	True	True	True
TP:group_1130--group_3024	group_1130	group_3024	TP	P↔T	T_A__P_B	0.6179271255663197	0.652523040540498	NA	158.06666666666666	100.0	10867.0	0.22948210615913214	0.36890238885126486	0.5128217656534273	0.9994478696972485	69	NA	8	21	4:3;6:5;8:1;13:5;14:4;24:1;40:1;59:1	5.5822783	18733	1.841368417849831	5.54159421920776	0.9347845323422705	3.740909833798118	3.0315922644998903	3	0	NA	NA	Uncharacterised protein	CbxX/CfqX family protein	True	True	True	True	True	True	True
TP:group_1130--group_4895	group_1130	group_4895	TP	P↔T	T_A__P_B	0.6179271255663197	0.652523040540498	NA	159.52941176470588	100.0	10867.0	0.22948210615913214	0.36890238885126486	0.5128217656534273	0.9995398914143738	69	NA	8	21	4:3;6:5;8:1;13:5;14:4;24:1;40:1;59:1	5.5822783	18733	1.841368417849831	5.54159421920776	0.934873020086718	3.740909833798118	3.0315922644998903	3	0	NA	NA	Uncharacterised protein	Uncharacterised protein	True	True	True	True	True	True	True
TP:group_1130--erm	group_1130	erm	TP	P↔T	T_A__P_B	0.6179271255663197	0.652523040540498	NA	160.52941176470588	100.0	10867.0	0.22948210615913214	0.36890238885126486	0.5128217656534273	0.999631913131499	69	NA	8	21	4:3;6:5;8:1;13:5;14:4;24:1;40:1;59:1	5.5822783	18733	1.841368417849831	5.54159421920776	0.9349615078311654	3.740909833798118	3.0315922644998903	3	0	NA	NA	Uncharacterised protein	Uncharacterised protein	True	True	True	True	True	True	True
TP:group_1130--group_4882	group_1130	group_4882	TP	P↔T	T_A__P_B	0.6179271255663197	0.652523040540498	NA	206.64285714285714	100.0	8564.0	0.2423459130179614	0.3683869752229423	0.485384688437638	1.0	69	NA	8	21	4:3;6:5;8:1;13:5;14:4;24:1;40:1;59:1	5.5822783	15356	1.8603871921351502	5.448009490966797	0.9349763450324569	3.721891059512799	3.000600238083351	3	0	NA	NA	Uncharacterised protein	N-6 adenine-specific DNA methylase	True	True	True	True	True	True	True
TP:group_1130--group_5422	group_1130	group_5422	TP	P↔T	T_A__P_B	0.6179271255663197	0.652523040540498	NA	158.52941176470588	100.0	10867.0	0.22948210615913214	0.36890238885126486	0.5128217656534273	0.9997239348486243	69	NA	8	21	4:3;6:5;8:1;13:5;14:4;24:1;40:1;59:1	5.5822783	18733	1.841368417849831	5.54159421920776	0.9350499955756127	3.740909833798118	3.0315922644998903	3	0	NA	NA	Uncharacterised protein	ImpB/MucB/SamB family protein	True	True	True	True	True	True	True
TP:group_1130--group_4894	group_1130	group_4894	TP	P↔T	T_A__P_B	0.5482282396563025	0.5781689406109003	NA	228.28571428571428	100.0	7828.0	0.24869316427324445	0.37233550229445356	0.46099028730050906	0.9998722534491569	69	NA	8	21	4:3;6:5;8:1;13:5;14:4;24:1;40:1;59:1	5.5822783	13219	1.8855704890950309	5.761904716491699	0.9269837167226673	3.6967077625529186	2.9605248299824276	3	0	NA	NA	Uncharacterised protein	30S ribosomal protein S16	True	True	True	True	True	True	True
TP:group_1130--tetM	group_1130	tetM	TP	P↔T	T_A__P_B	0.6179271255663197	0.652523040540498	NA	152.75	100.0	10619.0	0.23329372527485046	0.39653805781618356	0.5188868186701031	0.9996233166964874	69	NA	8	21	4:3;6:5;8:1;13:5;14:4;24:1;40:1;59:1	5.5822783	18327	1.8351021224207318	5.401869297027588	0.9395775941230486	3.7471761292272174	3.0419441966991014	3	0	NA	NA	Uncharacterised protein	Helix-turn-helix domain	True	True	True	True	True	True	True
TP:group_1130--group_3724	group_1130	group_3724	TP	P↔T	T_A__P_B	0.6179271255663197	0.652523040540498	NA	163.8125	100.0	10832.0	0.22913031554138144	0.3510825961738888	0.4867813349051285	1.0	69	NA	8	21	4:3;6:5;8:1;13:5;14:4;24:1;40:1;59:1	5.5822783	18722	1.8240242178923247	5.454115462303163	0.9362956445226572	3.7582540337556245	3.060418933526178	3	0	NA	NA	Uncharacterised protein	Uncharacterised protein	True	True	True	True	True	True	True
TP:group_1130--group_1754	group_1130	group_1754	TP	P↔T	T_A__P_B	0.5482282396563025	0.5781689406109003	NA	304.15	100.0	4689.0	0.3362189976488277	0.45633727941803354	0.5427275615906816	0.99914693964598	69	NA	8	21	4:3;6:5;8:1;13:5;14:4;24:1;40:1;59:1	5.5822783	7947	1.8558135772630435	5.578121042251585	0.9351909184726522	3.7264646743849057	3.0079951564319845	3	0	NA	NA	Uncharacterised protein	galactose-1-phosphate uridylyltransferase	True	True	True	True	True	True	True
TP:group_1130--galT_2	group_1130	galT_2	TP	P↔T	T_A__P_B	0.6179271255663197	0.652523040540498	NA	263.5238095238095	100.0	6382.0	0.28859550233087417	0.3958517696707674	0.5107419291721534	0.9993732372297085	69	NA	8	21	4:3;6:5;8:1;13:5;14:4;24:1;40:1;59:1	5.5822783	11213	1.9016865377792715	5.772191429138181	0.926829268292683	3.6805917138686777	2.9354355414256412	3	0	NA	NA	Uncharacterised protein	anthranilate synthase component II (glutamine amido-transferase)	True	True	True	True	True	True	True
TP:group_1130--group_1976	group_1130	group_1976	TP	P↔T	T_A__P_B	0.6179271255663197	0.652523040540498	NA	234.16666666666666	100.0	7312.0	0.25010076509932777	0.3837856937996939	0.4908116321999718	1.0	69	NA	8	21	4:3;6:5;8:1;13:5;14:4;24:1;40:1;59:1	5.5822783	13219	1.8855704890950309	5.761904716491699	0.9271129490824502	3.6967077625529186	2.9605248299824276	3	0	NA	NA	Uncharacterised protein	anthranilate phosphoribosyltransferase	True	True	True	True	True	True	True
TP:group_1130--group_4451	group_1130	group_4451	TP	P↔T	T_A__P_B	0.5482282396563025	0.5781689406109003	NA	305.15	100.0	4689.0	0.3362189976488277	0.45633727941803354	0.5427275615906816	0.999360204734485	69	NA	8	21	4:3;6:5;8:1;13:5;14:4;24:1;40:1;59:1	5.5822783	7947	1.8558135772630435	5.578121042251585	0.9353973168214654	3.7264646743849057	3.0079951564319845	3	0	NA	NA	Uncharacterised protein	galactokinase, (galactose kinase)	True	True	True	True	True	True	True
TP:group_1130--group_1359	group_1130	group_1359	TP	P↔T	T_A__P_B	0.6179271255663197	0.652523040540498	NA	264.42857142857144	100.0	6382.0	0.28859550233087417	0.3958517696707674	0.5107419291721534	0.9995299279222815	69	NA	8	21	4:3;6:5;8:1;13:5;14:4;24:1;40:1;59:1	5.5822783	10858	1.9433712373563303	6.050054121017456	0.9173851700893557	3.638907014291619	2.872471375691355	3	0	NA	NA	Uncharacterised protein	anthranilate synthase component I	True	True	True	True	True	True	True
TP:group_1130--group_1656	group_1130	group_1656	TP	P↔T	T_A__P_B	0.5700285688575066	0.6011598636015346	NA	159.2923076923077	100.0	10867.0	0.22948210615913214	0.36890238885126486	0.5128217656534273	0.9991718045458728	69	NA	8	21	4:3;6:5;8:1;13:5;14:4;24:1;40:1;59:1	5.5822783	18733	1.841368417849831	5.54159421920776	0.9351384833200602	3.740909833798118	3.0315922644998903	3	0	NA	NA	Uncharacterised protein	filamentation induced by cAMP protein fic	True	True	True	True	True	True	True
TP:group_1130--group_624	group_1130	group_624	TP	P↔T	T_A__P_B	0.5700285688575066	0.6011598636015346	NA	214.11904761904762	100.0	8107.0	0.24810609129841318	0.36662452662648437	0.4908120108542949	0.9998766498088072	69	NA	8	21	4:3;6:5;8:1;13:5;14:4;24:1;40:1;59:1	5.5822783	14220	1.8563262752675138	5.451612949371338	0.9319234138405706	3.7259519763804354	3.007164379464214	3	0	NA	NA	Uncharacterised protein	choline binding protein C	True	True	True	True	True	True	True
TP:group_2577--pbpX_1	group_2577	pbpX_1	TP	P↔T	T_A__P_B	0.5189693812811891	0.6293237222373415	NA	153.60714285714286	100.0	10619.0	0.23329372527485046	0.39653805781618356	0.5188868186701031	0.9990582917412185	69	NA	16	36	1:3;3:1;5:1;7:1;8:10;10:1;11:2;14:3;16:1;24:3;29:1;32:3;36:1;50:2;54:2;55:1	8.307693	18376	1.825828799805176	5.44444465637207	0.9747178329571106	6.48186372796582	4.55009392373341	2	0	NA	NA	DNA-3-methyladenine glycosylase I	transcriptional regulator	True	True	True	True	True	True	True
TP:group_2577--group_2704	group_2577	group_2704	TP	P↔T	T_A__P_B	0.5509865752942332	0.6678610538025491	NA	294.3191489361702	100.0	4936.0	0.3232153444496031	0.45119838305172694	0.5373939396899984	0.9997974068071313	69	NA	16	37	1:4;3:1;5:1;7:1;8:10;10:1;11:2;14:3;16:1;24:3;29:1;32:3;36:1;50:2;54:2;55:1	8.398773	8361	1.8442579112316972	5.622073650360107	0.974067424695791	6.554515282127678	4.554012289826757	2	0	NA	NA	DNA-3-methyladenine glycosylase I	type I restriction-modification system, R subunit	True	True	True	True	True	True	True
TP:group_2577--group_4888	group_2577	group_4888	TP	P↔T	T_A__P_B	0.5509865752942332	0.6678610538025491	NA	179.1153846153846	100.0	10147.0	0.23925083268906638	0.3677343582400997	0.5509865752942332	0.9989159357445551	69	NA	16	37	1:4;3:1;5:1;7:1;8:10;10:1;11:2;14:3;16:1;24:3;29:1;32:3;36:1;50:2;54:2;55:1	8.398773	17651	1.87652034734803	5.568420886993408	0.9732756926704658	6.5222528460113445	4.475716559763842	2	0	NA	NA	DNA-3-methyladenine glycosylase I	choline binding protein J	True	True	True	True	True	True	True
TP:group_2577--group_4895	group_2577	group_4895	TP	P↔T	T_A__P_B	0.5871834925859922	0.7117360090389239	NA	186.73333333333332	100.0	9821.0	0.2278506213944058	0.36729734267133524	0.5227654098814415	0.9995927095000509	69	NA	17	38	1:4;2:1;3:1;5:1;7:1;8:10;10:1;11:2;14:3;16:1;24:3;29:1;32:3;36:1;50:2;54:2;55:1	8.804878	17419	1.8672670979431107	5.472362041473389	0.9752238805970149	6.937611136920171	4.715382306346157	2	0	NA	NA	DNA-3-methyladenine glycosylase I	Uncharacterised protein	True	True	True	True	True	True	True
TP:group_2577--erm	group_2577	erm	TP	P↔T	T_A__P_B	0.5871834925859922	0.7117360090389239	NA	187.73333333333332	100.0	9821.0	0.2278506213944058	0.36729734267133524	0.5227654098814415	0.9996945321250382	69	NA	17	38	1:4;2:1;3:1;5:1;7:1;8:10;10:1;11:2;14:3;16:1;24:3;29:1;32:3;36:1;50:2;54:2;55:1	8.804878	17419	1.8672670979431107	5.472362041473389	0.9753233830845771	6.937611136920171	4.715382306346157	2	0	NA	NA	DNA-3-methyladenine glycosylase I	Uncharacterised protein	True	True	True	True	True	True	True
TP:group_2577--group_4882	group_2577	group_4882	TP	P↔T	T_A__P_B	0.5509865752942332	0.6678610538025491	NA	176.16	100.0	10147.0	0.23925083268906638	0.3677343582400997	0.5509865752942332	0.9990144870405046	69	NA	16	37	1:4;3:1;5:1;7:1;8:10;10:1;11:2;14:3;16:1;24:3;29:1;32:3;36:1;50:2;54:2;55:1	8.398773	18260	1.8470378414237094	5.538461685180664	0.9761246312684366	6.551735351935665	4.547158160487683	2	0	NA	NA	DNA-3-methyladenine glycosylase I	N-6 adenine-specific DNA methylase	True	True	True	True	True	True	True
TP:group_2577--group_5422	group_2577	group_5422	TP	P↔T	T_A__P_B	0.5871834925859922	0.7117360090389239	NA	185.73333333333332	100.0	9591.0	0.23574501803149556	0.38088356576024535	0.5227654098814415	0.9998957355854446	69	NA	17	38	1:4;2:1;3:1;5:1;7:1;8:10;10:1;11:2;14:3;16:1;24:3;29:1;32:3;36:1;50:2;54:2;55:1	8.804878	17419	1.8672670979431107	5.472362041473389	0.9754228855721393	6.937611136920171	4.715382306346157	2	0	NA	NA	DNA-3-methyladenine glycosylase I	ImpB/MucB/SamB family protein	True	True	True	True	True	True	True
TP:group_2577--group_3724	group_2577	group_3724	TP	P↔T	T_A__P_B	0.5871834925859922	0.7117360090389239	NA	188.73333333333332	100.0	9821.0	0.2278506213944058	0.36729734267133524	0.5227654098814415	0.9997963547500255	69	NA	17	38	1:4;2:1;3:1;5:1;7:1;8:10;10:1;11:2;14:3;16:1;24:3;29:1;32:3;36:1;50:2;54:2;55:1	8.804878	17419	1.8672670979431107	5.472362041473389	0.9755223880597015	6.937611136920171	4.715382306346157	2	0	NA	NA	DNA-3-methyladenine glycosylase I	Uncharacterised protein	True	True	True	True	True	True	True
TP:group_2577--group_4451	group_2577	group_4451	TP	P↔T	T_A__P_B	0.5509865752942332	0.6678610538025491	NA	323.42105263157896	100.0	4367.0	0.3133152048902774	0.4665206558190084	0.5362446942321507	0.9995420196931531	69	NA	16	37	1:4;3:1;5:1;7:1;8:10;10:1;11:2;14:3;16:1;24:3;29:1;32:3;36:1;50:2;54:2;55:1	8.398773	6982	1.8838952545346588	5.812149190902706	0.9718468468468469	6.514877938824716	4.458195418849844	2	0	NA	NA	DNA-3-methyladenine glycosylase I	galactokinase, (galactose kinase)	True	True	True	True	True	True	True
TP:group_2577--group_624	group_2577	group_624	TP	P↔T	T_A__P_B	0.5509865752942332	0.6678610538025491	NA	183.5	100.0	9591.0	0.23574501803149556	0.38088356576024535	0.5227654098814415	0.9995829423417788	69	NA	16	37	1:4;3:1;5:1;7:1;8:10;10:1;11:2;14:3;16:1;24:3;29:1;32:3;36:1;50:2;54:2;55:1	8.398773	17651	1.87652034734803	5.568420886993408	0.9733739438003537	6.5222528460113445	4.475716559763842	2	0	NA	NA	DNA-3-methyladenine glycosylase I	choline binding protein C	True	True	True	True	True	True	True
TP:group_711--group_5093	group_711	group_5093	TP	P↔T	T_A__P_B	0.5927701462228009	0.6848990596563721	NA	208.4	100.0	8564.0	0.2423459130179614	0.3683869752229423	0.485384688437638	0.9998832321345166	69	NA	6	19	7:1;9:10;14:5;21:1;42:1;45:1	2.7984495	14953	1.8541512875973736	5.44444465637207	0.8211990183475517	0.9442982286990131	1.5092886621580073	2	0	NA	NA	HAD superfamily hydrolase protein	bacteriocin	True	True	True	True	True	True	True
TP:group_711--group_4444	group_711	group_4444	TP	P↔T	T_A__P_B	0.5927701462228009	0.6848990596563721	NA	378.0769230769231	100.0	2130.0	0.37164060360744455	0.48472570851415564	0.5828268911948791	0.9995305164319249	69	NA	6	19	7:1;9:10;14:5;21:1;42:1;45:1	2.7984495	3704	1.6938711680294884	4.731997346878046	0.8498431196772748	1.1045783482668983	1.6521029279646307	2	0	NA	NA	HAD superfamily hydrolase protein	Uncharacterised protein	True	True	True	True	True	True	True
TP:group_711--group_4891	group_711	group_4891	TP	P↔T	T_A__P_B	0.5927701462228009	0.6848990596563721	NA	255.0	100.0	6567.0	0.27769632731709515	0.4251110879808286	0.5927701462228009	0.9986295111923252	69	NA	6	19	7:1;9:10;14:5;21:1;42:1;45:1	2.7984495	11745	1.990375276848122	6.246153831481919	0.7976467170249855	0.8080742394482647	1.4059908947059967	2	0	NA	NA	HAD superfamily hydrolase protein	phage protein	True	True	True	True	True	True	True
TP:group_711--group_5990	group_711	group_5990	TP	P↔T	T_A__P_B	0.5927701462228009	0.6848990596563721	NA	256.3333333333333	100.0	6567.0	0.27769632731709515	0.4251110879808286	0.5927701462228009	0.9987817877265114	69	NA	6	19	7:1;9:10;14:5;21:1;42:1;45:1	2.7984495	11745	1.990375276848122	6.246153831481919	0.7977919814061593	0.8080742394482647	1.4059908947059967	2	0	NA	NA	HAD superfamily hydrolase protein	prophage Sa05, P4 family DNA primase	True	True	True	True	True	True	True
TP:group_711--Int-Tn_1	group_711	Int-Tn_1	TP	P↔T	T_A__P_B	0.5927701462228009	0.6848990596563721	NA	248.3684210526316	100.0	6896.0	0.2614019625823992	0.40428941286859854	0.5234061453017568	0.9995649651972158	69	NA	6	19	7:1;9:10;14:5;21:1;42:1;45:1	2.7984495	12247	1.9401841025805293	5.8275861740112305	0.7954992967651195	0.8582654137158574	1.442362872973924	2	0	NA	NA	HAD superfamily hydrolase protein	phage protein	True	True	True	True	True	True	True
TP:group_711--group_3705	group_711	group_3705	TP	P↔T	T_A__P_B	0.5927701462228009	0.6848990596563721	NA	250.78947368421052	100.0	6567.0	0.27769632731709515	0.4251110879808286	0.5927701462228009	0.9989340642606974	69	NA	6	19	7:1;9:10;14:5;21:1;42:1;45:1	2.7984495	11745	1.990375276848122	6.246153831481919	0.7979372457873329	0.8080742394482647	1.4059908947059967	2	0	NA	NA	HAD superfamily hydrolase protein	phage protein	True	True	True	True	True	True	True
TP:group_711--group_5408	group_711	group_5408	TP	P↔T	T_A__P_B	0.5927701462228009	0.6848990596563721	NA	252.68421052631578	100.0	6567.0	0.27769632731709515	0.4251110879808286	0.5927701462228009	0.9990863407948835	69	NA	6	19	7:1;9:10;14:5;21:1;42:1;45:1	2.7984495	11745	1.990375276848122	6.246153831481919	0.7980825101685067	0.8080742394482647	1.4059908947059967	2	0	NA	NA	HAD superfamily hydrolase protein	phage protein	True	True	True	True	True	True	True
TP:group_711--group_4892	group_711	group_4892	TP	P↔T	T_A__P_B	0.5927701462228009	0.6848990596563721	NA	248.89473684210526	100.0	6896.0	0.2614019625823992	0.40428941286859854	0.5234061453017568	0.9997099767981439	69	NA	6	19	7:1;9:10;14:5;21:1;42:1;45:1	2.7984495	11745	1.990375276848122	6.246153831481919	0.7982277745496804	0.8080742394482647	1.4059908947059967	2	0	NA	NA	HAD superfamily hydrolase protein	bacteriophage integrase	True	True	True	True	True	True	True
TP:group_711--group_5412	group_711	group_5412	TP	P↔T	T_A__P_B	0.5927701462228009	0.6848990596563721	NA	249.3684210526316	100.0	6896.0	0.2614019625823992	0.40428941286859854	0.5234061453017568	0.9998549883990719	69	NA	6	19	7:1;9:10;14:5;21:1;42:1;45:1	2.7984495	11745	1.990375276848122	6.246153831481919	0.7983730389308542	0.8080742394482647	1.4059908947059967	2	0	NA	NA	HAD superfamily hydrolase protein	phage protein	True	True	True	True	True	True	True
TP:group_711--group_3419	group_711	group_3419	TP	P↔T	T_A__P_B	0.5927701462228009	0.6848990596563721	NA	255.47368421052633	100.0	6567.0	0.27769632731709515	0.4251110879808286	0.5927701462228009	0.9992386173290696	69	NA	6	19	7:1;9:10;14:5;21:1;42:1;45:1	2.7984495	11745	1.990375276848122	6.246153831481919	0.7985183033120279	0.8080742394482647	1.4059908947059967	2	0	NA	NA	HAD superfamily hydrolase protein	phage protein	True	True	True	True	True	True	True
TP:group_711--group_5411	group_711	group_5411	TP	P↔T	T_A__P_B	0.5927701462228009	0.6848990596563721	NA	249.8421052631579	100.0	6567.0	0.27769632731709515	0.4251110879808286	0.5927701462228009	0.9993908938632556	69	NA	6	19	7:1;9:10;14:5;21:1;42:1;45:1	2.7984495	11745	1.990375276848122	6.246153831481919	0.7986635676932017	0.8080742394482647	1.4059908947059967	2	0	NA	NA	HAD superfamily hydrolase protein	DNA-binding phage protein	True	True	True	True	True	True	True
TP:group_711--group_5991	group_711	group_5991	TP	P↔T	T_A__P_B	0.5927701462228009	0.6848990596563721	NA	251.73684210526315	100.0	6567.0	0.27769632731709515	0.4251110879808286	0.5927701462228009	0.9995431703974418	69	NA	6	19	7:1;9:10;14:5;21:1;42:1;45:1	2.7984495	11745	1.990375276848122	6.246153831481919	0.7988088320743754	0.8080742394482647	1.4059908947059967	2	0	NA	NA	HAD superfamily hydrolase protein	phage protein	True	True	True	True	True	True	True
TP:group_711--group_4888	group_711	group_4888	TP	P↔T	T_A__P_B	0.5927701462228009	0.6848990596563721	NA	344.8888888888889	100.0	2932.0	0.3287921109198606	0.47649639354599094	0.5573425727256055	1.0	69	NA	6	19	7:1;9:10;14:5;21:1;42:1;45:1	2.7984495	5489	1.7581783054434856	5.235597515106198	0.8479098725170472	1.040271210852901	1.5916756040227111	2	0	NA	NA	HAD superfamily hydrolase protein	choline binding protein J	True	True	True	True	True	True	True
TP:group_711--sarA_2	group_711	sarA_2	TP	P↔T	T_A__P_B	0.5927701462228009	0.6848990596563721	NA	180.625	100.0	10147.0	0.23925083268906638	0.3677343582400997	0.5509865752942332	1.0	69	NA	6	19	7:1;9:10;14:5;21:1;42:1;45:1	2.7984495	17651	1.87652034734803	5.568420886993408	0.8210846924739634	0.9219291689483566	1.491297187505194	2	0	NA	NA	HAD superfamily hydrolase protein	peptidase propeptide and ypeb domain-containing protein	True	True	True	True	True	True	True
TP:group_711--group_4882	group_711	group_4882	TP	P↔T	T_A__P_B	0.5927701462228009	0.6848990596563721	NA	343.22222222222223	100.0	3481.0	0.3306868110574498	0.43954626227847926	0.5511309254021438	1.0	69	NA	6	19	7:1;9:10;14:5;21:1;42:1;45:1	2.7984495	5489	1.7581783054434856	5.235597515106198	0.8482063445004447	1.040271210852901	1.5916756040227111	2	0	NA	NA	HAD superfamily hydrolase protein	N-6 adenine-specific DNA methylase	True	True	True	True	True	True	True
TP:group_711--group_5418	group_711	group_5418	TP	P↔T	T_A__P_B	0.5927701462228009	0.6848990596563721	NA	190.625	100.0	9821.0	0.2278506213944058	0.36729734267133524	0.5227654098814415	0.9998981773750127	69	NA	6	19	7:1;9:10;14:5;21:1;42:1;45:1	2.7984495	17093	1.870046175147612	5.55555534362793	0.814016442751153	0.9284033411487747	1.4964601160586268	2	0	NA	NA	HAD superfamily hydrolase protein	2-isopropylmalate synthase	True	True	True	True	True	True	True
TP:group_711--group_5996	group_711	group_5996	TP	P↔T	T_A__P_B	0.5927701462228009	0.6848990596563721	NA	175.5	100.0	10364.0	0.22839731187146514	0.356249497460672	0.4822446250268134	1.0	69	NA	6	19	7:1;9:10;14:5;21:1;42:1;45:1	2.7984495	18260	1.8470378414237094	5.538461685180664	0.8307522123893806	0.9514116748726773	1.515101344182165	2	0	NA	NA	HAD superfamily hydrolase protein	ion transporter	True	True	True	True	True	True	True
TP:group_711--group_5997	group_711	group_5997	TP	P↔T	T_A__P_B	0.5927701462228009	0.6848990596563721	NA	187.0	100.0	9821.0	0.2278506213944058	0.36729734267133524	0.5227654098814415	1.0	69	NA	6	19	7:1;9:10;14:5;21:1;42:1;45:1	2.7984495	17419	1.8672670979431107	5.472362041473389	0.825771144278607	0.931182418353276	1.498687316548886	2	0	NA	NA	HAD superfamily hydrolase protein	cytotoxic translational repressor of toxin-antitoxin stability system	True	True	True	True	True	True	True
TP:group_711--group_624	group_711	group_624	TP	P↔T	T_A__P_B	0.6211568901452116	0.7136063831990954	NA	371.8	100.0	2126.0	0.3514645368032616	0.46377582596719047	0.541388303749566	0.9995296331138288	69	NA	7	20	2:1;7:1;9:10;14:5;21:1;42:1;45:1	3.0769231	3704	1.6938711680294884	4.731997346878046	0.868668758404303	1.3830519639132606	1.8165036338166087	2	0	NA	NA	HAD superfamily hydrolase protein	choline binding protein C	True	True	True	True	True	True	True
TP:group_1314--group_1962	group_1314	group_1962	TP	P↔T	T_A__P_B	0.4926694889079126	0.46651162377792127	NA	208.94117647058823	100.0	8564.0	0.2423459130179614	0.3683869752229423	0.485384688437638	0.999182624941616	69	NA	14	23	2:1;4:3;7:1;8:1;11:2;14:4;21:1;26:1;30:1;32:3;34:2;36:1;46:1;68:1	10.372549	14953	1.8541512875973736	5.44444465637207	0.9845740329554751	8.518397769409463	5.594230161470632	4	0	NA	NA	permease	Uncharacterised protein	True	True	True	True	True	True	True
TP:group_1314--group_4888	group_1314	group_4888	TP	P↔T	T_A__P_B	0.4934832004174444	0.46913059293227705	NA	202.43939393939394	100.0	9065.0	0.23362085440445762	0.35204446739901274	0.4495451588683012	0.9994484280198566	69	NA	13	22	4:3;7:1;8:1;11:2;14:4;21:1;26:1;30:1;32:3;34:2;36:1;46:1;68:1	9.68	15356	1.8603871921351502	5.448009490966797	0.9801958411266366	7.8196131130406314	5.203218096801735	4	0	NA	NA	permease	choline binding protein J	True	True	True	True	True	True	True
TP:group_1314--group_4882	group_1314	group_4882	TP	P↔T	T_A__P_B	0.4934832004174444	0.46913059293227705	NA	199.46031746031747	100.0	9065.0	0.23362085440445762	0.35204446739901274	0.4495451588683012	0.9995587424158853	69	NA	13	22	4:3;7:1;8:1;11:2;14:4;21:1;26:1;30:1;32:3;34:2;36:1;46:1;68:1	9.68	16146	1.8426474396748036	5.44444465637207	0.9838014094877459	7.837352865500978	5.253311130904206	4	0	NA	NA	permease	N-6 adenine-specific DNA methylase	True	True	True	True	True	True	True
TP:group_1314--group_624	group_1314	group_624	TP	P↔T	T_A__P_B	0.5316744131592044	0.5027280526344434	NA	206.90243902439025	100.0	8564.0	0.2423459130179614	0.3683869752229423	0.485384688437638	0.9996496964035497	69	NA	14	24	2:2;4:3;7:1;8:1;11:2;14:4;21:1;26:1;30:1;32:3;34:2;36:1;46:1;68:1	10.666667	15356	1.8603871921351502	5.448009490966797	0.9863571349983496	8.806279792422956	5.733573650502326	4	0	NA	NA	permease	choline binding protein C	True	True	True	True	True	True	True
TP:group_1296--group_1077	group_1296	group_1077	TP	P↔T	T_A__P_B	0.4825864171766016	0.5138257290639273	NA	109.91666666666667	100.0	10349.0	0.20064857616853873	0.32538320593770226	0.48131870171498425	0.9992269784520244	69	NA	8	19	8:1;13:8;14:4;31:2;32:1;36:1;52:1;58:1	4.05618	18065	1.7765889019046237	5.232558250427246	0.8976869986942735	2.279591098400552	2.2831280753564744	3	0	NA	NA	Uncharacterised protein	translation factor	True	True	True	True	True	True	True
TP:group_1296--group_5414	group_1296	group_5414	TP	P↔T	T_A__P_B	0.4825864171766016	0.5138257290639273	NA	137.58823529411765	100.0	10489.0	0.20390163535341135	0.33111220016910736	0.4671066682257567	0.9995233101344265	69	NA	8	19	8:1;13:8;14:4;31:2;32:1;36:1;52:1;58:1	4.05618	18131	1.8106780502630617	5.400000095367432	0.8948619491680381	2.2455019500421143	2.240144237522446	3	0	NA	NA	Uncharacterised protein	Uncharacterised protein	True	True	True	True	True	True	True
TP:group_1296--group_5993	group_1296	group_5993	TP	P↔T	T_A__P_B	0.4825864171766016	0.5138257290639273	NA	138.35294117647058	100.0	10489.0	0.20390163535341135	0.33111220016910736	0.4671066682257567	0.9996186481075412	69	NA	8	19	8:1;13:8;14:4;31:2;32:1;36:1;52:1;58:1	4.05618	18131	1.8106780502630617	5.400000095367432	0.8949533735600659	2.2455019500421143	2.240144237522446	3	0	NA	NA	Uncharacterised protein	chlorohydrolase	True	True	True	True	True	True	True
TP:group_1296--group_5996	group_1296	group_5996	TP	P↔T	T_A__P_B	0.4825864171766016	0.5138257290639273	NA	120.22222222222223	100.0	10327.0	0.2151252996707094	0.3408525996411131	0.4638188177778241	0.9991284981117459	69	NA	8	19	8:1;13:8;14:4;31:2;32:1;36:1;52:1;58:1	4.05618	18128	1.8018726339236573	5.400000095367432	0.8969589881893425	2.2543073663815187	2.251091405652055	3	0	NA	NA	Uncharacterised protein	ion transporter	True	True	True	True	True	True	True
TP:group_1296--group_5997	group_1296	group_5997	TP	P↔T	T_A__P_B	0.4825864171766016	0.5138257290639273	NA	119.85714285714286	100.0	10352.0	0.20911143075537533	0.3289027557887971	0.4511704467790327	0.999420401854714	69	NA	8	19	8:1;13:8;14:4;31:2;32:1;36:1;52:1;58:1	4.05618	18181	1.8044241354558723	5.405405521392822	0.8940237564959168	2.2517558648493035	2.2479083052612885	3	0	NA	NA	Uncharacterised protein	cytotoxic translational repressor of toxin-antitoxin stability system	True	True	True	True	True	True	True
TP:glf--group_1186	glf	group_1186	TP	P↔T	T_A__P_B	0.44167257289575557	0.5220293093205427	NA	103.77777777777777	100.0	10419.0	0.19238775690224888	0.306910351125285	0.43976379970916074	0.9991361934926577	69	NA	4	9	8:6;34:1;39:1;46:1	2.0769231	17942	1.7996992428171743	5.310766386985789	0.7772555524836421	0.2772238891255747	1.1540390097023212	2	0	NA	NA	capsular polysaccharide synthesis protein	pyruvate formate-lyase	True	True	True	True	True	True	True
TP:glf--group_3475	glf	group_3475	TP	P↔T	T_A__P_B	0.5320780943568809	0.620154970862107	NA	138.0	100.0	10489.0	0.20390163535341135	0.33111220016910736	0.4671066682257567	0.9998093240537707	69	NA	5	10	8:6;13:1;34:1;39:1;46:1	2.5	18131	1.8106780502630617	5.400000095367432	0.8033461327482172	0.6893219497369383	1.3806982415437086	2	0	NA	NA	capsular polysaccharide synthesis protein	heat shock protein GrpE	True	True	True	True	True	True	True
TP:glf--group_437	glf	group_437	TP	P↔T	T_A__P_B	0.5863592742291206	0.671235843173375	NA	173.0909090909091	100.0	10364.0	0.22839731187146514	0.356249497460672	0.4822446250268134	0.9999035121574682	69	NA	5	11	8:6;13:2;34:1;39:1;46:1	2.8139534	18260	1.8470378414237094	5.538461685180664	0.8316740412979351	0.9669155582344937	1.523495261737133	2	0	NA	NA	capsular polysaccharide synthesis protein	Domain of uncharacterised function (DUF1858)	True	True	True	True	True	True	True
TP:group_4266--group_3153	group_4266	group_3153	TP	P↔T	T_A__P_B	0.5452835046657886	0.6333963717124956	NA	121.60714285714286	100.0	10327.0	0.2151252996707094	0.3408525996411131	0.4638188177778241	0.9999031664568606	69	NA	3	8	1:3;2:4;9:1	2.4615386	18128	1.8018726339236573	5.400000095367432	0.8068446015065563	0.6596659193142578	1.3661001931517247	2	0	NA	NA	PTS system mannose-specific transporter subunit IIAB	Uncharacterised protein	True	True	True	True	True	True	True
TP:group_4266--group_5503	group_4266	group_5503	TP	P↔T	T_A__P_B	0.6268694575724263	0.7395695833710967	NA	257.75	100.0	6382.0	0.28859550233087417	0.3958517696707674	0.5107419291721534	0.9996866186148543	69	NA	3	8	1:3;2:4;9:1	2.4615386	11213	1.9016865377792715	5.772191429138181	0.788516891380094	0.5598520154586435	1.294397633014966	2	0	NA	NA	PTS system mannose-specific transporter subunit IIAB	phage protein	True	True	True	True	True	True	True
TP:group_4266--group_6036	group_4266	group_6036	TP	P↔T	T_A__P_B	0.5452835046657886	0.6333963717124956	NA	122.60714285714286	100.0	10327.0	0.2151252996707094	0.3408525996411131	0.4638188177778241	1.0	69	NA	3	8	1:3;2:4;9:1	2.4615386	18128	1.8018726339236573	5.400000095367432	0.8069375988096346	0.6596659193142578	1.3661001931517247	2	0	NA	NA	PTS system mannose-specific transporter subunit IIAB	transcriptional regulator	True	True	True	True	True	True	True
TP:group_4266--group_6134	group_4266	group_6134	TP	P↔T	T_A__P_B	0.6268694575724263	0.7395695833710967	NA	257.8	100.0	6382.0	0.28859550233087417	0.3958517696707674	0.5107419291721534	0.9998433093074272	69	NA	3	8	1:3;2:4;9:1	2.4615386	11213	1.9016865377792715	5.772191429138181	0.7886683835782458	0.5598520154586435	1.294397633014966	2	0	NA	NA	PTS system mannose-specific transporter subunit IIAB	phage protein	True	True	True	True	True	True	True
TP:group_4266--group_6148	group_4266	group_6148	TP	P↔T	T_A__P_B	0.6268694575724263	0.7395695833710967	NA	275.1818181818182	100.0	5474.0	0.30550744334912777	0.4273537436110101	0.5289453394573007	0.9994519546949214	69	NA	3	8	1:3;2:4;9:1	2.4615386	10049	1.945771443024122	6.122457695007326	0.7852254781540621	0.5157671102137931	1.265070757443221	2	0	NA	NA	PTS system mannose-specific transporter subunit IIAB	phage protein	True	True	True	True	True	True	True
TP:group_4266--group_5626	group_4266	group_5626	TP	P↔T	T_A__P_B	0.6268694575724263	0.7395695833710967	NA	258.8	100.0	6382.0	0.28859550233087417	0.3958517696707674	0.5107419291721534	1.0	69	NA	3	8	1:3;2:4;9:1	2.4615386	11213	1.9016865377792715	5.772191429138181	0.7888198757763976	0.5598520154586435	1.294397633014966	2	0	NA	NA	PTS system mannose-specific transporter subunit IIAB	phage protein	True	True	True	True	True	True	True
TP:group_4266--group_6468	group_4266	group_6468	TP	P↔T	T_A__P_B	0.6268694575724263	0.7395695833710967	NA	269.8	100.0	6112.0	0.3082069094408026	0.423623407996715	0.6268694575724263	0.9988547120418848	69	NA	3	8	1:3;2:4;9:1	2.4615386	10858	1.9433712373563303	6.050054121017456	0.7794325129330616	0.5181673158815847	1.266633212389453	2	0	NA	NA	PTS system mannose-specific transporter subunit IIAB	Uncharacterised protein	True	True	True	True	True	True	True
TP:group_4266--group_6480	group_4266	group_6480	TP	P↔T	T_A__P_B	0.6268694575724263	0.7395695833710967	NA	272.8	100.0	5474.0	0.30550744334912777	0.4273537436110101	0.5289453394573007	0.999634636463281	69	NA	3	8	1:3;2:4;9:1	2.4615386	10049	1.945771443024122	6.122457695007326	0.7854009475346552	0.5157671102137931	1.265070757443221	2	0	NA	NA	PTS system mannose-specific transporter subunit IIAB	Uncharacterised protein	True	True	True	True	True	True	True
TP:group_4266--group_6132	group_4266	group_6132	TP	P↔T	T_A__P_B	0.6268694575724263	0.7395695833710967	NA	255.0	100.0	6567.0	0.27769632731709515	0.4251110879808286	0.5927701462228009	0.9996954469316278	69	NA	3	8	1:3;2:4;9:1	2.4615386	11745	1.990375276848122	6.246153831481919	0.7691748983149331	0.47116327638979305	1.236720824394437	2	0	NA	NA	PTS system mannose-specific transporter subunit IIAB	prophage pi2 protein 37	True	True	True	True	True	True	True
TP:group_4266--group_4531	group_4266	group_4531	TP	P↔T	T_A__P_B	0.6268694575724263	0.7395695833710967	NA	268.8	100.0	6112.0	0.3082069094408026	0.423623407996715	0.6268694575724263	0.9990183246073299	69	NA	3	8	1:3;2:4;9:1	2.4615386	10858	1.9433712373563303	6.050054121017456	0.7795892773161938	0.5181673158815847	1.266633212389453	2	0	NA	NA	PTS system mannose-specific transporter subunit IIAB	DNA-binding protein	True	True	True	True	True	True	True
TP:group_4266--group_5501	group_4266	group_5501	TP	P↔T	T_A__P_B	0.6268694575724263	0.7395695833710967	NA	253.0	100.0	6567.0	0.27769632731709515	0.4251110879808286	0.5927701462228009	0.999847723465814	69	NA	3	8	1:3;2:4;9:1	2.4615386	11745	1.990375276848122	6.246153831481919	0.7693201626961069	0.47116327638979305	1.236720824394437	2	0	NA	NA	PTS system mannose-specific transporter subunit IIAB	phage major tail protein	True	True	True	True	True	True	True
TP:group_4266--group_5502	group_4266	group_5502	TP	P↔T	T_A__P_B	0.6268694575724263	0.7395695833710967	NA	254.0	100.0	6567.0	0.27769632731709515	0.4251110879808286	0.5927701462228009	1.0	69	NA	3	8	1:3;2:4;9:1	2.4615386	11745	1.990375276848122	6.246153831481919	0.7694654270772806	0.47116327638979305	1.236720824394437	2	0	NA	NA	PTS system mannose-specific transporter subunit IIAB	phage protein	True	True	True	True	True	True	True
TP:group_4266--group_6467	group_4266	group_6467	TP	P↔T	T_A__P_B	0.6268694575724263	0.7395695833710967	NA	267.8	100.0	6112.0	0.3082069094408026	0.423623407996715	0.6268694575724263	0.9991819371727748	69	NA	3	8	1:3;2:4;9:1	2.4615386	10858	1.9433712373563303	6.050054121017456	0.7797460416993259	0.5181673158815847	1.266633212389453	2	0	NA	NA	PTS system mannose-specific transporter subunit IIAB	phage protein	True	True	True	True	True	True	True
TP:group_4266--group_6478	group_4266	group_6478	TP	P↔T	T_A__P_B	0.6268694575724263	0.7395695833710967	NA	271.90909090909093	100.0	6112.0	0.3082069094408026	0.423623407996715	0.6268694575724263	0.9993455497382199	69	NA	3	8	1:3;2:4;9:1	2.4615386	10858	1.9433712373563303	6.050054121017456	0.7799028060824581	0.5181673158815847	1.266633212389453	2	0	NA	NA	PTS system mannose-specific transporter subunit IIAB	Uncharacterised protein	True	True	True	True	True	True	True
TP:group_4266--group_6479	group_4266	group_6479	TP	P↔T	T_A__P_B	0.6268694575724263	0.7395695833710967	NA	271.09090909090907	100.0	6112.0	0.3082069094408026	0.423623407996715	0.6268694575724263	0.9995091623036649	69	NA	3	8	1:3;2:4;9:1	2.4615386	10858	1.9433712373563303	6.050054121017456	0.7800595704655903	0.5181673158815847	1.266633212389453	2	0	NA	NA	PTS system mannose-specific transporter subunit IIAB	phage protein	True	True	True	True	True	True	True
TP:group_4266--group_6481	group_4266	group_6481	TP	P↔T	T_A__P_B	0.6268694575724263	0.7395695833710967	NA	271.8	100.0	6112.0	0.3082069094408026	0.423623407996715	0.6268694575724263	0.99967277486911	69	NA	3	8	1:3;2:4;9:1	2.4615386	10858	1.9433712373563303	6.050054121017456	0.7802163348487223	0.5181673158815847	1.266633212389453	2	0	NA	NA	PTS system mannose-specific transporter subunit IIAB	Uncharacterised protein	True	True	True	True	True	True	True
TP:group_4266--group_6482	group_4266	group_6482	TP	P↔T	T_A__P_B	0.6268694575724263	0.7395695833710967	NA	270.8	100.0	6112.0	0.3082069094408026	0.423623407996715	0.6268694575724263	0.9998363874345549	69	NA	3	8	1:3;2:4;9:1	2.4615386	10858	1.9433712373563303	6.050054121017456	0.7803730992318545	0.5181673158815847	1.266633212389453	2	0	NA	NA	PTS system mannose-specific transporter subunit IIAB	gp27	True	True	True	True	True	True	True
TP:group_4266--group_6477	group_4266	group_6477	TP	P↔T	T_A__P_B	0.5452835046657886	0.6333963717124956	NA	272.72727272727275	100.0	5474.0	0.30550744334912777	0.4273537436110101	0.5289453394573007	0.9990865911582024	69	NA	3	8	1:3;2:4;9:1	2.4615386	10049	1.945771443024122	6.122457695007326	0.7857518862958414	0.5157671102137931	1.265070757443221	2	0	NA	NA	PTS system mannose-specific transporter subunit IIAB	phage protein	True	True	True	True	True	True	True
TP:group_4266--group_6476	group_4266	group_6476	TP	P↔T	T_A__P_B	0.6268694575724263	0.7395695833710967	NA	273.54545454545456	100.0	5474.0	0.30550744334912777	0.4273537436110101	0.5289453394573007	0.9998173182316404	69	NA	3	8	1:3;2:4;9:1	2.4615386	10049	1.945771443024122	6.122457695007326	0.7859273556764345	0.5157671102137931	1.265070757443221	2	0	NA	NA	PTS system mannose-specific transporter subunit IIAB	putative phage DNA binding protein	True	True	True	True	True	True	True
TP:group_4266--group_2868	group_4266	group_2868	TP	P↔T	T_A__P_B	0.6268694575724263	0.7395695833710967	NA	274.4	100.0	5474.0	0.30550744334912777	0.4273537436110101	0.5289453394573007	1.0	69	NA	3	8	1:3;2:4;9:1	2.4615386	10049	1.945771443024122	6.122457695007326	0.7861028250570276	0.5157671102137931	1.265070757443221	2	0	NA	NA	PTS system mannose-specific transporter subunit IIAB	integrase	True	True	True	True	True	True	True
TP:group_4266--group_3051	group_4266	group_3051	TP	P↔T	T_A__P_B	0.6268694575724263	0.7395695833710967	NA	267.8181818181818	100.0	6112.0	0.3082069094408026	0.423623407996715	0.6268694575724263	1.0	69	NA	3	8	1:3;2:4;9:1	2.4615386	10858	1.9433712373563303	6.050054121017456	0.7805298636149867	0.5181673158815847	1.266633212389453	2	0	NA	NA	PTS system mannose-specific transporter subunit IIAB	gp19	True	True	True	True	True	True	True
TP:group_4266--group_437	group_4266	group_437	TP	P↔T	T_A__P_B	0.5452835046657886	0.6333963717124956	NA	231.16666666666666	100.0	7312.0	0.25010076509932777	0.3837856937996939	0.4908116321999718	0.99972647702407	69	NA	3	8	1:3;2:4;9:1	2.4615386	13219	1.8855704890950309	5.761904716491699	0.7889635564745412	0.5759680641428842	1.3054609029330517	2	0	NA	NA	PTS system mannose-specific transporter subunit IIAB	Domain of uncharacterised function (DUF1858)	True	True	True	True	True	True	True
TT:gyrB--aguA	gyrB	aguA	TT	TT	T_A__T_B	2.160210467076942	0.7982993337075359	NA	120.28571428571429	100.0	2556.0	1.8366031751124232	2.0056483404426575	2.1327125084087175	0.9996087636932708	69	NA	3	7	7:1;16:3;27:3	2.5789473	2556	1.3016701660152519	2.777777671813965	0.9432707355242567	1.2772771396640694	1.9812602093924794	17	19	NA	NA	DNA gyrase subunit B	agmatine deiminase	True	True	True	True	True	True	True
